hadith_id	layer_number	edition_number	edition	method	match	uncertain
urn:hadith:0256Bukhari.Sahih:1	1	1	Fath al-Bari numbering	text match to 0256Bukhari.Sahih.Shamela0001681-ara1	1.0	
urn:hadith:0256Bukhari.Sahih:2	2	2	Fath al-Bari numbering	text match to 0256Bukhari.Sahih.Shamela0001681-ara1	1.0	
urn:hadith:0256Bukhari.Sahih:3	3	3	Fath al-Bari numbering	text match to 0256Bukhari.Sahih.Shamela0001681-ara1	0.93	
urn:hadith:0256Bukhari.Sahih:4	4	4	Fath al-Bari numbering	text match to 0256Bukhari.Sahih.Shamela0001681-ara1	0.84	
urn:hadith:0256Bukhari.Sahih:5	5	5	Fath al-Bari numbering	text match to 0256Bukhari.Sahih.Shamela0001681-ara1	0.75	
urn:hadith:0256Bukhari.Sahih:6	6	6	Fath al-Bari numbering	text match to 0256Bukhari.Sahih.Shamela0001681-ara1	0.93	
urn:hadith:0256Bukhari.Sahih:7	7	7	Fath al-Bari numbering	text match to 0256Bukhari.Sahih.Shamela0001681-ara1	1.0	
urn:hadith:0256Bukhari.Sahih:8	8	8	Fath al-Bari numbering	text match to 0256Bukhari.Sahih.Shamela0001681-ara1	0.89	
urn:hadith:0256Bukhari.Sahih:9	9	9	Fath al-Bari numbering	text match to 0256Bukhari.Sahih.Shamela0001681-ara1	0.9	
urn:hadith:0256Bukhari.Sahih:10	10	10	Fath al-Bari numbering	text match to 0256Bukhari.Sahih.Shamela0001681-ara1	0.71	
urn:hadith:0256Bukhari.Sahih:11	11	11	Fath al-Bari numbering	text match to 0256Bukhari.Sahih.Shamela0001681-ara1	1.0	
urn:hadith:0256Bukhari.Sahih:12	12	12	Fath al-Bari numbering	text match to 0256Bukhari.Sahih.Shamela0001681-ara1	1.0	
urn:hadith:0256Bukhari.Sahih:13	13	13	Fath al-Bari numbering	text match to 0256Bukhari.Sahih.Shamela0001681-ara1	1.0	
urn:hadith:0256Bukhari.Sahih:14	14	14	Fath al-Bari numbering	text match to 0256Bukhari.Sahih.Shamela0001681-ara1	1.0	
urn:hadith:0256Bukhari.Sahih:15	15	15	Fath al-Bari numbering	text match to 0256Bukhari.Sahih.Shamela0001681-ara1	0.89	
urn:hadith:0256Bukhari.Sahih:16	16	16	Fath al-Bari numbering	text match to 0256Bukhari.Sahih.Shamela0001681-ara1	0.93	
urn:hadith:0256Bukhari.Sahih:17	17	17	Fath al-Bari numbering	text match to 0256Bukhari.Sahih.Shamela0001681-ara1	1.0	
urn:hadith:0256Bukhari.Sahih:18	18	18	Fath al-Bari numbering	text match to 0256Bukhari.Sahih.Shamela0001681-ara1	1.0	
urn:hadith:0256Bukhari.Sahih:19	19	19	Fath al-Bari numbering	text match to 0256Bukhari.Sahih.Shamela0001681-ara1	0.91	
urn:hadith:0256Bukhari.Sahih:20	20	20	Fath al-Bari numbering	text match to 0256Bukhari.Sahih.Shamela0001681-ara1	1.0	
urn:hadith:0256Bukhari.Sahih:21	21	21	Fath al-Bari numbering	text match to 0256Bukhari.Sahih.Shamela0001681-ara1	0.78	
urn:hadith:0256Bukhari.Sahih:22	22	22	Fath al-Bari numbering	text match to 0256Bukhari.Sahih.Shamela0001681-ara1	0.93	
urn:hadith:0256Bukhari.Sahih:23	23	23	Fath al-Bari numbering	text match to 0256Bukhari.Sahih.Shamela0001681-ara1	0.86	
urn:hadith:0256Bukhari.Sahih:24	24	24	Fath al-Bari numbering	text match to 0256Bukhari.Sahih.Shamela0001681-ara1	0.89	
urn:hadith:0256Bukhari.Sahih:25	25	25	Fath al-Bari numbering	text match to 0256Bukhari.Sahih.Shamela0001681-ara1	0.92	
urn:hadith:0256Bukhari.Sahih:26	26	26	Fath al-Bari numbering	text match to 0256Bukhari.Sahih.Shamela0001681-ara1	0.9	
urn:hadith:0256Bukhari.Sahih:27	27	27	Fath al-Bari numbering	text match to 0256Bukhari.Sahih.Shamela0001681-ara1	0.84	
urn:hadith:0256Bukhari.Sahih:28	28	28	Fath al-Bari numbering	text match to 0256Bukhari.Sahih.Shamela0001681-ara1	1.0	
urn:hadith:0256Bukhari.Sahih:29	29	29	Fath al-Bari numbering	text match to 0256Bukhari.Sahih.Shamela0001681-ara1	0.9	
urn:hadith:0256Bukhari.Sahih:30	30	30	Fath al-Bari numbering	text match to 0256Bukhari.Sahih.Shamela0001681-ara1	0.94	
urn:hadith:0256Bukhari.Sahih:31	31	31	Fath al-Bari numbering	text match to 0256Bukhari.Sahih.Shamela0001681-ara1	1.0	
urn:hadith:0256Bukhari.Sahih:32	32	32	Fath al-Bari numbering	text match to 0256Bukhari.Sahih.Shamela0001681-ara1	0.67	
urn:hadith:0256Bukhari.Sahih:33	33	33	Fath al-Bari numbering	text match to 0256Bukhari.Sahih.Shamela0001681-ara1	1.0	
urn:hadith:0256Bukhari.Sahih:34	34	34	Fath al-Bari numbering	text match to 0256Bukhari.Sahih.Shamela0001681-ara1	1.0	
urn:hadith:0256Bukhari.Sahih:35	35	35	Fath al-Bari numbering	text match to 0256Bukhari.Sahih.Shamela0001681-ara1	1.0	
urn:hadith:0256Bukhari.Sahih:36	36	36	Fath al-Bari numbering	text match to 0256Bukhari.Sahih.Shamela0001681-ara1	0.92	
urn:hadith:0256Bukhari.Sahih:37	37	37	Fath al-Bari numbering	text match to 0256Bukhari.Sahih.Shamela0001681-ara1	0.84	
urn:hadith:0256Bukhari.Sahih:38	38	38	Fath al-Bari numbering	text match to 0256Bukhari.Sahih.Shamela0001681-ara1	0.97	
urn:hadith:0256Bukhari.Sahih:39	39	39	Fath al-Bari numbering	text match to 0256Bukhari.Sahih.Shamela0001681-ara1	1.0	
urn:hadith:0256Bukhari.Sahih:40	40	40	Fath al-Bari numbering	text match to 0256Bukhari.Sahih.Shamela0001681-ara1	0.92	
urn:hadith:0256Bukhari.Sahih:41	41	41	Fath al-Bari numbering	text match to 0256Bukhari.Sahih.Shamela0001681-ara1	0.9	
urn:hadith:0256Bukhari.Sahih:42	42	42	Fath al-Bari numbering	text match to 0256Bukhari.Sahih.Shamela0001681-ara1	0.78	
urn:hadith:0256Bukhari.Sahih:43	43	43	Fath al-Bari numbering	text match to 0256Bukhari.Sahih.Shamela0001681-ara1	0.91	
urn:hadith:0256Bukhari.Sahih:44	44	44	Fath al-Bari numbering	text match to 0256Bukhari.Sahih.Shamela0001681-ara1	1.0	
urn:hadith:0256Bukhari.Sahih:45	45	45	Fath al-Bari numbering	text match to 0256Bukhari.Sahih.Shamela0001681-ara1	0.87	
urn:hadith:0256Bukhari.Sahih:46	46	46	Fath al-Bari numbering	text match to 0256Bukhari.Sahih.Shamela0001681-ara1	1.0	
urn:hadith:0256Bukhari.Sahih:47	47	47	Fath al-Bari numbering	text match to 0256Bukhari.Sahih.Shamela0001681-ara1	1.0	
urn:hadith:0256Bukhari.Sahih:48	48	48	Fath al-Bari numbering	text match to 0256Bukhari.Sahih.Shamela0001681-ara1	1.0	
urn:hadith:0256Bukhari.Sahih:49	49	49	Fath al-Bari numbering	text match to 0256Bukhari.Sahih.Shamela0001681-ara1	0.88	
urn:hadith:0256Bukhari.Sahih:50	50	50	Fath al-Bari numbering	text match to 0256Bukhari.Sahih.Shamela0001681-ara1	0.8	
urn:hadith:0256Bukhari.Sahih:51	51	51	Fath al-Bari numbering	text match to 0256Bukhari.Sahih.Shamela0001681-ara1	0.86	
urn:hadith:0256Bukhari.Sahih:52	52	52	Fath al-Bari numbering	text match to 0256Bukhari.Sahih.Shamela0001681-ara1	1.0	
urn:hadith:0256Bukhari.Sahih:53	53	53	Fath al-Bari numbering	text match to 0256Bukhari.Sahih.Shamela0001681-ara1	0.87	
urn:hadith:0256Bukhari.Sahih:54	54	54	Fath al-Bari numbering	text match to 0256Bukhari.Sahih.Shamela0001681-ara1	1.0	
urn:hadith:0256Bukhari.Sahih:55	55	55	Fath al-Bari numbering	text match to 0256Bukhari.Sahih.Shamela0001681-ara1	1.0	
urn:hadith:0256Bukhari.Sahih:56	56	56	Fath al-Bari numbering	text match to 0256Bukhari.Sahih.Shamela0001681-ara1	0.95	
urn:hadith:0256Bukhari.Sahih:57	57	57	Fath al-Bari numbering	text match to 0256Bukhari.Sahih.Shamela0001681-ara1	1.0	
urn:hadith:0256Bukhari.Sahih:58	58	58	Fath al-Bari numbering	text match to 0256Bukhari.Sahih.Shamela0001681-ara1	1.0	
urn:hadith:0256Bukhari.Sahih:59	59	59	Fath al-Bari numbering	text match to 0256Bukhari.Sahih.Shamela0001681-ara1	1.0	
urn:hadith:0256Bukhari.Sahih:60	60	60	Fath al-Bari numbering	text match to 0256Bukhari.Sahih.Shamela0001681-ara1	1.0	
urn:hadith:0256Bukhari.Sahih:61	61	61	Fath al-Bari numbering	text match to 0256Bukhari.Sahih.Shamela0001681-ara1	0.88	
urn:hadith:0256Bukhari.Sahih:62	62	62	Fath al-Bari numbering	text match to 0256Bukhari.Sahih.Shamela0001681-ara1	0.84	
urn:hadith:0256Bukhari.Sahih:63	63	63	Fath al-Bari numbering	text match to 0256Bukhari.Sahih.Shamela0001681-ara1	0.92	
urn:hadith:0256Bukhari.Sahih:64	64	64	Fath al-Bari numbering	text match to 0256Bukhari.Sahih.Shamela0001681-ara1	0.85	
urn:hadith:0256Bukhari.Sahih:65	65	65	Fath al-Bari numbering	text match to 0256Bukhari.Sahih.Shamela0001681-ara1	0.84	
urn:hadith:0256Bukhari.Sahih:66	66	66	Fath al-Bari numbering	text match to 0256Bukhari.Sahih.Shamela0001681-ara1	1.0	
urn:hadith:0256Bukhari.Sahih:67	67	67	Fath al-Bari numbering	text match to 0256Bukhari.Sahih.Shamela0001681-ara1	0.89	
urn:hadith:0256Bukhari.Sahih:68	68	68	Fath al-Bari numbering	text match to 0256Bukhari.Sahih.Shamela0001681-ara1	0.8	shared number
urn:hadith:0256Bukhari.Sahih:69	69	68	Fath al-Bari numbering	text match to 0256Bukhari.Sahih.Shamela0001681-ara1	0.85	shared number
urn:hadith:0256Bukhari.Sahih:70	70	70	Fath al-Bari numbering	text match to 0256Bukhari.Sahih.Shamela0001681-ara1	1.0	
urn:hadith:0256Bukhari.Sahih:71	71	71	Fath al-Bari numbering	text match to 0256Bukhari.Sahih.Shamela0001681-ara1	0.82	
urn:hadith:0256Bukhari.Sahih:72	72	72	Fath al-Bari numbering	text match to 0256Bukhari.Sahih.Shamela0001681-ara1	0.73	
urn:hadith:0256Bukhari.Sahih:73	73	73	Fath al-Bari numbering	text match to 0256Bukhari.Sahih.Shamela0001681-ara1	1.0	
urn:hadith:0256Bukhari.Sahih:74	74	74	Fath al-Bari numbering	text match to 0256Bukhari.Sahih.Shamela0001681-ara1	0.71	
urn:hadith:0256Bukhari.Sahih:75	75	75	Fath al-Bari numbering	text match to 0256Bukhari.Sahih.Shamela0001681-ara1	0.78	
urn:hadith:0256Bukhari.Sahih:76	76	76	Fath al-Bari numbering	text match to 0256Bukhari.Sahih.Shamela0001681-ara1	0.91	
urn:hadith:0256Bukhari.Sahih:77	77	77	Fath al-Bari numbering	text match to 0256Bukhari.Sahih.Shamela0001681-ara1	0.86	
urn:hadith:0256Bukhari.Sahih:78	78	78	Fath al-Bari numbering	text match to 0256Bukhari.Sahih.Shamela0001681-ara1	0.72	
urn:hadith:0256Bukhari.Sahih:79	79	79	Fath al-Bari numbering	text match to 0256Bukhari.Sahih.Shamela0001681-ara1	1.0	
urn:hadith:0256Bukhari.Sahih:80	80	80	Fath al-Bari numbering	text match to 0256Bukhari.Sahih.Shamela0001681-ara1	0.87	
urn:hadith:0256Bukhari.Sahih:81	81	81	Fath al-Bari numbering	text match to 0256Bukhari.Sahih.Shamela0001681-ara1	0.9	
urn:hadith:0256Bukhari.Sahih:82	82	82	Fath al-Bari numbering	text match to 0256Bukhari.Sahih.Shamela0001681-ara1	0.82	
urn:hadith:0256Bukhari.Sahih:83	83	83	Fath al-Bari numbering	text match to 0256Bukhari.Sahih.Shamela0001681-ara1	0.93	
urn:hadith:0256Bukhari.Sahih:84	84	84	Fath al-Bari numbering	text match to 0256Bukhari.Sahih.Shamela0001681-ara1	0.87	
urn:hadith:0256Bukhari.Sahih:85	85	85	Fath al-Bari numbering	text match to 0256Bukhari.Sahih.Shamela0001681-ara1	1.0	
urn:hadith:0256Bukhari.Sahih:86	86	86	Fath al-Bari numbering	text match to 0256Bukhari.Sahih.Shamela0001681-ara1	1.0	
urn:hadith:0256Bukhari.Sahih:87	87	87	Fath al-Bari numbering	text match to 0256Bukhari.Sahih.Shamela0001681-ara1	0.93	
urn:hadith:0256Bukhari.Sahih:88	88	88	Fath al-Bari numbering	text match to 0256Bukhari.Sahih.Shamela0001681-ara1	1.0	
urn:hadith:0256Bukhari.Sahih:89	89	89	Fath al-Bari numbering	text match to 0256Bukhari.Sahih.Shamela0001681-ara1	0.87	
urn:hadith:0256Bukhari.Sahih:90	90	90	Fath al-Bari numbering	text match to 0256Bukhari.Sahih.Shamela0001681-ara1	0.91	
urn:hadith:0256Bukhari.Sahih:91	91	91	Fath al-Bari numbering	text match to 0256Bukhari.Sahih.Shamela0001681-ara1	0.88	
urn:hadith:0256Bukhari.Sahih:92	92	92	Fath al-Bari numbering	text match to 0256Bukhari.Sahih.Shamela0001681-ara1	1.0	
urn:hadith:0256Bukhari.Sahih:93	93	93	Fath al-Bari numbering	text match to 0256Bukhari.Sahih.Shamela0001681-ara1	1.0	
urn:hadith:0256Bukhari.Sahih:94	94	94	Fath al-Bari numbering	text match to 0256Bukhari.Sahih.Shamela0001681-ara1	1.0	
urn:hadith:0256Bukhari.Sahih:95	95	95	Fath al-Bari numbering	text match to 0256Bukhari.Sahih.Shamela0001681-ara1	0.91	
urn:hadith:0256Bukhari.Sahih:96	96	96	Fath al-Bari numbering	text match to 0256Bukhari.Sahih.Shamela0001681-ara1	1.0	
urn:hadith:0256Bukhari.Sahih:97	97	97	Fath al-Bari numbering	text match to 0256Bukhari.Sahih.Shamela0001681-ara1	0.88	
urn:hadith:0256Bukhari.Sahih:98	98	98	Fath al-Bari numbering	text match to 0256Bukhari.Sahih.Shamela0001681-ara1	0.73	
urn:hadith:0256Bukhari.Sahih:99	99	99	Fath al-Bari numbering	text match to 0256Bukhari.Sahih.Shamela0001681-ara1	0.94	
urn:hadith:0256Bukhari.Sahih:100	100	100	Fath al-Bari numbering	text match to 0256Bukhari.Sahih.Shamela0001681-ara1	0.93	
urn:hadith:0256Bukhari.Sahih:101	101	101	Fath al-Bari numbering	text match to 0256Bukhari.Sahih.Shamela0001681-ara1	0.86	
urn:hadith:0256Bukhari.Sahih:102	102	102	Fath al-Bari numbering	text match to 0256Bukhari.Sahih.Shamela0001681-ara1	1.0	
urn:hadith:0256Bukhari.Sahih:103	103	103	Fath al-Bari numbering	text match to 0256Bukhari.Sahih.Shamela0001681-ara1	0.76	
urn:hadith:0256Bukhari.Sahih:104	104	104	Fath al-Bari numbering	text match to 0256Bukhari.Sahih.Shamela0001681-ara1	0.86	
urn:hadith:0256Bukhari.Sahih:105	105	105	Fath al-Bari numbering	text match to 0256Bukhari.Sahih.Shamela0001681-ara1	0.92	
urn:hadith:0256Bukhari.Sahih:106	106	106	Fath al-Bari numbering	text match to 0256Bukhari.Sahih.Shamela0001681-ara1	0.86	
urn:hadith:0256Bukhari.Sahih:107	107	107	Fath al-Bari numbering	text match to 0256Bukhari.Sahih.Shamela0001681-ara1	1.0	
urn:hadith:0256Bukhari.Sahih:108	108	108	Fath al-Bari numbering	text match to 0256Bukhari.Sahih.Shamela0001681-ara1	1.0	
urn:hadith:0256Bukhari.Sahih:109	109	109	Fath al-Bari numbering	text match to 0256Bukhari.Sahih.Shamela0001681-ara1	1.0	
urn:hadith:0256Bukhari.Sahih:110	110	110	Fath al-Bari numbering	text match to 0256Bukhari.Sahih.Shamela0001681-ara1	1.0	
urn:hadith:0256Bukhari.Sahih:111	111	111	Fath al-Bari numbering	text match to 0256Bukhari.Sahih.Shamela0001681-ara1	0.91	
urn:hadith:0256Bukhari.Sahih:112	112	112	Fath al-Bari numbering	text match to 0256Bukhari.Sahih.Shamela0001681-ara1	0.72	
urn:hadith:0256Bukhari.Sahih:113	113	113	Fath al-Bari numbering	text match to 0256Bukhari.Sahih.Shamela0001681-ara1	1.0	
urn:hadith:0256Bukhari.Sahih:114	114	114	Fath al-Bari numbering	text match to 0256Bukhari.Sahih.Shamela0001681-ara1	0.74	
urn:hadith:0256Bukhari.Sahih:115	115	115	Fath al-Bari numbering	text match to 0256Bukhari.Sahih.Shamela0001681-ara1	0.92	
urn:hadith:0256Bukhari.Sahih:116	116	116	Fath al-Bari numbering	text match to 0256Bukhari.Sahih.Shamela0001681-ara1	0.9	
urn:hadith:0256Bukhari.Sahih:117	117	117	Fath al-Bari numbering	text match to 0256Bukhari.Sahih.Shamela0001681-ara1	0.93	
urn:hadith:0256Bukhari.Sahih:118	118	118	Fath al-Bari numbering	text match to 0256Bukhari.Sahih.Shamela0001681-ara1	0.8	
urn:hadith:0256Bukhari.Sahih:119	119	119	Fath al-Bari numbering	text match to 0256Bukhari.Sahih.Shamela0001681-ara1	0.84	
urn:hadith:0256Bukhari.Sahih:120	120	120	Fath al-Bari numbering	text match to 0256Bukhari.Sahih.Shamela0001681-ara1	0.84	
urn:hadith:0256Bukhari.Sahih:121	121	121	Fath al-Bari numbering	text match to 0256Bukhari.Sahih.Shamela0001681-ara1	0.88	
urn:hadith:0256Bukhari.Sahih:122	122	122	Fath al-Bari numbering	text match to 0256Bukhari.Sahih.Shamela0001681-ara1	1.0	
urn:hadith:0256Bukhari.Sahih:123	123	123	Fath al-Bari numbering	text match to 0256Bukhari.Sahih.Shamela0001681-ara1	1.0	
urn:hadith:0256Bukhari.Sahih:124	124	124	Fath al-Bari numbering	text match to 0256Bukhari.Sahih.Shamela0001681-ara1	1.0	
urn:hadith:0256Bukhari.Sahih:125	125	125	Fath al-Bari numbering	text match to 0256Bukhari.Sahih.Shamela0001681-ara1	0.91	
urn:hadith:0256Bukhari.Sahih:126	126	126	Fath al-Bari numbering	text match to 0256Bukhari.Sahih.Shamela0001681-ara1	0.78	
urn:hadith:0256Bukhari.Sahih:127	127	127	Fath al-Bari numbering	text match to 0256Bukhari.Sahih.Shamela0001681-ara1	1.0	
urn:hadith:0256Bukhari.Sahih:128	128	128	Fath al-Bari numbering	text match to 0256Bukhari.Sahih.Shamela0001681-ara1	1.0	
urn:hadith:0256Bukhari.Sahih:129	129	129	Fath al-Bari numbering	text match to 0256Bukhari.Sahih.Shamela0001681-ara1	0.76	
urn:hadith:0256Bukhari.Sahih:130	130	130	Fath al-Bari numbering	text match to 0256Bukhari.Sahih.Shamela0001681-ara1	0.81	
urn:hadith:0256Bukhari.Sahih:131	131	131	Fath al-Bari numbering	text match to 0256Bukhari.Sahih.Shamela0001681-ara1	1.0	
urn:hadith:0256Bukhari.Sahih:132	132	132	Fath al-Bari numbering	text match to 0256Bukhari.Sahih.Shamela0001681-ara1	0.62	
urn:hadith:0256Bukhari.Sahih:133	133	133	Fath al-Bari numbering	text match to 0256Bukhari.Sahih.Shamela0001681-ara1	0.92	
urn:hadith:0256Bukhari.Sahih:134	134	134	Fath al-Bari numbering	text match to 0256Bukhari.Sahih.Shamela0001681-ara1	0.7	
urn:hadith:0256Bukhari.Sahih:135	135	135	Fath al-Bari numbering	text match to 0256Bukhari.Sahih.Shamela0001681-ara1	1.0	
urn:hadith:0256Bukhari.Sahih:136	136	136	Fath al-Bari numbering	text match to 0256Bukhari.Sahih.Shamela0001681-ara1	1.0	
urn:hadith:0256Bukhari.Sahih:137	137	137	Fath al-Bari numbering	text match to 0256Bukhari.Sahih.Shamela0001681-ara1	0.77	
urn:hadith:0256Bukhari.Sahih:138	138	138	Fath al-Bari numbering	text match to 0256Bukhari.Sahih.Shamela0001681-ara1	0.87	
urn:hadith:0256Bukhari.Sahih:139	139	139	Fath al-Bari numbering	text match to 0256Bukhari.Sahih.Shamela0001681-ara1	0.93	
urn:hadith:0256Bukhari.Sahih:140	140	140	Fath al-Bari numbering	text match to 0256Bukhari.Sahih.Shamela0001681-ara1	0.83	
urn:hadith:0256Bukhari.Sahih:141	141	141	Fath al-Bari numbering	text match to 0256Bukhari.Sahih.Shamela0001681-ara1	0.71	
urn:hadith:0256Bukhari.Sahih:142	142	142	Fath al-Bari numbering	text match to 0256Bukhari.Sahih.Shamela0001681-ara1	0.91	
urn:hadith:0256Bukhari.Sahih:143	143	143	Fath al-Bari numbering	text match to 0256Bukhari.Sahih.Shamela0001681-ara1	0.87	
urn:hadith:0256Bukhari.Sahih:144	144	144	Fath al-Bari numbering	text match to 0256Bukhari.Sahih.Shamela0001681-ara1	0.86	
urn:hadith:0256Bukhari.Sahih:145	145	145	Fath al-Bari numbering	text match to 0256Bukhari.Sahih.Shamela0001681-ara1	1.0	
urn:hadith:0256Bukhari.Sahih:146	146	146	Fath al-Bari numbering	text match to 0256Bukhari.Sahih.Shamela0001681-ara1	0.93	
urn:hadith:0256Bukhari.Sahih:147	147	148	Fath al-Bari numbering	text match to 0256Bukhari.Sahih.Shamela0001681-ara1	1.0	
urn:hadith:0256Bukhari.Sahih:148	148	149	Fath al-Bari numbering	text match to 0256Bukhari.Sahih.Shamela0001681-ara1	1.0	
urn:hadith:0256Bukhari.Sahih:149	149	150	Fath al-Bari numbering	text match to 0256Bukhari.Sahih.Shamela0001681-ara1	1.0	
urn:hadith:0256Bukhari.Sahih:150	150	151	Fath al-Bari numbering	text match to 0256Bukhari.Sahih.Shamela0001681-ara1	1.0	
urn:hadith:0256Bukhari.Sahih:151	151	152	Fath al-Bari numbering	text match to 0256Bukhari.Sahih.Shamela0001681-ara1	1.0	
urn:hadith:0256Bukhari.Sahih:152	152	153	Fath al-Bari numbering	text match to 0256Bukhari.Sahih.Shamela0001681-ara1	1.0	
urn:hadith:0256Bukhari.Sahih:153	153	154	Fath al-Bari numbering	text match to 0256Bukhari.Sahih.Shamela0001681-ara1	0.86	
urn:hadith:0256Bukhari.Sahih:154	154	155	Fath al-Bari numbering	text match to 0256Bukhari.Sahih.Shamela0001681-ara1	1.0	
urn:hadith:0256Bukhari.Sahih:155	155	156	Fath al-Bari numbering	text match to 0256Bukhari.Sahih.Shamela0001681-ara1	1.0	
urn:hadith:0256Bukhari.Sahih:156	156	157	Fath al-Bari numbering	text match to 0256Bukhari.Sahih.Shamela0001681-ara1	0.78	
urn:hadith:0256Bukhari.Sahih:157	157	158	Fath al-Bari numbering	text match to 0256Bukhari.Sahih.Shamela0001681-ara1	1.0	
urn:hadith:0256Bukhari.Sahih:158	158	159	Fath al-Bari numbering	text match to 0256Bukhari.Sahih.Shamela0001681-ara1	0.93	
urn:hadith:0256Bukhari.Sahih:159	159	161	Fath al-Bari numbering	text match to 0256Bukhari.Sahih.Shamela0001681-ara1	1.0	
urn:hadith:0256Bukhari.Sahih:160	160	162	Fath al-Bari numbering	text match to 0256Bukhari.Sahih.Shamela0001681-ara1	1.0	
urn:hadith:0256Bukhari.Sahih:161	161	163	Fath al-Bari numbering	text match to 0256Bukhari.Sahih.Shamela0001681-ara1	1.0	
urn:hadith:0256Bukhari.Sahih:162	162	164	Fath al-Bari numbering	text match to 0256Bukhari.Sahih.Shamela0001681-ara1	0.92	
urn:hadith:0256Bukhari.Sahih:163	163	165	Fath al-Bari numbering	text match to 0256Bukhari.Sahih.Shamela0001681-ara1	0.86	
urn:hadith:0256Bukhari.Sahih:164	164	166	Fath al-Bari numbering	text match to 0256Bukhari.Sahih.Shamela0001681-ara1	0.93	
urn:hadith:0256Bukhari.Sahih:165	165	167	Fath al-Bari numbering	text match to 0256Bukhari.Sahih.Shamela0001681-ara1	1.0	
urn:hadith:0256Bukhari.Sahih:166	166	168	Fath al-Bari numbering	text match to 0256Bukhari.Sahih.Shamela0001681-ara1	1.0	
urn:hadith:0256Bukhari.Sahih:167	167	169	Fath al-Bari numbering	text match to 0256Bukhari.Sahih.Shamela0001681-ara1	0.87	
urn:hadith:0256Bukhari.Sahih:168	168	170	Fath al-Bari numbering	text match to 0256Bukhari.Sahih.Shamela0001681-ara1	0.88	
urn:hadith:0256Bukhari.Sahih:169	169	171	Fath al-Bari numbering	text match to 0256Bukhari.Sahih.Shamela0001681-ara1	0.77	
urn:hadith:0256Bukhari.Sahih:170	170	172	Fath al-Bari numbering	text match to 0256Bukhari.Sahih.Shamela0001681-ara1	1.0	
urn:hadith:0256Bukhari.Sahih:171	171	173	Fath al-Bari numbering	text match to 0256Bukhari.Sahih.Shamela0001681-ara1	1.0	
urn:hadith:0256Bukhari.Sahih:172	172	174	Fath al-Bari numbering	text match to 0256Bukhari.Sahih.Shamela0001681-ara1	0.86	
urn:hadith:0256Bukhari.Sahih:173	173	175	Fath al-Bari numbering	text match to 0256Bukhari.Sahih.Shamela0001681-ara1	0.91	
urn:hadith:0256Bukhari.Sahih:174	174	176	Fath al-Bari numbering	text match to 0256Bukhari.Sahih.Shamela0001681-ara1	0.82	
urn:hadith:0256Bukhari.Sahih:175	175	177	Fath al-Bari numbering	text match to 0256Bukhari.Sahih.Shamela0001681-ara1	0.85	
urn:hadith:0256Bukhari.Sahih:176	176	178	Fath al-Bari numbering	text match to 0256Bukhari.Sahih.Shamela0001681-ara1	0.88	
urn:hadith:0256Bukhari.Sahih:177	177	179	Fath al-Bari numbering	text match to 0256Bukhari.Sahih.Shamela0001681-ara1	1.0	
urn:hadith:0256Bukhari.Sahih:178	178	180	Fath al-Bari numbering	text match to 0256Bukhari.Sahih.Shamela0001681-ara1	1.0	
urn:hadith:0256Bukhari.Sahih:179	179	181	Fath al-Bari numbering	text match to 0256Bukhari.Sahih.Shamela0001681-ara1	0.9	
urn:hadith:0256Bukhari.Sahih:180	180	182	Fath al-Bari numbering	text match to 0256Bukhari.Sahih.Shamela0001681-ara1	1.0	
urn:hadith:0256Bukhari.Sahih:181	181	183	Fath al-Bari numbering	text match to 0256Bukhari.Sahih.Shamela0001681-ara1	0.93	
urn:hadith:0256Bukhari.Sahih:182	182	184	Fath al-Bari numbering	text match to 0256Bukhari.Sahih.Shamela0001681-ara1	1.0	
urn:hadith:0256Bukhari.Sahih:183	183	185	Fath al-Bari numbering	text match to 0256Bukhari.Sahih.Shamela0001681-ara1	1.0	
urn:hadith:0256Bukhari.Sahih:184	184	186	Fath al-Bari numbering	text match to 0256Bukhari.Sahih.Shamela0001681-ara1	1.0	
urn:hadith:0256Bukhari.Sahih:185	185	187	Fath al-Bari numbering	text match to 0256Bukhari.Sahih.Shamela0001681-ara1	0.62	
urn:hadith:0256Bukhari.Sahih:186	186	189	Fath al-Bari numbering	text match to 0256Bukhari.Sahih.Shamela0001681-ara1	0.91	
urn:hadith:0256Bukhari.Sahih:187	187	190	Fath al-Bari numbering	text match to 0256Bukhari.Sahih.Shamela0001681-ara1	0.91	
urn:hadith:0256Bukhari.Sahih:188	188	191	Fath al-Bari numbering	text match to 0256Bukhari.Sahih.Shamela0001681-ara1	0.92	
urn:hadith:0256Bukhari.Sahih:189	189	192	Fath al-Bari numbering	text match to 0256Bukhari.Sahih.Shamela0001681-ara1	1.0	
urn:hadith:0256Bukhari.Sahih:190	190	193	Fath al-Bari numbering	text match to 0256Bukhari.Sahih.Shamela0001681-ara1	0.81	
urn:hadith:0256Bukhari.Sahih:191	191	194	Fath al-Bari numbering	text match to 0256Bukhari.Sahih.Shamela0001681-ara1	1.0	
urn:hadith:0256Bukhari.Sahih:192	192	195	Fath al-Bari numbering	text match to 0256Bukhari.Sahih.Shamela0001681-ara1	1.0	
urn:hadith:0256Bukhari.Sahih:193	193	196	Fath al-Bari numbering	text match to 0256Bukhari.Sahih.Shamela0001681-ara1	1.0	
urn:hadith:0256Bukhari.Sahih:194	194	197	Fath al-Bari numbering	text match to 0256Bukhari.Sahih.Shamela0001681-ara1	1.0	
urn:hadith:0256Bukhari.Sahih:195	195	198	Fath al-Bari numbering	text match to 0256Bukhari.Sahih.Shamela0001681-ara1	0.91	
urn:hadith:0256Bukhari.Sahih:196	196	199	Fath al-Bari numbering	text match to 0256Bukhari.Sahih.Shamela0001681-ara1	0.86	
urn:hadith:0256Bukhari.Sahih:197	197	200	Fath al-Bari numbering	text match to 0256Bukhari.Sahih.Shamela0001681-ara1	1.0	
urn:hadith:0256Bukhari.Sahih:198	198	201	Fath al-Bari numbering	text match to 0256Bukhari.Sahih.Shamela0001681-ara1	0.81	
urn:hadith:0256Bukhari.Sahih:199	199	202	Fath al-Bari numbering	text match to 0256Bukhari.Sahih.Shamela0001681-ara1	0.86	
urn:hadith:0256Bukhari.Sahih:200	200	203	Fath al-Bari numbering	text match to 0256Bukhari.Sahih.Shamela0001681-ara1	1.0	
urn:hadith:0256Bukhari.Sahih:201	201	204	Fath al-Bari numbering	text match to 0256Bukhari.Sahih.Shamela0001681-ara1	1.0	
urn:hadith:0256Bukhari.Sahih:202	202	205	Fath al-Bari numbering	text match to 0256Bukhari.Sahih.Shamela0001681-ara1	0.81	
urn:hadith:0256Bukhari.Sahih:203	203	206	Fath al-Bari numbering	text match to 0256Bukhari.Sahih.Shamela0001681-ara1	1.0	
urn:hadith:0256Bukhari.Sahih:204	204	207	Fath al-Bari numbering	text match to 0256Bukhari.Sahih.Shamela0001681-ara1	1.0	
urn:hadith:0256Bukhari.Sahih:205	205	208	Fath al-Bari numbering	text match to 0256Bukhari.Sahih.Shamela0001681-ara1	0.87	
urn:hadith:0256Bukhari.Sahih:206	206	209	Fath al-Bari numbering	text match to 0256Bukhari.Sahih.Shamela0001681-ara1	1.0	
urn:hadith:0256Bukhari.Sahih:207	207	210	Fath al-Bari numbering	text match to 0256Bukhari.Sahih.Shamela0001681-ara1	0.62	
urn:hadith:0256Bukhari.Sahih:208	208	211	Fath al-Bari numbering	text match to 0256Bukhari.Sahih.Shamela0001681-ara1	0.76	
urn:hadith:0256Bukhari.Sahih:209	209	212	Fath al-Bari numbering	text match to 0256Bukhari.Sahih.Shamela0001681-ara1	0.9	
urn:hadith:0256Bukhari.Sahih:210	210	213	Fath al-Bari numbering	text match to 0256Bukhari.Sahih.Shamela0001681-ara1	1.0	shared number
urn:hadith:0256Bukhari.Sahih:211	211	213	Fath al-Bari numbering	text match to 0256Bukhari.Sahih.Shamela0001681-ara1	0.57	shared number
urn:hadith:0256Bukhari.Sahih:212	212	215	Fath al-Bari numbering	text match to 0256Bukhari.Sahih.Shamela0001681-ara1	0.94	
urn:hadith:0256Bukhari.Sahih:213	213	216	Fath al-Bari numbering	text match to 0256Bukhari.Sahih.Shamela0001681-ara1	0.93	
urn:hadith:0256Bukhari.Sahih:214	214	217	Fath al-Bari numbering	text match to 0256Bukhari.Sahih.Shamela0001681-ara1	1.0	
urn:hadith:0256Bukhari.Sahih:215	215	218	Fath al-Bari numbering	text match to 0256Bukhari.Sahih.Shamela0001681-ara1	0.86	
urn:hadith:0256Bukhari.Sahih:216	216	219	Fath al-Bari numbering	text match to 0256Bukhari.Sahih.Shamela0001681-ara1	1.0	
urn:hadith:0256Bukhari.Sahih:217	217	220	Fath al-Bari numbering	text match to 0256Bukhari.Sahih.Shamela0001681-ara1	1.0	shared number
urn:hadith:0256Bukhari.Sahih:218	218	220	Fath al-Bari numbering	text match to 0256Bukhari.Sahih.Shamela0001681-ara1	1.0	shared number
urn:hadith:0256Bukhari.Sahih:219	219	221	Fath al-Bari numbering	text match to 0256Bukhari.Sahih.Shamela0001681-ara1	0.95	
urn:hadith:0256Bukhari.Sahih:220	220	222	Fath al-Bari numbering	text match to 0256Bukhari.Sahih.Shamela0001681-ara1	1.0	
urn:hadith:0256Bukhari.Sahih:221	221	223	Fath al-Bari numbering	text match to 0256Bukhari.Sahih.Shamela0001681-ara1	0.9	
urn:hadith:0256Bukhari.Sahih:222	222	224	Fath al-Bari numbering	text match to 0256Bukhari.Sahih.Shamela0001681-ara1	1.0	
urn:hadith:0256Bukhari.Sahih:223	223	225	Fath al-Bari numbering	text match to 0256Bukhari.Sahih.Shamela0001681-ara1	1.0	
urn:hadith:0256Bukhari.Sahih:224	224	226	Fath al-Bari numbering	text match to 0256Bukhari.Sahih.Shamela0001681-ara1	1.0	
urn:hadith:0256Bukhari.Sahih:225	225	227	Fath al-Bari numbering	text match to 0256Bukhari.Sahih.Shamela0001681-ara1	1.0	
urn:hadith:0256Bukhari.Sahih:226	226	228	Fath al-Bari numbering	text match to 0256Bukhari.Sahih.Shamela0001681-ara1	0.97	
urn:hadith:0256Bukhari.Sahih:227	227	229	Fath al-Bari numbering	text match to 0256Bukhari.Sahih.Shamela0001681-ara1	0.88	
urn:hadith:0256Bukhari.Sahih:228	228	230	Fath al-Bari numbering	text match to 0256Bukhari.Sahih.Shamela0001681-ara1	0.88	
urn:hadith:0256Bukhari.Sahih:229	229	231	Fath al-Bari numbering	text match to 0256Bukhari.Sahih.Shamela0001681-ara1	0.95	
urn:hadith:0256Bukhari.Sahih:230	230	232	Fath al-Bari numbering	text match to 0256Bukhari.Sahih.Shamela0001681-ara1	1.0	
urn:hadith:0256Bukhari.Sahih:231	231	233	Fath al-Bari numbering	text match to 0256Bukhari.Sahih.Shamela0001681-ara1	0.92	
urn:hadith:0256Bukhari.Sahih:232	232	234	Fath al-Bari numbering	text match to 0256Bukhari.Sahih.Shamela0001681-ara1	1.0	
urn:hadith:0256Bukhari.Sahih:233	233	235	Fath al-Bari numbering	text match to 0256Bukhari.Sahih.Shamela0001681-ara1	0.69	
urn:hadith:0256Bukhari.Sahih:234	234	236	Fath al-Bari numbering	text match to 0256Bukhari.Sahih.Shamela0001681-ara1	0.75	
urn:hadith:0256Bukhari.Sahih:235	235	237	Fath al-Bari numbering	text match to 0256Bukhari.Sahih.Shamela0001681-ara1	1.0	
urn:hadith:0256Bukhari.Sahih:236	236	238	Fath al-Bari numbering	text match to 0256Bukhari.Sahih.Shamela0001681-ara1	0.67	
urn:hadith:0256Bukhari.Sahih:237	237	240	Fath al-Bari numbering	text match to 0256Bukhari.Sahih.Shamela0001681-ara1	1.0	
urn:hadith:0256Bukhari.Sahih:238	238	241	Fath al-Bari numbering	text match to 0256Bukhari.Sahih.Shamela0001681-ara1	0.72	
urn:hadith:0256Bukhari.Sahih:239	239	242	Fath al-Bari numbering	text match to 0256Bukhari.Sahih.Shamela0001681-ara1	1.0	
urn:hadith:0256Bukhari.Sahih:240	240	243	Fath al-Bari numbering	text match to 0256Bukhari.Sahih.Shamela0001681-ara1	0.96	
urn:hadith:0256Bukhari.Sahih:241	241	244	Fath al-Bari numbering	text match to 0256Bukhari.Sahih.Shamela0001681-ara1	1.0	
urn:hadith:0256Bukhari.Sahih:242	242	245	Fath al-Bari numbering	text match to 0256Bukhari.Sahih.Shamela0001681-ara1	0.91	
urn:hadith:0256Bukhari.Sahih:243	243	246	Fath al-Bari numbering	text match to 0256Bukhari.Sahih.Shamela0001681-ara1	0.76	
urn:hadith:0256Bukhari.Sahih:244	244	247	Fath al-Bari numbering	text match to 0256Bukhari.Sahih.Shamela0001681-ara1	0.93	
urn:hadith:0256Bukhari.Sahih:245	245	248	Fath al-Bari numbering	text match to 0256Bukhari.Sahih.Shamela0001681-ara1	0.93	
urn:hadith:0256Bukhari.Sahih:246	246	249	Fath al-Bari numbering	text match to 0256Bukhari.Sahih.Shamela0001681-ara1	0.91	
urn:hadith:0256Bukhari.Sahih:247	247	250	Fath al-Bari numbering	text match to 0256Bukhari.Sahih.Shamela0001681-ara1	0.83	
urn:hadith:0256Bukhari.Sahih:248	248	251	Fath al-Bari numbering	text match to 0256Bukhari.Sahih.Shamela0001681-ara1	1.0	
urn:hadith:0256Bukhari.Sahih:249	249	252	Fath al-Bari numbering	text match to 0256Bukhari.Sahih.Shamela0001681-ara1	1.0	
urn:hadith:0256Bukhari.Sahih:251	251	254	Fath al-Bari numbering	text match to 0256Bukhari.Sahih.Shamela0001681-ara1	1.0	
urn:hadith:0256Bukhari.Sahih:252	252	255	Fath al-Bari numbering	text match to 0256Bukhari.Sahih.Shamela0001681-ara1	1.0	
urn:hadith:0256Bukhari.Sahih:253	253	256	Fath al-Bari numbering	text match to 0256Bukhari.Sahih.Shamela0001681-ara1	0.82	
urn:hadith:0256Bukhari.Sahih:254	254	257	Fath al-Bari numbering	text match to 0256Bukhari.Sahih.Shamela0001681-ara1	0.88	
urn:hadith:0256Bukhari.Sahih:255	255	258	Fath al-Bari numbering	text match to 0256Bukhari.Sahih.Shamela0001681-ara1	0.97	
urn:hadith:0256Bukhari.Sahih:256	256	259	Fath al-Bari numbering	text match to 0256Bukhari.Sahih.Shamela0001681-ara1	0.92	
urn:hadith:0256Bukhari.Sahih:257	257	260	Fath al-Bari numbering	text match to 0256Bukhari.Sahih.Shamela0001681-ara1	0.86	
urn:hadith:0256Bukhari.Sahih:258	258	261	Fath al-Bari numbering	text match to 0256Bukhari.Sahih.Shamela0001681-ara1	0.82	
urn:hadith:0256Bukhari.Sahih:259	259	262	Fath al-Bari numbering	text match to 0256Bukhari.Sahih.Shamela0001681-ara1	1.0	
urn:hadith:0256Bukhari.Sahih:260	260	263	Fath al-Bari numbering	text match to 0256Bukhari.Sahih.Shamela0001681-ara1	1.0	
urn:hadith:0256Bukhari.Sahih:261	261	264	Fath al-Bari numbering	text match to 0256Bukhari.Sahih.Shamela0001681-ara1	0.89	
urn:hadith:0256Bukhari.Sahih:262	262	265	Fath al-Bari numbering	text match to 0256Bukhari.Sahih.Shamela0001681-ara1	0.89	
urn:hadith:0256Bukhari.Sahih:263	263	266	Fath al-Bari numbering	text match to 0256Bukhari.Sahih.Shamela0001681-ara1	0.89	
urn:hadith:0256Bukhari.Sahih:264	264	267	Fath al-Bari numbering	text match to 0256Bukhari.Sahih.Shamela0001681-ara1	0.88	
urn:hadith:0256Bukhari.Sahih:265	265	268	Fath al-Bari numbering	text match to 0256Bukhari.Sahih.Shamela0001681-ara1	0.89	
urn:hadith:0256Bukhari.Sahih:266	266	269	Fath al-Bari numbering	text match to 0256Bukhari.Sahih.Shamela0001681-ara1	1.0	
urn:hadith:0256Bukhari.Sahih:267	267	270	Fath al-Bari numbering	text match to 0256Bukhari.Sahih.Shamela0001681-ara1	0.88	
urn:hadith:0256Bukhari.Sahih:268	268	271	Fath al-Bari numbering	text match to 0256Bukhari.Sahih.Shamela0001681-ara1	0.92	
urn:hadith:0256Bukhari.Sahih:269	269	272	Fath al-Bari numbering	text match to 0256Bukhari.Sahih.Shamela0001681-ara1	0.77	
urn:hadith:0256Bukhari.Sahih:270	270	274	Fath al-Bari numbering	text match to 0256Bukhari.Sahih.Shamela0001681-ara1	0.89	
urn:hadith:0256Bukhari.Sahih:271	271	275	Fath al-Bari numbering	text match to 0256Bukhari.Sahih.Shamela0001681-ara1	1.0	
urn:hadith:0256Bukhari.Sahih:272	272	276	Fath al-Bari numbering	text match to 0256Bukhari.Sahih.Shamela0001681-ara1	0.88	
urn:hadith:0256Bukhari.Sahih:273	273	277	Fath al-Bari numbering	text match to 0256Bukhari.Sahih.Shamela0001681-ara1	0.89	
urn:hadith:0256Bukhari.Sahih:274	274	278	Fath al-Bari numbering	text match to 0256Bukhari.Sahih.Shamela0001681-ara1	0.89	
urn:hadith:0256Bukhari.Sahih:275	275	279	Fath al-Bari numbering	text match to 0256Bukhari.Sahih.Shamela0001681-ara1	0.94	
urn:hadith:0256Bukhari.Sahih:276	276	280	Fath al-Bari numbering	text match to 0256Bukhari.Sahih.Shamela0001681-ara1	0.92	
urn:hadith:0256Bukhari.Sahih:277	277	281	Fath al-Bari numbering	text match to 0256Bukhari.Sahih.Shamela0001681-ara1	0.87	
urn:hadith:0256Bukhari.Sahih:278	278	282	Fath al-Bari numbering	text match to 0256Bukhari.Sahih.Shamela0001681-ara1	1.0	
urn:hadith:0256Bukhari.Sahih:279	279	283	Fath al-Bari numbering	text match to 0256Bukhari.Sahih.Shamela0001681-ara1	1.0	
urn:hadith:0256Bukhari.Sahih:280	280	284	Fath al-Bari numbering	text match to 0256Bukhari.Sahih.Shamela0001681-ara1	1.0	shared number
urn:hadith:0256Bukhari.Sahih:281	281	285	Fath al-Bari numbering	text match to 0256Bukhari.Sahih.Shamela0001681-ara1	1.0	
urn:hadith:0256Bukhari.Sahih:282	282	286	Fath al-Bari numbering	text match to 0256Bukhari.Sahih.Shamela0001681-ara1	0.83	
urn:hadith:0256Bukhari.Sahih:283	283	287	Fath al-Bari numbering	text match to 0256Bukhari.Sahih.Shamela0001681-ara1	0.83	
urn:hadith:0256Bukhari.Sahih:284	284	288	Fath al-Bari numbering	text match to 0256Bukhari.Sahih.Shamela0001681-ara1	1.0	
urn:hadith:0256Bukhari.Sahih:285	285	289	Fath al-Bari numbering	text match to 0256Bukhari.Sahih.Shamela0001681-ara1	1.0	
urn:hadith:0256Bukhari.Sahih:286	286	290	Fath al-Bari numbering	text match to 0256Bukhari.Sahih.Shamela0001681-ara1	1.0	
urn:hadith:0256Bukhari.Sahih:287	287	291	Fath al-Bari numbering	text match to 0256Bukhari.Sahih.Shamela0001681-ara1	0.96	
urn:hadith:0256Bukhari.Sahih:288	288	292	Fath al-Bari numbering	text match to 0256Bukhari.Sahih.Shamela0001681-ara1	1.0	
urn:hadith:0256Bukhari.Sahih:289	289	293	Fath al-Bari numbering	text match to 0256Bukhari.Sahih.Shamela0001681-ara1	0.92	
urn:hadith:0256Bukhari.Sahih:290	290	294	Fath al-Bari numbering	text match to 0256Bukhari.Sahih.Shamela0001681-ara1	0.94	
urn:hadith:0256Bukhari.Sahih:291	291	295	Fath al-Bari numbering	text match to 0256Bukhari.Sahih.Shamela0001681-ara1	1.0	
urn:hadith:0256Bukhari.Sahih:292	292	296	Fath al-Bari numbering	text match to 0256Bukhari.Sahih.Shamela0001681-ara1	0.88	
urn:hadith:0256Bukhari.Sahih:293	293	297	Fath al-Bari numbering	text match to 0256Bukhari.Sahih.Shamela0001681-ara1	1.0	
urn:hadith:0256Bukhari.Sahih:294	294	298	Fath al-Bari numbering	text match to 0256Bukhari.Sahih.Shamela0001681-ara1	1.0	
urn:hadith:0256Bukhari.Sahih:295	295	299	Fath al-Bari numbering	text match to 0256Bukhari.Sahih.Shamela0001681-ara1	0.61	
urn:hadith:0256Bukhari.Sahih:296	296	302	Fath al-Bari numbering	text match to 0256Bukhari.Sahih.Shamela0001681-ara1	1.0	
urn:hadith:0256Bukhari.Sahih:297	297	303	Fath al-Bari numbering	text match to 0256Bukhari.Sahih.Shamela0001681-ara1	0.89	
urn:hadith:0256Bukhari.Sahih:298	298	304	Fath al-Bari numbering	text match to 0256Bukhari.Sahih.Shamela0001681-ara1	0.93	
urn:hadith:0256Bukhari.Sahih:299	299	305	Fath al-Bari numbering	text match to 0256Bukhari.Sahih.Shamela0001681-ara1	1.0	
urn:hadith:0256Bukhari.Sahih:300	300	306	Fath al-Bari numbering	text match to 0256Bukhari.Sahih.Shamela0001681-ara1	1.0	
urn:hadith:0256Bukhari.Sahih:301	301	307	Fath al-Bari numbering	text match to 0256Bukhari.Sahih.Shamela0001681-ara1	0.87	
urn:hadith:0256Bukhari.Sahih:302	302	308	Fath al-Bari numbering	text match to 0256Bukhari.Sahih.Shamela0001681-ara1	0.86	
urn:hadith:0256Bukhari.Sahih:303	303	309	Fath al-Bari numbering	text match to 0256Bukhari.Sahih.Shamela0001681-ara1	1.0	
urn:hadith:0256Bukhari.Sahih:304	304	310	Fath al-Bari numbering	text match to 0256Bukhari.Sahih.Shamela0001681-ara1	1.0	
urn:hadith:0256Bukhari.Sahih:305	305	311	Fath al-Bari numbering	text match to 0256Bukhari.Sahih.Shamela0001681-ara1	1.0	
urn:hadith:0256Bukhari.Sahih:306	306	312	Fath al-Bari numbering	text match to 0256Bukhari.Sahih.Shamela0001681-ara1	0.83	
urn:hadith:0256Bukhari.Sahih:307	307	313	Fath al-Bari numbering	text match to 0256Bukhari.Sahih.Shamela0001681-ara1	1.0	
urn:hadith:0256Bukhari.Sahih:308	308	314	Fath al-Bari numbering	text match to 0256Bukhari.Sahih.Shamela0001681-ara1	0.9	
urn:hadith:0256Bukhari.Sahih:309	309	315	Fath al-Bari numbering	text match to 0256Bukhari.Sahih.Shamela0001681-ara1	0.96	
urn:hadith:0256Bukhari.Sahih:310	310	316	Fath al-Bari numbering	text match to 0256Bukhari.Sahih.Shamela0001681-ara1	0.93	
urn:hadith:0256Bukhari.Sahih:311	311	317	Fath al-Bari numbering	text match to 0256Bukhari.Sahih.Shamela0001681-ara1	1.0	
urn:hadith:0256Bukhari.Sahih:312	312	318	Fath al-Bari numbering	text match to 0256Bukhari.Sahih.Shamela0001681-ara1	1.0	
urn:hadith:0256Bukhari.Sahih:313	313	319	Fath al-Bari numbering	text match to 0256Bukhari.Sahih.Shamela0001681-ara1	0.93	
urn:hadith:0256Bukhari.Sahih:314	314	320	Fath al-Bari numbering	text match to 0256Bukhari.Sahih.Shamela0001681-ara1	1.0	
urn:hadith:0256Bukhari.Sahih:315	315	321	Fath al-Bari numbering	text match to 0256Bukhari.Sahih.Shamela0001681-ara1	1.0	
urn:hadith:0256Bukhari.Sahih:316	316	322	Fath al-Bari numbering	text match to 0256Bukhari.Sahih.Shamela0001681-ara1	1.0	
urn:hadith:0256Bukhari.Sahih:317	317	323	Fath al-Bari numbering	text match to 0256Bukhari.Sahih.Shamela0001681-ara1	1.0	
urn:hadith:0256Bukhari.Sahih:318	318	324	Fath al-Bari numbering	text match to 0256Bukhari.Sahih.Shamela0001681-ara1	0.88	
urn:hadith:0256Bukhari.Sahih:319	319	325	Fath al-Bari numbering	text match to 0256Bukhari.Sahih.Shamela0001681-ara1	0.94	
urn:hadith:0256Bukhari.Sahih:320	320	326	Fath al-Bari numbering	text match to 0256Bukhari.Sahih.Shamela0001681-ara1	1.0	
urn:hadith:0256Bukhari.Sahih:321	321	327	Fath al-Bari numbering	text match to 0256Bukhari.Sahih.Shamela0001681-ara1	0.81	
urn:hadith:0256Bukhari.Sahih:322	322	328	Fath al-Bari numbering	text match to 0256Bukhari.Sahih.Shamela0001681-ara1	1.0	
urn:hadith:0256Bukhari.Sahih:324	324	331	Fath al-Bari numbering	text match to 0256Bukhari.Sahih.Shamela0001681-ara1	0.85	
urn:hadith:0256Bukhari.Sahih:325	325	332	Fath al-Bari numbering	text match to 0256Bukhari.Sahih.Shamela0001681-ara1	0.87	
urn:hadith:0256Bukhari.Sahih:326	326	333	Fath al-Bari numbering	text match to 0256Bukhari.Sahih.Shamela0001681-ara1	0.93	
urn:hadith:0256Bukhari.Sahih:327	327	334	Fath al-Bari numbering	text match to 0256Bukhari.Sahih.Shamela0001681-ara1	1.0	
urn:hadith:0256Bukhari.Sahih:328	328	335	Fath al-Bari numbering	text match to 0256Bukhari.Sahih.Shamela0001681-ara1	0.87	
urn:hadith:0256Bukhari.Sahih:329	329	336	Fath al-Bari numbering	text match to 0256Bukhari.Sahih.Shamela0001681-ara1	1.0	
urn:hadith:0256Bukhari.Sahih:330	330	337	Fath al-Bari numbering	text match to 0256Bukhari.Sahih.Shamela0001681-ara1	0.87	
urn:hadith:0256Bukhari.Sahih:331	331	338	Fath al-Bari numbering	text match to 0256Bukhari.Sahih.Shamela0001681-ara1	0.93	
urn:hadith:0256Bukhari.Sahih:332	332	339	Fath al-Bari numbering	text match to 0256Bukhari.Sahih.Shamela0001681-ara1	0.78	
urn:hadith:0256Bukhari.Sahih:333	333	340	Fath al-Bari numbering	text match to 0256Bukhari.Sahih.Shamela0001681-ara1	0.82	
urn:hadith:0256Bukhari.Sahih:334	334	341	Fath al-Bari numbering	text match to 0256Bukhari.Sahih.Shamela0001681-ara1	0.7	
urn:hadith:0256Bukhari.Sahih:335	335	342	Fath al-Bari numbering	text match to 0256Bukhari.Sahih.Shamela0001681-ara1	0.53	
urn:hadith:0256Bukhari.Sahih:336	336	343	Fath al-Bari numbering	text match to 0256Bukhari.Sahih.Shamela0001681-ara1	0.84	
urn:hadith:0256Bukhari.Sahih:337	337	344	Fath al-Bari numbering	text match to 0256Bukhari.Sahih.Shamela0001681-ara1	1.0	
urn:hadith:0256Bukhari.Sahih:338	338	345	Fath al-Bari numbering	text match to 0256Bukhari.Sahih.Shamela0001681-ara1	0.91	
urn:hadith:0256Bukhari.Sahih:339	339	346	Fath al-Bari numbering	text match to 0256Bukhari.Sahih.Shamela0001681-ara1	1.0	
urn:hadith:0256Bukhari.Sahih:340	340	347	Fath al-Bari numbering	text match to 0256Bukhari.Sahih.Shamela0001681-ara1	0.93	
urn:hadith:0256Bukhari.Sahih:341	341	348	Fath al-Bari numbering	text match to 0256Bukhari.Sahih.Shamela0001681-ara1	0.93	
urn:hadith:0256Bukhari.Sahih:342	342	349	Fath al-Bari numbering	text match to 0256Bukhari.Sahih.Shamela0001681-ara1	0.83	
urn:hadith:0256Bukhari.Sahih:343	343	350	Fath al-Bari numbering	text match to 0256Bukhari.Sahih.Shamela0001681-ara1	0.89	
urn:hadith:0256Bukhari.Sahih:344	344	351	Fath al-Bari numbering	text match to 0256Bukhari.Sahih.Shamela0001681-ara1	1.0	
urn:hadith:0256Bukhari.Sahih:345	345	352	Fath al-Bari numbering	text match to 0256Bukhari.Sahih.Shamela0001681-ara1	1.0	
urn:hadith:0256Bukhari.Sahih:346	346	353	Fath al-Bari numbering	text match to 0256Bukhari.Sahih.Shamela0001681-ara1	1.0	
urn:hadith:0256Bukhari.Sahih:347	347	354	Fath al-Bari numbering	text match to 0256Bukhari.Sahih.Shamela0001681-ara1	1.0	
urn:hadith:0256Bukhari.Sahih:348	348	355	Fath al-Bari numbering	text match to 0256Bukhari.Sahih.Shamela0001681-ara1	1.0	
urn:hadith:0256Bukhari.Sahih:349	349	356	Fath al-Bari numbering	text match to 0256Bukhari.Sahih.Shamela0001681-ara1	1.0	
urn:hadith:0256Bukhari.Sahih:350	350	357	Fath al-Bari numbering	text match to 0256Bukhari.Sahih.Shamela0001681-ara1	1.0	
urn:hadith:0256Bukhari.Sahih:351	351	358	Fath al-Bari numbering	text match to 0256Bukhari.Sahih.Shamela0001681-ara1	0.79	
urn:hadith:0256Bukhari.Sahih:352	352	359	Fath al-Bari numbering	text match to 0256Bukhari.Sahih.Shamela0001681-ara1	1.0	
urn:hadith:0256Bukhari.Sahih:353	353	360	Fath al-Bari numbering	text match to 0256Bukhari.Sahih.Shamela0001681-ara1	1.0	
urn:hadith:0256Bukhari.Sahih:354	354	361	Fath al-Bari numbering	text match to 0256Bukhari.Sahih.Shamela0001681-ara1	1.0	
urn:hadith:0256Bukhari.Sahih:355	355	362	Fath al-Bari numbering	text match to 0256Bukhari.Sahih.Shamela0001681-ara1	0.74	
urn:hadith:0256Bukhari.Sahih:356	356	363	Fath al-Bari numbering	text match to 0256Bukhari.Sahih.Shamela0001681-ara1	1.0	
urn:hadith:0256Bukhari.Sahih:357	357	364	Fath al-Bari numbering	text match to 0256Bukhari.Sahih.Shamela0001681-ara1	0.85	
urn:hadith:0256Bukhari.Sahih:358	358	365	Fath al-Bari numbering	text match to 0256Bukhari.Sahih.Shamela0001681-ara1	0.92	
urn:hadith:0256Bukhari.Sahih:359	359	366	Fath al-Bari numbering	text match to 0256Bukhari.Sahih.Shamela0001681-ara1	0.76	
urn:hadith:0256Bukhari.Sahih:360	360	367	Fath al-Bari numbering	text match to 0256Bukhari.Sahih.Shamela0001681-ara1	0.88	
urn:hadith:0256Bukhari.Sahih:361	361	368	Fath al-Bari numbering	text match to 0256Bukhari.Sahih.Shamela0001681-ara1	1.0	
urn:hadith:0256Bukhari.Sahih:362	362	369	Fath al-Bari numbering	text match to 0256Bukhari.Sahih.Shamela0001681-ara1	0.78	
urn:hadith:0256Bukhari.Sahih:363	363	370	Fath al-Bari numbering	text match to 0256Bukhari.Sahih.Shamela0001681-ara1	0.9	
urn:hadith:0256Bukhari.Sahih:364	364	371	Fath al-Bari numbering	text match to 0256Bukhari.Sahih.Shamela0001681-ara1	0.93	
urn:hadith:0256Bukhari.Sahih:365	365	372	Fath al-Bari numbering	text match to 0256Bukhari.Sahih.Shamela0001681-ara1	1.0	
urn:hadith:0256Bukhari.Sahih:366	366	373	Fath al-Bari numbering	text match to 0256Bukhari.Sahih.Shamela0001681-ara1	0.93	
urn:hadith:0256Bukhari.Sahih:367	367	374	Fath al-Bari numbering	text match to 0256Bukhari.Sahih.Shamela0001681-ara1	0.9	
urn:hadith:0256Bukhari.Sahih:368	368	375	Fath al-Bari numbering	text match to 0256Bukhari.Sahih.Shamela0001681-ara1	0.89	
urn:hadith:0256Bukhari.Sahih:369	369	376	Fath al-Bari numbering	text match to 0256Bukhari.Sahih.Shamela0001681-ara1	1.0	
urn:hadith:0256Bukhari.Sahih:370	370	377	Fath al-Bari numbering	text match to 0256Bukhari.Sahih.Shamela0001681-ara1	1.0	
urn:hadith:0256Bukhari.Sahih:371	371	378	Fath al-Bari numbering	text match to 0256Bukhari.Sahih.Shamela0001681-ara1	1.0	
urn:hadith:0256Bukhari.Sahih:372	372	379	Fath al-Bari numbering	text match to 0256Bukhari.Sahih.Shamela0001681-ara1	1.0	
urn:hadith:0256Bukhari.Sahih:373	373	380	Fath al-Bari numbering	text match to 0256Bukhari.Sahih.Shamela0001681-ara1	0.89	shared number
urn:hadith:0256Bukhari.Sahih:374	374	381	Fath al-Bari numbering	text match to 0256Bukhari.Sahih.Shamela0001681-ara1	1.0	
urn:hadith:0256Bukhari.Sahih:375	375	382	Fath al-Bari numbering	text match to 0256Bukhari.Sahih.Shamela0001681-ara1	1.0	
urn:hadith:0256Bukhari.Sahih:376	376	383	Fath al-Bari numbering	text match to 0256Bukhari.Sahih.Shamela0001681-ara1	0.75	
urn:hadith:0256Bukhari.Sahih:377	377	384	Fath al-Bari numbering	text match to 0256Bukhari.Sahih.Shamela0001681-ara1	1.0	
urn:hadith:0256Bukhari.Sahih:378	378	385	Fath al-Bari numbering	text match to 0256Bukhari.Sahih.Shamela0001681-ara1	1.0	
urn:hadith:0256Bukhari.Sahih:379	379	386	Fath al-Bari numbering	text match to 0256Bukhari.Sahih.Shamela0001681-ara1	1.0	
urn:hadith:0256Bukhari.Sahih:380	380	387	Fath al-Bari numbering	text match to 0256Bukhari.Sahih.Shamela0001681-ara1	1.0	
urn:hadith:0256Bukhari.Sahih:381	381	388	Fath al-Bari numbering	text match to 0256Bukhari.Sahih.Shamela0001681-ara1	1.0	
urn:hadith:0256Bukhari.Sahih:382	382	389	Fath al-Bari numbering	text match to 0256Bukhari.Sahih.Shamela0001681-ara1	1.0	
urn:hadith:0256Bukhari.Sahih:383	383	390	Fath al-Bari numbering	text match to 0256Bukhari.Sahih.Shamela0001681-ara1	0.65	
urn:hadith:0256Bukhari.Sahih:384	384	391	Fath al-Bari numbering	text match to 0256Bukhari.Sahih.Shamela0001681-ara1	0.89	
urn:hadith:0256Bukhari.Sahih:385	385	392	Fath al-Bari numbering	text match to 0256Bukhari.Sahih.Shamela0001681-ara1	0.53	
urn:hadith:0256Bukhari.Sahih:386	386	394	Fath al-Bari numbering	text match to 0256Bukhari.Sahih.Shamela0001681-ara1	0.94	
urn:hadith:0256Bukhari.Sahih:387	387	395	Fath al-Bari numbering	text match to 0256Bukhari.Sahih.Shamela0001681-ara1	0.7	
urn:hadith:0256Bukhari.Sahih:388	388	397	Fath al-Bari numbering	text match to 0256Bukhari.Sahih.Shamela0001681-ara1	0.78	
urn:hadith:0256Bukhari.Sahih:389	389	398	Fath al-Bari numbering	text match to 0256Bukhari.Sahih.Shamela0001681-ara1	0.76	
urn:hadith:0256Bukhari.Sahih:390	390	399	Fath al-Bari numbering	text match to 0256Bukhari.Sahih.Shamela0001681-ara1	0.87	
urn:hadith:0256Bukhari.Sahih:391	391	400	Fath al-Bari numbering	text match to 0256Bukhari.Sahih.Shamela0001681-ara1	0.73	
urn:hadith:0256Bukhari.Sahih:392	392	401	Fath al-Bari numbering	text match to 0256Bukhari.Sahih.Shamela0001681-ara1	1.0	
urn:hadith:0256Bukhari.Sahih:393	393	402	Fath al-Bari numbering	text match to 0256Bukhari.Sahih.Shamela0001681-ara1	0.79	
urn:hadith:0256Bukhari.Sahih:395	395	403	Fath al-Bari numbering	text match to 0256Bukhari.Sahih.Shamela0001681-ara1	1.0	
urn:hadith:0256Bukhari.Sahih:396	396	404	Fath al-Bari numbering	text match to 0256Bukhari.Sahih.Shamela0001681-ara1	0.9	
urn:hadith:0256Bukhari.Sahih:397	397	405	Fath al-Bari numbering	text match to 0256Bukhari.Sahih.Shamela0001681-ara1	0.87	
urn:hadith:0256Bukhari.Sahih:398	398	406	Fath al-Bari numbering	text match to 0256Bukhari.Sahih.Shamela0001681-ara1	1.0	
urn:hadith:0256Bukhari.Sahih:399	399	407	Fath al-Bari numbering	text match to 0256Bukhari.Sahih.Shamela0001681-ara1	1.0	
urn:hadith:0256Bukhari.Sahih:400	400	408	Fath al-Bari numbering	text match to 0256Bukhari.Sahih.Shamela0001681-ara1	0.9	
urn:hadith:0256Bukhari.Sahih:401	401	410	Fath al-Bari numbering	text match to 0256Bukhari.Sahih.Shamela0001681-ara1	0.92	
urn:hadith:0256Bukhari.Sahih:402	402	412	Fath al-Bari numbering	text match to 0256Bukhari.Sahih.Shamela0001681-ara1	0.83	
urn:hadith:0256Bukhari.Sahih:403	403	413	Fath al-Bari numbering	text match to 0256Bukhari.Sahih.Shamela0001681-ara1	1.0	
urn:hadith:0256Bukhari.Sahih:404	404	414	Fath al-Bari numbering	text match to 0256Bukhari.Sahih.Shamela0001681-ara1	0.96	
urn:hadith:0256Bukhari.Sahih:405	405	415	Fath al-Bari numbering	text match to 0256Bukhari.Sahih.Shamela0001681-ara1	1.0	
urn:hadith:0256Bukhari.Sahih:406	406	416	Fath al-Bari numbering	text match to 0256Bukhari.Sahih.Shamela0001681-ara1	1.0	
urn:hadith:0256Bukhari.Sahih:407	407	417	Fath al-Bari numbering	text match to 0256Bukhari.Sahih.Shamela0001681-ara1	0.81	
urn:hadith:0256Bukhari.Sahih:408	408	418	Fath al-Bari numbering	text match to 0256Bukhari.Sahih.Shamela0001681-ara1	1.0	
urn:hadith:0256Bukhari.Sahih:409	409	419	Fath al-Bari numbering	text match to 0256Bukhari.Sahih.Shamela0001681-ara1	1.0	
urn:hadith:0256Bukhari.Sahih:410	410	420	Fath al-Bari numbering	text match to 0256Bukhari.Sahih.Shamela0001681-ara1	1.0	
urn:hadith:0256Bukhari.Sahih:411	411	421	Fath al-Bari numbering	text match to 0256Bukhari.Sahih.Shamela0001681-ara1	0.86	
urn:hadith:0256Bukhari.Sahih:412	412	422	Fath al-Bari numbering	text match to 0256Bukhari.Sahih.Shamela0001681-ara1	0.9	
urn:hadith:0256Bukhari.Sahih:413	413	423	Fath al-Bari numbering	text match to 0256Bukhari.Sahih.Shamela0001681-ara1	0.66	
urn:hadith:0256Bukhari.Sahih:414	414	424	Fath al-Bari numbering	text match to 0256Bukhari.Sahih.Shamela0001681-ara1	0.9	
urn:hadith:0256Bukhari.Sahih:415	415	425	Fath al-Bari numbering	text match to 0256Bukhari.Sahih.Shamela0001681-ara1	0.93	
urn:hadith:0256Bukhari.Sahih:416	416	426	Fath al-Bari numbering	text match to 0256Bukhari.Sahih.Shamela0001681-ara1	1.0	
urn:hadith:0256Bukhari.Sahih:417	417	427	Fath al-Bari numbering	text match to 0256Bukhari.Sahih.Shamela0001681-ara1	0.92	
urn:hadith:0256Bukhari.Sahih:418	418	428	Fath al-Bari numbering	text match to 0256Bukhari.Sahih.Shamela0001681-ara1	0.86	
urn:hadith:0256Bukhari.Sahih:419	419	429	Fath al-Bari numbering	text match to 0256Bukhari.Sahih.Shamela0001681-ara1	0.88	
urn:hadith:0256Bukhari.Sahih:420	420	430	Fath al-Bari numbering	text match to 0256Bukhari.Sahih.Shamela0001681-ara1	0.81	
urn:hadith:0256Bukhari.Sahih:421	421	431	Fath al-Bari numbering	text match to 0256Bukhari.Sahih.Shamela0001681-ara1	1.0	
urn:hadith:0256Bukhari.Sahih:422	422	432	Fath al-Bari numbering	text match to 0256Bukhari.Sahih.Shamela0001681-ara1	0.64	
urn:hadith:0256Bukhari.Sahih:423	423	433	Fath al-Bari numbering	text match to 0256Bukhari.Sahih.Shamela0001681-ara1	1.0	
urn:hadith:0256Bukhari.Sahih:424	424	434	Fath al-Bari numbering	text match to 0256Bukhari.Sahih.Shamela0001681-ara1	0.97	
urn:hadith:0256Bukhari.Sahih:425	425	435	Fath al-Bari numbering	text match to 0256Bukhari.Sahih.Shamela0001681-ara1	1.0	
urn:hadith:0256Bukhari.Sahih:426	426	437	Fath al-Bari numbering	text match to 0256Bukhari.Sahih.Shamela0001681-ara1	0.82	
urn:hadith:0256Bukhari.Sahih:427	427	438	Fath al-Bari numbering	text match to 0256Bukhari.Sahih.Shamela0001681-ara1	1.0	
urn:hadith:0256Bukhari.Sahih:428	428	439	Fath al-Bari numbering	text match to 0256Bukhari.Sahih.Shamela0001681-ara1	0.92	
urn:hadith:0256Bukhari.Sahih:429	429	440	Fath al-Bari numbering	text match to 0256Bukhari.Sahih.Shamela0001681-ara1	0.85	
urn:hadith:0256Bukhari.Sahih:430	430	441	Fath al-Bari numbering	text match to 0256Bukhari.Sahih.Shamela0001681-ara1	0.93	
urn:hadith:0256Bukhari.Sahih:431	431	442	Fath al-Bari numbering	text match to 0256Bukhari.Sahih.Shamela0001681-ara1	0.8	
urn:hadith:0256Bukhari.Sahih:432	432	443	Fath al-Bari numbering	text match to 0256Bukhari.Sahih.Shamela0001681-ara1	1.0	
urn:hadith:0256Bukhari.Sahih:433	433	444	Fath al-Bari numbering	text match to 0256Bukhari.Sahih.Shamela0001681-ara1	1.0	
urn:hadith:0256Bukhari.Sahih:434	434	445	Fath al-Bari numbering	text match to 0256Bukhari.Sahih.Shamela0001681-ara1	1.0	
urn:hadith:0256Bukhari.Sahih:435	435	446	Fath al-Bari numbering	text match to 0256Bukhari.Sahih.Shamela0001681-ara1	0.92	
urn:hadith:0256Bukhari.Sahih:436	436	447	Fath al-Bari numbering	text match to 0256Bukhari.Sahih.Shamela0001681-ara1	0.93	
urn:hadith:0256Bukhari.Sahih:437	437	448	Fath al-Bari numbering	text match to 0256Bukhari.Sahih.Shamela0001681-ara1	0.68	
urn:hadith:0256Bukhari.Sahih:438	438	449	Fath al-Bari numbering	text match to 0256Bukhari.Sahih.Shamela0001681-ara1	0.86	
urn:hadith:0256Bukhari.Sahih:439	439	450	Fath al-Bari numbering	text match to 0256Bukhari.Sahih.Shamela0001681-ara1	0.92	
urn:hadith:0256Bukhari.Sahih:440	440	451	Fath al-Bari numbering	text match to 0256Bukhari.Sahih.Shamela0001681-ara1	1.0	
urn:hadith:0256Bukhari.Sahih:441	441	452	Fath al-Bari numbering	text match to 0256Bukhari.Sahih.Shamela0001681-ara1	1.0	
urn:hadith:0256Bukhari.Sahih:442	442	453	Fath al-Bari numbering	text match to 0256Bukhari.Sahih.Shamela0001681-ara1	1.0	
urn:hadith:0256Bukhari.Sahih:443	443	454	Fath al-Bari numbering	text match to 0256Bukhari.Sahih.Shamela0001681-ara1	0.56	
urn:hadith:0256Bukhari.Sahih:444	444	456	Fath al-Bari numbering	text match to 0256Bukhari.Sahih.Shamela0001681-ara1	0.89	
urn:hadith:0256Bukhari.Sahih:445	445	457	Fath al-Bari numbering	text match to 0256Bukhari.Sahih.Shamela0001681-ara1	0.93	
urn:hadith:0256Bukhari.Sahih:446	446	458	Fath al-Bari numbering	text match to 0256Bukhari.Sahih.Shamela0001681-ara1	1.0	
urn:hadith:0256Bukhari.Sahih:447	447	459	Fath al-Bari numbering	text match to 0256Bukhari.Sahih.Shamela0001681-ara1	1.0	
urn:hadith:0256Bukhari.Sahih:448	448	460	Fath al-Bari numbering	text match to 0256Bukhari.Sahih.Shamela0001681-ara1	0.85	
urn:hadith:0256Bukhari.Sahih:449	449	461	Fath al-Bari numbering	text match to 0256Bukhari.Sahih.Shamela0001681-ara1	0.9	
urn:hadith:0256Bukhari.Sahih:450	450	462	Fath al-Bari numbering	text match to 0256Bukhari.Sahih.Shamela0001681-ara1	1.0	
urn:hadith:0256Bukhari.Sahih:451	451	463	Fath al-Bari numbering	text match to 0256Bukhari.Sahih.Shamela0001681-ara1	1.0	
urn:hadith:0256Bukhari.Sahih:452	452	464	Fath al-Bari numbering	text match to 0256Bukhari.Sahih.Shamela0001681-ara1	0.93	
urn:hadith:0256Bukhari.Sahih:453	453	465	Fath al-Bari numbering	text match to 0256Bukhari.Sahih.Shamela0001681-ara1	0.92	
urn:hadith:0256Bukhari.Sahih:454	454	466	Fath al-Bari numbering	text match to 0256Bukhari.Sahih.Shamela0001681-ara1	0.93	
urn:hadith:0256Bukhari.Sahih:455	455	467	Fath al-Bari numbering	text match to 0256Bukhari.Sahih.Shamela0001681-ara1	0.87	
urn:hadith:0256Bukhari.Sahih:456	456	468	Fath al-Bari numbering	text match to 0256Bukhari.Sahih.Shamela0001681-ara1	0.68	
urn:hadith:0256Bukhari.Sahih:457	457	469	Fath al-Bari numbering	text match to 0256Bukhari.Sahih.Shamela0001681-ara1	1.0	
urn:hadith:0256Bukhari.Sahih:458	458	470	Fath al-Bari numbering	text match to 0256Bukhari.Sahih.Shamela0001681-ara1	1.0	
urn:hadith:0256Bukhari.Sahih:459	459	471	Fath al-Bari numbering	text match to 0256Bukhari.Sahih.Shamela0001681-ara1	0.7	
urn:hadith:0256Bukhari.Sahih:460	460	472	Fath al-Bari numbering	text match to 0256Bukhari.Sahih.Shamela0001681-ara1	0.83	
urn:hadith:0256Bukhari.Sahih:461	461	473	Fath al-Bari numbering	text match to 0256Bukhari.Sahih.Shamela0001681-ara1	0.77	
urn:hadith:0256Bukhari.Sahih:462	462	474	Fath al-Bari numbering	text match to 0256Bukhari.Sahih.Shamela0001681-ara1	0.87	
urn:hadith:0256Bukhari.Sahih:463	463	475	Fath al-Bari numbering	text match to 0256Bukhari.Sahih.Shamela0001681-ara1	0.76	
urn:hadith:0256Bukhari.Sahih:464	464	476	Fath al-Bari numbering	text match to 0256Bukhari.Sahih.Shamela0001681-ara1	0.93	
urn:hadith:0256Bukhari.Sahih:465	465	477	Fath al-Bari numbering	text match to 0256Bukhari.Sahih.Shamela0001681-ara1	1.0	
urn:hadith:0256Bukhari.Sahih:466	466	480	Fath al-Bari numbering	text match to 0256Bukhari.Sahih.Shamela0001681-ara1	0.64	
urn:hadith:0256Bukhari.Sahih:467	467	481	Fath al-Bari numbering	text match to 0256Bukhari.Sahih.Shamela0001681-ara1	1.0	
urn:hadith:0256Bukhari.Sahih:468	468	482	Fath al-Bari numbering	text match to 0256Bukhari.Sahih.Shamela0001681-ara1	0.78	
urn:hadith:0256Bukhari.Sahih:469	469	483	Fath al-Bari numbering	text match to 0256Bukhari.Sahih.Shamela0001681-ara1	0.93	
urn:hadith:0256Bukhari.Sahih:470	470	484	Fath al-Bari numbering	text match to 0256Bukhari.Sahih.Shamela0001681-ara1	0.86	
urn:hadith:0256Bukhari.Sahih:471	471	493	Fath al-Bari numbering	text match to 0256Bukhari.Sahih.Shamela0001681-ara1	0.92	
urn:hadith:0256Bukhari.Sahih:472	472	494	Fath al-Bari numbering	text match to 0256Bukhari.Sahih.Shamela0001681-ara1	0.77	
urn:hadith:0256Bukhari.Sahih:473	473	495	Fath al-Bari numbering	text match to 0256Bukhari.Sahih.Shamela0001681-ara1	0.84	
urn:hadith:0256Bukhari.Sahih:474	474	496	Fath al-Bari numbering	text match to 0256Bukhari.Sahih.Shamela0001681-ara1	0.84	
urn:hadith:0256Bukhari.Sahih:475	475	497	Fath al-Bari numbering	text match to 0256Bukhari.Sahih.Shamela0001681-ara1	0.88	
urn:hadith:0256Bukhari.Sahih:476	476	498	Fath al-Bari numbering	text match to 0256Bukhari.Sahih.Shamela0001681-ara1	0.81	
urn:hadith:0256Bukhari.Sahih:477	477	499	Fath al-Bari numbering	text match to 0256Bukhari.Sahih.Shamela0001681-ara1	1.0	
urn:hadith:0256Bukhari.Sahih:478	478	500	Fath al-Bari numbering	text match to 0256Bukhari.Sahih.Shamela0001681-ara1	1.0	
urn:hadith:0256Bukhari.Sahih:479	479	501	Fath al-Bari numbering	text match to 0256Bukhari.Sahih.Shamela0001681-ara1	1.0	
urn:hadith:0256Bukhari.Sahih:480	480	502	Fath al-Bari numbering	text match to 0256Bukhari.Sahih.Shamela0001681-ara1	1.0	
urn:hadith:0256Bukhari.Sahih:481	481	503	Fath al-Bari numbering	text match to 0256Bukhari.Sahih.Shamela0001681-ara1	0.88	
urn:hadith:0256Bukhari.Sahih:482	482	504	Fath al-Bari numbering	text match to 0256Bukhari.Sahih.Shamela0001681-ara1	0.75	
urn:hadith:0256Bukhari.Sahih:483	483	505	Fath al-Bari numbering	text match to 0256Bukhari.Sahih.Shamela0001681-ara1	1.0	
urn:hadith:0256Bukhari.Sahih:484	484	506	Fath al-Bari numbering	text match to 0256Bukhari.Sahih.Shamela0001681-ara1	0.94	
urn:hadith:0256Bukhari.Sahih:485	485	507	Fath al-Bari numbering	text match to 0256Bukhari.Sahih.Shamela0001681-ara1	0.73	
urn:hadith:0256Bukhari.Sahih:486	486	508	Fath al-Bari numbering	text match to 0256Bukhari.Sahih.Shamela0001681-ara1	1.0	
urn:hadith:0256Bukhari.Sahih:487	487	509	Fath al-Bari numbering	text match to 0256Bukhari.Sahih.Shamela0001681-ara1	1.0	
urn:hadith:0256Bukhari.Sahih:488	488	510	Fath al-Bari numbering	text match to 0256Bukhari.Sahih.Shamela0001681-ara1	1.0	
urn:hadith:0256Bukhari.Sahih:489	489	511	Fath al-Bari numbering	text match to 0256Bukhari.Sahih.Shamela0001681-ara1	0.92	
urn:hadith:0256Bukhari.Sahih:490	490	512	Fath al-Bari numbering	text match to 0256Bukhari.Sahih.Shamela0001681-ara1	1.0	shared number
urn:hadith:0256Bukhari.Sahih:491	491	513	Fath al-Bari numbering	text match to 0256Bukhari.Sahih.Shamela0001681-ara1	1.0	
urn:hadith:0256Bukhari.Sahih:492	492	514	Fath al-Bari numbering	text match to 0256Bukhari.Sahih.Shamela0001681-ara1	0.94	
urn:hadith:0256Bukhari.Sahih:493	493	515	Fath al-Bari numbering	text match to 0256Bukhari.Sahih.Shamela0001681-ara1	0.79	
urn:hadith:0256Bukhari.Sahih:494	494	516	Fath al-Bari numbering	text match to 0256Bukhari.Sahih.Shamela0001681-ara1	0.91	
urn:hadith:0256Bukhari.Sahih:495	495	517	Fath al-Bari numbering	text match to 0256Bukhari.Sahih.Shamela0001681-ara1	1.0	
urn:hadith:0256Bukhari.Sahih:496	496	518	Fath al-Bari numbering	text match to 0256Bukhari.Sahih.Shamela0001681-ara1	1.0	
urn:hadith:0256Bukhari.Sahih:497	497	519	Fath al-Bari numbering	text match to 0256Bukhari.Sahih.Shamela0001681-ara1	1.0	
urn:hadith:0256Bukhari.Sahih:498	498	520	Fath al-Bari numbering	text match to 0256Bukhari.Sahih.Shamela0001681-ara1	1.0	
urn:hadith:0256Bukhari.Sahih:499	499	521	Fath al-Bari numbering	text match to 0256Bukhari.Sahih.Shamela0001681-ara1	0.93	
urn:hadith:0256Bukhari.Sahih:500	500	523	Fath al-Bari numbering	text match to 0256Bukhari.Sahih.Shamela0001681-ara1	0.87	
urn:hadith:0256Bukhari.Sahih:501	501	524	Fath al-Bari numbering	text match to 0256Bukhari.Sahih.Shamela0001681-ara1	1.0	
urn:hadith:0256Bukhari.Sahih:502	502	525	Fath al-Bari numbering	text match to 0256Bukhari.Sahih.Shamela0001681-ara1	1.0	
urn:hadith:0256Bukhari.Sahih:503	503	526	Fath al-Bari numbering	text match to 0256Bukhari.Sahih.Shamela0001681-ara1	0.72	
urn:hadith:0256Bukhari.Sahih:504	504	527	Fath al-Bari numbering	text match to 0256Bukhari.Sahih.Shamela0001681-ara1	1.0	
urn:hadith:0256Bukhari.Sahih:505	505	528	Fath al-Bari numbering	text match to 0256Bukhari.Sahih.Shamela0001681-ara1	0.82	
urn:hadith:0256Bukhari.Sahih:506	506	529	Fath al-Bari numbering	text match to 0256Bukhari.Sahih.Shamela0001681-ara1	1.0	
urn:hadith:0256Bukhari.Sahih:507	507	530	Fath al-Bari numbering	text match to 0256Bukhari.Sahih.Shamela0001681-ara1	0.86	
urn:hadith:0256Bukhari.Sahih:508	508	531	Fath al-Bari numbering	text match to 0256Bukhari.Sahih.Shamela0001681-ara1	0.92	
urn:hadith:0256Bukhari.Sahih:509	509	532	Fath al-Bari numbering	text match to 0256Bukhari.Sahih.Shamela0001681-ara1	0.89	
urn:hadith:0256Bukhari.Sahih:510	510	533	Fath al-Bari numbering	text match to 0256Bukhari.Sahih.Shamela0001681-ara1	0.92	
urn:hadith:0256Bukhari.Sahih:511	511	535	Fath al-Bari numbering	text match to 0256Bukhari.Sahih.Shamela0001681-ara1	0.98	
urn:hadith:0256Bukhari.Sahih:513	513	538	Fath al-Bari numbering	text match to 0256Bukhari.Sahih.Shamela0001681-ara1	0.89	
urn:hadith:0256Bukhari.Sahih:514	514	539	Fath al-Bari numbering	text match to 0256Bukhari.Sahih.Shamela0001681-ara1	0.96	
urn:hadith:0256Bukhari.Sahih:515	515	540	Fath al-Bari numbering	text match to 0256Bukhari.Sahih.Shamela0001681-ara1	1.0	
urn:hadith:0256Bukhari.Sahih:516	516	541	Fath al-Bari numbering	text match to 0256Bukhari.Sahih.Shamela0001681-ara1	0.69	
urn:hadith:0256Bukhari.Sahih:517	517	542	Fath al-Bari numbering	text match to 0256Bukhari.Sahih.Shamela0001681-ara1	0.9	
urn:hadith:0256Bukhari.Sahih:518	518	543	Fath al-Bari numbering	text match to 0256Bukhari.Sahih.Shamela0001681-ara1	0.74	
urn:hadith:0256Bukhari.Sahih:519	519	544	Fath al-Bari numbering	text match to 0256Bukhari.Sahih.Shamela0001681-ara1	1.0	
urn:hadith:0256Bukhari.Sahih:520	520	545	Fath al-Bari numbering	text match to 0256Bukhari.Sahih.Shamela0001681-ara1	0.61	
urn:hadith:0256Bukhari.Sahih:521	521	546	Fath al-Bari numbering	text match to 0256Bukhari.Sahih.Shamela0001681-ara1	0.75	
urn:hadith:0256Bukhari.Sahih:522	522	547	Fath al-Bari numbering	text match to 0256Bukhari.Sahih.Shamela0001681-ara1	1.0	
urn:hadith:0256Bukhari.Sahih:523	523	548	Fath al-Bari numbering	text match to 0256Bukhari.Sahih.Shamela0001681-ara1	0.9	
urn:hadith:0256Bukhari.Sahih:524	524	549	Fath al-Bari numbering	text match to 0256Bukhari.Sahih.Shamela0001681-ara1	0.9	
urn:hadith:0256Bukhari.Sahih:525	525	550	Fath al-Bari numbering	text match to 0256Bukhari.Sahih.Shamela0001681-ara1	1.0	
urn:hadith:0256Bukhari.Sahih:526	526	551	Fath al-Bari numbering	text match to 0256Bukhari.Sahih.Shamela0001681-ara1	0.79	
urn:hadith:0256Bukhari.Sahih:527	527	552	Fath al-Bari numbering	text match to 0256Bukhari.Sahih.Shamela0001681-ara1	0.84	
urn:hadith:0256Bukhari.Sahih:528	528	553	Fath al-Bari numbering	text match to 0256Bukhari.Sahih.Shamela0001681-ara1	1.0	
urn:hadith:0256Bukhari.Sahih:529	529	554	Fath al-Bari numbering	text match to 0256Bukhari.Sahih.Shamela0001681-ara1	0.94	
urn:hadith:0256Bukhari.Sahih:530	530	555	Fath al-Bari numbering	text match to 0256Bukhari.Sahih.Shamela0001681-ara1	1.0	
urn:hadith:0256Bukhari.Sahih:531	531	556	Fath al-Bari numbering	text match to 0256Bukhari.Sahih.Shamela0001681-ara1	0.91	
urn:hadith:0256Bukhari.Sahih:532	532	557	Fath al-Bari numbering	text match to 0256Bukhari.Sahih.Shamela0001681-ara1	0.84	
urn:hadith:0256Bukhari.Sahih:533	533	558	Fath al-Bari numbering	text match to 0256Bukhari.Sahih.Shamela0001681-ara1	1.0	
urn:hadith:0256Bukhari.Sahih:534	534	559	Fath al-Bari numbering	text match to 0256Bukhari.Sahih.Shamela0001681-ara1	1.0	
urn:hadith:0256Bukhari.Sahih:535	535	560	Fath al-Bari numbering	text match to 0256Bukhari.Sahih.Shamela0001681-ara1	0.94	
urn:hadith:0256Bukhari.Sahih:536	536	561	Fath al-Bari numbering	text match to 0256Bukhari.Sahih.Shamela0001681-ara1	1.0	
urn:hadith:0256Bukhari.Sahih:537	537	562	Fath al-Bari numbering	text match to 0256Bukhari.Sahih.Shamela0001681-ara1	0.84	
urn:hadith:0256Bukhari.Sahih:538	538	563	Fath al-Bari numbering	text match to 0256Bukhari.Sahih.Shamela0001681-ara1	0.8	
urn:hadith:0256Bukhari.Sahih:539	539	564	Fath al-Bari numbering	text match to 0256Bukhari.Sahih.Shamela0001681-ara1	1.0	
urn:hadith:0256Bukhari.Sahih:540	540	565	Fath al-Bari numbering	text match to 0256Bukhari.Sahih.Shamela0001681-ara1	0.9	
urn:hadith:0256Bukhari.Sahih:541	541	566	Fath al-Bari numbering	text match to 0256Bukhari.Sahih.Shamela0001681-ara1	0.89	
urn:hadith:0256Bukhari.Sahih:542	542	567	Fath al-Bari numbering	text match to 0256Bukhari.Sahih.Shamela0001681-ara1	0.89	
urn:hadith:0256Bukhari.Sahih:543	543	568	Fath al-Bari numbering	text match to 0256Bukhari.Sahih.Shamela0001681-ara1	1.0	
urn:hadith:0256Bukhari.Sahih:544	544	569	Fath al-Bari numbering	text match to 0256Bukhari.Sahih.Shamela0001681-ara1	0.76	
urn:hadith:0256Bukhari.Sahih:545	545	570	Fath al-Bari numbering	text match to 0256Bukhari.Sahih.Shamela0001681-ara1	0.8	
urn:hadith:0256Bukhari.Sahih:546	546	572	Fath al-Bari numbering	text match to 0256Bukhari.Sahih.Shamela0001681-ara1	0.73	
urn:hadith:0256Bukhari.Sahih:547	547	573	Fath al-Bari numbering	text match to 0256Bukhari.Sahih.Shamela0001681-ara1	1.0	
urn:hadith:0256Bukhari.Sahih:548	548	574	Fath al-Bari numbering	text match to 0256Bukhari.Sahih.Shamela0001681-ara1	1.0	shared number
urn:hadith:0256Bukhari.Sahih:549	549	574	Fath al-Bari numbering	text match to 0256Bukhari.Sahih.Shamela0001681-ara1	0.82	shared number
urn:hadith:0256Bukhari.Sahih:550	550	575	Fath al-Bari numbering	text match to 0256Bukhari.Sahih.Shamela0001681-ara1	0.88	
urn:hadith:0256Bukhari.Sahih:551	551	576	Fath al-Bari numbering	text match to 0256Bukhari.Sahih.Shamela0001681-ara1	0.81	
urn:hadith:0256Bukhari.Sahih:552	552	577	Fath al-Bari numbering	text match to 0256Bukhari.Sahih.Shamela0001681-ara1	1.0	
urn:hadith:0256Bukhari.Sahih:553	553	578	Fath al-Bari numbering	text match to 0256Bukhari.Sahih.Shamela0001681-ara1	0.89	
urn:hadith:0256Bukhari.Sahih:554	554	579	Fath al-Bari numbering	text match to 0256Bukhari.Sahih.Shamela0001681-ara1	1.0	
urn:hadith:0256Bukhari.Sahih:555	555	580	Fath al-Bari numbering	text match to 0256Bukhari.Sahih.Shamela0001681-ara1	0.84	
urn:hadith:0256Bukhari.Sahih:556	556	581	Fath al-Bari numbering	text match to 0256Bukhari.Sahih.Shamela0001681-ara1	0.86	
urn:hadith:0256Bukhari.Sahih:557	557	582	Fath al-Bari numbering	text match to 0256Bukhari.Sahih.Shamela0001681-ara1	0.67	
urn:hadith:0256Bukhari.Sahih:558	558	583	Fath al-Bari numbering	text match to 0256Bukhari.Sahih.Shamela0001681-ara1	0.82	
urn:hadith:0256Bukhari.Sahih:559	559	584	Fath al-Bari numbering	text match to 0256Bukhari.Sahih.Shamela0001681-ara1	1.0	
urn:hadith:0256Bukhari.Sahih:560	560	585	Fath al-Bari numbering	text match to 0256Bukhari.Sahih.Shamela0001681-ara1	0.81	
urn:hadith:0256Bukhari.Sahih:561	561	586	Fath al-Bari numbering	text match to 0256Bukhari.Sahih.Shamela0001681-ara1	0.89	
urn:hadith:0256Bukhari.Sahih:562	562	587	Fath al-Bari numbering	text match to 0256Bukhari.Sahih.Shamela0001681-ara1	1.0	
urn:hadith:0256Bukhari.Sahih:563	563	588	Fath al-Bari numbering	text match to 0256Bukhari.Sahih.Shamela0001681-ara1	1.0	
urn:hadith:0256Bukhari.Sahih:564	564	589	Fath al-Bari numbering	text match to 0256Bukhari.Sahih.Shamela0001681-ara1	0.85	
urn:hadith:0256Bukhari.Sahih:565	565	590	Fath al-Bari numbering	text match to 0256Bukhari.Sahih.Shamela0001681-ara1	1.0	
urn:hadith:0256Bukhari.Sahih:566	566	591	Fath al-Bari numbering	text match to 0256Bukhari.Sahih.Shamela0001681-ara1	0.78	
urn:hadith:0256Bukhari.Sahih:567	567	592	Fath al-Bari numbering	text match to 0256Bukhari.Sahih.Shamela0001681-ara1	1.0	
urn:hadith:0256Bukhari.Sahih:568	568	593	Fath al-Bari numbering	text match to 0256Bukhari.Sahih.Shamela0001681-ara1	1.0	
urn:hadith:0256Bukhari.Sahih:569	569	594	Fath al-Bari numbering	text match to 0256Bukhari.Sahih.Shamela0001681-ara1	0.88	
urn:hadith:0256Bukhari.Sahih:570	570	595	Fath al-Bari numbering	text match to 0256Bukhari.Sahih.Shamela0001681-ara1	1.0	
urn:hadith:0256Bukhari.Sahih:571	571	596	Fath al-Bari numbering	text match to 0256Bukhari.Sahih.Shamela0001681-ara1	1.0	
urn:hadith:0256Bukhari.Sahih:572	572	597	Fath al-Bari numbering	text match to 0256Bukhari.Sahih.Shamela0001681-ara1	0.76	
urn:hadith:0256Bukhari.Sahih:573	573	598	Fath al-Bari numbering	text match to 0256Bukhari.Sahih.Shamela0001681-ara1	0.65	
urn:hadith:0256Bukhari.Sahih:574	574	599	Fath al-Bari numbering	text match to 0256Bukhari.Sahih.Shamela0001681-ara1	1.0	
urn:hadith:0256Bukhari.Sahih:575	575	600	Fath al-Bari numbering	text match to 0256Bukhari.Sahih.Shamela0001681-ara1	0.91	
urn:hadith:0256Bukhari.Sahih:576	576	601	Fath al-Bari numbering	text match to 0256Bukhari.Sahih.Shamela0001681-ara1	0.93	
urn:hadith:0256Bukhari.Sahih:577	577	602	Fath al-Bari numbering	text match to 0256Bukhari.Sahih.Shamela0001681-ara1	1.0	
urn:hadith:0256Bukhari.Sahih:578	578	603	Fath al-Bari numbering	text match to 0256Bukhari.Sahih.Shamela0001681-ara1	0.85	
urn:hadith:0256Bukhari.Sahih:579	579	604	Fath al-Bari numbering	text match to 0256Bukhari.Sahih.Shamela0001681-ara1	0.84	
urn:hadith:0256Bukhari.Sahih:580	580	605	Fath al-Bari numbering	text match to 0256Bukhari.Sahih.Shamela0001681-ara1	1.0	
urn:hadith:0256Bukhari.Sahih:581	581	606	Fath al-Bari numbering	text match to 0256Bukhari.Sahih.Shamela0001681-ara1	0.85	
urn:hadith:0256Bukhari.Sahih:582	582	607	Fath al-Bari numbering	text match to 0256Bukhari.Sahih.Shamela0001681-ara1	0.86	
urn:hadith:0256Bukhari.Sahih:583	583	608	Fath al-Bari numbering	text match to 0256Bukhari.Sahih.Shamela0001681-ara1	1.0	
urn:hadith:0256Bukhari.Sahih:584	584	609	Fath al-Bari numbering	text match to 0256Bukhari.Sahih.Shamela0001681-ara1	1.0	
urn:hadith:0256Bukhari.Sahih:585	585	610	Fath al-Bari numbering	text match to 0256Bukhari.Sahih.Shamela0001681-ara1	1.0	
urn:hadith:0256Bukhari.Sahih:586	586	611	Fath al-Bari numbering	text match to 0256Bukhari.Sahih.Shamela0001681-ara1	0.84	
urn:hadith:0256Bukhari.Sahih:587	587	612	Fath al-Bari numbering	text match to 0256Bukhari.Sahih.Shamela0001681-ara1	1.0	
urn:hadith:0256Bukhari.Sahih:588	588	613	Fath al-Bari numbering	text match to 0256Bukhari.Sahih.Shamela0001681-ara1	1.0	
urn:hadith:0256Bukhari.Sahih:589	589	614	Fath al-Bari numbering	text match to 0256Bukhari.Sahih.Shamela0001681-ara1	1.0	
urn:hadith:0256Bukhari.Sahih:590	590	615	Fath al-Bari numbering	text match to 0256Bukhari.Sahih.Shamela0001681-ara1	1.0	
urn:hadith:0256Bukhari.Sahih:591	591	616	Fath al-Bari numbering	text match to 0256Bukhari.Sahih.Shamela0001681-ara1	0.89	
urn:hadith:0256Bukhari.Sahih:592	592	617	Fath al-Bari numbering	text match to 0256Bukhari.Sahih.Shamela0001681-ara1	0.77	
urn:hadith:0256Bukhari.Sahih:593	593	618	Fath al-Bari numbering	text match to 0256Bukhari.Sahih.Shamela0001681-ara1	1.0	
urn:hadith:0256Bukhari.Sahih:594	594	619	Fath al-Bari numbering	text match to 0256Bukhari.Sahih.Shamela0001681-ara1	1.0	
urn:hadith:0256Bukhari.Sahih:595	595	620	Fath al-Bari numbering	text match to 0256Bukhari.Sahih.Shamela0001681-ara1	0.91	
urn:hadith:0256Bukhari.Sahih:596	596	621	Fath al-Bari numbering	text match to 0256Bukhari.Sahih.Shamela0001681-ara1	1.0	
urn:hadith:0256Bukhari.Sahih:597	597	622	Fath al-Bari numbering	text match to 0256Bukhari.Sahih.Shamela0001681-ara1	0.81	
urn:hadith:0256Bukhari.Sahih:598	598	624	Fath al-Bari numbering	text match to 0256Bukhari.Sahih.Shamela0001681-ara1	0.82	
urn:hadith:0256Bukhari.Sahih:599	599	625	Fath al-Bari numbering	text match to 0256Bukhari.Sahih.Shamela0001681-ara1	1.0	
urn:hadith:0256Bukhari.Sahih:600	600	626	Fath al-Bari numbering	text match to 0256Bukhari.Sahih.Shamela0001681-ara1	1.0	
urn:hadith:0256Bukhari.Sahih:601	601	627	Fath al-Bari numbering	text match to 0256Bukhari.Sahih.Shamela0001681-ara1	1.0	
urn:hadith:0256Bukhari.Sahih:602	602	628	Fath al-Bari numbering	text match to 0256Bukhari.Sahih.Shamela0001681-ara1	1.0	
urn:hadith:0256Bukhari.Sahih:603	603	629	Fath al-Bari numbering	text match to 0256Bukhari.Sahih.Shamela0001681-ara1	1.0	
urn:hadith:0256Bukhari.Sahih:604	604	630	Fath al-Bari numbering	text match to 0256Bukhari.Sahih.Shamela0001681-ara1	1.0	
urn:hadith:0256Bukhari.Sahih:605	605	631	Fath al-Bari numbering	text match to 0256Bukhari.Sahih.Shamela0001681-ara1	1.0	
urn:hadith:0256Bukhari.Sahih:606	606	632	Fath al-Bari numbering	text match to 0256Bukhari.Sahih.Shamela0001681-ara1	0.9	
urn:hadith:0256Bukhari.Sahih:607	607	633	Fath al-Bari numbering	text match to 0256Bukhari.Sahih.Shamela0001681-ara1	0.95	
urn:hadith:0256Bukhari.Sahih:608	608	634	Fath al-Bari numbering	text match to 0256Bukhari.Sahih.Shamela0001681-ara1	1.0	
urn:hadith:0256Bukhari.Sahih:609	609	635	Fath al-Bari numbering	text match to 0256Bukhari.Sahih.Shamela0001681-ara1	1.0	
urn:hadith:0256Bukhari.Sahih:610	610	636	Fath al-Bari numbering	text match to 0256Bukhari.Sahih.Shamela0001681-ara1	0.9	
urn:hadith:0256Bukhari.Sahih:611	611	637	Fath al-Bari numbering	text match to 0256Bukhari.Sahih.Shamela0001681-ara1	0.87	
urn:hadith:0256Bukhari.Sahih:612	612	638	Fath al-Bari numbering	text match to 0256Bukhari.Sahih.Shamela0001681-ara1	1.0	
urn:hadith:0256Bukhari.Sahih:613	613	639	Fath al-Bari numbering	text match to 0256Bukhari.Sahih.Shamela0001681-ara1	0.91	
urn:hadith:0256Bukhari.Sahih:614	614	640	Fath al-Bari numbering	text match to 0256Bukhari.Sahih.Shamela0001681-ara1	1.0	
urn:hadith:0256Bukhari.Sahih:615	615	641	Fath al-Bari numbering	text match to 0256Bukhari.Sahih.Shamela0001681-ara1	1.0	
urn:hadith:0256Bukhari.Sahih:616	616	642	Fath al-Bari numbering	text match to 0256Bukhari.Sahih.Shamela0001681-ara1	0.89	
urn:hadith:0256Bukhari.Sahih:617	617	643	Fath al-Bari numbering	text match to 0256Bukhari.Sahih.Shamela0001681-ara1	0.9	
urn:hadith:0256Bukhari.Sahih:618	618	644	Fath al-Bari numbering	text match to 0256Bukhari.Sahih.Shamela0001681-ara1	1.0	
urn:hadith:0256Bukhari.Sahih:619	619	645	Fath al-Bari numbering	text match to 0256Bukhari.Sahih.Shamela0001681-ara1	1.0	
urn:hadith:0256Bukhari.Sahih:619#620	619#620	646	Fath al-Bari numbering	text match to 0256Bukhari.Sahih.Shamela0001681-ara1	0.84	
urn:hadith:0256Bukhari.Sahih:620	620	647	Fath al-Bari numbering	text match to 0256Bukhari.Sahih.Shamela0001681-ara1	0.93	
urn:hadith:0256Bukhari.Sahih:621	621	648	Fath al-Bari numbering	text match to 0256Bukhari.Sahih.Shamela0001681-ara1	0.65	
urn:hadith:0256Bukhari.Sahih:622	622	650	Fath al-Bari numbering	text match to 0256Bukhari.Sahih.Shamela0001681-ara1	1.0	
urn:hadith:0256Bukhari.Sahih:623	623	651	Fath al-Bari numbering	text match to 0256Bukhari.Sahih.Shamela0001681-ara1	1.0	
urn:hadith:0256Bukhari.Sahih:626	626	657	Fath al-Bari numbering	text match to 0256Bukhari.Sahih.Shamela0001681-ara1	1.0	
urn:hadith:0256Bukhari.Sahih:627	627	658	Fath al-Bari numbering	text match to 0256Bukhari.Sahih.Shamela0001681-ara1	0.86	
urn:hadith:0256Bukhari.Sahih:628	628	659	Fath al-Bari numbering	text match to 0256Bukhari.Sahih.Shamela0001681-ara1	1.0	
urn:hadith:0256Bukhari.Sahih:629	629	660	Fath al-Bari numbering	text match to 0256Bukhari.Sahih.Shamela0001681-ara1	0.93	
urn:hadith:0256Bukhari.Sahih:630	630	661	Fath al-Bari numbering	text match to 0256Bukhari.Sahih.Shamela0001681-ara1	0.92	
urn:hadith:0256Bukhari.Sahih:631	631	662	Fath al-Bari numbering	text match to 0256Bukhari.Sahih.Shamela0001681-ara1	1.0	
urn:hadith:0256Bukhari.Sahih:632	632	663	Fath al-Bari numbering	text match to 0256Bukhari.Sahih.Shamela0001681-ara1	0.78	
urn:hadith:0256Bukhari.Sahih:633	633	664	Fath al-Bari numbering	text match to 0256Bukhari.Sahih.Shamela0001681-ara1	0.93	
urn:hadith:0256Bukhari.Sahih:634	634	665	Fath al-Bari numbering	text match to 0256Bukhari.Sahih.Shamela0001681-ara1	1.0	
urn:hadith:0256Bukhari.Sahih:635	635	666	Fath al-Bari numbering	text match to 0256Bukhari.Sahih.Shamela0001681-ara1	0.89	
urn:hadith:0256Bukhari.Sahih:636	636	667	Fath al-Bari numbering	text match to 0256Bukhari.Sahih.Shamela0001681-ara1	0.93	
urn:hadith:0256Bukhari.Sahih:637	637	668	Fath al-Bari numbering	text match to 0256Bukhari.Sahih.Shamela0001681-ara1	0.93	
urn:hadith:0256Bukhari.Sahih:638	638	669	Fath al-Bari numbering	text match to 0256Bukhari.Sahih.Shamela0001681-ara1	1.0	
urn:hadith:0256Bukhari.Sahih:639	639	670	Fath al-Bari numbering	text match to 0256Bukhari.Sahih.Shamela0001681-ara1	0.77	
urn:hadith:0256Bukhari.Sahih:640	640	671	Fath al-Bari numbering	text match to 0256Bukhari.Sahih.Shamela0001681-ara1	0.92	
urn:hadith:0256Bukhari.Sahih:641	641	672	Fath al-Bari numbering	text match to 0256Bukhari.Sahih.Shamela0001681-ara1	0.71	
urn:hadith:0256Bukhari.Sahih:643	643	675	Fath al-Bari numbering	text match to 0256Bukhari.Sahih.Shamela0001681-ara1	0.88	
urn:hadith:0256Bukhari.Sahih:644	644	676	Fath al-Bari numbering	text match to 0256Bukhari.Sahih.Shamela0001681-ara1	1.0	
urn:hadith:0256Bukhari.Sahih:645	645	677	Fath al-Bari numbering	text match to 0256Bukhari.Sahih.Shamela0001681-ara1	1.0	
urn:hadith:0256Bukhari.Sahih:646	646	678	Fath al-Bari numbering	text match to 0256Bukhari.Sahih.Shamela0001681-ara1	1.0	
urn:hadith:0256Bukhari.Sahih:647	647	679	Fath al-Bari numbering	text match to 0256Bukhari.Sahih.Shamela0001681-ara1	1.0	
urn:hadith:0256Bukhari.Sahih:648	648	680	Fath al-Bari numbering	text match to 0256Bukhari.Sahih.Shamela0001681-ara1	1.0	
urn:hadith:0256Bukhari.Sahih:649	649	681	Fath al-Bari numbering	text match to 0256Bukhari.Sahih.Shamela0001681-ara1	0.93	
urn:hadith:0256Bukhari.Sahih:650	650	682	Fath al-Bari numbering	text match to 0256Bukhari.Sahih.Shamela0001681-ara1	0.8	
urn:hadith:0256Bukhari.Sahih:651	651	683	Fath al-Bari numbering	text match to 0256Bukhari.Sahih.Shamela0001681-ara1	0.93	
urn:hadith:0256Bukhari.Sahih:652	652	684	Fath al-Bari numbering	text match to 0256Bukhari.Sahih.Shamela0001681-ara1	1.0	
urn:hadith:0256Bukhari.Sahih:653	653	685	Fath al-Bari numbering	text match to 0256Bukhari.Sahih.Shamela0001681-ara1	1.0	
urn:hadith:0256Bukhari.Sahih:654	654	686	Fath al-Bari numbering	text match to 0256Bukhari.Sahih.Shamela0001681-ara1	1.0	
urn:hadith:0256Bukhari.Sahih:655	655	687	Fath al-Bari numbering	text match to 0256Bukhari.Sahih.Shamela0001681-ara1	1.0	
urn:hadith:0256Bukhari.Sahih:656	656	688	Fath al-Bari numbering	text match to 0256Bukhari.Sahih.Shamela0001681-ara1	1.0	
urn:hadith:0256Bukhari.Sahih:657	657	689	Fath al-Bari numbering	text match to 0256Bukhari.Sahih.Shamela0001681-ara1	0.93	
urn:hadith:0256Bukhari.Sahih:658	658	690	Fath al-Bari numbering	text match to 0256Bukhari.Sahih.Shamela0001681-ara1	1.0	
urn:hadith:0256Bukhari.Sahih:659	659	691	Fath al-Bari numbering	text match to 0256Bukhari.Sahih.Shamela0001681-ara1	0.88	
urn:hadith:0256Bukhari.Sahih:660	660	692	Fath al-Bari numbering	text match to 0256Bukhari.Sahih.Shamela0001681-ara1	0.89	
urn:hadith:0256Bukhari.Sahih:661	661	693	Fath al-Bari numbering	text match to 0256Bukhari.Sahih.Shamela0001681-ara1	0.84	
urn:hadith:0256Bukhari.Sahih:662	662	694	Fath al-Bari numbering	text match to 0256Bukhari.Sahih.Shamela0001681-ara1	0.93	
urn:hadith:0256Bukhari.Sahih:663	663	695	Fath al-Bari numbering	text match to 0256Bukhari.Sahih.Shamela0001681-ara1	0.87	
urn:hadith:0256Bukhari.Sahih:664	664	696	Fath al-Bari numbering	text match to 0256Bukhari.Sahih.Shamela0001681-ara1	1.0	
urn:hadith:0256Bukhari.Sahih:665	665	697	Fath al-Bari numbering	text match to 0256Bukhari.Sahih.Shamela0001681-ara1	0.92	
urn:hadith:0256Bukhari.Sahih:666	666	698	Fath al-Bari numbering	text match to 0256Bukhari.Sahih.Shamela0001681-ara1	0.83	
urn:hadith:0256Bukhari.Sahih:667	667	699	Fath al-Bari numbering	text match to 0256Bukhari.Sahih.Shamela0001681-ara1	0.88	
urn:hadith:0256Bukhari.Sahih:668	668	700	Fath al-Bari numbering	text match to 0256Bukhari.Sahih.Shamela0001681-ara1	0.92	
urn:hadith:0256Bukhari.Sahih:669	669	701	Fath al-Bari numbering	text match to 0256Bukhari.Sahih.Shamela0001681-ara1	0.98	
urn:hadith:0256Bukhari.Sahih:670	670	702	Fath al-Bari numbering	text match to 0256Bukhari.Sahih.Shamela0001681-ara1	1.0	
urn:hadith:0256Bukhari.Sahih:671	671	703	Fath al-Bari numbering	text match to 0256Bukhari.Sahih.Shamela0001681-ara1	1.0	
urn:hadith:0256Bukhari.Sahih:672	672	704	Fath al-Bari numbering	text match to 0256Bukhari.Sahih.Shamela0001681-ara1	1.0	
urn:hadith:0256Bukhari.Sahih:673	673	705	Fath al-Bari numbering	text match to 0256Bukhari.Sahih.Shamela0001681-ara1	0.87	
urn:hadith:0256Bukhari.Sahih:674	674	706	Fath al-Bari numbering	text match to 0256Bukhari.Sahih.Shamela0001681-ara1	0.79	
urn:hadith:0256Bukhari.Sahih:675	675	707	Fath al-Bari numbering	text match to 0256Bukhari.Sahih.Shamela0001681-ara1	0.84	
urn:hadith:0256Bukhari.Sahih:676	676	708	Fath al-Bari numbering	text match to 0256Bukhari.Sahih.Shamela0001681-ara1	1.0	
urn:hadith:0256Bukhari.Sahih:677	677	709	Fath al-Bari numbering	text match to 0256Bukhari.Sahih.Shamela0001681-ara1	1.0	
urn:hadith:0256Bukhari.Sahih:678	678	710	Fath al-Bari numbering	text match to 0256Bukhari.Sahih.Shamela0001681-ara1	0.91	
urn:hadith:0256Bukhari.Sahih:679	679	711	Fath al-Bari numbering	text match to 0256Bukhari.Sahih.Shamela0001681-ara1	0.87	
urn:hadith:0256Bukhari.Sahih:680	680	712	Fath al-Bari numbering	text match to 0256Bukhari.Sahih.Shamela0001681-ara1	0.82	
urn:hadith:0256Bukhari.Sahih:681	681	713	Fath al-Bari numbering	text match to 0256Bukhari.Sahih.Shamela0001681-ara1	1.0	
urn:hadith:0256Bukhari.Sahih:682	682	714	Fath al-Bari numbering	text match to 0256Bukhari.Sahih.Shamela0001681-ara1	1.0	
urn:hadith:0256Bukhari.Sahih:683	683	715	Fath al-Bari numbering	text match to 0256Bukhari.Sahih.Shamela0001681-ara1	0.87	
urn:hadith:0256Bukhari.Sahih:684	684	716	Fath al-Bari numbering	text match to 0256Bukhari.Sahih.Shamela0001681-ara1	1.0	
urn:hadith:0256Bukhari.Sahih:685	685	717	Fath al-Bari numbering	text match to 0256Bukhari.Sahih.Shamela0001681-ara1	1.0	
urn:hadith:0256Bukhari.Sahih:686	686	718	Fath al-Bari numbering	text match to 0256Bukhari.Sahih.Shamela0001681-ara1	0.71	
urn:hadith:0256Bukhari.Sahih:687	687	719	Fath al-Bari numbering	text match to 0256Bukhari.Sahih.Shamela0001681-ara1	0.82	
urn:hadith:0256Bukhari.Sahih:689	689	722	Fath al-Bari numbering	text match to 0256Bukhari.Sahih.Shamela0001681-ara1	0.93	
urn:hadith:0256Bukhari.Sahih:690	690	723	Fath al-Bari numbering	text match to 0256Bukhari.Sahih.Shamela0001681-ara1	0.81	
urn:hadith:0256Bukhari.Sahih:691	691	724	Fath al-Bari numbering	text match to 0256Bukhari.Sahih.Shamela0001681-ara1	0.92	
urn:hadith:0256Bukhari.Sahih:692	692	725	Fath al-Bari numbering	text match to 0256Bukhari.Sahih.Shamela0001681-ara1	0.86	
urn:hadith:0256Bukhari.Sahih:693	693	726	Fath al-Bari numbering	text match to 0256Bukhari.Sahih.Shamela0001681-ara1	0.85	
urn:hadith:0256Bukhari.Sahih:694	694	727	Fath al-Bari numbering	text match to 0256Bukhari.Sahih.Shamela0001681-ara1	1.0	
urn:hadith:0256Bukhari.Sahih:695	695	728	Fath al-Bari numbering	text match to 0256Bukhari.Sahih.Shamela0001681-ara1	0.86	
urn:hadith:0256Bukhari.Sahih:696	696	729	Fath al-Bari numbering	text match to 0256Bukhari.Sahih.Shamela0001681-ara1	0.88	
urn:hadith:0256Bukhari.Sahih:697	697	730	Fath al-Bari numbering	text match to 0256Bukhari.Sahih.Shamela0001681-ara1	0.76	
urn:hadith:0256Bukhari.Sahih:698	698	731	Fath al-Bari numbering	text match to 0256Bukhari.Sahih.Shamela0001681-ara1	1.0	
urn:hadith:0256Bukhari.Sahih:699	699	732	Fath al-Bari numbering	text match to 0256Bukhari.Sahih.Shamela0001681-ara1	1.0	
urn:hadith:0256Bukhari.Sahih:700	700	733	Fath al-Bari numbering	text match to 0256Bukhari.Sahih.Shamela0001681-ara1	0.92	
urn:hadith:0256Bukhari.Sahih:701	701	734	Fath al-Bari numbering	text match to 0256Bukhari.Sahih.Shamela0001681-ara1	1.0	
urn:hadith:0256Bukhari.Sahih:702	702	735	Fath al-Bari numbering	text match to 0256Bukhari.Sahih.Shamela0001681-ara1	0.91	
urn:hadith:0256Bukhari.Sahih:703	703	736	Fath al-Bari numbering	text match to 0256Bukhari.Sahih.Shamela0001681-ara1	0.92	
urn:hadith:0256Bukhari.Sahih:704	704	737	Fath al-Bari numbering	text match to 0256Bukhari.Sahih.Shamela0001681-ara1	1.0	
urn:hadith:0256Bukhari.Sahih:705	705	738	Fath al-Bari numbering	text match to 0256Bukhari.Sahih.Shamela0001681-ara1	1.0	
urn:hadith:0256Bukhari.Sahih:706	706	739	Fath al-Bari numbering	text match to 0256Bukhari.Sahih.Shamela0001681-ara1	0.73	
urn:hadith:0256Bukhari.Sahih:707	707	740	Fath al-Bari numbering	text match to 0256Bukhari.Sahih.Shamela0001681-ara1	1.0	
urn:hadith:0256Bukhari.Sahih:708	708	741	Fath al-Bari numbering	text match to 0256Bukhari.Sahih.Shamela0001681-ara1	1.0	
urn:hadith:0256Bukhari.Sahih:709	709	742	Fath al-Bari numbering	text match to 0256Bukhari.Sahih.Shamela0001681-ara1	0.86	
urn:hadith:0256Bukhari.Sahih:710	710	743	Fath al-Bari numbering	text match to 0256Bukhari.Sahih.Shamela0001681-ara1	0.85	
urn:hadith:0256Bukhari.Sahih:711	711	744	Fath al-Bari numbering	text match to 0256Bukhari.Sahih.Shamela0001681-ara1	1.0	
urn:hadith:0256Bukhari.Sahih:712	712	745	Fath al-Bari numbering	text match to 0256Bukhari.Sahih.Shamela0001681-ara1	0.83	
urn:hadith:0256Bukhari.Sahih:713	713	746	Fath al-Bari numbering	text match to 0256Bukhari.Sahih.Shamela0001681-ara1	1.0	
urn:hadith:0256Bukhari.Sahih:714	714	747	Fath al-Bari numbering	text match to 0256Bukhari.Sahih.Shamela0001681-ara1	1.0	
urn:hadith:0256Bukhari.Sahih:715	715	748	Fath al-Bari numbering	text match to 0256Bukhari.Sahih.Shamela0001681-ara1	0.91	
urn:hadith:0256Bukhari.Sahih:716	716	749	Fath al-Bari numbering	text match to 0256Bukhari.Sahih.Shamela0001681-ara1	1.0	
urn:hadith:0256Bukhari.Sahih:717	717	750	Fath al-Bari numbering	text match to 0256Bukhari.Sahih.Shamela0001681-ara1	0.89	
urn:hadith:0256Bukhari.Sahih:718	718	751	Fath al-Bari numbering	text match to 0256Bukhari.Sahih.Shamela0001681-ara1	1.0	
urn:hadith:0256Bukhari.Sahih:719	719	752	Fath al-Bari numbering	text match to 0256Bukhari.Sahih.Shamela0001681-ara1	1.0	
urn:hadith:0256Bukhari.Sahih:720	720	753	Fath al-Bari numbering	text match to 0256Bukhari.Sahih.Shamela0001681-ara1	0.78	
urn:hadith:0256Bukhari.Sahih:721	721	754	Fath al-Bari numbering	text match to 0256Bukhari.Sahih.Shamela0001681-ara1	0.87	
urn:hadith:0256Bukhari.Sahih:723	723	756	Fath al-Bari numbering	text match to 0256Bukhari.Sahih.Shamela0001681-ara1	1.0	
urn:hadith:0256Bukhari.Sahih:724	724	757	Fath al-Bari numbering	text match to 0256Bukhari.Sahih.Shamela0001681-ara1	1.0	
urn:hadith:0256Bukhari.Sahih:725	725	759	Fath al-Bari numbering	text match to 0256Bukhari.Sahih.Shamela0001681-ara1	1.0	
urn:hadith:0256Bukhari.Sahih:726	726	760	Fath al-Bari numbering	text match to 0256Bukhari.Sahih.Shamela0001681-ara1	1.0	
urn:hadith:0256Bukhari.Sahih:727	727	761	Fath al-Bari numbering	text match to 0256Bukhari.Sahih.Shamela0001681-ara1	1.0	
urn:hadith:0256Bukhari.Sahih:728	728	762	Fath al-Bari numbering	text match to 0256Bukhari.Sahih.Shamela0001681-ara1	1.0	
urn:hadith:0256Bukhari.Sahih:729	729	763	Fath al-Bari numbering	text match to 0256Bukhari.Sahih.Shamela0001681-ara1	0.75	
urn:hadith:0256Bukhari.Sahih:730	730	764	Fath al-Bari numbering	text match to 0256Bukhari.Sahih.Shamela0001681-ara1	0.78	
urn:hadith:0256Bukhari.Sahih:731	731	765	Fath al-Bari numbering	text match to 0256Bukhari.Sahih.Shamela0001681-ara1	0.81	
urn:hadith:0256Bukhari.Sahih:732	732	766	Fath al-Bari numbering	text match to 0256Bukhari.Sahih.Shamela0001681-ara1	1.0	
urn:hadith:0256Bukhari.Sahih:733	733	767	Fath al-Bari numbering	text match to 0256Bukhari.Sahih.Shamela0001681-ara1	1.0	
urn:hadith:0256Bukhari.Sahih:734	734	768	Fath al-Bari numbering	text match to 0256Bukhari.Sahih.Shamela0001681-ara1	1.0	
urn:hadith:0256Bukhari.Sahih:735	735	769	Fath al-Bari numbering	text match to 0256Bukhari.Sahih.Shamela0001681-ara1	1.0	
urn:hadith:0256Bukhari.Sahih:736	736	770	Fath al-Bari numbering	text match to 0256Bukhari.Sahih.Shamela0001681-ara1	0.92	
urn:hadith:0256Bukhari.Sahih:737	737	771	Fath al-Bari numbering	text match to 0256Bukhari.Sahih.Shamela0001681-ara1	1.0	
urn:hadith:0256Bukhari.Sahih:738	738	772	Fath al-Bari numbering	text match to 0256Bukhari.Sahih.Shamela0001681-ara1	0.89	
urn:hadith:0256Bukhari.Sahih:739	739	773	Fath al-Bari numbering	text match to 0256Bukhari.Sahih.Shamela0001681-ara1	0.72	
urn:hadith:0256Bukhari.Sahih:740	740	774	Fath al-Bari numbering	text match to 0256Bukhari.Sahih.Shamela0001681-ara1	0.73	
urn:hadith:0256Bukhari.Sahih:742	742	775	Fath al-Bari numbering	text match to 0256Bukhari.Sahih.Shamela0001681-ara1	0.89	
urn:hadith:0256Bukhari.Sahih:743	743	776	Fath al-Bari numbering	text match to 0256Bukhari.Sahih.Shamela0001681-ara1	0.9	
urn:hadith:0256Bukhari.Sahih:744	744	777	Fath al-Bari numbering	text match to 0256Bukhari.Sahih.Shamela0001681-ara1	1.0	
urn:hadith:0256Bukhari.Sahih:745	745	778	Fath al-Bari numbering	text match to 0256Bukhari.Sahih.Shamela0001681-ara1	1.0	
urn:hadith:0256Bukhari.Sahih:746	746	779	Fath al-Bari numbering	text match to 0256Bukhari.Sahih.Shamela0001681-ara1	1.0	
urn:hadith:0256Bukhari.Sahih:747	747	780	Fath al-Bari numbering	text match to 0256Bukhari.Sahih.Shamela0001681-ara1	0.82	
urn:hadith:0256Bukhari.Sahih:748	748	781	Fath al-Bari numbering	text match to 0256Bukhari.Sahih.Shamela0001681-ara1	1.0	
urn:hadith:0256Bukhari.Sahih:749	749	782	Fath al-Bari numbering	text match to 0256Bukhari.Sahih.Shamela0001681-ara1	0.88	
urn:hadith:0256Bukhari.Sahih:750	750	783	Fath al-Bari numbering	text match to 0256Bukhari.Sahih.Shamela0001681-ara1	1.0	
urn:hadith:0256Bukhari.Sahih:751	751	784	Fath al-Bari numbering	text match to 0256Bukhari.Sahih.Shamela0001681-ara1	1.0	
urn:hadith:0256Bukhari.Sahih:752	752	785	Fath al-Bari numbering	text match to 0256Bukhari.Sahih.Shamela0001681-ara1	0.85	
urn:hadith:0256Bukhari.Sahih:753	753	786	Fath al-Bari numbering	text match to 0256Bukhari.Sahih.Shamela0001681-ara1	1.0	
urn:hadith:0256Bukhari.Sahih:754	754	787	Fath al-Bari numbering	text match to 0256Bukhari.Sahih.Shamela0001681-ara1	0.73	
urn:hadith:0256Bukhari.Sahih:755	755	788	Fath al-Bari numbering	text match to 0256Bukhari.Sahih.Shamela0001681-ara1	1.0	
urn:hadith:0256Bukhari.Sahih:756	756	789	Fath al-Bari numbering	text match to 0256Bukhari.Sahih.Shamela0001681-ara1	0.83	
urn:hadith:0256Bukhari.Sahih:757	757	790	Fath al-Bari numbering	text match to 0256Bukhari.Sahih.Shamela0001681-ara1	1.0	
urn:hadith:0256Bukhari.Sahih:758	758	791	Fath al-Bari numbering	text match to 0256Bukhari.Sahih.Shamela0001681-ara1	1.0	shared number
urn:hadith:0256Bukhari.Sahih:39#760	39#760	791	Fath al-Bari numbering	text match to 0256Bukhari.Sahih.Shamela0001681-ara1	1.0	shared number
urn:hadith:0256Bukhari.Sahih:759	759	792	Fath al-Bari numbering	text match to 0256Bukhari.Sahih.Shamela0001681-ara1	0.74	
urn:hadith:0256Bukhari.Sahih:760	760	793	Fath al-Bari numbering	text match to 0256Bukhari.Sahih.Shamela0001681-ara1	1.0	
urn:hadith:0256Bukhari.Sahih:761	761	794	Fath al-Bari numbering	text match to 0256Bukhari.Sahih.Shamela0001681-ara1	1.0	
urn:hadith:0256Bukhari.Sahih:762	762	795	Fath al-Bari numbering	text match to 0256Bukhari.Sahih.Shamela0001681-ara1	0.89	
urn:hadith:0256Bukhari.Sahih:763	763	796	Fath al-Bari numbering	text match to 0256Bukhari.Sahih.Shamela0001681-ara1	1.0	
urn:hadith:0256Bukhari.Sahih:764	764	797	Fath al-Bari numbering	text match to 0256Bukhari.Sahih.Shamela0001681-ara1	0.89	
urn:hadith:0256Bukhari.Sahih:765	765	798	Fath al-Bari numbering	text match to 0256Bukhari.Sahih.Shamela0001681-ara1	0.82	
urn:hadith:0256Bukhari.Sahih:766	766	799	Fath al-Bari numbering	text match to 0256Bukhari.Sahih.Shamela0001681-ara1	0.94	
urn:hadith:0256Bukhari.Sahih:767	767	800	Fath al-Bari numbering	text match to 0256Bukhari.Sahih.Shamela0001681-ara1	1.0	
urn:hadith:0256Bukhari.Sahih:768	768	801	Fath al-Bari numbering	text match to 0256Bukhari.Sahih.Shamela0001681-ara1	0.84	
urn:hadith:0256Bukhari.Sahih:769	769	802	Fath al-Bari numbering	text match to 0256Bukhari.Sahih.Shamela0001681-ara1	0.93	
urn:hadith:0256Bukhari.Sahih:770	770	803	Fath al-Bari numbering	text match to 0256Bukhari.Sahih.Shamela0001681-ara1	1.0	
urn:hadith:0256Bukhari.Sahih:771	771	804	Fath al-Bari numbering	text match to 0256Bukhari.Sahih.Shamela0001681-ara1	1.0	
urn:hadith:0256Bukhari.Sahih:772	772	805	Fath al-Bari numbering	text match to 0256Bukhari.Sahih.Shamela0001681-ara1	1.0	
urn:hadith:0256Bukhari.Sahih:773	773	806	Fath al-Bari numbering	text match to 0256Bukhari.Sahih.Shamela0001681-ara1	0.93	
urn:hadith:0256Bukhari.Sahih:774	774	807	Fath al-Bari numbering	text match to 0256Bukhari.Sahih.Shamela0001681-ara1	0.75	
urn:hadith:0256Bukhari.Sahih:775	775	808	Fath al-Bari numbering	text match to 0256Bukhari.Sahih.Shamela0001681-ara1	0.9	
urn:hadith:0256Bukhari.Sahih:776	776	809	Fath al-Bari numbering	text match to 0256Bukhari.Sahih.Shamela0001681-ara1	0.83	
urn:hadith:0256Bukhari.Sahih:777	777	810	Fath al-Bari numbering	text match to 0256Bukhari.Sahih.Shamela0001681-ara1	0.84	
urn:hadith:0256Bukhari.Sahih:778	778	811	Fath al-Bari numbering	text match to 0256Bukhari.Sahih.Shamela0001681-ara1	1.0	
urn:hadith:0256Bukhari.Sahih:779	779	812	Fath al-Bari numbering	text match to 0256Bukhari.Sahih.Shamela0001681-ara1	0.88	
urn:hadith:0256Bukhari.Sahih:780	780	813	Fath al-Bari numbering	text match to 0256Bukhari.Sahih.Shamela0001681-ara1	0.93	
urn:hadith:0256Bukhari.Sahih:781	781	814	Fath al-Bari numbering	text match to 0256Bukhari.Sahih.Shamela0001681-ara1	0.86	
urn:hadith:0256Bukhari.Sahih:782	782	815	Fath al-Bari numbering	text match to 0256Bukhari.Sahih.Shamela0001681-ara1	0.68	
urn:hadith:0256Bukhari.Sahih:783	783	816	Fath al-Bari numbering	text match to 0256Bukhari.Sahih.Shamela0001681-ara1	0.84	
urn:hadith:0256Bukhari.Sahih:784	784	817	Fath al-Bari numbering	text match to 0256Bukhari.Sahih.Shamela0001681-ara1	0.84	
urn:hadith:0256Bukhari.Sahih:785	785	818	Fath al-Bari numbering	text match to 0256Bukhari.Sahih.Shamela0001681-ara1	0.78	
urn:hadith:0256Bukhari.Sahih:786	786	820	Fath al-Bari numbering	text match to 0256Bukhari.Sahih.Shamela0001681-ara1	1.0	
urn:hadith:0256Bukhari.Sahih:787	787	821	Fath al-Bari numbering	text match to 0256Bukhari.Sahih.Shamela0001681-ara1	0.86	
urn:hadith:0256Bukhari.Sahih:788	788	822	Fath al-Bari numbering	text match to 0256Bukhari.Sahih.Shamela0001681-ara1	1.0	
urn:hadith:0256Bukhari.Sahih:789	789	823	Fath al-Bari numbering	text match to 0256Bukhari.Sahih.Shamela0001681-ara1	1.0	
urn:hadith:0256Bukhari.Sahih:790	790	824	Fath al-Bari numbering	text match to 0256Bukhari.Sahih.Shamela0001681-ara1	1.0	
urn:hadith:0256Bukhari.Sahih:791	791	825	Fath al-Bari numbering	text match to 0256Bukhari.Sahih.Shamela0001681-ara1	1.0	
urn:hadith:0256Bukhari.Sahih:792	792	826	Fath al-Bari numbering	text match to 0256Bukhari.Sahih.Shamela0001681-ara1	1.0	
urn:hadith:0256Bukhari.Sahih:793	793	827	Fath al-Bari numbering	text match to 0256Bukhari.Sahih.Shamela0001681-ara1	0.96	
urn:hadith:0256Bukhari.Sahih:794	794	828	Fath al-Bari numbering	text match to 0256Bukhari.Sahih.Shamela0001681-ara1	1.0	
urn:hadith:0256Bukhari.Sahih:795	795	829	Fath al-Bari numbering	text match to 0256Bukhari.Sahih.Shamela0001681-ara1	0.93	
urn:hadith:0256Bukhari.Sahih:796	796	830	Fath al-Bari numbering	text match to 0256Bukhari.Sahih.Shamela0001681-ara1	0.87	
urn:hadith:0256Bukhari.Sahih:797	797	831	Fath al-Bari numbering	text match to 0256Bukhari.Sahih.Shamela0001681-ara1	1.0	
urn:hadith:0256Bukhari.Sahih:798	798	832	Fath al-Bari numbering	text match to 0256Bukhari.Sahih.Shamela0001681-ara1	0.97	
urn:hadith:0256Bukhari.Sahih:799	799	834	Fath al-Bari numbering	text match to 0256Bukhari.Sahih.Shamela0001681-ara1	1.0	
urn:hadith:0256Bukhari.Sahih:800	800	835	Fath al-Bari numbering	text match to 0256Bukhari.Sahih.Shamela0001681-ara1	1.0	
urn:hadith:0256Bukhari.Sahih:801	801	836	Fath al-Bari numbering	text match to 0256Bukhari.Sahih.Shamela0001681-ara1	1.0	
urn:hadith:0256Bukhari.Sahih:802	802	837	Fath al-Bari numbering	text match to 0256Bukhari.Sahih.Shamela0001681-ara1	0.91	
urn:hadith:0256Bukhari.Sahih:803	803	838	Fath al-Bari numbering	text match to 0256Bukhari.Sahih.Shamela0001681-ara1	0.85	
urn:hadith:0256Bukhari.Sahih:804	804	840	Fath al-Bari numbering	text match to 0256Bukhari.Sahih.Shamela0001681-ara1	0.59	
urn:hadith:0256Bukhari.Sahih:805	805	841	Fath al-Bari numbering	text match to 0256Bukhari.Sahih.Shamela0001681-ara1	0.63	
urn:hadith:0256Bukhari.Sahih:807	807	843	Fath al-Bari numbering	text match to 0256Bukhari.Sahih.Shamela0001681-ara1	0.89	
urn:hadith:0256Bukhari.Sahih:808	808	844	Fath al-Bari numbering	text match to 0256Bukhari.Sahih.Shamela0001681-ara1	0.97	
urn:hadith:0256Bukhari.Sahih:809	809	845	Fath al-Bari numbering	text match to 0256Bukhari.Sahih.Shamela0001681-ara1	1.0	
urn:hadith:0256Bukhari.Sahih:810	810	846	Fath al-Bari numbering	text match to 0256Bukhari.Sahih.Shamela0001681-ara1	0.93	
urn:hadith:0256Bukhari.Sahih:811	811	847	Fath al-Bari numbering	text match to 0256Bukhari.Sahih.Shamela0001681-ara1	0.79	
urn:hadith:0256Bukhari.Sahih:813	813	851	Fath al-Bari numbering	text match to 0256Bukhari.Sahih.Shamela0001681-ara1	0.85	
urn:hadith:0256Bukhari.Sahih:814	814	852	Fath al-Bari numbering	text match to 0256Bukhari.Sahih.Shamela0001681-ara1	1.0	
urn:hadith:0256Bukhari.Sahih:815	815	853	Fath al-Bari numbering	text match to 0256Bukhari.Sahih.Shamela0001681-ara1	0.85	
urn:hadith:0256Bukhari.Sahih:816	816	854	Fath al-Bari numbering	text match to 0256Bukhari.Sahih.Shamela0001681-ara1	0.84	
urn:hadith:0256Bukhari.Sahih:817	817	855	Fath al-Bari numbering	text match to 0256Bukhari.Sahih.Shamela0001681-ara1	0.87	
urn:hadith:0256Bukhari.Sahih:818	818	856	Fath al-Bari numbering	text match to 0256Bukhari.Sahih.Shamela0001681-ara1	0.74	
urn:hadith:0256Bukhari.Sahih:819	819	857	Fath al-Bari numbering	text match to 0256Bukhari.Sahih.Shamela0001681-ara1	0.92	
urn:hadith:0256Bukhari.Sahih:820	820	858	Fath al-Bari numbering	text match to 0256Bukhari.Sahih.Shamela0001681-ara1	1.0	
urn:hadith:0256Bukhari.Sahih:821	821	859	Fath al-Bari numbering	text match to 0256Bukhari.Sahih.Shamela0001681-ara1	0.87	
urn:hadith:0256Bukhari.Sahih:822	822	860	Fath al-Bari numbering	text match to 0256Bukhari.Sahih.Shamela0001681-ara1	0.91	
urn:hadith:0256Bukhari.Sahih:823	823	861	Fath al-Bari numbering	text match to 0256Bukhari.Sahih.Shamela0001681-ara1	0.84	
urn:hadith:0256Bukhari.Sahih:824	824	862	Fath al-Bari numbering	text match to 0256Bukhari.Sahih.Shamela0001681-ara1	1.0	
urn:hadith:0256Bukhari.Sahih:825	825	863	Fath al-Bari numbering	text match to 0256Bukhari.Sahih.Shamela0001681-ara1	0.93	
urn:hadith:0256Bukhari.Sahih:826	826	864	Fath al-Bari numbering	text match to 0256Bukhari.Sahih.Shamela0001681-ara1	1.0	
urn:hadith:0256Bukhari.Sahih:827	827	865	Fath al-Bari numbering	text match to 0256Bukhari.Sahih.Shamela0001681-ara1	0.77	
urn:hadith:0256Bukhari.Sahih:828	828	866	Fath al-Bari numbering	text match to 0256Bukhari.Sahih.Shamela0001681-ara1	1.0	
urn:hadith:0256Bukhari.Sahih:829	829	867	Fath al-Bari numbering	text match to 0256Bukhari.Sahih.Shamela0001681-ara1	1.0	
urn:hadith:0256Bukhari.Sahih:830	830	868	Fath al-Bari numbering	text match to 0256Bukhari.Sahih.Shamela0001681-ara1	0.91	
urn:hadith:0256Bukhari.Sahih:831	831	869	Fath al-Bari numbering	text match to 0256Bukhari.Sahih.Shamela0001681-ara1	0.9	
urn:hadith:0256Bukhari.Sahih:832	832	870	Fath al-Bari numbering	text match to 0256Bukhari.Sahih.Shamela0001681-ara1	1.0	
urn:hadith:0256Bukhari.Sahih:833	833	871	Fath al-Bari numbering	text match to 0256Bukhari.Sahih.Shamela0001681-ara1	0.63	
urn:hadith:0256Bukhari.Sahih:834	834	873	Fath al-Bari numbering	text match to 0256Bukhari.Sahih.Shamela0001681-ara1	0.93	
urn:hadith:0256Bukhari.Sahih:835	835	875	Fath al-Bari numbering	text match to 0256Bukhari.Sahih.Shamela0001681-ara1	0.86	
urn:hadith:0256Bukhari.Sahih:836	836	876	Fath al-Bari numbering	text match to 0256Bukhari.Sahih.Shamela0001681-ara1	1.0	
urn:hadith:0256Bukhari.Sahih:837	837	5173	Fath al-Bari numbering	text match to 0256Bukhari.Sahih.Shamela0001681-ara1	0.67	shared number, out of order
urn:hadith:0256Bukhari.Sahih:838	838	878	Fath al-Bari numbering	text match to 0256Bukhari.Sahih.Shamela0001681-ara1	0.86	
urn:hadith:0256Bukhari.Sahih:839	839	879	Fath al-Bari numbering	text match to 0256Bukhari.Sahih.Shamela0001681-ara1	1.0	
urn:hadith:0256Bukhari.Sahih:840	840	880	Fath al-Bari numbering	text match to 0256Bukhari.Sahih.Shamela0001681-ara1	0.91	
urn:hadith:0256Bukhari.Sahih:841	841	881	Fath al-Bari numbering	text match to 0256Bukhari.Sahih.Shamela0001681-ara1	1.0	
urn:hadith:0256Bukhari.Sahih:842	842	882	Fath al-Bari numbering	text match to 0256Bukhari.Sahih.Shamela0001681-ara1	0.77	
urn:hadith:0256Bukhari.Sahih:843	843	883	Fath al-Bari numbering	text match to 0256Bukhari.Sahih.Shamela0001681-ara1	0.84	
urn:hadith:0256Bukhari.Sahih:844	844	884	Fath al-Bari numbering	text match to 0256Bukhari.Sahih.Shamela0001681-ara1	0.74	
urn:hadith:0256Bukhari.Sahih:845	845	885	Fath al-Bari numbering	text match to 0256Bukhari.Sahih.Shamela0001681-ara1	0.78	
urn:hadith:0256Bukhari.Sahih:846	846	886	Fath al-Bari numbering	text match to 0256Bukhari.Sahih.Shamela0001681-ara1	1.0	
urn:hadith:0256Bukhari.Sahih:847	847	887	Fath al-Bari numbering	text match to 0256Bukhari.Sahih.Shamela0001681-ara1	1.0	
urn:hadith:0256Bukhari.Sahih:848	848	888	Fath al-Bari numbering	text match to 0256Bukhari.Sahih.Shamela0001681-ara1	1.0	
urn:hadith:0256Bukhari.Sahih:849	849	889	Fath al-Bari numbering	text match to 0256Bukhari.Sahih.Shamela0001681-ara1	1.0	
urn:hadith:0256Bukhari.Sahih:850	850	890	Fath al-Bari numbering	text match to 0256Bukhari.Sahih.Shamela0001681-ara1	1.0	
urn:hadith:0256Bukhari.Sahih:851	851	891	Fath al-Bari numbering	text match to 0256Bukhari.Sahih.Shamela0001681-ara1	0.73	
urn:hadith:0256Bukhari.Sahih:852	852	892	Fath al-Bari numbering	text match to 0256Bukhari.Sahih.Shamela0001681-ara1	0.88	
urn:hadith:0256Bukhari.Sahih:853	853	893	Fath al-Bari numbering	text match to 0256Bukhari.Sahih.Shamela0001681-ara1	0.74	
urn:hadith:0256Bukhari.Sahih:854	854	894	Fath al-Bari numbering	text match to 0256Bukhari.Sahih.Shamela0001681-ara1	1.0	
urn:hadith:0256Bukhari.Sahih:855	855	895	Fath al-Bari numbering	text match to 0256Bukhari.Sahih.Shamela0001681-ara1	1.0	
urn:hadith:0256Bukhari.Sahih:856	856	896	Fath al-Bari numbering	text match to 0256Bukhari.Sahih.Shamela0001681-ara1	0.54	
urn:hadith:0256Bukhari.Sahih:857	857	899	Fath al-Bari numbering	text match to 0256Bukhari.Sahih.Shamela0001681-ara1	0.81	
urn:hadith:0256Bukhari.Sahih:858	858	900	Fath al-Bari numbering	text match to 0256Bukhari.Sahih.Shamela0001681-ara1	0.91	
urn:hadith:0256Bukhari.Sahih:859	859	901	Fath al-Bari numbering	text match to 0256Bukhari.Sahih.Shamela0001681-ara1	0.84	
urn:hadith:0256Bukhari.Sahih:860	860	902	Fath al-Bari numbering	text match to 0256Bukhari.Sahih.Shamela0001681-ara1	0.97	
urn:hadith:0256Bukhari.Sahih:861	861	903	Fath al-Bari numbering	text match to 0256Bukhari.Sahih.Shamela0001681-ara1	1.0	
urn:hadith:0256Bukhari.Sahih:862	862	904	Fath al-Bari numbering	text match to 0256Bukhari.Sahih.Shamela0001681-ara1	1.0	
urn:hadith:0256Bukhari.Sahih:863	863	905	Fath al-Bari numbering	text match to 0256Bukhari.Sahih.Shamela0001681-ara1	0.71	
urn:hadith:0256Bukhari.Sahih:864	864	906	Fath al-Bari numbering	text match to 0256Bukhari.Sahih.Shamela0001681-ara1	1.0	
urn:hadith:0256Bukhari.Sahih:865	865	907	Fath al-Bari numbering	text match to 0256Bukhari.Sahih.Shamela0001681-ara1	0.91	
urn:hadith:0256Bukhari.Sahih:866	866	908	Fath al-Bari numbering	text match to 0256Bukhari.Sahih.Shamela0001681-ara1	0.92	
urn:hadith:0256Bukhari.Sahih:867	867	909	Fath al-Bari numbering	text match to 0256Bukhari.Sahih.Shamela0001681-ara1	1.0	
urn:hadith:0256Bukhari.Sahih:868	868	910	Fath al-Bari numbering	text match to 0256Bukhari.Sahih.Shamela0001681-ara1	0.81	
urn:hadith:0256Bukhari.Sahih:869	869	911	Fath al-Bari numbering	text match to 0256Bukhari.Sahih.Shamela0001681-ara1	0.68	
urn:hadith:0256Bukhari.Sahih:870	870	912	Fath al-Bari numbering	text match to 0256Bukhari.Sahih.Shamela0001681-ara1	0.89	
urn:hadith:0256Bukhari.Sahih:871	871	913	Fath al-Bari numbering	text match to 0256Bukhari.Sahih.Shamela0001681-ara1	1.0	
urn:hadith:0256Bukhari.Sahih:872	872	914	Fath al-Bari numbering	text match to 0256Bukhari.Sahih.Shamela0001681-ara1	0.97	
urn:hadith:0256Bukhari.Sahih:873	873	915	Fath al-Bari numbering	text match to 0256Bukhari.Sahih.Shamela0001681-ara1	0.72	
urn:hadith:0256Bukhari.Sahih:874	874	916	Fath al-Bari numbering	text match to 0256Bukhari.Sahih.Shamela0001681-ara1	0.94	
urn:hadith:0256Bukhari.Sahih:875	875	917	Fath al-Bari numbering	text match to 0256Bukhari.Sahih.Shamela0001681-ara1	0.86	
urn:hadith:0256Bukhari.Sahih:876	876	918	Fath al-Bari numbering	text match to 0256Bukhari.Sahih.Shamela0001681-ara1	0.92	
urn:hadith:0256Bukhari.Sahih:877	877	919	Fath al-Bari numbering	text match to 0256Bukhari.Sahih.Shamela0001681-ara1	0.8	
urn:hadith:0256Bukhari.Sahih:878	878	920	Fath al-Bari numbering	text match to 0256Bukhari.Sahih.Shamela0001681-ara1	0.77	
urn:hadith:0256Bukhari.Sahih:879	879	921	Fath al-Bari numbering	text match to 0256Bukhari.Sahih.Shamela0001681-ara1	1.0	
urn:hadith:0256Bukhari.Sahih:880	880	922	Fath al-Bari numbering	text match to 0256Bukhari.Sahih.Shamela0001681-ara1	0.93	
urn:hadith:0256Bukhari.Sahih:881	881	923	Fath al-Bari numbering	text match to 0256Bukhari.Sahih.Shamela0001681-ara1	0.93	
urn:hadith:0256Bukhari.Sahih:882	882	924	Fath al-Bari numbering	text match to 0256Bukhari.Sahih.Shamela0001681-ara1	0.93	
urn:hadith:0256Bukhari.Sahih:883	883	925	Fath al-Bari numbering	text match to 0256Bukhari.Sahih.Shamela0001681-ara1	0.94	
urn:hadith:0256Bukhari.Sahih:884	884	926	Fath al-Bari numbering	text match to 0256Bukhari.Sahih.Shamela0001681-ara1	1.0	
urn:hadith:0256Bukhari.Sahih:885	885	927	Fath al-Bari numbering	text match to 0256Bukhari.Sahih.Shamela0001681-ara1	0.87	
urn:hadith:0256Bukhari.Sahih:886	886	928	Fath al-Bari numbering	text match to 0256Bukhari.Sahih.Shamela0001681-ara1	0.65	
urn:hadith:0256Bukhari.Sahih:887	887	929	Fath al-Bari numbering	text match to 0256Bukhari.Sahih.Shamela0001681-ara1	0.91	
urn:hadith:0256Bukhari.Sahih:888	888	930	Fath al-Bari numbering	text match to 0256Bukhari.Sahih.Shamela0001681-ara1	1.0	
urn:hadith:0256Bukhari.Sahih:889	889	931	Fath al-Bari numbering	text match to 0256Bukhari.Sahih.Shamela0001681-ara1	1.0	
urn:hadith:0256Bukhari.Sahih:890	890	932	Fath al-Bari numbering	text match to 0256Bukhari.Sahih.Shamela0001681-ara1	0.9	
urn:hadith:0256Bukhari.Sahih:891	891	933	Fath al-Bari numbering	text match to 0256Bukhari.Sahih.Shamela0001681-ara1	0.86	
urn:hadith:0256Bukhari.Sahih:892	892	934	Fath al-Bari numbering	text match to 0256Bukhari.Sahih.Shamela0001681-ara1	0.86	
urn:hadith:0256Bukhari.Sahih:893	893	935	Fath al-Bari numbering	text match to 0256Bukhari.Sahih.Shamela0001681-ara1	1.0	
urn:hadith:0256Bukhari.Sahih:894	894	936	Fath al-Bari numbering	text match to 0256Bukhari.Sahih.Shamela0001681-ara1	1.0	
urn:hadith:0256Bukhari.Sahih:895	895	937	Fath al-Bari numbering	text match to 0256Bukhari.Sahih.Shamela0001681-ara1	1.0	
urn:hadith:0256Bukhari.Sahih:896	896	938	Fath al-Bari numbering	text match to 0256Bukhari.Sahih.Shamela0001681-ara1	0.94	
urn:hadith:0256Bukhari.Sahih:898	898	940	Fath al-Bari numbering	text match to 0256Bukhari.Sahih.Shamela0001681-ara1	0.78	
urn:hadith:0256Bukhari.Sahih:899	899	941	Fath al-Bari numbering	text match to 0256Bukhari.Sahih.Shamela0001681-ara1	0.71	
urn:hadith:0256Bukhari.Sahih:900	900	942	Fath al-Bari numbering	text match to 0256Bukhari.Sahih.Shamela0001681-ara1	1.0	
urn:hadith:0256Bukhari.Sahih:901	901	943	Fath al-Bari numbering	text match to 0256Bukhari.Sahih.Shamela0001681-ara1	0.65	
urn:hadith:0256Bukhari.Sahih:902	902	944	Fath al-Bari numbering	text match to 0256Bukhari.Sahih.Shamela0001681-ara1	0.86	
urn:hadith:0256Bukhari.Sahih:903	903	945	Fath al-Bari numbering	text match to 0256Bukhari.Sahih.Shamela0001681-ara1	0.97	
urn:hadith:0256Bukhari.Sahih:904	904	946	Fath al-Bari numbering	text match to 0256Bukhari.Sahih.Shamela0001681-ara1	0.92	
urn:hadith:0256Bukhari.Sahih:905	905	947	Fath al-Bari numbering	text match to 0256Bukhari.Sahih.Shamela0001681-ara1	0.86	
urn:hadith:0256Bukhari.Sahih:906	906	948	Fath al-Bari numbering	text match to 0256Bukhari.Sahih.Shamela0001681-ara1	0.93	
urn:hadith:0256Bukhari.Sahih:907	907	949	Fath al-Bari numbering	text match to 0256Bukhari.Sahih.Shamela0001681-ara1	0.74	
urn:hadith:0256Bukhari.Sahih:908	908	951	Fath al-Bari numbering	text match to 0256Bukhari.Sahih.Shamela0001681-ara1	1.0	
urn:hadith:0256Bukhari.Sahih:909	909	952	Fath al-Bari numbering	text match to 0256Bukhari.Sahih.Shamela0001681-ara1	1.0	
urn:hadith:0256Bukhari.Sahih:910	910	953	Fath al-Bari numbering	text match to 0256Bukhari.Sahih.Shamela0001681-ara1	0.92	
urn:hadith:0256Bukhari.Sahih:911	911	954	Fath al-Bari numbering	text match to 0256Bukhari.Sahih.Shamela0001681-ara1	0.93	
urn:hadith:0256Bukhari.Sahih:912	912	955	Fath al-Bari numbering	text match to 0256Bukhari.Sahih.Shamela0001681-ara1	1.0	
urn:hadith:0256Bukhari.Sahih:913	913	956	Fath al-Bari numbering	text match to 0256Bukhari.Sahih.Shamela0001681-ara1	0.92	
urn:hadith:0256Bukhari.Sahih:914	914	957	Fath al-Bari numbering	text match to 0256Bukhari.Sahih.Shamela0001681-ara1	0.86	
urn:hadith:0256Bukhari.Sahih:915	915	958	Fath al-Bari numbering	text match to 0256Bukhari.Sahih.Shamela0001681-ara1	0.84	
urn:hadith:0256Bukhari.Sahih:916	916	959	Fath al-Bari numbering	text match to 0256Bukhari.Sahih.Shamela0001681-ara1	0.59	
urn:hadith:0256Bukhari.Sahih:917	917	960	Fath al-Bari numbering	text match to 0256Bukhari.Sahih.Shamela0001681-ara1	0.73	
urn:hadith:0256Bukhari.Sahih:918	918	961	Fath al-Bari numbering	text match to 0256Bukhari.Sahih.Shamela0001681-ara1	1.0	
urn:hadith:0256Bukhari.Sahih:919	919	962	Fath al-Bari numbering	text match to 0256Bukhari.Sahih.Shamela0001681-ara1	0.71	
urn:hadith:0256Bukhari.Sahih:920	920	963	Fath al-Bari numbering	text match to 0256Bukhari.Sahih.Shamela0001681-ara1	0.84	
urn:hadith:0256Bukhari.Sahih:921	921	964	Fath al-Bari numbering	text match to 0256Bukhari.Sahih.Shamela0001681-ara1	0.88	
urn:hadith:0256Bukhari.Sahih:922	922	965	Fath al-Bari numbering	text match to 0256Bukhari.Sahih.Shamela0001681-ara1	1.0	
urn:hadith:0256Bukhari.Sahih:923	923	966	Fath al-Bari numbering	text match to 0256Bukhari.Sahih.Shamela0001681-ara1	0.85	
urn:hadith:0256Bukhari.Sahih:924	924	967	Fath al-Bari numbering	text match to 0256Bukhari.Sahih.Shamela0001681-ara1	0.88	
urn:hadith:0256Bukhari.Sahih:925	925	968	Fath al-Bari numbering	text match to 0256Bukhari.Sahih.Shamela0001681-ara1	1.0	
urn:hadith:0256Bukhari.Sahih:926	926	969	Fath al-Bari numbering	text match to 0256Bukhari.Sahih.Shamela0001681-ara1	0.73	
urn:hadith:0256Bukhari.Sahih:927	927	970	Fath al-Bari numbering	text match to 0256Bukhari.Sahih.Shamela0001681-ara1	0.88	
urn:hadith:0256Bukhari.Sahih:928	928	971	Fath al-Bari numbering	text match to 0256Bukhari.Sahih.Shamela0001681-ara1	0.95	
urn:hadith:0256Bukhari.Sahih:929	929	972	Fath al-Bari numbering	text match to 0256Bukhari.Sahih.Shamela0001681-ara1	0.82	
urn:hadith:0256Bukhari.Sahih:930	930	973	Fath al-Bari numbering	text match to 0256Bukhari.Sahih.Shamela0001681-ara1	0.61	
urn:hadith:0256Bukhari.Sahih:931	931	974	Fath al-Bari numbering	text match to 0256Bukhari.Sahih.Shamela0001681-ara1	0.68	
urn:hadith:0256Bukhari.Sahih:932	932	975	Fath al-Bari numbering	text match to 0256Bukhari.Sahih.Shamela0001681-ara1	0.8	
urn:hadith:0256Bukhari.Sahih:933	933	976	Fath al-Bari numbering	text match to 0256Bukhari.Sahih.Shamela0001681-ara1	1.0	
urn:hadith:0256Bukhari.Sahih:934	934	977	Fath al-Bari numbering	text match to 0256Bukhari.Sahih.Shamela0001681-ara1	0.85	
urn:hadith:0256Bukhari.Sahih:935	935	978	Fath al-Bari numbering	text match to 0256Bukhari.Sahih.Shamela0001681-ara1	0.88	
urn:hadith:0256Bukhari.Sahih:936	936	979	Fath al-Bari numbering	text match to 0256Bukhari.Sahih.Shamela0001681-ara1	0.84	
urn:hadith:0256Bukhari.Sahih:937	937	980	Fath al-Bari numbering	text match to 0256Bukhari.Sahih.Shamela0001681-ara1	0.87	
urn:hadith:0256Bukhari.Sahih:938	938	981	Fath al-Bari numbering	text match to 0256Bukhari.Sahih.Shamela0001681-ara1	0.62	
urn:hadith:0256Bukhari.Sahih:939	939	982	Fath al-Bari numbering	text match to 0256Bukhari.Sahih.Shamela0001681-ara1	0.8	
urn:hadith:0256Bukhari.Sahih:940	940	983	Fath al-Bari numbering	text match to 0256Bukhari.Sahih.Shamela0001681-ara1	1.0	
urn:hadith:0256Bukhari.Sahih:941	941	984	Fath al-Bari numbering	text match to 0256Bukhari.Sahih.Shamela0001681-ara1	0.94	
urn:hadith:0256Bukhari.Sahih:943	943	986	Fath al-Bari numbering	text match to 0256Bukhari.Sahih.Shamela0001681-ara1	0.81	
urn:hadith:0256Bukhari.Sahih:944	944	987	Fath al-Bari numbering	text match to 0256Bukhari.Sahih.Shamela0001681-ara1	0.7	shared number
urn:hadith:0256Bukhari.Sahih:945	945	989	Fath al-Bari numbering	text match to 0256Bukhari.Sahih.Shamela0001681-ara1	0.76	
urn:hadith:0256Bukhari.Sahih:946	946	990	Fath al-Bari numbering	text match to 0256Bukhari.Sahih.Shamela0001681-ara1	0.64	
urn:hadith:0256Bukhari.Sahih:947	947	992	Fath al-Bari numbering	text match to 0256Bukhari.Sahih.Shamela0001681-ara1	0.86	
urn:hadith:0256Bukhari.Sahih:948	948	993	Fath al-Bari numbering	text match to 0256Bukhari.Sahih.Shamela0001681-ara1	0.86	
urn:hadith:0256Bukhari.Sahih:949	949	994	Fath al-Bari numbering	text match to 0256Bukhari.Sahih.Shamela0001681-ara1	0.91	
urn:hadith:0256Bukhari.Sahih:950	950	995	Fath al-Bari numbering	text match to 0256Bukhari.Sahih.Shamela0001681-ara1	1.0	
urn:hadith:0256Bukhari.Sahih:951	951	996	Fath al-Bari numbering	text match to 0256Bukhari.Sahih.Shamela0001681-ara1	1.0	
urn:hadith:0256Bukhari.Sahih:952	952	512	Fath al-Bari numbering	text match to 0256Bukhari.Sahih.Shamela0001681-ara1	1.0	shared number, out of order
urn:hadith:0256Bukhari.Sahih:953	953	998	Fath al-Bari numbering	text match to 0256Bukhari.Sahih.Shamela0001681-ara1	0.83	
urn:hadith:0256Bukhari.Sahih:954	954	999	Fath al-Bari numbering	text match to 0256Bukhari.Sahih.Shamela0001681-ara1	1.0	
urn:hadith:0256Bukhari.Sahih:955	955	1000	Fath al-Bari numbering	text match to 0256Bukhari.Sahih.Shamela0001681-ara1	0.85	
urn:hadith:0256Bukhari.Sahih:956	956	1001	Fath al-Bari numbering	text match to 0256Bukhari.Sahih.Shamela0001681-ara1	0.57	
urn:hadith:0256Bukhari.Sahih:957	957	1002	Fath al-Bari numbering	text match to 0256Bukhari.Sahih.Shamela0001681-ara1	0.92	
urn:hadith:0256Bukhari.Sahih:958	958	1003	Fath al-Bari numbering	text match to 0256Bukhari.Sahih.Shamela0001681-ara1	0.77	
urn:hadith:0256Bukhari.Sahih:959	959	1004	Fath al-Bari numbering	text match to 0256Bukhari.Sahih.Shamela0001681-ara1	0.58	
urn:hadith:0256Bukhari.Sahih:960	960	1005	Fath al-Bari numbering	text match to 0256Bukhari.Sahih.Shamela0001681-ara1	1.0	
urn:hadith:0256Bukhari.Sahih:961	961	1006	Fath al-Bari numbering	text match to 0256Bukhari.Sahih.Shamela0001681-ara1	0.93	
urn:hadith:0256Bukhari.Sahih:962	962	1007	Fath al-Bari numbering	text match to 0256Bukhari.Sahih.Shamela0001681-ara1	1.0	
urn:hadith:0256Bukhari.Sahih:963	963	1009	Fath al-Bari numbering	text match to 0256Bukhari.Sahih.Shamela0001681-ara1	0.56	
urn:hadith:0256Bukhari.Sahih:964	964	1010	Fath al-Bari numbering	text match to 0256Bukhari.Sahih.Shamela0001681-ara1	0.93	
urn:hadith:0256Bukhari.Sahih:965	965	1011	Fath al-Bari numbering	text match to 0256Bukhari.Sahih.Shamela0001681-ara1	0.85	
urn:hadith:0256Bukhari.Sahih:966	966	1012	Fath al-Bari numbering	text match to 0256Bukhari.Sahih.Shamela0001681-ara1	0.84	
urn:hadith:0256Bukhari.Sahih:967	967	1013	Fath al-Bari numbering	text match to 0256Bukhari.Sahih.Shamela0001681-ara1	1.0	
urn:hadith:0256Bukhari.Sahih:968	968	1014	Fath al-Bari numbering	text match to 0256Bukhari.Sahih.Shamela0001681-ara1	0.93	
urn:hadith:0256Bukhari.Sahih:969	969	1015	Fath al-Bari numbering	text match to 0256Bukhari.Sahih.Shamela0001681-ara1	0.92	
urn:hadith:0256Bukhari.Sahih:970	970	1016	Fath al-Bari numbering	text match to 0256Bukhari.Sahih.Shamela0001681-ara1	0.93	
urn:hadith:0256Bukhari.Sahih:971	971	1017	Fath al-Bari numbering	text match to 0256Bukhari.Sahih.Shamela0001681-ara1	0.96	
urn:hadith:0256Bukhari.Sahih:972	972	1018	Fath al-Bari numbering	text match to 0256Bukhari.Sahih.Shamela0001681-ara1	0.9	
urn:hadith:0256Bukhari.Sahih:973	973	1019	Fath al-Bari numbering	text match to 0256Bukhari.Sahih.Shamela0001681-ara1	1.0	
urn:hadith:0256Bukhari.Sahih:974	974	1020	Fath al-Bari numbering	text match to 0256Bukhari.Sahih.Shamela0001681-ara1	0.71	
urn:hadith:0256Bukhari.Sahih:975	975	1021	Fath al-Bari numbering	text match to 0256Bukhari.Sahih.Shamela0001681-ara1	0.87	
urn:hadith:0256Bukhari.Sahih:976	976	1022	Fath al-Bari numbering	text match to 0256Bukhari.Sahih.Shamela0001681-ara1	0.92	
urn:hadith:0256Bukhari.Sahih:977	977	1023	Fath al-Bari numbering	text match to 0256Bukhari.Sahih.Shamela0001681-ara1	0.98	
urn:hadith:0256Bukhari.Sahih:978	978	1024	Fath al-Bari numbering	text match to 0256Bukhari.Sahih.Shamela0001681-ara1	0.84	
urn:hadith:0256Bukhari.Sahih:979	979	1025	Fath al-Bari numbering	text match to 0256Bukhari.Sahih.Shamela0001681-ara1	0.87	
urn:hadith:0256Bukhari.Sahih:980	980	1026	Fath al-Bari numbering	text match to 0256Bukhari.Sahih.Shamela0001681-ara1	0.81	
urn:hadith:0256Bukhari.Sahih:981	981	1027	Fath al-Bari numbering	text match to 0256Bukhari.Sahih.Shamela0001681-ara1	1.0	
urn:hadith:0256Bukhari.Sahih:982	982	1028	Fath al-Bari numbering	text match to 0256Bukhari.Sahih.Shamela0001681-ara1	0.9	
urn:hadith:0256Bukhari.Sahih:983	983	1029	Fath al-Bari numbering	text match to 0256Bukhari.Sahih.Shamela0001681-ara1	1.0	
urn:hadith:0256Bukhari.Sahih:984	984	1031	Fath al-Bari numbering	text match to 0256Bukhari.Sahih.Shamela0001681-ara1	0.86	
urn:hadith:0256Bukhari.Sahih:985	985	1032	Fath al-Bari numbering	text match to 0256Bukhari.Sahih.Shamela0001681-ara1	0.83	
urn:hadith:0256Bukhari.Sahih:986	986	1033	Fath al-Bari numbering	text match to 0256Bukhari.Sahih.Shamela0001681-ara1	0.87	
urn:hadith:0256Bukhari.Sahih:987	987	1034	Fath al-Bari numbering	text match to 0256Bukhari.Sahih.Shamela0001681-ara1	0.81	
urn:hadith:0256Bukhari.Sahih:988	988	1035	Fath al-Bari numbering	text match to 0256Bukhari.Sahih.Shamela0001681-ara1	0.75	
urn:hadith:0256Bukhari.Sahih:989	989	1036	Fath al-Bari numbering	text match to 0256Bukhari.Sahih.Shamela0001681-ara1	1.0	
urn:hadith:0256Bukhari.Sahih:990	990	1037	Fath al-Bari numbering	text match to 0256Bukhari.Sahih.Shamela0001681-ara1	0.77	
urn:hadith:0256Bukhari.Sahih:991	991	1038	Fath al-Bari numbering	text match to 0256Bukhari.Sahih.Shamela0001681-ara1	1.0	
urn:hadith:0256Bukhari.Sahih:992	992	1039	Fath al-Bari numbering	text match to 0256Bukhari.Sahih.Shamela0001681-ara1	0.85	
urn:hadith:0256Bukhari.Sahih:993	993	1040	Fath al-Bari numbering	text match to 0256Bukhari.Sahih.Shamela0001681-ara1	1.0	
urn:hadith:0256Bukhari.Sahih:994	994	1041	Fath al-Bari numbering	text match to 0256Bukhari.Sahih.Shamela0001681-ara1	1.0	
urn:hadith:0256Bukhari.Sahih:995	995	1042	Fath al-Bari numbering	text match to 0256Bukhari.Sahih.Shamela0001681-ara1	0.73	
urn:hadith:0256Bukhari.Sahih:996	996	1043	Fath al-Bari numbering	text match to 0256Bukhari.Sahih.Shamela0001681-ara1	1.0	
urn:hadith:0256Bukhari.Sahih:997	997	1044	Fath al-Bari numbering	text match to 0256Bukhari.Sahih.Shamela0001681-ara1	1.0	
urn:hadith:0256Bukhari.Sahih:998	998	1045	Fath al-Bari numbering	text match to 0256Bukhari.Sahih.Shamela0001681-ara1	1.0	
urn:hadith:0256Bukhari.Sahih:999	999	1046	Fath al-Bari numbering	text match to 0256Bukhari.Sahih.Shamela0001681-ara1	0.87	
urn:hadith:0256Bukhari.Sahih:1000	1000	1047	Fath al-Bari numbering	text match to 0256Bukhari.Sahih.Shamela0001681-ara1	0.93	
urn:hadith:0256Bukhari.Sahih:1001	1001	1048	Fath al-Bari numbering	text match to 0256Bukhari.Sahih.Shamela0001681-ara1	0.66	
urn:hadith:0256Bukhari.Sahih:1002	1002	1049	Fath al-Bari numbering	text match to 0256Bukhari.Sahih.Shamela0001681-ara1	0.78	
urn:hadith:0256Bukhari.Sahih:1003	1003	1051	Fath al-Bari numbering	text match to 0256Bukhari.Sahih.Shamela0001681-ara1	1.0	
urn:hadith:0256Bukhari.Sahih:1004	1004	1052	Fath al-Bari numbering	text match to 0256Bukhari.Sahih.Shamela0001681-ara1	1.0	
urn:hadith:0256Bukhari.Sahih:1005	1005	1053	Fath al-Bari numbering	text match to 0256Bukhari.Sahih.Shamela0001681-ara1	0.91	
urn:hadith:0256Bukhari.Sahih:1006	1006	1054	Fath al-Bari numbering	text match to 0256Bukhari.Sahih.Shamela0001681-ara1	1.0	
urn:hadith:0256Bukhari.Sahih:1007	1007	1055	Fath al-Bari numbering	text match to 0256Bukhari.Sahih.Shamela0001681-ara1	0.68	
urn:hadith:0256Bukhari.Sahih:1008	1008	1057	Fath al-Bari numbering	text match to 0256Bukhari.Sahih.Shamela0001681-ara1	0.88	
urn:hadith:0256Bukhari.Sahih:1009	1009	1058	Fath al-Bari numbering	text match to 0256Bukhari.Sahih.Shamela0001681-ara1	1.0	
urn:hadith:0256Bukhari.Sahih:1010	1010	1059	Fath al-Bari numbering	text match to 0256Bukhari.Sahih.Shamela0001681-ara1	1.0	
urn:hadith:0256Bukhari.Sahih:1011	1011	1060	Fath al-Bari numbering	text match to 0256Bukhari.Sahih.Shamela0001681-ara1	1.0	
urn:hadith:0256Bukhari.Sahih:1012	1012	1061	Fath al-Bari numbering	text match to 0256Bukhari.Sahih.Shamela0001681-ara1	1.0	
urn:hadith:0256Bukhari.Sahih:1013	1013	1062	Fath al-Bari numbering	text match to 0256Bukhari.Sahih.Shamela0001681-ara1	0.93	
urn:hadith:0256Bukhari.Sahih:1014	1014	1063	Fath al-Bari numbering	text match to 0256Bukhari.Sahih.Shamela0001681-ara1	1.0	
urn:hadith:0256Bukhari.Sahih:1015	1015	1064	Fath al-Bari numbering	text match to 0256Bukhari.Sahih.Shamela0001681-ara1	0.94	
urn:hadith:0256Bukhari.Sahih:1016	1016	1065	Fath al-Bari numbering	text match to 0256Bukhari.Sahih.Shamela0001681-ara1	0.66	
urn:hadith:0256Bukhari.Sahih:1017	1017	1067	Fath al-Bari numbering	text match to 0256Bukhari.Sahih.Shamela0001681-ara1	1.0	
urn:hadith:0256Bukhari.Sahih:1018	1018	1068	Fath al-Bari numbering	text match to 0256Bukhari.Sahih.Shamela0001681-ara1	0.88	
urn:hadith:0256Bukhari.Sahih:1019	1019	1069	Fath al-Bari numbering	text match to 0256Bukhari.Sahih.Shamela0001681-ara1	0.69	
urn:hadith:0256Bukhari.Sahih:1020	1020	1070	Fath al-Bari numbering	text match to 0256Bukhari.Sahih.Shamela0001681-ara1	0.92	
urn:hadith:0256Bukhari.Sahih:1021	1021	1071	Fath al-Bari numbering	text match to 0256Bukhari.Sahih.Shamela0001681-ara1	0.72	
urn:hadith:0256Bukhari.Sahih:1022	1022	1072	Fath al-Bari numbering	text match to 0256Bukhari.Sahih.Shamela0001681-ara1	0.88	
urn:hadith:0256Bukhari.Sahih:1023	1023	1073	Fath al-Bari numbering	text match to 0256Bukhari.Sahih.Shamela0001681-ara1	0.85	
urn:hadith:0256Bukhari.Sahih:1024	1024	1074	Fath al-Bari numbering	text match to 0256Bukhari.Sahih.Shamela0001681-ara1	0.95	
urn:hadith:0256Bukhari.Sahih:1025	1025	1075	Fath al-Bari numbering	text match to 0256Bukhari.Sahih.Shamela0001681-ara1	0.7	
urn:hadith:0256Bukhari.Sahih:1026	1026	1076	Fath al-Bari numbering	text match to 0256Bukhari.Sahih.Shamela0001681-ara1	0.86	
urn:hadith:0256Bukhari.Sahih:1027	1027	1077	Fath al-Bari numbering	text match to 0256Bukhari.Sahih.Shamela0001681-ara1	0.93	
urn:hadith:0256Bukhari.Sahih:1028	1028	1078	Fath al-Bari numbering	text match to 0256Bukhari.Sahih.Shamela0001681-ara1	1.0	
urn:hadith:0256Bukhari.Sahih:1029	1029	1079	Fath al-Bari numbering	text match to 0256Bukhari.Sahih.Shamela0001681-ara1	0.51	
urn:hadith:0256Bukhari.Sahih:1030	1030	1080	Fath al-Bari numbering	text match to 0256Bukhari.Sahih.Shamela0001681-ara1	0.85	
urn:hadith:0256Bukhari.Sahih:1031	1031	1081	Fath al-Bari numbering	text match to 0256Bukhari.Sahih.Shamela0001681-ara1	1.0	
urn:hadith:0256Bukhari.Sahih:1032	1032	1082	Fath al-Bari numbering	text match to 0256Bukhari.Sahih.Shamela0001681-ara1	0.79	
urn:hadith:0256Bukhari.Sahih:1033	1033	1083	Fath al-Bari numbering	text match to 0256Bukhari.Sahih.Shamela0001681-ara1	1.0	
urn:hadith:0256Bukhari.Sahih:1034	1034	1084	Fath al-Bari numbering	text match to 0256Bukhari.Sahih.Shamela0001681-ara1	0.84	
urn:hadith:0256Bukhari.Sahih:1035	1035	1085	Fath al-Bari numbering	text match to 0256Bukhari.Sahih.Shamela0001681-ara1	0.88	
urn:hadith:0256Bukhari.Sahih:1036	1036	1086	Fath al-Bari numbering	text match to 0256Bukhari.Sahih.Shamela0001681-ara1	0.84	
urn:hadith:0256Bukhari.Sahih:1037	1037	1087	Fath al-Bari numbering	text match to 0256Bukhari.Sahih.Shamela0001681-ara1	0.65	
urn:hadith:0256Bukhari.Sahih:1038	1038	1088	Fath al-Bari numbering	text match to 0256Bukhari.Sahih.Shamela0001681-ara1	0.83	
urn:hadith:0256Bukhari.Sahih:1039	1039	1089	Fath al-Bari numbering	text match to 0256Bukhari.Sahih.Shamela0001681-ara1	0.72	
urn:hadith:0256Bukhari.Sahih:1040	1040	1090	Fath al-Bari numbering	text match to 0256Bukhari.Sahih.Shamela0001681-ara1	1.0	
urn:hadith:0256Bukhari.Sahih:1041	1041	1091	Fath al-Bari numbering	text match to 0256Bukhari.Sahih.Shamela0001681-ara1	0.54	
urn:hadith:0256Bukhari.Sahih:1042	1042	1093	Fath al-Bari numbering	text match to 0256Bukhari.Sahih.Shamela0001681-ara1	1.0	
urn:hadith:0256Bukhari.Sahih:1043	1043	1094	Fath al-Bari numbering	text match to 0256Bukhari.Sahih.Shamela0001681-ara1	1.0	
urn:hadith:0256Bukhari.Sahih:1044	1044	1095	Fath al-Bari numbering	text match to 0256Bukhari.Sahih.Shamela0001681-ara1	0.84	
urn:hadith:0256Bukhari.Sahih:1045	1045	1096	Fath al-Bari numbering	text match to 0256Bukhari.Sahih.Shamela0001681-ara1	0.95	
urn:hadith:0256Bukhari.Sahih:1046	1046	1097	Fath al-Bari numbering	text match to 0256Bukhari.Sahih.Shamela0001681-ara1	0.9	
urn:hadith:0256Bukhari.Sahih:1047	1047	1098	Fath al-Bari numbering	text match to 0256Bukhari.Sahih.Shamela0001681-ara1	0.7	
urn:hadith:0256Bukhari.Sahih:1048	1048	1099	Fath al-Bari numbering	text match to 0256Bukhari.Sahih.Shamela0001681-ara1	1.0	
urn:hadith:0256Bukhari.Sahih:1049	1049	1100	Fath al-Bari numbering	text match to 0256Bukhari.Sahih.Shamela0001681-ara1	0.82	
urn:hadith:0256Bukhari.Sahih:1050	1050	1101	Fath al-Bari numbering	text match to 0256Bukhari.Sahih.Shamela0001681-ara1	0.68	
urn:hadith:0256Bukhari.Sahih:1051	1051	1102	Fath al-Bari numbering	text match to 0256Bukhari.Sahih.Shamela0001681-ara1	0.86	
urn:hadith:0256Bukhari.Sahih:1052	1052	1103	Fath al-Bari numbering	text match to 0256Bukhari.Sahih.Shamela0001681-ara1	0.69	
urn:hadith:0256Bukhari.Sahih:1053	1053	1104	Fath al-Bari numbering	text match to 0256Bukhari.Sahih.Shamela0001681-ara1	0.84	
urn:hadith:0256Bukhari.Sahih:1054	1054	1105	Fath al-Bari numbering	text match to 0256Bukhari.Sahih.Shamela0001681-ara1	0.78	
urn:hadith:0256Bukhari.Sahih:1055	1055	1106	Fath al-Bari numbering	text match to 0256Bukhari.Sahih.Shamela0001681-ara1	1.0	
urn:hadith:0256Bukhari.Sahih:1056	1056	1107	Fath al-Bari numbering	text match to 0256Bukhari.Sahih.Shamela0001681-ara1	0.87	
urn:hadith:0256Bukhari.Sahih:1057	1057	1108	Fath al-Bari numbering	text match to 0256Bukhari.Sahih.Shamela0001681-ara1	1.0	
urn:hadith:0256Bukhari.Sahih:1058	1058	1109	Fath al-Bari numbering	text match to 0256Bukhari.Sahih.Shamela0001681-ara1	0.91	
urn:hadith:0256Bukhari.Sahih:1059	1059	1110	Fath al-Bari numbering	text match to 0256Bukhari.Sahih.Shamela0001681-ara1	0.89	
urn:hadith:0256Bukhari.Sahih:1060	1060	1111	Fath al-Bari numbering	text match to 0256Bukhari.Sahih.Shamela0001681-ara1	0.88	
urn:hadith:0256Bukhari.Sahih:1061	1061	1112	Fath al-Bari numbering	text match to 0256Bukhari.Sahih.Shamela0001681-ara1	0.84	
urn:hadith:0256Bukhari.Sahih:1062	1062	1113	Fath al-Bari numbering	text match to 0256Bukhari.Sahih.Shamela0001681-ara1	1.0	
urn:hadith:0256Bukhari.Sahih:1063	1063	1114	Fath al-Bari numbering	text match to 0256Bukhari.Sahih.Shamela0001681-ara1	0.85	
urn:hadith:0256Bukhari.Sahih:1064	1064	1115	Fath al-Bari numbering	text match to 0256Bukhari.Sahih.Shamela0001681-ara1	0.87	
urn:hadith:0256Bukhari.Sahih:1065	1065	1116	Fath al-Bari numbering	text match to 0256Bukhari.Sahih.Shamela0001681-ara1	0.94	
urn:hadith:0256Bukhari.Sahih:1066	1066	1117	Fath al-Bari numbering	text match to 0256Bukhari.Sahih.Shamela0001681-ara1	0.88	
urn:hadith:0256Bukhari.Sahih:1067	1067	1118	Fath al-Bari numbering	text match to 0256Bukhari.Sahih.Shamela0001681-ara1	1.0	
urn:hadith:0256Bukhari.Sahih:1068	1068	1119	Fath al-Bari numbering	text match to 0256Bukhari.Sahih.Shamela0001681-ara1	1.0	
urn:hadith:0256Bukhari.Sahih:1069	1069	1120	Fath al-Bari numbering	text match to 0256Bukhari.Sahih.Shamela0001681-ara1	0.67	
urn:hadith:0256Bukhari.Sahih:1070	1070	1121	Fath al-Bari numbering	text match to 0256Bukhari.Sahih.Shamela0001681-ara1	1.0	
urn:hadith:0256Bukhari.Sahih:1071	1071	1123	Fath al-Bari numbering	text match to 0256Bukhari.Sahih.Shamela0001681-ara1	1.0	
urn:hadith:0256Bukhari.Sahih:1072	1072	1124	Fath al-Bari numbering	text match to 0256Bukhari.Sahih.Shamela0001681-ara1	1.0	
urn:hadith:0256Bukhari.Sahih:1073	1073	1125	Fath al-Bari numbering	text match to 0256Bukhari.Sahih.Shamela0001681-ara1	1.0	
urn:hadith:0256Bukhari.Sahih:1074	1074	1126	Fath al-Bari numbering	text match to 0256Bukhari.Sahih.Shamela0001681-ara1	0.98	
urn:hadith:0256Bukhari.Sahih:1075	1075	1127	Fath al-Bari numbering	text match to 0256Bukhari.Sahih.Shamela0001681-ara1	1.0	
urn:hadith:0256Bukhari.Sahih:1076	1076	1128	Fath al-Bari numbering	text match to 0256Bukhari.Sahih.Shamela0001681-ara1	0.9	
urn:hadith:0256Bukhari.Sahih:1077	1077	1129	Fath al-Bari numbering	text match to 0256Bukhari.Sahih.Shamela0001681-ara1	0.93	
urn:hadith:0256Bukhari.Sahih:1078	1078	1130	Fath al-Bari numbering	text match to 0256Bukhari.Sahih.Shamela0001681-ara1	1.0	
urn:hadith:0256Bukhari.Sahih:1079	1079	1131	Fath al-Bari numbering	text match to 0256Bukhari.Sahih.Shamela0001681-ara1	1.0	
urn:hadith:0256Bukhari.Sahih:1080	1080	1132	Fath al-Bari numbering	text match to 0256Bukhari.Sahih.Shamela0001681-ara1	0.89	shared number
urn:hadith:0256Bukhari.Sahih:1081	1081	1132	Fath al-Bari numbering	text match to 0256Bukhari.Sahih.Shamela0001681-ara1	1.0	shared number
urn:hadith:0256Bukhari.Sahih:1082	1082	1133	Fath al-Bari numbering	text match to 0256Bukhari.Sahih.Shamela0001681-ara1	1.0	
urn:hadith:0256Bukhari.Sahih:1083	1083	1134	Fath al-Bari numbering	text match to 0256Bukhari.Sahih.Shamela0001681-ara1	0.85	
urn:hadith:0256Bukhari.Sahih:1084	1084	1135	Fath al-Bari numbering	text match to 0256Bukhari.Sahih.Shamela0001681-ara1	1.0	
urn:hadith:0256Bukhari.Sahih:1085	1085	1136	Fath al-Bari numbering	text match to 0256Bukhari.Sahih.Shamela0001681-ara1	1.0	
urn:hadith:0256Bukhari.Sahih:1086	1086	1137	Fath al-Bari numbering	text match to 0256Bukhari.Sahih.Shamela0001681-ara1	1.0	
urn:hadith:0256Bukhari.Sahih:1087	1087	1138	Fath al-Bari numbering	text match to 0256Bukhari.Sahih.Shamela0001681-ara1	0.81	
urn:hadith:0256Bukhari.Sahih:1088	1088	1139	Fath al-Bari numbering	text match to 0256Bukhari.Sahih.Shamela0001681-ara1	0.89	
urn:hadith:0256Bukhari.Sahih:1089	1089	1140	Fath al-Bari numbering	text match to 0256Bukhari.Sahih.Shamela0001681-ara1	1.0	
urn:hadith:0256Bukhari.Sahih:1090	1090	1141	Fath al-Bari numbering	text match to 0256Bukhari.Sahih.Shamela0001681-ara1	0.92	
urn:hadith:0256Bukhari.Sahih:1091	1091	1142	Fath al-Bari numbering	text match to 0256Bukhari.Sahih.Shamela0001681-ara1	1.0	
urn:hadith:0256Bukhari.Sahih:1092	1092	1143	Fath al-Bari numbering	text match to 0256Bukhari.Sahih.Shamela0001681-ara1	0.9	
urn:hadith:0256Bukhari.Sahih:1093	1093	1144	Fath al-Bari numbering	text match to 0256Bukhari.Sahih.Shamela0001681-ara1	1.0	
urn:hadith:0256Bukhari.Sahih:1094	1094	1145	Fath al-Bari numbering	text match to 0256Bukhari.Sahih.Shamela0001681-ara1	0.91	
urn:hadith:0256Bukhari.Sahih:1095	1095	1146	Fath al-Bari numbering	text match to 0256Bukhari.Sahih.Shamela0001681-ara1	0.92	
urn:hadith:0256Bukhari.Sahih:1096	1096	1147	Fath al-Bari numbering	text match to 0256Bukhari.Sahih.Shamela0001681-ara1	1.0	
urn:hadith:0256Bukhari.Sahih:1097	1097	1148	Fath al-Bari numbering	text match to 0256Bukhari.Sahih.Shamela0001681-ara1	1.0	
urn:hadith:0256Bukhari.Sahih:1098	1098	1149	Fath al-Bari numbering	text match to 0256Bukhari.Sahih.Shamela0001681-ara1	1.0	
urn:hadith:0256Bukhari.Sahih:1099	1099	1150	Fath al-Bari numbering	text match to 0256Bukhari.Sahih.Shamela0001681-ara1	0.9	
urn:hadith:0256Bukhari.Sahih:1100	1100	1151	Fath al-Bari numbering	text match to 0256Bukhari.Sahih.Shamela0001681-ara1	0.87	
urn:hadith:0256Bukhari.Sahih:1101	1101	1152	Fath al-Bari numbering	text match to 0256Bukhari.Sahih.Shamela0001681-ara1	0.86	
urn:hadith:0256Bukhari.Sahih:1102	1102	1153	Fath al-Bari numbering	text match to 0256Bukhari.Sahih.Shamela0001681-ara1	0.93	
urn:hadith:0256Bukhari.Sahih:1103	1103	1154	Fath al-Bari numbering	text match to 0256Bukhari.Sahih.Shamela0001681-ara1	0.89	
urn:hadith:0256Bukhari.Sahih:1104	1104	1155	Fath al-Bari numbering	text match to 0256Bukhari.Sahih.Shamela0001681-ara1	0.79	
urn:hadith:0256Bukhari.Sahih:1105	1105	1156	Fath al-Bari numbering	text match to 0256Bukhari.Sahih.Shamela0001681-ara1	0.64	
urn:hadith:0256Bukhari.Sahih:1106	1106	1159	Fath al-Bari numbering	text match to 0256Bukhari.Sahih.Shamela0001681-ara1	0.89	
urn:hadith:0256Bukhari.Sahih:1107	1107	1160	Fath al-Bari numbering	text match to 0256Bukhari.Sahih.Shamela0001681-ara1	1.0	
urn:hadith:0256Bukhari.Sahih:1108	1108	1161	Fath al-Bari numbering	text match to 0256Bukhari.Sahih.Shamela0001681-ara1	0.89	
urn:hadith:0256Bukhari.Sahih:1111	1111	380	Fath al-Bari numbering	text match to 0256Bukhari.Sahih.Shamela0001681-ara1	0.71	shared number, out of order
urn:hadith:0256Bukhari.Sahih:1115	1115	1168	Fath al-Bari numbering	text match to 0256Bukhari.Sahih.Shamela0001681-ara1	0.88	
urn:hadith:0256Bukhari.Sahih:1116	1116	1169	Fath al-Bari numbering	text match to 0256Bukhari.Sahih.Shamela0001681-ara1	0.86	
urn:hadith:0256Bukhari.Sahih:1117	1117	1170	Fath al-Bari numbering	text match to 0256Bukhari.Sahih.Shamela0001681-ara1	1.0	
urn:hadith:0256Bukhari.Sahih:1118	1118	1171	Fath al-Bari numbering	text match to 0256Bukhari.Sahih.Shamela0001681-ara1	0.93	
urn:hadith:0256Bukhari.Sahih:1119	1119	1172	Fath al-Bari numbering	text match to 0256Bukhari.Sahih.Shamela0001681-ara1	0.53	
urn:hadith:0256Bukhari.Sahih:1120	1120	1174	Fath al-Bari numbering	text match to 0256Bukhari.Sahih.Shamela0001681-ara1	0.89	
urn:hadith:0256Bukhari.Sahih:1121	1121	1175	Fath al-Bari numbering	text match to 0256Bukhari.Sahih.Shamela0001681-ara1	1.0	
urn:hadith:0256Bukhari.Sahih:1122	1122	1176	Fath al-Bari numbering	text match to 0256Bukhari.Sahih.Shamela0001681-ara1	1.0	
urn:hadith:0256Bukhari.Sahih:1123	1123	1177	Fath al-Bari numbering	text match to 0256Bukhari.Sahih.Shamela0001681-ara1	0.81	
urn:hadith:0256Bukhari.Sahih:1124	1124	1178	Fath al-Bari numbering	text match to 0256Bukhari.Sahih.Shamela0001681-ara1	0.86	
urn:hadith:0256Bukhari.Sahih:1125	1125	1179	Fath al-Bari numbering	text match to 0256Bukhari.Sahih.Shamela0001681-ara1	1.0	
urn:hadith:0256Bukhari.Sahih:1126	1126	1180	Fath al-Bari numbering	text match to 0256Bukhari.Sahih.Shamela0001681-ara1	0.68	
urn:hadith:0256Bukhari.Sahih:1127	1127	1182	Fath al-Bari numbering	text match to 0256Bukhari.Sahih.Shamela0001681-ara1	0.87	
urn:hadith:0256Bukhari.Sahih:1128	1128	1183	Fath al-Bari numbering	text match to 0256Bukhari.Sahih.Shamela0001681-ara1	0.88	
urn:hadith:0256Bukhari.Sahih:1129	1129	1184	Fath al-Bari numbering	text match to 0256Bukhari.Sahih.Shamela0001681-ara1	0.93	
urn:hadith:0256Bukhari.Sahih:1130	1130	1186	Fath al-Bari numbering	text match to 0256Bukhari.Sahih.Shamela0001681-ara1	0.57	
urn:hadith:0256Bukhari.Sahih:1131	1131	1187	Fath al-Bari numbering	text match to 0256Bukhari.Sahih.Shamela0001681-ara1	0.86	
urn:hadith:0256Bukhari.Sahih:1133	1133	1190	Fath al-Bari numbering	text match to 0256Bukhari.Sahih.Shamela0001681-ara1	1.0	
urn:hadith:0256Bukhari.Sahih:1134	1134	1191	Fath al-Bari numbering	text match to 0256Bukhari.Sahih.Shamela0001681-ara1	0.75	
urn:hadith:0256Bukhari.Sahih:1135	1135	1193	Fath al-Bari numbering	text match to 0256Bukhari.Sahih.Shamela0001681-ara1	0.78	
urn:hadith:0256Bukhari.Sahih:1137	1137	1195	Fath al-Bari numbering	text match to 0256Bukhari.Sahih.Shamela0001681-ara1	1.0	
urn:hadith:0256Bukhari.Sahih:1138	1138	1888	Fath al-Bari numbering	text match to 0256Bukhari.Sahih.Shamela0001681-ara1	0.89	shared number, out of order
urn:hadith:0256Bukhari.Sahih:1139	1139	1197	Fath al-Bari numbering	text match to 0256Bukhari.Sahih.Shamela0001681-ara1	0.94	
urn:hadith:0256Bukhari.Sahih:1140	1140	1198	Fath al-Bari numbering	text match to 0256Bukhari.Sahih.Shamela0001681-ara1	0.93	
urn:hadith:0256Bukhari.Sahih:1141	1141	1199	Fath al-Bari numbering	text match to 0256Bukhari.Sahih.Shamela0001681-ara1	0.86	
urn:hadith:0256Bukhari.Sahih:1142	1142	1200	Fath al-Bari numbering	text match to 0256Bukhari.Sahih.Shamela0001681-ara1	0.83	
urn:hadith:0256Bukhari.Sahih:1143	1143	1201	Fath al-Bari numbering	text match to 0256Bukhari.Sahih.Shamela0001681-ara1	0.84	
urn:hadith:0256Bukhari.Sahih:1144	1144	1202	Fath al-Bari numbering	text match to 0256Bukhari.Sahih.Shamela0001681-ara1	1.0	
urn:hadith:0256Bukhari.Sahih:1145	1145	1203	Fath al-Bari numbering	text match to 0256Bukhari.Sahih.Shamela0001681-ara1	1.0	
urn:hadith:0256Bukhari.Sahih:1146	1146	1204	Fath al-Bari numbering	text match to 0256Bukhari.Sahih.Shamela0001681-ara1	1.0	
urn:hadith:0256Bukhari.Sahih:1147	1147	1205	Fath al-Bari numbering	text match to 0256Bukhari.Sahih.Shamela0001681-ara1	0.93	
urn:hadith:0256Bukhari.Sahih:1148	1148	1206	Fath al-Bari numbering	text match to 0256Bukhari.Sahih.Shamela0001681-ara1	0.86	
urn:hadith:0256Bukhari.Sahih:1149	1149	1207	Fath al-Bari numbering	text match to 0256Bukhari.Sahih.Shamela0001681-ara1	1.0	
urn:hadith:0256Bukhari.Sahih:1150	1150	1208	Fath al-Bari numbering	text match to 0256Bukhari.Sahih.Shamela0001681-ara1	0.9	
urn:hadith:0256Bukhari.Sahih:1151	1151	1209	Fath al-Bari numbering	text match to 0256Bukhari.Sahih.Shamela0001681-ara1	1.0	
urn:hadith:0256Bukhari.Sahih:1152	1152	1210	Fath al-Bari numbering	text match to 0256Bukhari.Sahih.Shamela0001681-ara1	0.91	
urn:hadith:0256Bukhari.Sahih:1153	1153	1211	Fath al-Bari numbering	text match to 0256Bukhari.Sahih.Shamela0001681-ara1	0.93	
urn:hadith:0256Bukhari.Sahih:1154	1154	1212	Fath al-Bari numbering	text match to 0256Bukhari.Sahih.Shamela0001681-ara1	0.93	
urn:hadith:0256Bukhari.Sahih:1155	1155	1213	Fath al-Bari numbering	text match to 0256Bukhari.Sahih.Shamela0001681-ara1	0.83	
urn:hadith:0256Bukhari.Sahih:1156	1156	1214	Fath al-Bari numbering	text match to 0256Bukhari.Sahih.Shamela0001681-ara1	0.89	
urn:hadith:0256Bukhari.Sahih:1157	1157	1215	Fath al-Bari numbering	text match to 0256Bukhari.Sahih.Shamela0001681-ara1	0.87	
urn:hadith:0256Bukhari.Sahih:1158	1158	1216	Fath al-Bari numbering	text match to 0256Bukhari.Sahih.Shamela0001681-ara1	0.85	
urn:hadith:0256Bukhari.Sahih:1159	1159	1217	Fath al-Bari numbering	text match to 0256Bukhari.Sahih.Shamela0001681-ara1	1.0	
urn:hadith:0256Bukhari.Sahih:1160	1160	1218	Fath al-Bari numbering	text match to 0256Bukhari.Sahih.Shamela0001681-ara1	1.0	
urn:hadith:0256Bukhari.Sahih:1161	1161	1219	Fath al-Bari numbering	text match to 0256Bukhari.Sahih.Shamela0001681-ara1	0.85	
urn:hadith:0256Bukhari.Sahih:1162	1162	1220	Fath al-Bari numbering	text match to 0256Bukhari.Sahih.Shamela0001681-ara1	0.78	
urn:hadith:0256Bukhari.Sahih:1163	1163	1221	Fath al-Bari numbering	text match to 0256Bukhari.Sahih.Shamela0001681-ara1	0.85	
urn:hadith:0256Bukhari.Sahih:1164	1164	1222	Fath al-Bari numbering	text match to 0256Bukhari.Sahih.Shamela0001681-ara1	1.0	
urn:hadith:0256Bukhari.Sahih:1165	1165	1223	Fath al-Bari numbering	text match to 0256Bukhari.Sahih.Shamela0001681-ara1	0.84	
urn:hadith:0256Bukhari.Sahih:1166	1166	1224	Fath al-Bari numbering	text match to 0256Bukhari.Sahih.Shamela0001681-ara1	0.82	
urn:hadith:0256Bukhari.Sahih:1167	1167	1225	Fath al-Bari numbering	text match to 0256Bukhari.Sahih.Shamela0001681-ara1	0.89	
urn:hadith:0256Bukhari.Sahih:1168	1168	1226	Fath al-Bari numbering	text match to 0256Bukhari.Sahih.Shamela0001681-ara1	1.0	
urn:hadith:0256Bukhari.Sahih:1169	1169	1227	Fath al-Bari numbering	text match to 0256Bukhari.Sahih.Shamela0001681-ara1	1.0	
urn:hadith:0256Bukhari.Sahih:1170	1170	1228	Fath al-Bari numbering	text match to 0256Bukhari.Sahih.Shamela0001681-ara1	1.0	
urn:hadith:0256Bukhari.Sahih:1172	1172	1229	Fath al-Bari numbering	text match to 0256Bukhari.Sahih.Shamela0001681-ara1	1.0	
urn:hadith:0256Bukhari.Sahih:1173	1173	1230	Fath al-Bari numbering	text match to 0256Bukhari.Sahih.Shamela0001681-ara1	0.72	
urn:hadith:0256Bukhari.Sahih:1174	1174	1231	Fath al-Bari numbering	text match to 0256Bukhari.Sahih.Shamela0001681-ara1	1.0	
urn:hadith:0256Bukhari.Sahih:1175	1175	1232	Fath al-Bari numbering	text match to 0256Bukhari.Sahih.Shamela0001681-ara1	0.9	
urn:hadith:0256Bukhari.Sahih:1176	1176	1233	Fath al-Bari numbering	text match to 0256Bukhari.Sahih.Shamela0001681-ara1	0.74	
urn:hadith:0256Bukhari.Sahih:1177	1177	1234	Fath al-Bari numbering	text match to 0256Bukhari.Sahih.Shamela0001681-ara1	1.0	
urn:hadith:0256Bukhari.Sahih:1178	1178	1235	Fath al-Bari numbering	text match to 0256Bukhari.Sahih.Shamela0001681-ara1	0.87	
urn:hadith:0256Bukhari.Sahih:1179	1179	1236	Fath al-Bari numbering	text match to 0256Bukhari.Sahih.Shamela0001681-ara1	0.89	
urn:hadith:0256Bukhari.Sahih:1180	1180	1237	Fath al-Bari numbering	text match to 0256Bukhari.Sahih.Shamela0001681-ara1	1.0	
urn:hadith:0256Bukhari.Sahih:1181	1181	1238	Fath al-Bari numbering	text match to 0256Bukhari.Sahih.Shamela0001681-ara1	1.0	
urn:hadith:0256Bukhari.Sahih:1182	1182	1239	Fath al-Bari numbering	text match to 0256Bukhari.Sahih.Shamela0001681-ara1	0.92	
urn:hadith:0256Bukhari.Sahih:1183	1183	1240	Fath al-Bari numbering	text match to 0256Bukhari.Sahih.Shamela0001681-ara1	0.87	
urn:hadith:0256Bukhari.Sahih:1184	1184	1241	Fath al-Bari numbering	text match to 0256Bukhari.Sahih.Shamela0001681-ara1	1.0	
urn:hadith:0256Bukhari.Sahih:1187	1187	1244	Fath al-Bari numbering	text match to 0256Bukhari.Sahih.Shamela0001681-ara1	0.83	
urn:hadith:0256Bukhari.Sahih:1188	1188	1245	Fath al-Bari numbering	text match to 0256Bukhari.Sahih.Shamela0001681-ara1	0.86	
urn:hadith:0256Bukhari.Sahih:1189	1189	1246	Fath al-Bari numbering	text match to 0256Bukhari.Sahih.Shamela0001681-ara1	1.0	
urn:hadith:0256Bukhari.Sahih:1190	1190	1247	Fath al-Bari numbering	text match to 0256Bukhari.Sahih.Shamela0001681-ara1	0.9	
urn:hadith:0256Bukhari.Sahih:1191	1191	1248	Fath al-Bari numbering	text match to 0256Bukhari.Sahih.Shamela0001681-ara1	1.0	
urn:hadith:0256Bukhari.Sahih:1192	1192	1249	Fath al-Bari numbering	text match to 0256Bukhari.Sahih.Shamela0001681-ara1	0.54	
urn:hadith:0256Bukhari.Sahih:1193	1193	1251	Fath al-Bari numbering	text match to 0256Bukhari.Sahih.Shamela0001681-ara1	1.0	
urn:hadith:0256Bukhari.Sahih:1194	1194	1252	Fath al-Bari numbering	text match to 0256Bukhari.Sahih.Shamela0001681-ara1	1.0	
urn:hadith:0256Bukhari.Sahih:1195	1195	1253	Fath al-Bari numbering	text match to 0256Bukhari.Sahih.Shamela0001681-ara1	1.0	
urn:hadith:0256Bukhari.Sahih:1196	1196	1254	Fath al-Bari numbering	text match to 0256Bukhari.Sahih.Shamela0001681-ara1	0.99	
urn:hadith:0256Bukhari.Sahih:1197	1197	1255	Fath al-Bari numbering	text match to 0256Bukhari.Sahih.Shamela0001681-ara1	1.0	
urn:hadith:0256Bukhari.Sahih:1198	1198	1256	Fath al-Bari numbering	text match to 0256Bukhari.Sahih.Shamela0001681-ara1	0.88	
urn:hadith:0256Bukhari.Sahih:1199	1199	1257	Fath al-Bari numbering	text match to 0256Bukhari.Sahih.Shamela0001681-ara1	0.88	
urn:hadith:0256Bukhari.Sahih:1200	1200	1258	Fath al-Bari numbering	text match to 0256Bukhari.Sahih.Shamela0001681-ara1	0.8	
urn:hadith:0256Bukhari.Sahih:1201	1201	1260	Fath al-Bari numbering	text match to 0256Bukhari.Sahih.Shamela0001681-ara1	0.87	
urn:hadith:0256Bukhari.Sahih:1202	1202	1261	Fath al-Bari numbering	text match to 0256Bukhari.Sahih.Shamela0001681-ara1	0.75	
urn:hadith:0256Bukhari.Sahih:1203	1203	1262	Fath al-Bari numbering	text match to 0256Bukhari.Sahih.Shamela0001681-ara1	1.0	
urn:hadith:0256Bukhari.Sahih:1204	1204	1263	Fath al-Bari numbering	text match to 0256Bukhari.Sahih.Shamela0001681-ara1	1.0	
urn:hadith:0256Bukhari.Sahih:1205	1205	1264	Fath al-Bari numbering	text match to 0256Bukhari.Sahih.Shamela0001681-ara1	0.89	
urn:hadith:0256Bukhari.Sahih:1206	1206	1265	Fath al-Bari numbering	text match to 0256Bukhari.Sahih.Shamela0001681-ara1	0.81	
urn:hadith:0256Bukhari.Sahih:1207	1207	1266	Fath al-Bari numbering	text match to 0256Bukhari.Sahih.Shamela0001681-ara1	0.91	
urn:hadith:0256Bukhari.Sahih:1208	1208	1267	Fath al-Bari numbering	text match to 0256Bukhari.Sahih.Shamela0001681-ara1	0.88	
urn:hadith:0256Bukhari.Sahih:1209	1209	1268	Fath al-Bari numbering	text match to 0256Bukhari.Sahih.Shamela0001681-ara1	0.91	
urn:hadith:0256Bukhari.Sahih:1210	1210	1269	Fath al-Bari numbering	text match to 0256Bukhari.Sahih.Shamela0001681-ara1	0.93	
urn:hadith:0256Bukhari.Sahih:1211	1211	1270	Fath al-Bari numbering	text match to 0256Bukhari.Sahih.Shamela0001681-ara1	0.84	
urn:hadith:0256Bukhari.Sahih:1212	1212	1271	Fath al-Bari numbering	text match to 0256Bukhari.Sahih.Shamela0001681-ara1	1.0	
urn:hadith:0256Bukhari.Sahih:1213	1213	1272	Fath al-Bari numbering	text match to 0256Bukhari.Sahih.Shamela0001681-ara1	1.0	
urn:hadith:0256Bukhari.Sahih:1214	1214	1273	Fath al-Bari numbering	text match to 0256Bukhari.Sahih.Shamela0001681-ara1	0.83	
urn:hadith:0256Bukhari.Sahih:1215	1215	1274	Fath al-Bari numbering	text match to 0256Bukhari.Sahih.Shamela0001681-ara1	1.0	
urn:hadith:0256Bukhari.Sahih:1216	1216	1275	Fath al-Bari numbering	text match to 0256Bukhari.Sahih.Shamela0001681-ara1	0.97	
urn:hadith:0256Bukhari.Sahih:1217	1217	1276	Fath al-Bari numbering	text match to 0256Bukhari.Sahih.Shamela0001681-ara1	1.0	
urn:hadith:0256Bukhari.Sahih:1218	1218	1277	Fath al-Bari numbering	text match to 0256Bukhari.Sahih.Shamela0001681-ara1	0.93	
urn:hadith:0256Bukhari.Sahih:1219	1219	1278	Fath al-Bari numbering	text match to 0256Bukhari.Sahih.Shamela0001681-ara1	0.81	
urn:hadith:0256Bukhari.Sahih:1220	1220	1279	Fath al-Bari numbering	text match to 0256Bukhari.Sahih.Shamela0001681-ara1	0.86	
urn:hadith:0256Bukhari.Sahih:1221	1221	1280	Fath al-Bari numbering	text match to 0256Bukhari.Sahih.Shamela0001681-ara1	1.0	
urn:hadith:0256Bukhari.Sahih:1222	1222	1281	Fath al-Bari numbering	text match to 0256Bukhari.Sahih.Shamela0001681-ara1	0.79	
urn:hadith:0256Bukhari.Sahih:1223	1223	1283	Fath al-Bari numbering	text match to 0256Bukhari.Sahih.Shamela0001681-ara1	1.0	
urn:hadith:0256Bukhari.Sahih:1224	1224	1284	Fath al-Bari numbering	text match to 0256Bukhari.Sahih.Shamela0001681-ara1	0.91	
urn:hadith:0256Bukhari.Sahih:1225	1225	1285	Fath al-Bari numbering	text match to 0256Bukhari.Sahih.Shamela0001681-ara1	1.0	
urn:hadith:0256Bukhari.Sahih:1226	1226	1286	Fath al-Bari numbering	text match to 0256Bukhari.Sahih.Shamela0001681-ara1	0.83	
urn:hadith:0256Bukhari.Sahih:1227	1227	1289	Fath al-Bari numbering	text match to 0256Bukhari.Sahih.Shamela0001681-ara1	1.0	
urn:hadith:0256Bukhari.Sahih:1228	1228	1290	Fath al-Bari numbering	text match to 0256Bukhari.Sahih.Shamela0001681-ara1	1.0	
urn:hadith:0256Bukhari.Sahih:1229	1229	1291	Fath al-Bari numbering	text match to 0256Bukhari.Sahih.Shamela0001681-ara1	1.0	
urn:hadith:0256Bukhari.Sahih:1230	1230	1292	Fath al-Bari numbering	text match to 0256Bukhari.Sahih.Shamela0001681-ara1	0.9	
urn:hadith:0256Bukhari.Sahih:1231	1231	1293	Fath al-Bari numbering	text match to 0256Bukhari.Sahih.Shamela0001681-ara1	0.93	
urn:hadith:0256Bukhari.Sahih:1232	1232	1294	Fath al-Bari numbering	text match to 0256Bukhari.Sahih.Shamela0001681-ara1	1.0	
urn:hadith:0256Bukhari.Sahih:1233	1233	1295	Fath al-Bari numbering	text match to 0256Bukhari.Sahih.Shamela0001681-ara1	0.93	
urn:hadith:0256Bukhari.Sahih:1234	1234	1296	Fath al-Bari numbering	text match to 0256Bukhari.Sahih.Shamela0001681-ara1	0.94	
urn:hadith:0256Bukhari.Sahih:1235	1235	1297	Fath al-Bari numbering	text match to 0256Bukhari.Sahih.Shamela0001681-ara1	1.0	shared number
urn:hadith:0256Bukhari.Sahih:1236	1236	1298	Fath al-Bari numbering	text match to 0256Bukhari.Sahih.Shamela0001681-ara1	1.0	
urn:hadith:0256Bukhari.Sahih:1237	1237	1299	Fath al-Bari numbering	text match to 0256Bukhari.Sahih.Shamela0001681-ara1	0.83	
urn:hadith:0256Bukhari.Sahih:1238	1238	1300	Fath al-Bari numbering	text match to 0256Bukhari.Sahih.Shamela0001681-ara1	1.0	
urn:hadith:0256Bukhari.Sahih:1239	1239	1301	Fath al-Bari numbering	text match to 0256Bukhari.Sahih.Shamela0001681-ara1	0.93	
urn:hadith:0256Bukhari.Sahih:1240	1240	1302	Fath al-Bari numbering	text match to 0256Bukhari.Sahih.Shamela0001681-ara1	1.0	
urn:hadith:0256Bukhari.Sahih:1241	1241	1303	Fath al-Bari numbering	text match to 0256Bukhari.Sahih.Shamela0001681-ara1	0.93	
urn:hadith:0256Bukhari.Sahih:1242	1242	1304	Fath al-Bari numbering	text match to 0256Bukhari.Sahih.Shamela0001681-ara1	0.95	
urn:hadith:0256Bukhari.Sahih:1243	1243	1305	Fath al-Bari numbering	text match to 0256Bukhari.Sahih.Shamela0001681-ara1	1.0	
urn:hadith:0256Bukhari.Sahih:1244	1244	1306	Fath al-Bari numbering	text match to 0256Bukhari.Sahih.Shamela0001681-ara1	0.91	
urn:hadith:0256Bukhari.Sahih:1245	1245	1307	Fath al-Bari numbering	text match to 0256Bukhari.Sahih.Shamela0001681-ara1	1.0	
urn:hadith:0256Bukhari.Sahih:1246	1246	1308	Fath al-Bari numbering	text match to 0256Bukhari.Sahih.Shamela0001681-ara1	0.89	
urn:hadith:0256Bukhari.Sahih:1247	1247	1309	Fath al-Bari numbering	text match to 0256Bukhari.Sahih.Shamela0001681-ara1	0.91	
urn:hadith:0256Bukhari.Sahih:1248	1248	1310	Fath al-Bari numbering	text match to 0256Bukhari.Sahih.Shamela0001681-ara1	0.88	
urn:hadith:0256Bukhari.Sahih:1249	1249	1311	Fath al-Bari numbering	text match to 0256Bukhari.Sahih.Shamela0001681-ara1	0.76	
urn:hadith:0256Bukhari.Sahih:1250	1250	1312	Fath al-Bari numbering	text match to 0256Bukhari.Sahih.Shamela0001681-ara1	0.71	
urn:hadith:0256Bukhari.Sahih:1251	1251	1314	Fath al-Bari numbering	text match to 0256Bukhari.Sahih.Shamela0001681-ara1	1.0	
urn:hadith:0256Bukhari.Sahih:1252	1252	1315	Fath al-Bari numbering	text match to 0256Bukhari.Sahih.Shamela0001681-ara1	1.0	
urn:hadith:0256Bukhari.Sahih:1253	1253	1316	Fath al-Bari numbering	text match to 0256Bukhari.Sahih.Shamela0001681-ara1	1.0	
urn:hadith:0256Bukhari.Sahih:1254	1254	1317	Fath al-Bari numbering	text match to 0256Bukhari.Sahih.Shamela0001681-ara1	1.0	
urn:hadith:0256Bukhari.Sahih:1255	1255	1318	Fath al-Bari numbering	text match to 0256Bukhari.Sahih.Shamela0001681-ara1	1.0	
urn:hadith:0256Bukhari.Sahih:1256	1256	1319	Fath al-Bari numbering	text match to 0256Bukhari.Sahih.Shamela0001681-ara1	0.83	
urn:hadith:0256Bukhari.Sahih:1257	1257	1320	Fath al-Bari numbering	text match to 0256Bukhari.Sahih.Shamela0001681-ara1	0.84	
urn:hadith:0256Bukhari.Sahih:1258	1258	1321	Fath al-Bari numbering	text match to 0256Bukhari.Sahih.Shamela0001681-ara1	0.81	
urn:hadith:0256Bukhari.Sahih:1259	1259	1322	Fath al-Bari numbering	text match to 0256Bukhari.Sahih.Shamela0001681-ara1	0.85	
urn:hadith:0256Bukhari.Sahih:1261	1261	1325	Fath al-Bari numbering	text match to 0256Bukhari.Sahih.Shamela0001681-ara1	0.87	
urn:hadith:0256Bukhari.Sahih:1262	1262	1326	Fath al-Bari numbering	text match to 0256Bukhari.Sahih.Shamela0001681-ara1	0.67	
urn:hadith:0256Bukhari.Sahih:1264	1264	1329	Fath al-Bari numbering	text match to 0256Bukhari.Sahih.Shamela0001681-ara1	0.87	
urn:hadith:0256Bukhari.Sahih:1265	1265	1330	Fath al-Bari numbering	text match to 0256Bukhari.Sahih.Shamela0001681-ara1	1.0	
urn:hadith:0256Bukhari.Sahih:1266	1266	1331	Fath al-Bari numbering	text match to 0256Bukhari.Sahih.Shamela0001681-ara1	0.87	
urn:hadith:0256Bukhari.Sahih:1267	1267	1332	Fath al-Bari numbering	text match to 0256Bukhari.Sahih.Shamela0001681-ara1	0.84	
urn:hadith:0256Bukhari.Sahih:1268	1268	1333	Fath al-Bari numbering	text match to 0256Bukhari.Sahih.Shamela0001681-ara1	0.88	
urn:hadith:0256Bukhari.Sahih:1269	1269	1334	Fath al-Bari numbering	text match to 0256Bukhari.Sahih.Shamela0001681-ara1	0.84	
urn:hadith:0256Bukhari.Sahih:1270	1270	1335	Fath al-Bari numbering	text match to 0256Bukhari.Sahih.Shamela0001681-ara1	0.72	
urn:hadith:0256Bukhari.Sahih:1271	1271	1336	Fath al-Bari numbering	text match to 0256Bukhari.Sahih.Shamela0001681-ara1	0.87	
urn:hadith:0256Bukhari.Sahih:1272	1272	1337	Fath al-Bari numbering	text match to 0256Bukhari.Sahih.Shamela0001681-ara1	0.94	
urn:hadith:0256Bukhari.Sahih:1273	1273	1338	Fath al-Bari numbering	text match to 0256Bukhari.Sahih.Shamela0001681-ara1	0.93	
urn:hadith:0256Bukhari.Sahih:1274	1274	1339	Fath al-Bari numbering	text match to 0256Bukhari.Sahih.Shamela0001681-ara1	0.93	
urn:hadith:0256Bukhari.Sahih:1275	1275	1340	Fath al-Bari numbering	text match to 0256Bukhari.Sahih.Shamela0001681-ara1	0.88	
urn:hadith:0256Bukhari.Sahih:1276	1276	1341	Fath al-Bari numbering	text match to 0256Bukhari.Sahih.Shamela0001681-ara1	1.0	
urn:hadith:0256Bukhari.Sahih:1277	1277	1342	Fath al-Bari numbering	text match to 0256Bukhari.Sahih.Shamela0001681-ara1	0.9	
urn:hadith:0256Bukhari.Sahih:1278	1278	1343	Fath al-Bari numbering	text match to 0256Bukhari.Sahih.Shamela0001681-ara1	0.93	
urn:hadith:0256Bukhari.Sahih:1279	1279	1344	Fath al-Bari numbering	text match to 0256Bukhari.Sahih.Shamela0001681-ara1	1.0	
urn:hadith:0256Bukhari.Sahih:1280	1280	1345	Fath al-Bari numbering	text match to 0256Bukhari.Sahih.Shamela0001681-ara1	0.84	
urn:hadith:0256Bukhari.Sahih:1281	1281	1346	Fath al-Bari numbering	text match to 0256Bukhari.Sahih.Shamela0001681-ara1	0.65	
urn:hadith:0256Bukhari.Sahih:1282	1282	1347	Fath al-Bari numbering	text match to 0256Bukhari.Sahih.Shamela0001681-ara1	0.85	
urn:hadith:0256Bukhari.Sahih:1283	1283	1348	Fath al-Bari numbering	text match to 0256Bukhari.Sahih.Shamela0001681-ara1	0.89	
urn:hadith:0256Bukhari.Sahih:1284	1284	1349	Fath al-Bari numbering	text match to 0256Bukhari.Sahih.Shamela0001681-ara1	0.93	
urn:hadith:0256Bukhari.Sahih:1285	1285	1350	Fath al-Bari numbering	text match to 0256Bukhari.Sahih.Shamela0001681-ara1	0.93	
urn:hadith:0256Bukhari.Sahih:1286	1286	1351	Fath al-Bari numbering	text match to 0256Bukhari.Sahih.Shamela0001681-ara1	1.0	
urn:hadith:0256Bukhari.Sahih:1287	1287	1352	Fath al-Bari numbering	text match to 0256Bukhari.Sahih.Shamela0001681-ara1	0.85	
urn:hadith:0256Bukhari.Sahih:1288	1288	1353	Fath al-Bari numbering	text match to 0256Bukhari.Sahih.Shamela0001681-ara1	0.92	
urn:hadith:0256Bukhari.Sahih:1289	1289	1354	Fath al-Bari numbering	text match to 0256Bukhari.Sahih.Shamela0001681-ara1	0.71	
urn:hadith:0256Bukhari.Sahih:1290	1290	1356	Fath al-Bari numbering	text match to 0256Bukhari.Sahih.Shamela0001681-ara1	0.92	
urn:hadith:0256Bukhari.Sahih:1291	1291	1357	Fath al-Bari numbering	text match to 0256Bukhari.Sahih.Shamela0001681-ara1	0.76	
urn:hadith:0256Bukhari.Sahih:1292	1292	1358	Fath al-Bari numbering	text match to 0256Bukhari.Sahih.Shamela0001681-ara1	0.93	
urn:hadith:0256Bukhari.Sahih:1293	1293	1359	Fath al-Bari numbering	text match to 0256Bukhari.Sahih.Shamela0001681-ara1	0.91	
urn:hadith:0256Bukhari.Sahih:1294	1294	1360	Fath al-Bari numbering	text match to 0256Bukhari.Sahih.Shamela0001681-ara1	0.93	
urn:hadith:0256Bukhari.Sahih:1295	1295	1361	Fath al-Bari numbering	text match to 0256Bukhari.Sahih.Shamela0001681-ara1	0.93	
urn:hadith:0256Bukhari.Sahih:1296	1296	1362	Fath al-Bari numbering	text match to 0256Bukhari.Sahih.Shamela0001681-ara1	1.0	
urn:hadith:0256Bukhari.Sahih:1297	1297	1363	Fath al-Bari numbering	text match to 0256Bukhari.Sahih.Shamela0001681-ara1	0.9	
urn:hadith:0256Bukhari.Sahih:1298	1298	1364	Fath al-Bari numbering	text match to 0256Bukhari.Sahih.Shamela0001681-ara1	0.88	
urn:hadith:0256Bukhari.Sahih:1299	1299	1365	Fath al-Bari numbering	text match to 0256Bukhari.Sahih.Shamela0001681-ara1	1.0	
urn:hadith:0256Bukhari.Sahih:1300	1300	1366	Fath al-Bari numbering	text match to 0256Bukhari.Sahih.Shamela0001681-ara1	0.74	
urn:hadith:0256Bukhari.Sahih:1301	1301	1367	Fath al-Bari numbering	text match to 0256Bukhari.Sahih.Shamela0001681-ara1	1.0	
urn:hadith:0256Bukhari.Sahih:1302	1302	1368	Fath al-Bari numbering	text match to 0256Bukhari.Sahih.Shamela0001681-ara1	0.92	
urn:hadith:0256Bukhari.Sahih:1303	1303	1369	Fath al-Bari numbering	text match to 0256Bukhari.Sahih.Shamela0001681-ara1	0.88	
urn:hadith:0256Bukhari.Sahih:1304	1304	1370	Fath al-Bari numbering	text match to 0256Bukhari.Sahih.Shamela0001681-ara1	0.89	
urn:hadith:0256Bukhari.Sahih:1305	1305	1371	Fath al-Bari numbering	text match to 0256Bukhari.Sahih.Shamela0001681-ara1	0.89	
urn:hadith:0256Bukhari.Sahih:1306	1306	1372	Fath al-Bari numbering	text match to 0256Bukhari.Sahih.Shamela0001681-ara1	0.92	
urn:hadith:0256Bukhari.Sahih:1307	1307	1373	Fath al-Bari numbering	text match to 0256Bukhari.Sahih.Shamela0001681-ara1	0.69	
urn:hadith:0256Bukhari.Sahih:1308	1308	1374	Fath al-Bari numbering	text match to 0256Bukhari.Sahih.Shamela0001681-ara1	1.0	
urn:hadith:0256Bukhari.Sahih:1309	1309	1375	Fath al-Bari numbering	text match to 0256Bukhari.Sahih.Shamela0001681-ara1	1.0	
urn:hadith:0256Bukhari.Sahih:1310	1310	1376	Fath al-Bari numbering	text match to 0256Bukhari.Sahih.Shamela0001681-ara1	1.0	
urn:hadith:0256Bukhari.Sahih:1311	1311	1377	Fath al-Bari numbering	text match to 0256Bukhari.Sahih.Shamela0001681-ara1	0.9	
urn:hadith:0256Bukhari.Sahih:1312	1312	1378	Fath al-Bari numbering	text match to 0256Bukhari.Sahih.Shamela0001681-ara1	0.91	
urn:hadith:0256Bukhari.Sahih:1313	1313	1379	Fath al-Bari numbering	text match to 0256Bukhari.Sahih.Shamela0001681-ara1	1.0	
urn:hadith:0256Bukhari.Sahih:1314	1314	1380	Fath al-Bari numbering	text match to 0256Bukhari.Sahih.Shamela0001681-ara1	1.0	
urn:hadith:0256Bukhari.Sahih:1315	1315	1381	Fath al-Bari numbering	text match to 0256Bukhari.Sahih.Shamela0001681-ara1	0.88	
urn:hadith:0256Bukhari.Sahih:1316	1316	1382	Fath al-Bari numbering	text match to 0256Bukhari.Sahih.Shamela0001681-ara1	1.0	
urn:hadith:0256Bukhari.Sahih:1317	1317	1383	Fath al-Bari numbering	text match to 0256Bukhari.Sahih.Shamela0001681-ara1	0.8	
urn:hadith:0256Bukhari.Sahih:1318	1318	1384	Fath al-Bari numbering	text match to 0256Bukhari.Sahih.Shamela0001681-ara1	1.0	
urn:hadith:0256Bukhari.Sahih:1319	1319	1385	Fath al-Bari numbering	text match to 0256Bukhari.Sahih.Shamela0001681-ara1	0.9	
urn:hadith:0256Bukhari.Sahih:1320	1320	1386	Fath al-Bari numbering	text match to 0256Bukhari.Sahih.Shamela0001681-ara1	1.0	
urn:hadith:0256Bukhari.Sahih:1321	1321	1387	Fath al-Bari numbering	text match to 0256Bukhari.Sahih.Shamela0001681-ara1	1.0	
urn:hadith:0256Bukhari.Sahih:1322	1322	1388	Fath al-Bari numbering	text match to 0256Bukhari.Sahih.Shamela0001681-ara1	0.9	
urn:hadith:0256Bukhari.Sahih:1323	1323	1389	Fath al-Bari numbering	text match to 0256Bukhari.Sahih.Shamela0001681-ara1	1.0	
urn:hadith:0256Bukhari.Sahih:1324	1324	1390	Fath al-Bari numbering	text match to 0256Bukhari.Sahih.Shamela0001681-ara1	0.93	shared number
urn:hadith:0256Bukhari.Sahih:1325	1325	1390	Fath al-Bari numbering	text match to 0256Bukhari.Sahih.Shamela0001681-ara1	0.64	shared number
urn:hadith:0256Bukhari.Sahih:1327	1327	1391	Fath al-Bari numbering	text match to 0256Bukhari.Sahih.Shamela0001681-ara1	1.0	
urn:hadith:0256Bukhari.Sahih:1328	1328	1392	Fath al-Bari numbering	text match to 0256Bukhari.Sahih.Shamela0001681-ara1	1.0	
urn:hadith:0256Bukhari.Sahih:1329	1329	1393	Fath al-Bari numbering	text match to 0256Bukhari.Sahih.Shamela0001681-ara1	0.86	
urn:hadith:0256Bukhari.Sahih:1330	1330	1394	Fath al-Bari numbering	text match to 0256Bukhari.Sahih.Shamela0001681-ara1	0.8	
urn:hadith:0256Bukhari.Sahih:1331	1331	1395	Fath al-Bari numbering	text match to 0256Bukhari.Sahih.Shamela0001681-ara1	0.93	
urn:hadith:0256Bukhari.Sahih:1332	1332	1396	Fath al-Bari numbering	text match to 0256Bukhari.Sahih.Shamela0001681-ara1	0.83	
urn:hadith:0256Bukhari.Sahih:1333	1333	1397	Fath al-Bari numbering	text match to 0256Bukhari.Sahih.Shamela0001681-ara1	1.0	
urn:hadith:0256Bukhari.Sahih:1334	1334	1398	Fath al-Bari numbering	text match to 0256Bukhari.Sahih.Shamela0001681-ara1	0.93	
urn:hadith:0256Bukhari.Sahih:1335	1335	1399	Fath al-Bari numbering	text match to 0256Bukhari.Sahih.Shamela0001681-ara1	1.0	
urn:hadith:0256Bukhari.Sahih:1336	1336	1401	Fath al-Bari numbering	text match to 0256Bukhari.Sahih.Shamela0001681-ara1	0.92	
urn:hadith:0256Bukhari.Sahih:1337	1337	1402	Fath al-Bari numbering	text match to 0256Bukhari.Sahih.Shamela0001681-ara1	1.0	
urn:hadith:0256Bukhari.Sahih:1338	1338	1403	Fath al-Bari numbering	text match to 0256Bukhari.Sahih.Shamela0001681-ara1	0.77	
urn:hadith:0256Bukhari.Sahih:1339	1339	1404	Fath al-Bari numbering	text match to 0256Bukhari.Sahih.Shamela0001681-ara1	0.76	
urn:hadith:0256Bukhari.Sahih:1340	1340	1405	Fath al-Bari numbering	text match to 0256Bukhari.Sahih.Shamela0001681-ara1	0.91	
urn:hadith:0256Bukhari.Sahih:1341	1341	1406	Fath al-Bari numbering	text match to 0256Bukhari.Sahih.Shamela0001681-ara1	0.8	
urn:hadith:0256Bukhari.Sahih:1342	1342	1407	Fath al-Bari numbering	text match to 0256Bukhari.Sahih.Shamela0001681-ara1	1.0	
urn:hadith:0256Bukhari.Sahih:1343	1343	1409	Fath al-Bari numbering	text match to 0256Bukhari.Sahih.Shamela0001681-ara1	0.88	
urn:hadith:0256Bukhari.Sahih:1344	1344	1410	Fath al-Bari numbering	text match to 0256Bukhari.Sahih.Shamela0001681-ara1	0.74	
urn:hadith:0256Bukhari.Sahih:1345	1345	1411	Fath al-Bari numbering	text match to 0256Bukhari.Sahih.Shamela0001681-ara1	1.0	
urn:hadith:0256Bukhari.Sahih:1346	1346	1412	Fath al-Bari numbering	text match to 0256Bukhari.Sahih.Shamela0001681-ara1	1.0	
urn:hadith:0256Bukhari.Sahih:1347	1347	1413	Fath al-Bari numbering	text match to 0256Bukhari.Sahih.Shamela0001681-ara1	0.93	
urn:hadith:0256Bukhari.Sahih:1348	1348	1414	Fath al-Bari numbering	text match to 0256Bukhari.Sahih.Shamela0001681-ara1	1.0	
urn:hadith:0256Bukhari.Sahih:1349	1349	1415	Fath al-Bari numbering	text match to 0256Bukhari.Sahih.Shamela0001681-ara1	0.9	
urn:hadith:0256Bukhari.Sahih:1350	1350	1416	Fath al-Bari numbering	text match to 0256Bukhari.Sahih.Shamela0001681-ara1	0.86	
urn:hadith:0256Bukhari.Sahih:1351	1351	1417	Fath al-Bari numbering	text match to 0256Bukhari.Sahih.Shamela0001681-ara1	1.0	
urn:hadith:0256Bukhari.Sahih:1352	1352	1418	Fath al-Bari numbering	text match to 0256Bukhari.Sahih.Shamela0001681-ara1	1.0	
urn:hadith:0256Bukhari.Sahih:1353	1353	1419	Fath al-Bari numbering	text match to 0256Bukhari.Sahih.Shamela0001681-ara1	1.0	
urn:hadith:0256Bukhari.Sahih:1354	1354	1420	Fath al-Bari numbering	text match to 0256Bukhari.Sahih.Shamela0001681-ara1	1.0	
urn:hadith:0256Bukhari.Sahih:1355	1355	1421	Fath al-Bari numbering	text match to 0256Bukhari.Sahih.Shamela0001681-ara1	1.0	
urn:hadith:0256Bukhari.Sahih:1356	1356	1422	Fath al-Bari numbering	text match to 0256Bukhari.Sahih.Shamela0001681-ara1	0.93	
urn:hadith:0256Bukhari.Sahih:1357	1357	1423	Fath al-Bari numbering	text match to 0256Bukhari.Sahih.Shamela0001681-ara1	1.0	
urn:hadith:0256Bukhari.Sahih:1358	1358	1424	Fath al-Bari numbering	text match to 0256Bukhari.Sahih.Shamela0001681-ara1	1.0	
urn:hadith:0256Bukhari.Sahih:1359	1359	1425	Fath al-Bari numbering	text match to 0256Bukhari.Sahih.Shamela0001681-ara1	1.0	
urn:hadith:0256Bukhari.Sahih:1360	1360	1426	Fath al-Bari numbering	text match to 0256Bukhari.Sahih.Shamela0001681-ara1	1.0	
urn:hadith:0256Bukhari.Sahih:1361	1361	1427	Fath al-Bari numbering	text match to 0256Bukhari.Sahih.Shamela0001681-ara1	0.75	
urn:hadith:0256Bukhari.Sahih:1362	1362	1429	Fath al-Bari numbering	text match to 0256Bukhari.Sahih.Shamela0001681-ara1	0.94	
urn:hadith:0256Bukhari.Sahih:1363	1363	1430	Fath al-Bari numbering	text match to 0256Bukhari.Sahih.Shamela0001681-ara1	0.9	
urn:hadith:0256Bukhari.Sahih:1364	1364	1431	Fath al-Bari numbering	text match to 0256Bukhari.Sahih.Shamela0001681-ara1	0.88	
urn:hadith:0256Bukhari.Sahih:1365	1365	1432	Fath al-Bari numbering	text match to 0256Bukhari.Sahih.Shamela0001681-ara1	1.0	
urn:hadith:0256Bukhari.Sahih:1366	1366	1433	Fath al-Bari numbering	text match to 0256Bukhari.Sahih.Shamela0001681-ara1	1.0	
urn:hadith:0256Bukhari.Sahih:1367	1367	1434	Fath al-Bari numbering	text match to 0256Bukhari.Sahih.Shamela0001681-ara1	0.73	
urn:hadith:0256Bukhari.Sahih:1368	1368	1435	Fath al-Bari numbering	text match to 0256Bukhari.Sahih.Shamela0001681-ara1	1.0	
urn:hadith:0256Bukhari.Sahih:1369	1369	1436	Fath al-Bari numbering	text match to 0256Bukhari.Sahih.Shamela0001681-ara1	0.92	
urn:hadith:0256Bukhari.Sahih:1370	1370	1437	Fath al-Bari numbering	text match to 0256Bukhari.Sahih.Shamela0001681-ara1	1.0	
urn:hadith:0256Bukhari.Sahih:1371	1371	1438	Fath al-Bari numbering	text match to 0256Bukhari.Sahih.Shamela0001681-ara1	0.89	
urn:hadith:0256Bukhari.Sahih:1372	1372	1440	Fath al-Bari numbering	text match to 0256Bukhari.Sahih.Shamela0001681-ara1	0.58	
urn:hadith:0256Bukhari.Sahih:1373	1373	1441	Fath al-Bari numbering	text match to 0256Bukhari.Sahih.Shamela0001681-ara1	1.0	
urn:hadith:0256Bukhari.Sahih:1374	1374	1442	Fath al-Bari numbering	text match to 0256Bukhari.Sahih.Shamela0001681-ara1	1.0	
urn:hadith:0256Bukhari.Sahih:1375	1375	1443	Fath al-Bari numbering	text match to 0256Bukhari.Sahih.Shamela0001681-ara1	0.93	
urn:hadith:0256Bukhari.Sahih:1376	1376	1445	Fath al-Bari numbering	text match to 0256Bukhari.Sahih.Shamela0001681-ara1	1.0	
urn:hadith:0256Bukhari.Sahih:1377	1377	1446	Fath al-Bari numbering	text match to 0256Bukhari.Sahih.Shamela0001681-ara1	1.0	
urn:hadith:0256Bukhari.Sahih:1378	1378	1447	Fath al-Bari numbering	text match to 0256Bukhari.Sahih.Shamela0001681-ara1	1.0	shared number
urn:hadith:0256Bukhari.Sahih:1379	1379	1447	Fath al-Bari numbering	text match to 0256Bukhari.Sahih.Shamela0001681-ara1	1.0	shared number
urn:hadith:0256Bukhari.Sahih:1380	1380	1448	Fath al-Bari numbering	text match to 0256Bukhari.Sahih.Shamela0001681-ara1	0.92	
urn:hadith:0256Bukhari.Sahih:1381	1381	1449	Fath al-Bari numbering	text match to 0256Bukhari.Sahih.Shamela0001681-ara1	0.9	
urn:hadith:0256Bukhari.Sahih:1382	1382	1450	Fath al-Bari numbering	text match to 0256Bukhari.Sahih.Shamela0001681-ara1	1.0	
urn:hadith:0256Bukhari.Sahih:1383	1383	1451	Fath al-Bari numbering	text match to 0256Bukhari.Sahih.Shamela0001681-ara1	1.0	
urn:hadith:0256Bukhari.Sahih:1384	1384	1452	Fath al-Bari numbering	text match to 0256Bukhari.Sahih.Shamela0001681-ara1	0.91	
urn:hadith:0256Bukhari.Sahih:1385	1385	1453	Fath al-Bari numbering	text match to 0256Bukhari.Sahih.Shamela0001681-ara1	1.0	
urn:hadith:0256Bukhari.Sahih:1386	1386	1454	Fath al-Bari numbering	text match to 0256Bukhari.Sahih.Shamela0001681-ara1	1.0	
urn:hadith:0256Bukhari.Sahih:1387	1387	1455	Fath al-Bari numbering	text match to 0256Bukhari.Sahih.Shamela0001681-ara1	0.91	
urn:hadith:0256Bukhari.Sahih:1388	1388	1456	Fath al-Bari numbering	text match to 0256Bukhari.Sahih.Shamela0001681-ara1	0.63	
urn:hadith:0256Bukhari.Sahih:1389	1389	1458	Fath al-Bari numbering	text match to 0256Bukhari.Sahih.Shamela0001681-ara1	0.93	
urn:hadith:0256Bukhari.Sahih:1390	1390	1459	Fath al-Bari numbering	text match to 0256Bukhari.Sahih.Shamela0001681-ara1	1.0	
urn:hadith:0256Bukhari.Sahih:1391	1391	1460	Fath al-Bari numbering	text match to 0256Bukhari.Sahih.Shamela0001681-ara1	1.0	
urn:hadith:0256Bukhari.Sahih:1392	1392	1461	Fath al-Bari numbering	text match to 0256Bukhari.Sahih.Shamela0001681-ara1	0.92	
urn:hadith:0256Bukhari.Sahih:1393	1393	1462	Fath al-Bari numbering	text match to 0256Bukhari.Sahih.Shamela0001681-ara1	0.88	
urn:hadith:0256Bukhari.Sahih:1394	1394	1463	Fath al-Bari numbering	text match to 0256Bukhari.Sahih.Shamela0001681-ara1	1.0	
urn:hadith:0256Bukhari.Sahih:1395	1395	1464	Fath al-Bari numbering	text match to 0256Bukhari.Sahih.Shamela0001681-ara1	0.98	
urn:hadith:0256Bukhari.Sahih:1396	1396	1465	Fath al-Bari numbering	text match to 0256Bukhari.Sahih.Shamela0001681-ara1	0.92	
urn:hadith:0256Bukhari.Sahih:1397	1397	1466	Fath al-Bari numbering	text match to 0256Bukhari.Sahih.Shamela0001681-ara1	1.0	
urn:hadith:0256Bukhari.Sahih:1398	1398	1467	Fath al-Bari numbering	text match to 0256Bukhari.Sahih.Shamela0001681-ara1	0.87	
urn:hadith:0256Bukhari.Sahih:1399	1399	1468	Fath al-Bari numbering	text match to 0256Bukhari.Sahih.Shamela0001681-ara1	0.87	
urn:hadith:0256Bukhari.Sahih:1400	1400	1469	Fath al-Bari numbering	text match to 0256Bukhari.Sahih.Shamela0001681-ara1	0.92	
urn:hadith:0256Bukhari.Sahih:1401	1401	1470	Fath al-Bari numbering	text match to 0256Bukhari.Sahih.Shamela0001681-ara1	1.0	
urn:hadith:0256Bukhari.Sahih:1402	1402	1471	Fath al-Bari numbering	text match to 0256Bukhari.Sahih.Shamela0001681-ara1	1.0	
urn:hadith:0256Bukhari.Sahih:1403	1403	1472	Fath al-Bari numbering	text match to 0256Bukhari.Sahih.Shamela0001681-ara1	0.92	
urn:hadith:0256Bukhari.Sahih:1404	1404	1473	Fath al-Bari numbering	text match to 0256Bukhari.Sahih.Shamela0001681-ara1	1.0	
urn:hadith:0256Bukhari.Sahih:1405	1405	1474	Fath al-Bari numbering	text match to 0256Bukhari.Sahih.Shamela0001681-ara1	0.61	
urn:hadith:0256Bukhari.Sahih:1406	1406	1476	Fath al-Bari numbering	text match to 0256Bukhari.Sahih.Shamela0001681-ara1	1.0	
urn:hadith:0256Bukhari.Sahih:1407	1407	1477	Fath al-Bari numbering	text match to 0256Bukhari.Sahih.Shamela0001681-ara1	0.91	
urn:hadith:0256Bukhari.Sahih:1408	1408	1478	Fath al-Bari numbering	text match to 0256Bukhari.Sahih.Shamela0001681-ara1	0.86	
urn:hadith:0256Bukhari.Sahih:1409	1409	1479	Fath al-Bari numbering	text match to 0256Bukhari.Sahih.Shamela0001681-ara1	1.0	
urn:hadith:0256Bukhari.Sahih:1410	1410	1480	Fath al-Bari numbering	text match to 0256Bukhari.Sahih.Shamela0001681-ara1	0.96	
urn:hadith:0256Bukhari.Sahih:1411	1411	1481	Fath al-Bari numbering	text match to 0256Bukhari.Sahih.Shamela0001681-ara1	1.0	
urn:hadith:0256Bukhari.Sahih:1412	1412	1483	Fath al-Bari numbering	text match to 0256Bukhari.Sahih.Shamela0001681-ara1	0.93	
urn:hadith:0256Bukhari.Sahih:1413	1413	1484	Fath al-Bari numbering	text match to 0256Bukhari.Sahih.Shamela0001681-ara1	1.0	
urn:hadith:0256Bukhari.Sahih:1414	1414	1485	Fath al-Bari numbering	text match to 0256Bukhari.Sahih.Shamela0001681-ara1	0.93	
urn:hadith:0256Bukhari.Sahih:1415	1415	1486	Fath al-Bari numbering	text match to 0256Bukhari.Sahih.Shamela0001681-ara1	0.84	
urn:hadith:0256Bukhari.Sahih:1416	1416	1487	Fath al-Bari numbering	text match to 0256Bukhari.Sahih.Shamela0001681-ara1	1.0	
urn:hadith:0256Bukhari.Sahih:1417	1417	1488	Fath al-Bari numbering	text match to 0256Bukhari.Sahih.Shamela0001681-ara1	1.0	
urn:hadith:0256Bukhari.Sahih:1418	1418	1489	Fath al-Bari numbering	text match to 0256Bukhari.Sahih.Shamela0001681-ara1	0.86	
urn:hadith:0256Bukhari.Sahih:1419	1419	1490	Fath al-Bari numbering	text match to 0256Bukhari.Sahih.Shamela0001681-ara1	0.91	
urn:hadith:0256Bukhari.Sahih:1420	1420	1491	Fath al-Bari numbering	text match to 0256Bukhari.Sahih.Shamela0001681-ara1	1.0	
urn:hadith:0256Bukhari.Sahih:1421	1421	1492	Fath al-Bari numbering	text match to 0256Bukhari.Sahih.Shamela0001681-ara1	0.6	
urn:hadith:0256Bukhari.Sahih:1422	1422	1493	Fath al-Bari numbering	text match to 0256Bukhari.Sahih.Shamela0001681-ara1	1.0	
urn:hadith:0256Bukhari.Sahih:1423	1423	1494	Fath al-Bari numbering	text match to 0256Bukhari.Sahih.Shamela0001681-ara1	1.0	
urn:hadith:0256Bukhari.Sahih:1424	1424	1495	Fath al-Bari numbering	text match to 0256Bukhari.Sahih.Shamela0001681-ara1	1.0	
urn:hadith:0256Bukhari.Sahih:1425	1425	1496	Fath al-Bari numbering	text match to 0256Bukhari.Sahih.Shamela0001681-ara1	0.84	
urn:hadith:0256Bukhari.Sahih:1426	1426	1497	Fath al-Bari numbering	text match to 0256Bukhari.Sahih.Shamela0001681-ara1	1.0	
urn:hadith:0256Bukhari.Sahih:1427	1427	1498	Fath al-Bari numbering	text match to 0256Bukhari.Sahih.Shamela0001681-ara1	1.0	
urn:hadith:0256Bukhari.Sahih:1428	1428	1499	Fath al-Bari numbering	text match to 0256Bukhari.Sahih.Shamela0001681-ara1	0.87	
urn:hadith:0256Bukhari.Sahih:1429	1429	1500	Fath al-Bari numbering	text match to 0256Bukhari.Sahih.Shamela0001681-ara1	0.86	
urn:hadith:0256Bukhari.Sahih:1430	1430	1501	Fath al-Bari numbering	text match to 0256Bukhari.Sahih.Shamela0001681-ara1	1.0	
urn:hadith:0256Bukhari.Sahih:1431	1431	1502	Fath al-Bari numbering	text match to 0256Bukhari.Sahih.Shamela0001681-ara1	0.91	
urn:hadith:0256Bukhari.Sahih:1432	1432	1503	Fath al-Bari numbering	text match to 0256Bukhari.Sahih.Shamela0001681-ara1	0.91	
urn:hadith:0256Bukhari.Sahih:1433	1433	1504	Fath al-Bari numbering	text match to 0256Bukhari.Sahih.Shamela0001681-ara1	0.87	
urn:hadith:0256Bukhari.Sahih:1434	1434	1505	Fath al-Bari numbering	text match to 0256Bukhari.Sahih.Shamela0001681-ara1	0.91	
urn:hadith:0256Bukhari.Sahih:1435	1435	1506	Fath al-Bari numbering	text match to 0256Bukhari.Sahih.Shamela0001681-ara1	1.0	
urn:hadith:0256Bukhari.Sahih:1436	1436	1507	Fath al-Bari numbering	text match to 0256Bukhari.Sahih.Shamela0001681-ara1	0.89	
urn:hadith:0256Bukhari.Sahih:1437	1437	1508	Fath al-Bari numbering	text match to 0256Bukhari.Sahih.Shamela0001681-ara1	0.94	
urn:hadith:0256Bukhari.Sahih:1438	1438	1509	Fath al-Bari numbering	text match to 0256Bukhari.Sahih.Shamela0001681-ara1	0.82	
urn:hadith:0256Bukhari.Sahih:1439	1439	1510	Fath al-Bari numbering	text match to 0256Bukhari.Sahih.Shamela0001681-ara1	0.86	
urn:hadith:0256Bukhari.Sahih:1440	1440	1511	Fath al-Bari numbering	text match to 0256Bukhari.Sahih.Shamela0001681-ara1	0.71	
urn:hadith:0256Bukhari.Sahih:1441	1441	1512	Fath al-Bari numbering	text match to 0256Bukhari.Sahih.Shamela0001681-ara1	0.76	
urn:hadith:0256Bukhari.Sahih:1442	1442	1513	Fath al-Bari numbering	text match to 0256Bukhari.Sahih.Shamela0001681-ara1	0.87	
urn:hadith:0256Bukhari.Sahih:1443	1443	1514	Fath al-Bari numbering	text match to 0256Bukhari.Sahih.Shamela0001681-ara1	0.55	
urn:hadith:0256Bukhari.Sahih:1444	1444	1515	Fath al-Bari numbering	text match to 0256Bukhari.Sahih.Shamela0001681-ara1	0.8	
urn:hadith:0256Bukhari.Sahih:1445	1445	1517	Fath al-Bari numbering	text match to 0256Bukhari.Sahih.Shamela0001681-ara1	1.0	
urn:hadith:0256Bukhari.Sahih:1446	1446	1518	Fath al-Bari numbering	text match to 0256Bukhari.Sahih.Shamela0001681-ara1	1.0	
urn:hadith:0256Bukhari.Sahih:1447	1447	1519	Fath al-Bari numbering	text match to 0256Bukhari.Sahih.Shamela0001681-ara1	1.0	
urn:hadith:0256Bukhari.Sahih:1448	1448	1520	Fath al-Bari numbering	text match to 0256Bukhari.Sahih.Shamela0001681-ara1	1.0	
urn:hadith:0256Bukhari.Sahih:1449	1449	1521	Fath al-Bari numbering	text match to 0256Bukhari.Sahih.Shamela0001681-ara1	1.0	
urn:hadith:0256Bukhari.Sahih:1450	1450	1522	Fath al-Bari numbering	text match to 0256Bukhari.Sahih.Shamela0001681-ara1	1.0	
urn:hadith:0256Bukhari.Sahih:1451	1451	1523	Fath al-Bari numbering	text match to 0256Bukhari.Sahih.Shamela0001681-ara1	0.77	
urn:hadith:0256Bukhari.Sahih:1452	1452	1524	Fath al-Bari numbering	text match to 0256Bukhari.Sahih.Shamela0001681-ara1	0.82	
urn:hadith:0256Bukhari.Sahih:1453	1453	1525	Fath al-Bari numbering	text match to 0256Bukhari.Sahih.Shamela0001681-ara1	0.9	
urn:hadith:0256Bukhari.Sahih:1454	1454	1526	Fath al-Bari numbering	text match to 0256Bukhari.Sahih.Shamela0001681-ara1	0.92	
urn:hadith:0256Bukhari.Sahih:1455	1455	1528	Fath al-Bari numbering	text match to 0256Bukhari.Sahih.Shamela0001681-ara1	0.61	
urn:hadith:0256Bukhari.Sahih:1456	1456	1529	Fath al-Bari numbering	text match to 0256Bukhari.Sahih.Shamela0001681-ara1	0.91	
urn:hadith:0256Bukhari.Sahih:1457	1457	1530	Fath al-Bari numbering	text match to 0256Bukhari.Sahih.Shamela0001681-ara1	0.92	
urn:hadith:0256Bukhari.Sahih:1458	1458	1531	Fath al-Bari numbering	text match to 0256Bukhari.Sahih.Shamela0001681-ara1	0.91	
urn:hadith:0256Bukhari.Sahih:1459	1459	1532	Fath al-Bari numbering	text match to 0256Bukhari.Sahih.Shamela0001681-ara1	1.0	
urn:hadith:0256Bukhari.Sahih:1460	1460	1533	Fath al-Bari numbering	text match to 0256Bukhari.Sahih.Shamela0001681-ara1	1.0	
urn:hadith:0256Bukhari.Sahih:1461	1461	1534	Fath al-Bari numbering	text match to 0256Bukhari.Sahih.Shamela0001681-ara1	0.9	
urn:hadith:0256Bukhari.Sahih:1462	1462	1535	Fath al-Bari numbering	text match to 0256Bukhari.Sahih.Shamela0001681-ara1	0.93	
urn:hadith:0256Bukhari.Sahih:1463	1463	1536	Fath al-Bari numbering	text match to 0256Bukhari.Sahih.Shamela0001681-ara1	0.93	
urn:hadith:0256Bukhari.Sahih:1465	1465	1539	Fath al-Bari numbering	text match to 0256Bukhari.Sahih.Shamela0001681-ara1	1.0	
urn:hadith:0256Bukhari.Sahih:1466	1466	1540	Fath al-Bari numbering	text match to 0256Bukhari.Sahih.Shamela0001681-ara1	0.61	
urn:hadith:0256Bukhari.Sahih:1467	1467	1542	Fath al-Bari numbering	text match to 0256Bukhari.Sahih.Shamela0001681-ara1	0.6	
urn:hadith:0256Bukhari.Sahih:1468	1468	1543	Fath al-Bari numbering	text match to 0256Bukhari.Sahih.Shamela0001681-ara1	1.0	
urn:hadith:0256Bukhari.Sahih:1469	1469	1544	Fath al-Bari numbering	text match to 0256Bukhari.Sahih.Shamela0001681-ara1	0.92	
urn:hadith:0256Bukhari.Sahih:1470	1470	1545	Fath al-Bari numbering	text match to 0256Bukhari.Sahih.Shamela0001681-ara1	1.0	
urn:hadith:0256Bukhari.Sahih:1471	1471	1546	Fath al-Bari numbering	text match to 0256Bukhari.Sahih.Shamela0001681-ara1	0.88	
urn:hadith:0256Bukhari.Sahih:1472	1472	1547	Fath al-Bari numbering	text match to 0256Bukhari.Sahih.Shamela0001681-ara1	1.0	
urn:hadith:0256Bukhari.Sahih:1473	1473	1548	Fath al-Bari numbering	text match to 0256Bukhari.Sahih.Shamela0001681-ara1	1.0	
urn:hadith:0256Bukhari.Sahih:1474	1474	1549	Fath al-Bari numbering	text match to 0256Bukhari.Sahih.Shamela0001681-ara1	1.0	
urn:hadith:0256Bukhari.Sahih:1475	1475	1550	Fath al-Bari numbering	text match to 0256Bukhari.Sahih.Shamela0001681-ara1	1.0	
urn:hadith:0256Bukhari.Sahih:1476	1476	1551	Fath al-Bari numbering	text match to 0256Bukhari.Sahih.Shamela0001681-ara1	1.0	
urn:hadith:0256Bukhari.Sahih:1477	1477	1552	Fath al-Bari numbering	text match to 0256Bukhari.Sahih.Shamela0001681-ara1	0.63	
urn:hadith:0256Bukhari.Sahih:1478	1478	1553	Fath al-Bari numbering	text match to 0256Bukhari.Sahih.Shamela0001681-ara1	0.92	
urn:hadith:0256Bukhari.Sahih:1479	1479	1554	Fath al-Bari numbering	text match to 0256Bukhari.Sahih.Shamela0001681-ara1	0.9	
urn:hadith:0256Bukhari.Sahih:1480	1480	1555	Fath al-Bari numbering	text match to 0256Bukhari.Sahih.Shamela0001681-ara1	0.56	
urn:hadith:0256Bukhari.Sahih:1481	1481	1556	Fath al-Bari numbering	text match to 0256Bukhari.Sahih.Shamela0001681-ara1	0.93	
urn:hadith:0256Bukhari.Sahih:1482	1482	1557	Fath al-Bari numbering	text match to 0256Bukhari.Sahih.Shamela0001681-ara1	0.81	
urn:hadith:0256Bukhari.Sahih:1483	1483	1558	Fath al-Bari numbering	text match to 0256Bukhari.Sahih.Shamela0001681-ara1	0.72	
urn:hadith:0256Bukhari.Sahih:1484	1484	1559	Fath al-Bari numbering	text match to 0256Bukhari.Sahih.Shamela0001681-ara1	1.0	
urn:hadith:0256Bukhari.Sahih:1485	1485	1560	Fath al-Bari numbering	text match to 0256Bukhari.Sahih.Shamela0001681-ara1	1.0	
urn:hadith:0256Bukhari.Sahih:1486	1486	1561	Fath al-Bari numbering	text match to 0256Bukhari.Sahih.Shamela0001681-ara1	1.0	
urn:hadith:0256Bukhari.Sahih:1487	1487	1562	Fath al-Bari numbering	text match to 0256Bukhari.Sahih.Shamela0001681-ara1	1.0	
urn:hadith:0256Bukhari.Sahih:1488	1488	1563	Fath al-Bari numbering	text match to 0256Bukhari.Sahih.Shamela0001681-ara1	1.0	
urn:hadith:0256Bukhari.Sahih:1489	1489	1564	Fath al-Bari numbering	text match to 0256Bukhari.Sahih.Shamela0001681-ara1	0.85	
urn:hadith:0256Bukhari.Sahih:1490	1490	1565	Fath al-Bari numbering	text match to 0256Bukhari.Sahih.Shamela0001681-ara1	0.93	
urn:hadith:0256Bukhari.Sahih:1491	1491	1566	Fath al-Bari numbering	text match to 0256Bukhari.Sahih.Shamela0001681-ara1	0.9	
urn:hadith:0256Bukhari.Sahih:1492	1492	1567	Fath al-Bari numbering	text match to 0256Bukhari.Sahih.Shamela0001681-ara1	0.82	
urn:hadith:0256Bukhari.Sahih:1493	1493	1568	Fath al-Bari numbering	text match to 0256Bukhari.Sahih.Shamela0001681-ara1	1.0	
urn:hadith:0256Bukhari.Sahih:1494	1494	1569	Fath al-Bari numbering	text match to 0256Bukhari.Sahih.Shamela0001681-ara1	1.0	
urn:hadith:0256Bukhari.Sahih:1495	1495	1570	Fath al-Bari numbering	text match to 0256Bukhari.Sahih.Shamela0001681-ara1	0.9	
urn:hadith:0256Bukhari.Sahih:1496	1496	1571	Fath al-Bari numbering	text match to 0256Bukhari.Sahih.Shamela0001681-ara1	1.0	
urn:hadith:0256Bukhari.Sahih:1497	1497	1572	Fath al-Bari numbering	text match to 0256Bukhari.Sahih.Shamela0001681-ara1	0.8	
urn:hadith:0256Bukhari.Sahih:1498	1498	1573	Fath al-Bari numbering	text match to 0256Bukhari.Sahih.Shamela0001681-ara1	0.76	
urn:hadith:0256Bukhari.Sahih:1499	1499	1574	Fath al-Bari numbering	text match to 0256Bukhari.Sahih.Shamela0001681-ara1	0.7	
urn:hadith:0256Bukhari.Sahih:1500	1500	1575	Fath al-Bari numbering	text match to 0256Bukhari.Sahih.Shamela0001681-ara1	0.83	
urn:hadith:0256Bukhari.Sahih:1501	1501	1576	Fath al-Bari numbering	text match to 0256Bukhari.Sahih.Shamela0001681-ara1	0.86	
urn:hadith:0256Bukhari.Sahih:1502	1502	1577	Fath al-Bari numbering	text match to 0256Bukhari.Sahih.Shamela0001681-ara1	1.0	
urn:hadith:0256Bukhari.Sahih:1503	1503	1578	Fath al-Bari numbering	text match to 0256Bukhari.Sahih.Shamela0001681-ara1	0.64	
urn:hadith:0256Bukhari.Sahih:1505	1505	1582	Fath al-Bari numbering	text match to 0256Bukhari.Sahih.Shamela0001681-ara1	0.91	
urn:hadith:0256Bukhari.Sahih:1506	1506	1583	Fath al-Bari numbering	text match to 0256Bukhari.Sahih.Shamela0001681-ara1	0.93	
urn:hadith:0256Bukhari.Sahih:1507	1507	1584	Fath al-Bari numbering	text match to 0256Bukhari.Sahih.Shamela0001681-ara1	0.89	
urn:hadith:0256Bukhari.Sahih:1508	1508	1585	Fath al-Bari numbering	text match to 0256Bukhari.Sahih.Shamela0001681-ara1	1.0	
urn:hadith:0256Bukhari.Sahih:1509	1509	1586	Fath al-Bari numbering	text match to 0256Bukhari.Sahih.Shamela0001681-ara1	0.87	
urn:hadith:0256Bukhari.Sahih:1510	1510	1587	Fath al-Bari numbering	text match to 0256Bukhari.Sahih.Shamela0001681-ara1	0.89	
urn:hadith:0256Bukhari.Sahih:1511	1511	1588	Fath al-Bari numbering	text match to 0256Bukhari.Sahih.Shamela0001681-ara1	0.87	
urn:hadith:0256Bukhari.Sahih:1512	1512	1589	Fath al-Bari numbering	text match to 0256Bukhari.Sahih.Shamela0001681-ara1	1.0	
urn:hadith:0256Bukhari.Sahih:1513	1513	1590	Fath al-Bari numbering	text match to 0256Bukhari.Sahih.Shamela0001681-ara1	1.0	
urn:hadith:0256Bukhari.Sahih:1514	1514	1591	Fath al-Bari numbering	text match to 0256Bukhari.Sahih.Shamela0001681-ara1	1.0	
urn:hadith:0256Bukhari.Sahih:1515	1515	1592	Fath al-Bari numbering	text match to 0256Bukhari.Sahih.Shamela0001681-ara1	0.86	
urn:hadith:0256Bukhari.Sahih:1516	1516	1593	Fath al-Bari numbering	text match to 0256Bukhari.Sahih.Shamela0001681-ara1	1.0	
urn:hadith:0256Bukhari.Sahih:1517	1517	1594	Fath al-Bari numbering	text match to 0256Bukhari.Sahih.Shamela0001681-ara1	0.91	
urn:hadith:0256Bukhari.Sahih:1518	1518	1595	Fath al-Bari numbering	text match to 0256Bukhari.Sahih.Shamela0001681-ara1	0.73	
urn:hadith:0256Bukhari.Sahih:1519	1519	1596	Fath al-Bari numbering	text match to 0256Bukhari.Sahih.Shamela0001681-ara1	0.84	
urn:hadith:0256Bukhari.Sahih:1520	1520	1597	Fath al-Bari numbering	text match to 0256Bukhari.Sahih.Shamela0001681-ara1	1.0	
urn:hadith:0256Bukhari.Sahih:1521	1521	1598	Fath al-Bari numbering	text match to 0256Bukhari.Sahih.Shamela0001681-ara1	0.9	
urn:hadith:0256Bukhari.Sahih:1522	1522	1599	Fath al-Bari numbering	text match to 0256Bukhari.Sahih.Shamela0001681-ara1	0.85	
urn:hadith:0256Bukhari.Sahih:1523	1523	1600	Fath al-Bari numbering	text match to 0256Bukhari.Sahih.Shamela0001681-ara1	1.0	
urn:hadith:0256Bukhari.Sahih:1524	1524	1601	Fath al-Bari numbering	text match to 0256Bukhari.Sahih.Shamela0001681-ara1	0.84	
urn:hadith:0256Bukhari.Sahih:1525	1525	1602	Fath al-Bari numbering	text match to 0256Bukhari.Sahih.Shamela0001681-ara1	0.84	
urn:hadith:0256Bukhari.Sahih:1526	1526	1603	Fath al-Bari numbering	text match to 0256Bukhari.Sahih.Shamela0001681-ara1	0.74	
urn:hadith:0256Bukhari.Sahih:1527	1527	1604	Fath al-Bari numbering	text match to 0256Bukhari.Sahih.Shamela0001681-ara1	0.74	
urn:hadith:0256Bukhari.Sahih:1528	1528	1605	Fath al-Bari numbering	text match to 0256Bukhari.Sahih.Shamela0001681-ara1	0.94	
urn:hadith:0256Bukhari.Sahih:1529	1529	1606	Fath al-Bari numbering	text match to 0256Bukhari.Sahih.Shamela0001681-ara1	0.77	
urn:hadith:0256Bukhari.Sahih:1530	1530	1607	Fath al-Bari numbering	text match to 0256Bukhari.Sahih.Shamela0001681-ara1	0.58	
urn:hadith:0256Bukhari.Sahih:1531	1531	1609	Fath al-Bari numbering	text match to 0256Bukhari.Sahih.Shamela0001681-ara1	0.82	
urn:hadith:0256Bukhari.Sahih:1532	1532	1610	Fath al-Bari numbering	text match to 0256Bukhari.Sahih.Shamela0001681-ara1	1.0	
urn:hadith:0256Bukhari.Sahih:1533	1533	1611	Fath al-Bari numbering	text match to 0256Bukhari.Sahih.Shamela0001681-ara1	0.8	
urn:hadith:0256Bukhari.Sahih:1534	1534	1612	Fath al-Bari numbering	text match to 0256Bukhari.Sahih.Shamela0001681-ara1	0.83	
urn:hadith:0256Bukhari.Sahih:1535	1535	1613	Fath al-Bari numbering	text match to 0256Bukhari.Sahih.Shamela0001681-ara1	0.88	
urn:hadith:0256Bukhari.Sahih:1536	1536	1614	Fath al-Bari numbering	text match to 0256Bukhari.Sahih.Shamela0001681-ara1	0.95	
urn:hadith:0256Bukhari.Sahih:1537	1537	1616	Fath al-Bari numbering	text match to 0256Bukhari.Sahih.Shamela0001681-ara1	1.0	
urn:hadith:0256Bukhari.Sahih:1538	1538	1617	Fath al-Bari numbering	text match to 0256Bukhari.Sahih.Shamela0001681-ara1	0.88	
urn:hadith:0256Bukhari.Sahih:1539	1539	1618	Fath al-Bari numbering	text match to 0256Bukhari.Sahih.Shamela0001681-ara1	0.78	
urn:hadith:0256Bukhari.Sahih:1540	1540	1619	Fath al-Bari numbering	text match to 0256Bukhari.Sahih.Shamela0001681-ara1	1.0	
urn:hadith:0256Bukhari.Sahih:1541	1541	1620	Fath al-Bari numbering	text match to 0256Bukhari.Sahih.Shamela0001681-ara1	0.81	
urn:hadith:0256Bukhari.Sahih:1542	1542	1621	Fath al-Bari numbering	text match to 0256Bukhari.Sahih.Shamela0001681-ara1	0.63	
urn:hadith:0256Bukhari.Sahih:1543	1543	1622	Fath al-Bari numbering	text match to 0256Bukhari.Sahih.Shamela0001681-ara1	0.91	
urn:hadith:0256Bukhari.Sahih:1544	1544	1623	Fath al-Bari numbering	text match to 0256Bukhari.Sahih.Shamela0001681-ara1	0.65	
urn:hadith:0256Bukhari.Sahih:1545	1545	1625	Fath al-Bari numbering	text match to 0256Bukhari.Sahih.Shamela0001681-ara1	1.0	
urn:hadith:0256Bukhari.Sahih:1546	1546	1626	Fath al-Bari numbering	text match to 0256Bukhari.Sahih.Shamela0001681-ara1	0.91	
urn:hadith:0256Bukhari.Sahih:1547	1547	1627	Fath al-Bari numbering	text match to 0256Bukhari.Sahih.Shamela0001681-ara1	0.88	
urn:hadith:0256Bukhari.Sahih:1548	1548	1628	Fath al-Bari numbering	text match to 0256Bukhari.Sahih.Shamela0001681-ara1	1.0	
urn:hadith:0256Bukhari.Sahih:1549	1549	1629	Fath al-Bari numbering	text match to 0256Bukhari.Sahih.Shamela0001681-ara1	1.0	
urn:hadith:0256Bukhari.Sahih:1551	1551	1632	Fath al-Bari numbering	text match to 0256Bukhari.Sahih.Shamela0001681-ara1	0.85	
urn:hadith:0256Bukhari.Sahih:1552	1552	1633	Fath al-Bari numbering	text match to 0256Bukhari.Sahih.Shamela0001681-ara1	0.91	
urn:hadith:0256Bukhari.Sahih:1553	1553	1634	Fath al-Bari numbering	text match to 0256Bukhari.Sahih.Shamela0001681-ara1	0.88	
urn:hadith:0256Bukhari.Sahih:1554	1554	1635	Fath al-Bari numbering	text match to 0256Bukhari.Sahih.Shamela0001681-ara1	0.93	
urn:hadith:0256Bukhari.Sahih:1555	1555	1636	Fath al-Bari numbering	text match to 0256Bukhari.Sahih.Shamela0001681-ara1	1.0	
urn:hadith:0256Bukhari.Sahih:1556	1556	1637	Fath al-Bari numbering	text match to 0256Bukhari.Sahih.Shamela0001681-ara1	0.76	
urn:hadith:0256Bukhari.Sahih:1557	1557	1638	Fath al-Bari numbering	text match to 0256Bukhari.Sahih.Shamela0001681-ara1	0.93	
urn:hadith:0256Bukhari.Sahih:1558	1558	1639	Fath al-Bari numbering	text match to 0256Bukhari.Sahih.Shamela0001681-ara1	0.87	
urn:hadith:0256Bukhari.Sahih:1559	1559	1640	Fath al-Bari numbering	text match to 0256Bukhari.Sahih.Shamela0001681-ara1	0.93	
urn:hadith:0256Bukhari.Sahih:1560	1560	1641	Fath al-Bari numbering	text match to 0256Bukhari.Sahih.Shamela0001681-ara1	0.93	
urn:hadith:0256Bukhari.Sahih:1561	1561	1643	Fath al-Bari numbering	text match to 0256Bukhari.Sahih.Shamela0001681-ara1	0.87	
urn:hadith:0256Bukhari.Sahih:1562	1562	1644	Fath al-Bari numbering	text match to 0256Bukhari.Sahih.Shamela0001681-ara1	0.93	
urn:hadith:0256Bukhari.Sahih:1563	1563	1645	Fath al-Bari numbering	text match to 0256Bukhari.Sahih.Shamela0001681-ara1	0.7	
urn:hadith:0256Bukhari.Sahih:1564	1564	1647	Fath al-Bari numbering	text match to 0256Bukhari.Sahih.Shamela0001681-ara1	0.77	
urn:hadith:0256Bukhari.Sahih:1565	1565	1648	Fath al-Bari numbering	text match to 0256Bukhari.Sahih.Shamela0001681-ara1	1.0	
urn:hadith:0256Bukhari.Sahih:1566	1566	1649	Fath al-Bari numbering	text match to 0256Bukhari.Sahih.Shamela0001681-ara1	0.73	
urn:hadith:0256Bukhari.Sahih:1567	1567	1650	Fath al-Bari numbering	text match to 0256Bukhari.Sahih.Shamela0001681-ara1	1.0	
urn:hadith:0256Bukhari.Sahih:1568	1568	1651	Fath al-Bari numbering	text match to 0256Bukhari.Sahih.Shamela0001681-ara1	1.0	
urn:hadith:0256Bukhari.Sahih:1569	1569	1652	Fath al-Bari numbering	text match to 0256Bukhari.Sahih.Shamela0001681-ara1	1.0	
urn:hadith:0256Bukhari.Sahih:1570	1570	1653	Fath al-Bari numbering	text match to 0256Bukhari.Sahih.Shamela0001681-ara1	1.0	
urn:hadith:0256Bukhari.Sahih:1571	1571	1654	Fath al-Bari numbering	text match to 0256Bukhari.Sahih.Shamela0001681-ara1	1.0	
urn:hadith:0256Bukhari.Sahih:1572	1572	1655	Fath al-Bari numbering	text match to 0256Bukhari.Sahih.Shamela0001681-ara1	0.72	
urn:hadith:0256Bukhari.Sahih:1573	1573	1656	Fath al-Bari numbering	text match to 0256Bukhari.Sahih.Shamela0001681-ara1	1.0	
urn:hadith:0256Bukhari.Sahih:1574	1574	1657	Fath al-Bari numbering	text match to 0256Bukhari.Sahih.Shamela0001681-ara1	1.0	
urn:hadith:0256Bukhari.Sahih:1575	1575	1658	Fath al-Bari numbering	text match to 0256Bukhari.Sahih.Shamela0001681-ara1	1.0	
urn:hadith:0256Bukhari.Sahih:1576	1576	1659	Fath al-Bari numbering	text match to 0256Bukhari.Sahih.Shamela0001681-ara1	1.0	
urn:hadith:0256Bukhari.Sahih:1578	1578	1661	Fath al-Bari numbering	text match to 0256Bukhari.Sahih.Shamela0001681-ara1	1.0	
urn:hadith:0256Bukhari.Sahih:1579	1579	1662	Fath al-Bari numbering	text match to 0256Bukhari.Sahih.Shamela0001681-ara1	0.93	
urn:hadith:0256Bukhari.Sahih:1580	1580	1663	Fath al-Bari numbering	text match to 0256Bukhari.Sahih.Shamela0001681-ara1	0.74	
urn:hadith:0256Bukhari.Sahih:1581	1581	1664	Fath al-Bari numbering	text match to 0256Bukhari.Sahih.Shamela0001681-ara1	1.0	
urn:hadith:0256Bukhari.Sahih:1582	1582	1665	Fath al-Bari numbering	text match to 0256Bukhari.Sahih.Shamela0001681-ara1	1.0	
urn:hadith:0256Bukhari.Sahih:1583	1583	1666	Fath al-Bari numbering	text match to 0256Bukhari.Sahih.Shamela0001681-ara1	0.93	
urn:hadith:0256Bukhari.Sahih:1584	1584	1667	Fath al-Bari numbering	text match to 0256Bukhari.Sahih.Shamela0001681-ara1	0.89	
urn:hadith:0256Bukhari.Sahih:1585	1585	1668	Fath al-Bari numbering	text match to 0256Bukhari.Sahih.Shamela0001681-ara1	1.0	
urn:hadith:0256Bukhari.Sahih:1586	1586	1669	Fath al-Bari numbering	text match to 0256Bukhari.Sahih.Shamela0001681-ara1	0.93	
urn:hadith:0256Bukhari.Sahih:1587	1587	1671	Fath al-Bari numbering	text match to 0256Bukhari.Sahih.Shamela0001681-ara1	0.85	
urn:hadith:0256Bukhari.Sahih:1588	1588	1672	Fath al-Bari numbering	text match to 0256Bukhari.Sahih.Shamela0001681-ara1	1.0	
urn:hadith:0256Bukhari.Sahih:1589	1589	1673	Fath al-Bari numbering	text match to 0256Bukhari.Sahih.Shamela0001681-ara1	0.77	
urn:hadith:0256Bukhari.Sahih:1590	1590	1674	Fath al-Bari numbering	text match to 0256Bukhari.Sahih.Shamela0001681-ara1	1.0	
urn:hadith:0256Bukhari.Sahih:1591	1591	1675	Fath al-Bari numbering	text match to 0256Bukhari.Sahih.Shamela0001681-ara1	1.0	
urn:hadith:0256Bukhari.Sahih:1592	1592	1676	Fath al-Bari numbering	text match to 0256Bukhari.Sahih.Shamela0001681-ara1	0.83	
urn:hadith:0256Bukhari.Sahih:1594	1594	1678	Fath al-Bari numbering	text match to 0256Bukhari.Sahih.Shamela0001681-ara1	0.81	
urn:hadith:0256Bukhari.Sahih:1595	1595	1679	Fath al-Bari numbering	text match to 0256Bukhari.Sahih.Shamela0001681-ara1	0.88	
urn:hadith:0256Bukhari.Sahih:1596	1596	1680	Fath al-Bari numbering	text match to 0256Bukhari.Sahih.Shamela0001681-ara1	0.83	
urn:hadith:0256Bukhari.Sahih:1597	1597	1681	Fath al-Bari numbering	text match to 0256Bukhari.Sahih.Shamela0001681-ara1	1.0	
urn:hadith:0256Bukhari.Sahih:1598	1598	1682	Fath al-Bari numbering	text match to 0256Bukhari.Sahih.Shamela0001681-ara1	1.0	
urn:hadith:0256Bukhari.Sahih:1599	1599	1683	Fath al-Bari numbering	text match to 0256Bukhari.Sahih.Shamela0001681-ara1	1.0	
urn:hadith:0256Bukhari.Sahih:1600	1600	1684	Fath al-Bari numbering	text match to 0256Bukhari.Sahih.Shamela0001681-ara1	1.0	
urn:hadith:0256Bukhari.Sahih:1601	1601	1685	Fath al-Bari numbering	text match to 0256Bukhari.Sahih.Shamela0001681-ara1	0.67	
urn:hadith:0256Bukhari.Sahih:1602	1602	1686	Fath al-Bari numbering	text match to 0256Bukhari.Sahih.Shamela0001681-ara1	0.92	
urn:hadith:0256Bukhari.Sahih:1603	1603	1688	Fath al-Bari numbering	text match to 0256Bukhari.Sahih.Shamela0001681-ara1	0.8	
urn:hadith:0256Bukhari.Sahih:1604	1604	1689	Fath al-Bari numbering	text match to 0256Bukhari.Sahih.Shamela0001681-ara1	1.0	
urn:hadith:0256Bukhari.Sahih:1605	1605	1690	Fath al-Bari numbering	text match to 0256Bukhari.Sahih.Shamela0001681-ara1	1.0	
urn:hadith:0256Bukhari.Sahih:1606	1606	1691	Fath al-Bari numbering	text match to 0256Bukhari.Sahih.Shamela0001681-ara1	0.87	
urn:hadith:0256Bukhari.Sahih:1607	1607	1693	Fath al-Bari numbering	text match to 0256Bukhari.Sahih.Shamela0001681-ara1	0.86	
urn:hadith:0256Bukhari.Sahih:1608	1608	1694	Fath al-Bari numbering	text match to 0256Bukhari.Sahih.Shamela0001681-ara1	0.91	
urn:hadith:0256Bukhari.Sahih:1609	1609	1696	Fath al-Bari numbering	text match to 0256Bukhari.Sahih.Shamela0001681-ara1	1.0	
urn:hadith:0256Bukhari.Sahih:1610	1610	1697	Fath al-Bari numbering	text match to 0256Bukhari.Sahih.Shamela0001681-ara1	0.87	
urn:hadith:0256Bukhari.Sahih:1611	1611	1698	Fath al-Bari numbering	text match to 0256Bukhari.Sahih.Shamela0001681-ara1	0.87	
urn:hadith:0256Bukhari.Sahih:1612	1612	1699	Fath al-Bari numbering	text match to 0256Bukhari.Sahih.Shamela0001681-ara1	1.0	
urn:hadith:0256Bukhari.Sahih:1613	1613	1700	Fath al-Bari numbering	text match to 0256Bukhari.Sahih.Shamela0001681-ara1	0.93	
urn:hadith:0256Bukhari.Sahih:1614	1614	1701	Fath al-Bari numbering	text match to 0256Bukhari.Sahih.Shamela0001681-ara1	1.0	
urn:hadith:0256Bukhari.Sahih:1615	1615	1702	Fath al-Bari numbering	text match to 0256Bukhari.Sahih.Shamela0001681-ara1	1.0	
urn:hadith:0256Bukhari.Sahih:1616	1616	1703	Fath al-Bari numbering	text match to 0256Bukhari.Sahih.Shamela0001681-ara1	0.94	
urn:hadith:0256Bukhari.Sahih:1617	1617	1704	Fath al-Bari numbering	text match to 0256Bukhari.Sahih.Shamela0001681-ara1	0.78	
urn:hadith:0256Bukhari.Sahih:1618	1618	1705	Fath al-Bari numbering	text match to 0256Bukhari.Sahih.Shamela0001681-ara1	0.77	
urn:hadith:0256Bukhari.Sahih:1619	1619	1706	Fath al-Bari numbering	text match to 0256Bukhari.Sahih.Shamela0001681-ara1	0.96	shared number
urn:hadith:0256Bukhari.Sahih:1620	1620	1706	Fath al-Bari numbering	text match to 0256Bukhari.Sahih.Shamela0001681-ara1	0.8	shared number
urn:hadith:0256Bukhari.Sahih:1621	1621	1707	Fath al-Bari numbering	text match to 0256Bukhari.Sahih.Shamela0001681-ara1	0.84	shared number
urn:hadith:0256Bukhari.Sahih:1622	1622	1708	Fath al-Bari numbering	text match to 0256Bukhari.Sahih.Shamela0001681-ara1	0.67	
urn:hadith:0256Bukhari.Sahih:1623	1623	1709	Fath al-Bari numbering	text match to 0256Bukhari.Sahih.Shamela0001681-ara1	1.0	
urn:hadith:0256Bukhari.Sahih:1624	1624	1710	Fath al-Bari numbering	text match to 0256Bukhari.Sahih.Shamela0001681-ara1	1.0	
urn:hadith:0256Bukhari.Sahih:1625	1625	1711	Fath al-Bari numbering	text match to 0256Bukhari.Sahih.Shamela0001681-ara1	0.87	
urn:hadith:0256Bukhari.Sahih:1626	1626	1712	Fath al-Bari numbering	text match to 0256Bukhari.Sahih.Shamela0001681-ara1	1.0	
urn:hadith:0256Bukhari.Sahih:1627	1627	1713	Fath al-Bari numbering	text match to 0256Bukhari.Sahih.Shamela0001681-ara1	0.88	
urn:hadith:0256Bukhari.Sahih:1628	1628	1714	Fath al-Bari numbering	text match to 0256Bukhari.Sahih.Shamela0001681-ara1	0.87	
urn:hadith:0256Bukhari.Sahih:1629	1629	1716	Fath al-Bari numbering	text match to 0256Bukhari.Sahih.Shamela0001681-ara1	0.93	
urn:hadith:0256Bukhari.Sahih:1630	1630	1717	Fath al-Bari numbering	text match to 0256Bukhari.Sahih.Shamela0001681-ara1	0.9	
urn:hadith:0256Bukhari.Sahih:1631	1631	1718	Fath al-Bari numbering	text match to 0256Bukhari.Sahih.Shamela0001681-ara1	0.86	
urn:hadith:0256Bukhari.Sahih:1632	1632	1719	Fath al-Bari numbering	text match to 0256Bukhari.Sahih.Shamela0001681-ara1	0.88	
urn:hadith:0256Bukhari.Sahih:1633	1633	1720	Fath al-Bari numbering	text match to 0256Bukhari.Sahih.Shamela0001681-ara1	0.86	
urn:hadith:0256Bukhari.Sahih:1634	1634	1721	Fath al-Bari numbering	text match to 0256Bukhari.Sahih.Shamela0001681-ara1	0.76	
urn:hadith:0256Bukhari.Sahih:1635	1635	1722	Fath al-Bari numbering	text match to 0256Bukhari.Sahih.Shamela0001681-ara1	0.75	
urn:hadith:0256Bukhari.Sahih:1636	1636	1723	Fath al-Bari numbering	text match to 0256Bukhari.Sahih.Shamela0001681-ara1	0.86	
urn:hadith:0256Bukhari.Sahih:1637	1637	1724	Fath al-Bari numbering	text match to 0256Bukhari.Sahih.Shamela0001681-ara1	1.0	
urn:hadith:0256Bukhari.Sahih:1638	1638	1725	Fath al-Bari numbering	text match to 0256Bukhari.Sahih.Shamela0001681-ara1	0.87	
urn:hadith:0256Bukhari.Sahih:1639	1639	1726	Fath al-Bari numbering	text match to 0256Bukhari.Sahih.Shamela0001681-ara1	0.77	
urn:hadith:0256Bukhari.Sahih:1640	1640	1727	Fath al-Bari numbering	text match to 0256Bukhari.Sahih.Shamela0001681-ara1	1.0	
urn:hadith:0256Bukhari.Sahih:1641	1641	1728	Fath al-Bari numbering	text match to 0256Bukhari.Sahih.Shamela0001681-ara1	1.0	
urn:hadith:0256Bukhari.Sahih:1642	1642	1729	Fath al-Bari numbering	text match to 0256Bukhari.Sahih.Shamela0001681-ara1	0.83	
urn:hadith:0256Bukhari.Sahih:1643	1643	1730	Fath al-Bari numbering	text match to 0256Bukhari.Sahih.Shamela0001681-ara1	0.62	
urn:hadith:0256Bukhari.Sahih:1644	1644	1731	Fath al-Bari numbering	text match to 0256Bukhari.Sahih.Shamela0001681-ara1	0.87	
urn:hadith:0256Bukhari.Sahih:1645	1645	1732	Fath al-Bari numbering	text match to 0256Bukhari.Sahih.Shamela0001681-ara1	0.84	
urn:hadith:0256Bukhari.Sahih:1646	1646	1733	Fath al-Bari numbering	text match to 0256Bukhari.Sahih.Shamela0001681-ara1	1.0	
urn:hadith:0256Bukhari.Sahih:1647	1647	1734	Fath al-Bari numbering	text match to 0256Bukhari.Sahih.Shamela0001681-ara1	0.67	
urn:hadith:0256Bukhari.Sahih:1648	1648	1735	Fath al-Bari numbering	text match to 0256Bukhari.Sahih.Shamela0001681-ara1	0.9	
urn:hadith:0256Bukhari.Sahih:1649	1649	1736	Fath al-Bari numbering	text match to 0256Bukhari.Sahih.Shamela0001681-ara1	0.92	
urn:hadith:0256Bukhari.Sahih:1650	1650	1737	Fath al-Bari numbering	text match to 0256Bukhari.Sahih.Shamela0001681-ara1	0.87	
urn:hadith:0256Bukhari.Sahih:1651	1651	1738	Fath al-Bari numbering	text match to 0256Bukhari.Sahih.Shamela0001681-ara1	0.89	
urn:hadith:0256Bukhari.Sahih:1652	1652	1739	Fath al-Bari numbering	text match to 0256Bukhari.Sahih.Shamela0001681-ara1	0.93	
urn:hadith:0256Bukhari.Sahih:1653	1653	1740	Fath al-Bari numbering	text match to 0256Bukhari.Sahih.Shamela0001681-ara1	0.71	
urn:hadith:0256Bukhari.Sahih:1654	1654	1741	Fath al-Bari numbering	text match to 0256Bukhari.Sahih.Shamela0001681-ara1	1.0	
urn:hadith:0256Bukhari.Sahih:1655	1655	1742	Fath al-Bari numbering	text match to 0256Bukhari.Sahih.Shamela0001681-ara1	0.93	
urn:hadith:0256Bukhari.Sahih:1656	1656	1743	Fath al-Bari numbering	text match to 0256Bukhari.Sahih.Shamela0001681-ara1	0.78	
urn:hadith:0256Bukhari.Sahih:1657	1657	1744	Fath al-Bari numbering	text match to 0256Bukhari.Sahih.Shamela0001681-ara1	0.6	
urn:hadith:0256Bukhari.Sahih:1658	1658	1745	Fath al-Bari numbering	text match to 0256Bukhari.Sahih.Shamela0001681-ara1	0.87	
urn:hadith:0256Bukhari.Sahih:1659	1659	1746	Fath al-Bari numbering	text match to 0256Bukhari.Sahih.Shamela0001681-ara1	0.82	
urn:hadith:0256Bukhari.Sahih:1660	1660	1747	Fath al-Bari numbering	text match to 0256Bukhari.Sahih.Shamela0001681-ara1	1.0	
urn:hadith:0256Bukhari.Sahih:1661	1661	1748	Fath al-Bari numbering	text match to 0256Bukhari.Sahih.Shamela0001681-ara1	1.0	
urn:hadith:0256Bukhari.Sahih:1662	1662	1749	Fath al-Bari numbering	text match to 0256Bukhari.Sahih.Shamela0001681-ara1	0.87	
urn:hadith:0256Bukhari.Sahih:1663	1663	1750	Fath al-Bari numbering	text match to 0256Bukhari.Sahih.Shamela0001681-ara1	0.93	
urn:hadith:0256Bukhari.Sahih:1664	1664	1751	Fath al-Bari numbering	text match to 0256Bukhari.Sahih.Shamela0001681-ara1	0.87	
urn:hadith:0256Bukhari.Sahih:1665	1665	1752	Fath al-Bari numbering	text match to 0256Bukhari.Sahih.Shamela0001681-ara1	0.93	
urn:hadith:0256Bukhari.Sahih:1666	1666	1753	Fath al-Bari numbering	text match to 0256Bukhari.Sahih.Shamela0001681-ara1	1.0	
urn:hadith:0256Bukhari.Sahih:1667	1667	1754	Fath al-Bari numbering	text match to 0256Bukhari.Sahih.Shamela0001681-ara1	1.0	
urn:hadith:0256Bukhari.Sahih:1668	1668	1755	Fath al-Bari numbering	text match to 0256Bukhari.Sahih.Shamela0001681-ara1	0.58	
urn:hadith:0256Bukhari.Sahih:1669	1669	1756	Fath al-Bari numbering	text match to 0256Bukhari.Sahih.Shamela0001681-ara1	0.92	
urn:hadith:0256Bukhari.Sahih:1670	1670	1757	Fath al-Bari numbering	text match to 0256Bukhari.Sahih.Shamela0001681-ara1	1.0	
urn:hadith:0256Bukhari.Sahih:1671	1671	1758	Fath al-Bari numbering	text match to 0256Bukhari.Sahih.Shamela0001681-ara1	0.9	
urn:hadith:0256Bukhari.Sahih:1673	1673	1762	Fath al-Bari numbering	text match to 0256Bukhari.Sahih.Shamela0001681-ara1	1.0	
urn:hadith:0256Bukhari.Sahih:1674	1674	1763	Fath al-Bari numbering	text match to 0256Bukhari.Sahih.Shamela0001681-ara1	1.0	
urn:hadith:0256Bukhari.Sahih:1675	1675	1764	Fath al-Bari numbering	text match to 0256Bukhari.Sahih.Shamela0001681-ara1	0.76	
urn:hadith:0256Bukhari.Sahih:1676	1676	1765	Fath al-Bari numbering	text match to 0256Bukhari.Sahih.Shamela0001681-ara1	0.72	
urn:hadith:0256Bukhari.Sahih:1677	1677	1766	Fath al-Bari numbering	text match to 0256Bukhari.Sahih.Shamela0001681-ara1	0.81	
urn:hadith:0256Bukhari.Sahih:1678	1678	1767	Fath al-Bari numbering	text match to 0256Bukhari.Sahih.Shamela0001681-ara1	0.87	
urn:hadith:0256Bukhari.Sahih:1679	1679	1768	Fath al-Bari numbering	text match to 0256Bukhari.Sahih.Shamela0001681-ara1	0.84	
urn:hadith:0256Bukhari.Sahih:1680	1680	1769	Fath al-Bari numbering	text match to 0256Bukhari.Sahih.Shamela0001681-ara1	0.88	
urn:hadith:0256Bukhari.Sahih:1681	1681	1770	Fath al-Bari numbering	text match to 0256Bukhari.Sahih.Shamela0001681-ara1	0.68	
urn:hadith:0256Bukhari.Sahih:1682	1682	1771	Fath al-Bari numbering	text match to 0256Bukhari.Sahih.Shamela0001681-ara1	0.57	
urn:hadith:0256Bukhari.Sahih:1683	1683	1773	Fath al-Bari numbering	text match to 0256Bukhari.Sahih.Shamela0001681-ara1	1.0	
urn:hadith:0256Bukhari.Sahih:1684	1684	1774	Fath al-Bari numbering	text match to 0256Bukhari.Sahih.Shamela0001681-ara1	0.52	
urn:hadith:0256Bukhari.Sahih:1685	1685	1775	Fath al-Bari numbering	text match to 0256Bukhari.Sahih.Shamela0001681-ara1	0.74	
urn:hadith:0256Bukhari.Sahih:1686	1686	1777	Fath al-Bari numbering	text match to 0256Bukhari.Sahih.Shamela0001681-ara1	0.81	
urn:hadith:0256Bukhari.Sahih:1687	1687	1778	Fath al-Bari numbering	text match to 0256Bukhari.Sahih.Shamela0001681-ara1	0.89	
urn:hadith:0256Bukhari.Sahih:1688	1688	1779	Fath al-Bari numbering	text match to 0256Bukhari.Sahih.Shamela0001681-ara1	0.52	
urn:hadith:0256Bukhari.Sahih:1689	1689	1781	Fath al-Bari numbering	text match to 0256Bukhari.Sahih.Shamela0001681-ara1	1.0	
urn:hadith:0256Bukhari.Sahih:1690	1690	1782	Fath al-Bari numbering	text match to 0256Bukhari.Sahih.Shamela0001681-ara1	0.68	
urn:hadith:0256Bukhari.Sahih:1691	1691	1783	Fath al-Bari numbering	text match to 0256Bukhari.Sahih.Shamela0001681-ara1	1.0	
urn:hadith:0256Bukhari.Sahih:1692	1692	1784	Fath al-Bari numbering	text match to 0256Bukhari.Sahih.Shamela0001681-ara1	1.0	
urn:hadith:0256Bukhari.Sahih:1693	1693	1785	Fath al-Bari numbering	text match to 0256Bukhari.Sahih.Shamela0001681-ara1	1.0	
urn:hadith:0256Bukhari.Sahih:1694	1694	1786	Fath al-Bari numbering	text match to 0256Bukhari.Sahih.Shamela0001681-ara1	0.96	
urn:hadith:0256Bukhari.Sahih:1695	1695	1787	Fath al-Bari numbering	text match to 0256Bukhari.Sahih.Shamela0001681-ara1	0.8	
urn:hadith:0256Bukhari.Sahih:1696	1696	1788	Fath al-Bari numbering	text match to 0256Bukhari.Sahih.Shamela0001681-ara1	0.79	
urn:hadith:0256Bukhari.Sahih:1697	1697	1789	Fath al-Bari numbering	text match to 0256Bukhari.Sahih.Shamela0001681-ara1	1.0	
urn:hadith:0256Bukhari.Sahih:1698	1698	1790	Fath al-Bari numbering	text match to 0256Bukhari.Sahih.Shamela0001681-ara1	0.93	
urn:hadith:0256Bukhari.Sahih:1699	1699	1791	Fath al-Bari numbering	text match to 0256Bukhari.Sahih.Shamela0001681-ara1	0.65	
urn:hadith:0256Bukhari.Sahih:1700	1700	1793	Fath al-Bari numbering	text match to 0256Bukhari.Sahih.Shamela0001681-ara1	0.68	
urn:hadith:0256Bukhari.Sahih:1701	1701	1795	Fath al-Bari numbering	text match to 0256Bukhari.Sahih.Shamela0001681-ara1	1.0	
urn:hadith:0256Bukhari.Sahih:1702	1702	1796	Fath al-Bari numbering	text match to 0256Bukhari.Sahih.Shamela0001681-ara1	0.84	
urn:hadith:0256Bukhari.Sahih:1703	1703	1797	Fath al-Bari numbering	text match to 0256Bukhari.Sahih.Shamela0001681-ara1	1.0	
urn:hadith:0256Bukhari.Sahih:1704	1704	1798	Fath al-Bari numbering	text match to 0256Bukhari.Sahih.Shamela0001681-ara1	0.85	
urn:hadith:0256Bukhari.Sahih:1705	1705	1799	Fath al-Bari numbering	text match to 0256Bukhari.Sahih.Shamela0001681-ara1	0.88	
urn:hadith:0256Bukhari.Sahih:1706	1706	1800	Fath al-Bari numbering	text match to 0256Bukhari.Sahih.Shamela0001681-ara1	1.0	
urn:hadith:0256Bukhari.Sahih:1707	1707	1801	Fath al-Bari numbering	text match to 0256Bukhari.Sahih.Shamela0001681-ara1	1.0	
urn:hadith:0256Bukhari.Sahih:1708	1708	1802	Fath al-Bari numbering	text match to 0256Bukhari.Sahih.Shamela0001681-ara1	1.0	
urn:hadith:0256Bukhari.Sahih:1709	1709	1803	Fath al-Bari numbering	text match to 0256Bukhari.Sahih.Shamela0001681-ara1	0.91	
urn:hadith:0256Bukhari.Sahih:1710	1710	1804	Fath al-Bari numbering	text match to 0256Bukhari.Sahih.Shamela0001681-ara1	1.0	
urn:hadith:0256Bukhari.Sahih:1711	1711	1805	Fath al-Bari numbering	text match to 0256Bukhari.Sahih.Shamela0001681-ara1	0.94	
urn:hadith:0256Bukhari.Sahih:1712	1712	1806	Fath al-Bari numbering	text match to 0256Bukhari.Sahih.Shamela0001681-ara1	1.0	
urn:hadith:0256Bukhari.Sahih:1713	1713	1807	Fath al-Bari numbering	text match to 0256Bukhari.Sahih.Shamela0001681-ara1	1.0	
urn:hadith:0256Bukhari.Sahih:1714	1714	1809	Fath al-Bari numbering	text match to 0256Bukhari.Sahih.Shamela0001681-ara1	0.87	
urn:hadith:0256Bukhari.Sahih:1715	1715	1810	Fath al-Bari numbering	text match to 0256Bukhari.Sahih.Shamela0001681-ara1	0.88	
urn:hadith:0256Bukhari.Sahih:1716	1716	1811	Fath al-Bari numbering	text match to 0256Bukhari.Sahih.Shamela0001681-ara1	1.0	
urn:hadith:0256Bukhari.Sahih:1717	1717	1812	Fath al-Bari numbering	text match to 0256Bukhari.Sahih.Shamela0001681-ara1	1.0	
urn:hadith:0256Bukhari.Sahih:1718	1718	1813	Fath al-Bari numbering	text match to 0256Bukhari.Sahih.Shamela0001681-ara1	1.0	
urn:hadith:0256Bukhari.Sahih:1719	1719	1814	Fath al-Bari numbering	text match to 0256Bukhari.Sahih.Shamela0001681-ara1	1.0	
urn:hadith:0256Bukhari.Sahih:1720	1720	1815	Fath al-Bari numbering	text match to 0256Bukhari.Sahih.Shamela0001681-ara1	0.95	
urn:hadith:0256Bukhari.Sahih:1721	1721	1816	Fath al-Bari numbering	text match to 0256Bukhari.Sahih.Shamela0001681-ara1	1.0	
urn:hadith:0256Bukhari.Sahih:1722	1722	1817	Fath al-Bari numbering	text match to 0256Bukhari.Sahih.Shamela0001681-ara1	0.87	
urn:hadith:0256Bukhari.Sahih:1723	1723	1819	Fath al-Bari numbering	text match to 0256Bukhari.Sahih.Shamela0001681-ara1	0.73	
urn:hadith:0256Bukhari.Sahih:1724	1724	1820	Fath al-Bari numbering	text match to 0256Bukhari.Sahih.Shamela0001681-ara1	1.0	
urn:hadith:0256Bukhari.Sahih:1725	1725	1821	Fath al-Bari numbering	text match to 0256Bukhari.Sahih.Shamela0001681-ara1	0.93	
urn:hadith:0256Bukhari.Sahih:1726	1726	1822	Fath al-Bari numbering	text match to 0256Bukhari.Sahih.Shamela0001681-ara1	1.0	shared number
urn:hadith:0256Bukhari.Sahih:1727	1727	1823	Fath al-Bari numbering	text match to 0256Bukhari.Sahih.Shamela0001681-ara1	1.0	
urn:hadith:0256Bukhari.Sahih:1728	1728	1824	Fath al-Bari numbering	text match to 0256Bukhari.Sahih.Shamela0001681-ara1	0.87	
urn:hadith:0256Bukhari.Sahih:1729	1729	1825	Fath al-Bari numbering	text match to 0256Bukhari.Sahih.Shamela0001681-ara1	0.91	
urn:hadith:0256Bukhari.Sahih:1730	1730	1826	Fath al-Bari numbering	text match to 0256Bukhari.Sahih.Shamela0001681-ara1	0.64	
urn:hadith:0256Bukhari.Sahih:1731	1731	1828	Fath al-Bari numbering	text match to 0256Bukhari.Sahih.Shamela0001681-ara1	0.84	
urn:hadith:0256Bukhari.Sahih:1732	1732	1829	Fath al-Bari numbering	text match to 0256Bukhari.Sahih.Shamela0001681-ara1	0.62	
urn:hadith:0256Bukhari.Sahih:1733	1733	1830	Fath al-Bari numbering	text match to 0256Bukhari.Sahih.Shamela0001681-ara1	1.0	
urn:hadith:0256Bukhari.Sahih:1734	1734	1831	Fath al-Bari numbering	text match to 0256Bukhari.Sahih.Shamela0001681-ara1	0.85	
urn:hadith:0256Bukhari.Sahih:1735	1735	1832	Fath al-Bari numbering	text match to 0256Bukhari.Sahih.Shamela0001681-ara1	1.0	
urn:hadith:0256Bukhari.Sahih:1736	1736	1833	Fath al-Bari numbering	text match to 0256Bukhari.Sahih.Shamela0001681-ara1	0.93	
urn:hadith:0256Bukhari.Sahih:1737	1737	1834	Fath al-Bari numbering	text match to 0256Bukhari.Sahih.Shamela0001681-ara1	0.82	
urn:hadith:0256Bukhari.Sahih:1738	1738	1835	Fath al-Bari numbering	text match to 0256Bukhari.Sahih.Shamela0001681-ara1	0.64	
urn:hadith:0256Bukhari.Sahih:1739	1739	1836	Fath al-Bari numbering	text match to 0256Bukhari.Sahih.Shamela0001681-ara1	0.85	
urn:hadith:0256Bukhari.Sahih:1740	1740	1837	Fath al-Bari numbering	text match to 0256Bukhari.Sahih.Shamela0001681-ara1	0.81	
urn:hadith:0256Bukhari.Sahih:1741	1741	1838	Fath al-Bari numbering	text match to 0256Bukhari.Sahih.Shamela0001681-ara1	1.0	
urn:hadith:0256Bukhari.Sahih:1742	1742	1839	Fath al-Bari numbering	text match to 0256Bukhari.Sahih.Shamela0001681-ara1	0.88	
urn:hadith:0256Bukhari.Sahih:1743	1743	1840	Fath al-Bari numbering	text match to 0256Bukhari.Sahih.Shamela0001681-ara1	1.0	
urn:hadith:0256Bukhari.Sahih:1744	1744	1841	Fath al-Bari numbering	text match to 0256Bukhari.Sahih.Shamela0001681-ara1	0.87	
urn:hadith:0256Bukhari.Sahih:1745	1745	1842	Fath al-Bari numbering	text match to 0256Bukhari.Sahih.Shamela0001681-ara1	0.91	
urn:hadith:0256Bukhari.Sahih:1746	1746	1843	Fath al-Bari numbering	text match to 0256Bukhari.Sahih.Shamela0001681-ara1	0.86	
urn:hadith:0256Bukhari.Sahih:1747	1747	1844	Fath al-Bari numbering	text match to 0256Bukhari.Sahih.Shamela0001681-ara1	1.0	
urn:hadith:0256Bukhari.Sahih:1748	1748	1845	Fath al-Bari numbering	text match to 0256Bukhari.Sahih.Shamela0001681-ara1	0.81	
urn:hadith:0256Bukhari.Sahih:1749	1749	1846	Fath al-Bari numbering	text match to 0256Bukhari.Sahih.Shamela0001681-ara1	0.74	
urn:hadith:0256Bukhari.Sahih:1750	1750	1847	Fath al-Bari numbering	text match to 0256Bukhari.Sahih.Shamela0001681-ara1	0.74	
urn:hadith:0256Bukhari.Sahih:1751	1751	1849	Fath al-Bari numbering	text match to 0256Bukhari.Sahih.Shamela0001681-ara1	0.92	
urn:hadith:0256Bukhari.Sahih:1752	1752	1850	Fath al-Bari numbering	text match to 0256Bukhari.Sahih.Shamela0001681-ara1	0.92	
urn:hadith:0256Bukhari.Sahih:1753	1753	1851	Fath al-Bari numbering	text match to 0256Bukhari.Sahih.Shamela0001681-ara1	0.91	
urn:hadith:0256Bukhari.Sahih:1754	1754	1852	Fath al-Bari numbering	text match to 0256Bukhari.Sahih.Shamela0001681-ara1	0.82	
urn:hadith:0256Bukhari.Sahih:1755	1755	1854	Fath al-Bari numbering	text match to 0256Bukhari.Sahih.Shamela0001681-ara1	0.57	
urn:hadith:0256Bukhari.Sahih:1756	1756	1855	Fath al-Bari numbering	text match to 0256Bukhari.Sahih.Shamela0001681-ara1	0.93	
urn:hadith:0256Bukhari.Sahih:1757	1757	1856	Fath al-Bari numbering	text match to 0256Bukhari.Sahih.Shamela0001681-ara1	0.83	
urn:hadith:0256Bukhari.Sahih:1758	1758	1857	Fath al-Bari numbering	text match to 0256Bukhari.Sahih.Shamela0001681-ara1	0.84	
urn:hadith:0256Bukhari.Sahih:1759	1759	1858	Fath al-Bari numbering	text match to 0256Bukhari.Sahih.Shamela0001681-ara1	0.89	
urn:hadith:0256Bukhari.Sahih:1760	1760	1859	Fath al-Bari numbering	text match to 0256Bukhari.Sahih.Shamela0001681-ara1	1.0	
urn:hadith:0256Bukhari.Sahih:1761	1761	1860	Fath al-Bari numbering	text match to 0256Bukhari.Sahih.Shamela0001681-ara1	0.87	
urn:hadith:0256Bukhari.Sahih:1762	1762	1861	Fath al-Bari numbering	text match to 0256Bukhari.Sahih.Shamela0001681-ara1	1.0	
urn:hadith:0256Bukhari.Sahih:1763	1763	1862	Fath al-Bari numbering	text match to 0256Bukhari.Sahih.Shamela0001681-ara1	0.86	
urn:hadith:0256Bukhari.Sahih:1764	1764	1863	Fath al-Bari numbering	text match to 0256Bukhari.Sahih.Shamela0001681-ara1	0.75	
urn:hadith:0256Bukhari.Sahih:1765	1765	1864	Fath al-Bari numbering	text match to 0256Bukhari.Sahih.Shamela0001681-ara1	1.0	
urn:hadith:0256Bukhari.Sahih:1766	1766	1865	Fath al-Bari numbering	text match to 0256Bukhari.Sahih.Shamela0001681-ara1	0.98	
urn:hadith:0256Bukhari.Sahih:1767	1767	1866	Fath al-Bari numbering	text match to 0256Bukhari.Sahih.Shamela0001681-ara1	0.66	
urn:hadith:0256Bukhari.Sahih:1768	1768	1867	Fath al-Bari numbering	text match to 0256Bukhari.Sahih.Shamela0001681-ara1	0.89	
urn:hadith:0256Bukhari.Sahih:1769	1769	1868	Fath al-Bari numbering	text match to 0256Bukhari.Sahih.Shamela0001681-ara1	1.0	
urn:hadith:0256Bukhari.Sahih:1770	1770	1869	Fath al-Bari numbering	text match to 0256Bukhari.Sahih.Shamela0001681-ara1	0.93	
urn:hadith:0256Bukhari.Sahih:1771	1771	1870	Fath al-Bari numbering	text match to 0256Bukhari.Sahih.Shamela0001681-ara1	1.0	
urn:hadith:0256Bukhari.Sahih:1772	1772	1871	Fath al-Bari numbering	text match to 0256Bukhari.Sahih.Shamela0001681-ara1	1.0	
urn:hadith:0256Bukhari.Sahih:1773	1773	1872	Fath al-Bari numbering	text match to 0256Bukhari.Sahih.Shamela0001681-ara1	1.0	
urn:hadith:0256Bukhari.Sahih:1774	1774	1873	Fath al-Bari numbering	text match to 0256Bukhari.Sahih.Shamela0001681-ara1	0.86	
urn:hadith:0256Bukhari.Sahih:1775	1775	1874	Fath al-Bari numbering	text match to 0256Bukhari.Sahih.Shamela0001681-ara1	1.0	
urn:hadith:0256Bukhari.Sahih:1776	1776	1875	Fath al-Bari numbering	text match to 0256Bukhari.Sahih.Shamela0001681-ara1	0.96	
urn:hadith:0256Bukhari.Sahih:1777	1777	1876	Fath al-Bari numbering	text match to 0256Bukhari.Sahih.Shamela0001681-ara1	1.0	
urn:hadith:0256Bukhari.Sahih:1778	1778	1877	Fath al-Bari numbering	text match to 0256Bukhari.Sahih.Shamela0001681-ara1	0.88	
urn:hadith:0256Bukhari.Sahih:1779	1779	1878	Fath al-Bari numbering	text match to 0256Bukhari.Sahih.Shamela0001681-ara1	0.86	
urn:hadith:0256Bukhari.Sahih:1780	1780	1879	Fath al-Bari numbering	text match to 0256Bukhari.Sahih.Shamela0001681-ara1	1.0	
urn:hadith:0256Bukhari.Sahih:1781	1781	1880	Fath al-Bari numbering	text match to 0256Bukhari.Sahih.Shamela0001681-ara1	1.0	
urn:hadith:0256Bukhari.Sahih:1782	1782	1881	Fath al-Bari numbering	text match to 0256Bukhari.Sahih.Shamela0001681-ara1	1.0	
urn:hadith:0256Bukhari.Sahih:1783	1783	1882	Fath al-Bari numbering	text match to 0256Bukhari.Sahih.Shamela0001681-ara1	0.87	
urn:hadith:0256Bukhari.Sahih:1784	1784	1883	Fath al-Bari numbering	text match to 0256Bukhari.Sahih.Shamela0001681-ara1	1.0	
urn:hadith:0256Bukhari.Sahih:1785	1785	1884	Fath al-Bari numbering	text match to 0256Bukhari.Sahih.Shamela0001681-ara1	0.93	
urn:hadith:0256Bukhari.Sahih:1786	1786	1885	Fath al-Bari numbering	text match to 0256Bukhari.Sahih.Shamela0001681-ara1	0.87	
urn:hadith:0256Bukhari.Sahih:1787	1787	1886	Fath al-Bari numbering	text match to 0256Bukhari.Sahih.Shamela0001681-ara1	1.0	
urn:hadith:0256Bukhari.Sahih:1788	1788	1887	Fath al-Bari numbering	text match to 0256Bukhari.Sahih.Shamela0001681-ara1	0.94	
urn:hadith:0256Bukhari.Sahih:1789	1789	1888	Fath al-Bari numbering	text match to 0256Bukhari.Sahih.Shamela0001681-ara1	1.0	shared number
urn:hadith:0256Bukhari.Sahih:1790	1790	1889	Fath al-Bari numbering	text match to 0256Bukhari.Sahih.Shamela0001681-ara1	0.95	
urn:hadith:0256Bukhari.Sahih:1791	1791	1890	Fath al-Bari numbering	text match to 0256Bukhari.Sahih.Shamela0001681-ara1	0.91	
urn:hadith:0256Bukhari.Sahih:1792	1792	1891	Fath al-Bari numbering	text match to 0256Bukhari.Sahih.Shamela0001681-ara1	1.0	
urn:hadith:0256Bukhari.Sahih:1793	1793	1892	Fath al-Bari numbering	text match to 0256Bukhari.Sahih.Shamela0001681-ara1	0.85	
urn:hadith:0256Bukhari.Sahih:1794	1794	1893	Fath al-Bari numbering	text match to 0256Bukhari.Sahih.Shamela0001681-ara1	1.0	
urn:hadith:0256Bukhari.Sahih:1795	1795	1894	Fath al-Bari numbering	text match to 0256Bukhari.Sahih.Shamela0001681-ara1	1.0	
urn:hadith:0256Bukhari.Sahih:1796	1796	1895	Fath al-Bari numbering	text match to 0256Bukhari.Sahih.Shamela0001681-ara1	0.93	
urn:hadith:0256Bukhari.Sahih:1797	1797	1896	Fath al-Bari numbering	text match to 0256Bukhari.Sahih.Shamela0001681-ara1	1.0	
urn:hadith:0256Bukhari.Sahih:1798	1798	1897	Fath al-Bari numbering	text match to 0256Bukhari.Sahih.Shamela0001681-ara1	0.93	
urn:hadith:0256Bukhari.Sahih:1799	1799	1898	Fath al-Bari numbering	text match to 0256Bukhari.Sahih.Shamela0001681-ara1	1.0	
urn:hadith:0256Bukhari.Sahih:1800	1800	1899	Fath al-Bari numbering	text match to 0256Bukhari.Sahih.Shamela0001681-ara1	0.8	
urn:hadith:0256Bukhari.Sahih:1801	1801	1900	Fath al-Bari numbering	text match to 0256Bukhari.Sahih.Shamela0001681-ara1	0.76	
urn:hadith:0256Bukhari.Sahih:1802	1802	1901	Fath al-Bari numbering	text match to 0256Bukhari.Sahih.Shamela0001681-ara1	1.0	
urn:hadith:0256Bukhari.Sahih:1803	1803	1902	Fath al-Bari numbering	text match to 0256Bukhari.Sahih.Shamela0001681-ara1	0.86	
urn:hadith:0256Bukhari.Sahih:1804	1804	1903	Fath al-Bari numbering	text match to 0256Bukhari.Sahih.Shamela0001681-ara1	0.87	
urn:hadith:0256Bukhari.Sahih:1805	1805	1904	Fath al-Bari numbering	text match to 0256Bukhari.Sahih.Shamela0001681-ara1	0.87	
urn:hadith:0256Bukhari.Sahih:1806	1806	1905	Fath al-Bari numbering	text match to 0256Bukhari.Sahih.Shamela0001681-ara1	1.0	
urn:hadith:0256Bukhari.Sahih:1807	1807	1906	Fath al-Bari numbering	text match to 0256Bukhari.Sahih.Shamela0001681-ara1	0.86	
urn:hadith:0256Bukhari.Sahih:1808	1808	1907	Fath al-Bari numbering	text match to 0256Bukhari.Sahih.Shamela0001681-ara1	1.0	
urn:hadith:0256Bukhari.Sahih:1809	1809	1908	Fath al-Bari numbering	text match to 0256Bukhari.Sahih.Shamela0001681-ara1	0.81	
urn:hadith:0256Bukhari.Sahih:1810	1810	1909	Fath al-Bari numbering	text match to 0256Bukhari.Sahih.Shamela0001681-ara1	1.0	
urn:hadith:0256Bukhari.Sahih:1811	1811	1910	Fath al-Bari numbering	text match to 0256Bukhari.Sahih.Shamela0001681-ara1	0.91	
urn:hadith:0256Bukhari.Sahih:1812	1812	1911	Fath al-Bari numbering	text match to 0256Bukhari.Sahih.Shamela0001681-ara1	0.89	
urn:hadith:0256Bukhari.Sahih:1813	1813	1912	Fath al-Bari numbering	text match to 0256Bukhari.Sahih.Shamela0001681-ara1	0.92	
urn:hadith:0256Bukhari.Sahih:1814	1814	1913	Fath al-Bari numbering	text match to 0256Bukhari.Sahih.Shamela0001681-ara1	0.87	
urn:hadith:0256Bukhari.Sahih:1815	1815	1914	Fath al-Bari numbering	text match to 0256Bukhari.Sahih.Shamela0001681-ara1	1.0	
urn:hadith:0256Bukhari.Sahih:1816	1816	1915	Fath al-Bari numbering	text match to 0256Bukhari.Sahih.Shamela0001681-ara1	1.0	
urn:hadith:0256Bukhari.Sahih:1817	1817	1916	Fath al-Bari numbering	text match to 0256Bukhari.Sahih.Shamela0001681-ara1	0.94	
urn:hadith:0256Bukhari.Sahih:1818	1818	1917	Fath al-Bari numbering	text match to 0256Bukhari.Sahih.Shamela0001681-ara1	0.76	
urn:hadith:0256Bukhari.Sahih:1819	1819	1918	Fath al-Bari numbering	text match to 0256Bukhari.Sahih.Shamela0001681-ara1	0.82	
urn:hadith:0256Bukhari.Sahih:1820	1820	1920	Fath al-Bari numbering	text match to 0256Bukhari.Sahih.Shamela0001681-ara1	1.0	
urn:hadith:0256Bukhari.Sahih:1821	1821	1921	Fath al-Bari numbering	text match to 0256Bukhari.Sahih.Shamela0001681-ara1	1.0	
urn:hadith:0256Bukhari.Sahih:1822	1822	1922	Fath al-Bari numbering	text match to 0256Bukhari.Sahih.Shamela0001681-ara1	1.0	
urn:hadith:0256Bukhari.Sahih:1823	1823	1923	Fath al-Bari numbering	text match to 0256Bukhari.Sahih.Shamela0001681-ara1	1.0	
urn:hadith:0256Bukhari.Sahih:1824	1824	1924	Fath al-Bari numbering	text match to 0256Bukhari.Sahih.Shamela0001681-ara1	1.0	
urn:hadith:0256Bukhari.Sahih:1825	1825	1926	Fath al-Bari numbering	text match to 0256Bukhari.Sahih.Shamela0001681-ara1	0.54	
urn:hadith:0256Bukhari.Sahih:1826	1826	1927	Fath al-Bari numbering	text match to 0256Bukhari.Sahih.Shamela0001681-ara1	0.73	
urn:hadith:0256Bukhari.Sahih:1827	1827	1928	Fath al-Bari numbering	text match to 0256Bukhari.Sahih.Shamela0001681-ara1	1.0	
urn:hadith:0256Bukhari.Sahih:1828	1828	1929	Fath al-Bari numbering	text match to 0256Bukhari.Sahih.Shamela0001681-ara1	0.93	
urn:hadith:0256Bukhari.Sahih:1829	1829	1930	Fath al-Bari numbering	text match to 0256Bukhari.Sahih.Shamela0001681-ara1	0.69	
urn:hadith:0256Bukhari.Sahih:1830	1830	1931	Fath al-Bari numbering	text match to 0256Bukhari.Sahih.Shamela0001681-ara1	0.87	
urn:hadith:0256Bukhari.Sahih:1831	1831	1933	Fath al-Bari numbering	text match to 0256Bukhari.Sahih.Shamela0001681-ara1	0.83	
urn:hadith:0256Bukhari.Sahih:1832	1832	1934	Fath al-Bari numbering	text match to 0256Bukhari.Sahih.Shamela0001681-ara1	1.0	
urn:hadith:0256Bukhari.Sahih:1833	1833	1935	Fath al-Bari numbering	text match to 0256Bukhari.Sahih.Shamela0001681-ara1	0.93	
urn:hadith:0256Bukhari.Sahih:1834	1834	1936	Fath al-Bari numbering	text match to 0256Bukhari.Sahih.Shamela0001681-ara1	1.0	
urn:hadith:0256Bukhari.Sahih:1835	1835	1937	Fath al-Bari numbering	text match to 0256Bukhari.Sahih.Shamela0001681-ara1	1.0	
urn:hadith:0256Bukhari.Sahih:1836	1836	1938	Fath al-Bari numbering	text match to 0256Bukhari.Sahih.Shamela0001681-ara1	0.79	
urn:hadith:0256Bukhari.Sahih:1837	1837	1939	Fath al-Bari numbering	text match to 0256Bukhari.Sahih.Shamela0001681-ara1	0.76	
urn:hadith:0256Bukhari.Sahih:1838	1838	1940	Fath al-Bari numbering	text match to 0256Bukhari.Sahih.Shamela0001681-ara1	0.86	
urn:hadith:0256Bukhari.Sahih:1839	1839	1941	Fath al-Bari numbering	text match to 0256Bukhari.Sahih.Shamela0001681-ara1	0.93	
urn:hadith:0256Bukhari.Sahih:1840	1840	1942	Fath al-Bari numbering	text match to 0256Bukhari.Sahih.Shamela0001681-ara1	1.0	
urn:hadith:0256Bukhari.Sahih:1841	1841	1943	Fath al-Bari numbering	text match to 0256Bukhari.Sahih.Shamela0001681-ara1	1.0	
urn:hadith:0256Bukhari.Sahih:1842	1842	1944	Fath al-Bari numbering	text match to 0256Bukhari.Sahih.Shamela0001681-ara1	0.79	
urn:hadith:0256Bukhari.Sahih:1843	1843	1945	Fath al-Bari numbering	text match to 0256Bukhari.Sahih.Shamela0001681-ara1	0.97	
urn:hadith:0256Bukhari.Sahih:1844	1844	1946	Fath al-Bari numbering	text match to 0256Bukhari.Sahih.Shamela0001681-ara1	1.0	
urn:hadith:0256Bukhari.Sahih:1845	1845	1947	Fath al-Bari numbering	text match to 0256Bukhari.Sahih.Shamela0001681-ara1	1.0	
urn:hadith:0256Bukhari.Sahih:1846	1846	1948	Fath al-Bari numbering	text match to 0256Bukhari.Sahih.Shamela0001681-ara1	0.85	
urn:hadith:0256Bukhari.Sahih:1848	1848	1949	Fath al-Bari numbering	text match to 0256Bukhari.Sahih.Shamela0001681-ara1	0.53	
urn:hadith:0256Bukhari.Sahih:1849	1849	1950	Fath al-Bari numbering	text match to 0256Bukhari.Sahih.Shamela0001681-ara1	1.0	
urn:hadith:0256Bukhari.Sahih:1850	1850	1951	Fath al-Bari numbering	text match to 0256Bukhari.Sahih.Shamela0001681-ara1	0.94	
urn:hadith:0256Bukhari.Sahih:1851	1851	1952	Fath al-Bari numbering	text match to 0256Bukhari.Sahih.Shamela0001681-ara1	0.86	
urn:hadith:0256Bukhari.Sahih:1852	1852	1953	Fath al-Bari numbering	text match to 0256Bukhari.Sahih.Shamela0001681-ara1	0.87	
urn:hadith:0256Bukhari.Sahih:1853	1853	1954	Fath al-Bari numbering	text match to 0256Bukhari.Sahih.Shamela0001681-ara1	1.0	
urn:hadith:0256Bukhari.Sahih:1854	1854	1955	Fath al-Bari numbering	text match to 0256Bukhari.Sahih.Shamela0001681-ara1	1.0	
urn:hadith:0256Bukhari.Sahih:1855	1855	1956	Fath al-Bari numbering	text match to 0256Bukhari.Sahih.Shamela0001681-ara1	0.94	
urn:hadith:0256Bukhari.Sahih:1856	1856	1957	Fath al-Bari numbering	text match to 0256Bukhari.Sahih.Shamela0001681-ara1	1.0	
urn:hadith:0256Bukhari.Sahih:1857	1857	1958	Fath al-Bari numbering	text match to 0256Bukhari.Sahih.Shamela0001681-ara1	0.9	
urn:hadith:0256Bukhari.Sahih:1858	1858	1959	Fath al-Bari numbering	text match to 0256Bukhari.Sahih.Shamela0001681-ara1	0.92	
urn:hadith:0256Bukhari.Sahih:1859	1859	1960	Fath al-Bari numbering	text match to 0256Bukhari.Sahih.Shamela0001681-ara1	1.0	
urn:hadith:0256Bukhari.Sahih:1860	1860	1961	Fath al-Bari numbering	text match to 0256Bukhari.Sahih.Shamela0001681-ara1	1.0	
urn:hadith:0256Bukhari.Sahih:1861	1861	1962	Fath al-Bari numbering	text match to 0256Bukhari.Sahih.Shamela0001681-ara1	1.0	
urn:hadith:0256Bukhari.Sahih:1862	1862	1963	Fath al-Bari numbering	text match to 0256Bukhari.Sahih.Shamela0001681-ara1	0.9	
urn:hadith:0256Bukhari.Sahih:1863	1863	1964	Fath al-Bari numbering	text match to 0256Bukhari.Sahih.Shamela0001681-ara1	1.0	
urn:hadith:0256Bukhari.Sahih:1864	1864	1965	Fath al-Bari numbering	text match to 0256Bukhari.Sahih.Shamela0001681-ara1	1.0	
urn:hadith:0256Bukhari.Sahih:1865	1865	1966	Fath al-Bari numbering	text match to 0256Bukhari.Sahih.Shamela0001681-ara1	0.94	
urn:hadith:0256Bukhari.Sahih:1866	1866	1967	Fath al-Bari numbering	text match to 0256Bukhari.Sahih.Shamela0001681-ara1	0.9	
urn:hadith:0256Bukhari.Sahih:1867	1867	1968	Fath al-Bari numbering	text match to 0256Bukhari.Sahih.Shamela0001681-ara1	1.0	shared number
urn:hadith:0256Bukhari.Sahih:1868	1868	1969	Fath al-Bari numbering	text match to 0256Bukhari.Sahih.Shamela0001681-ara1	1.0	
urn:hadith:0256Bukhari.Sahih:1869	1869	1970	Fath al-Bari numbering	text match to 0256Bukhari.Sahih.Shamela0001681-ara1	1.0	
urn:hadith:0256Bukhari.Sahih:1870	1870	1971	Fath al-Bari numbering	text match to 0256Bukhari.Sahih.Shamela0001681-ara1	0.86	
urn:hadith:0256Bukhari.Sahih:1871	1871	1972	Fath al-Bari numbering	text match to 0256Bukhari.Sahih.Shamela0001681-ara1	1.0	
urn:hadith:0256Bukhari.Sahih:1872	1872	1973	Fath al-Bari numbering	text match to 0256Bukhari.Sahih.Shamela0001681-ara1	0.97	
urn:hadith:0256Bukhari.Sahih:1873	1873	1974	Fath al-Bari numbering	text match to 0256Bukhari.Sahih.Shamela0001681-ara1	1.0	
urn:hadith:0256Bukhari.Sahih:1874	1874	1975	Fath al-Bari numbering	text match to 0256Bukhari.Sahih.Shamela0001681-ara1	0.97	
urn:hadith:0256Bukhari.Sahih:1875	1875	1976	Fath al-Bari numbering	text match to 0256Bukhari.Sahih.Shamela0001681-ara1	1.0	
urn:hadith:0256Bukhari.Sahih:1876	1876	1977	Fath al-Bari numbering	text match to 0256Bukhari.Sahih.Shamela0001681-ara1	0.86	
urn:hadith:0256Bukhari.Sahih:1877	1877	1978	Fath al-Bari numbering	text match to 0256Bukhari.Sahih.Shamela0001681-ara1	1.0	
urn:hadith:0256Bukhari.Sahih:1878	1878	1979	Fath al-Bari numbering	text match to 0256Bukhari.Sahih.Shamela0001681-ara1	1.0	
urn:hadith:0256Bukhari.Sahih:1879	1879	1980	Fath al-Bari numbering	text match to 0256Bukhari.Sahih.Shamela0001681-ara1	0.96	
urn:hadith:0256Bukhari.Sahih:1880	1880	1981	Fath al-Bari numbering	text match to 0256Bukhari.Sahih.Shamela0001681-ara1	1.0	
urn:hadith:0256Bukhari.Sahih:1881	1881	1982	Fath al-Bari numbering	text match to 0256Bukhari.Sahih.Shamela0001681-ara1	0.93	
urn:hadith:0256Bukhari.Sahih:1882	1882	1983	Fath al-Bari numbering	text match to 0256Bukhari.Sahih.Shamela0001681-ara1	1.0	
urn:hadith:0256Bukhari.Sahih:1883	1883	1984	Fath al-Bari numbering	text match to 0256Bukhari.Sahih.Shamela0001681-ara1	0.87	
urn:hadith:0256Bukhari.Sahih:1884	1884	1985	Fath al-Bari numbering	text match to 0256Bukhari.Sahih.Shamela0001681-ara1	1.0	
urn:hadith:0256Bukhari.Sahih:1885	1885	1986	Fath al-Bari numbering	text match to 0256Bukhari.Sahih.Shamela0001681-ara1	1.0	
urn:hadith:0256Bukhari.Sahih:1886	1886	1987	Fath al-Bari numbering	text match to 0256Bukhari.Sahih.Shamela0001681-ara1	1.0	
urn:hadith:0256Bukhari.Sahih:1887	1887	1988	Fath al-Bari numbering	text match to 0256Bukhari.Sahih.Shamela0001681-ara1	1.0	
urn:hadith:0256Bukhari.Sahih:1888	1888	1989	Fath al-Bari numbering	text match to 0256Bukhari.Sahih.Shamela0001681-ara1	0.88	
urn:hadith:0256Bukhari.Sahih:1889	1889	1990	Fath al-Bari numbering	text match to 0256Bukhari.Sahih.Shamela0001681-ara1	0.7	
urn:hadith:0256Bukhari.Sahih:1890	1890	1991	Fath al-Bari numbering	text match to 0256Bukhari.Sahih.Shamela0001681-ara1	0.87	
urn:hadith:0256Bukhari.Sahih:1891	1891	1993	Fath al-Bari numbering	text match to 0256Bukhari.Sahih.Shamela0001681-ara1	0.69	
urn:hadith:0256Bukhari.Sahih:1892	1892	1994	Fath al-Bari numbering	text match to 0256Bukhari.Sahih.Shamela0001681-ara1	0.69	
urn:hadith:0256Bukhari.Sahih:1893	1893	1995	Fath al-Bari numbering	text match to 0256Bukhari.Sahih.Shamela0001681-ara1	0.93	
urn:hadith:0256Bukhari.Sahih:1894	1894	1997	Fath al-Bari numbering	text match to 0256Bukhari.Sahih.Shamela0001681-ara1	0.75	
urn:hadith:0256Bukhari.Sahih:1895	1895	1999	Fath al-Bari numbering	text match to 0256Bukhari.Sahih.Shamela0001681-ara1	0.68	
urn:hadith:0256Bukhari.Sahih:1896	1896	2000	Fath al-Bari numbering	text match to 0256Bukhari.Sahih.Shamela0001681-ara1	1.0	
urn:hadith:0256Bukhari.Sahih:1897	1897	2001	Fath al-Bari numbering	text match to 0256Bukhari.Sahih.Shamela0001681-ara1	1.0	
urn:hadith:0256Bukhari.Sahih:1898	1898	2002	Fath al-Bari numbering	text match to 0256Bukhari.Sahih.Shamela0001681-ara1	0.9	
urn:hadith:0256Bukhari.Sahih:1899	1899	2003	Fath al-Bari numbering	text match to 0256Bukhari.Sahih.Shamela0001681-ara1	0.91	
urn:hadith:0256Bukhari.Sahih:1900	1900	2004	Fath al-Bari numbering	text match to 0256Bukhari.Sahih.Shamela0001681-ara1	0.91	
urn:hadith:0256Bukhari.Sahih:1901	1901	2005	Fath al-Bari numbering	text match to 0256Bukhari.Sahih.Shamela0001681-ara1	1.0	
urn:hadith:0256Bukhari.Sahih:1902	1902	2006	Fath al-Bari numbering	text match to 0256Bukhari.Sahih.Shamela0001681-ara1	0.75	
urn:hadith:0256Bukhari.Sahih:1903	1903	2007	Fath al-Bari numbering	text match to 0256Bukhari.Sahih.Shamela0001681-ara1	0.91	
urn:hadith:0256Bukhari.Sahih:1904	1904	2008	Fath al-Bari numbering	text match to 0256Bukhari.Sahih.Shamela0001681-ara1	0.86	
urn:hadith:0256Bukhari.Sahih:1905	1905	2009	Fath al-Bari numbering	text match to 0256Bukhari.Sahih.Shamela0001681-ara1	0.85	
urn:hadith:0256Bukhari.Sahih:1906	1906	2010	Fath al-Bari numbering	text match to 0256Bukhari.Sahih.Shamela0001681-ara1	0.91	
urn:hadith:0256Bukhari.Sahih:1907	1907	2011	Fath al-Bari numbering	text match to 0256Bukhari.Sahih.Shamela0001681-ara1	0.83	
urn:hadith:0256Bukhari.Sahih:1908	1908	2012	Fath al-Bari numbering	text match to 0256Bukhari.Sahih.Shamela0001681-ara1	0.93	
urn:hadith:0256Bukhari.Sahih:1909	1909	2013	Fath al-Bari numbering	text match to 0256Bukhari.Sahih.Shamela0001681-ara1	1.0	
urn:hadith:0256Bukhari.Sahih:1910	1910	2014	Fath al-Bari numbering	text match to 0256Bukhari.Sahih.Shamela0001681-ara1	1.0	
urn:hadith:0256Bukhari.Sahih:1911	1911	2015	Fath al-Bari numbering	text match to 0256Bukhari.Sahih.Shamela0001681-ara1	0.9	
urn:hadith:0256Bukhari.Sahih:1912	1912	2016	Fath al-Bari numbering	text match to 0256Bukhari.Sahih.Shamela0001681-ara1	1.0	
urn:hadith:0256Bukhari.Sahih:1913	1913	2017	Fath al-Bari numbering	text match to 0256Bukhari.Sahih.Shamela0001681-ara1	1.0	
urn:hadith:0256Bukhari.Sahih:1914	1914	2018	Fath al-Bari numbering	text match to 0256Bukhari.Sahih.Shamela0001681-ara1	0.86	
urn:hadith:0256Bukhari.Sahih:1915	1915	2019	Fath al-Bari numbering	text match to 0256Bukhari.Sahih.Shamela0001681-ara1	1.0	
urn:hadith:0256Bukhari.Sahih:1916	1916	2020	Fath al-Bari numbering	text match to 0256Bukhari.Sahih.Shamela0001681-ara1	1.0	
urn:hadith:0256Bukhari.Sahih:1917	1917	2021	Fath al-Bari numbering	text match to 0256Bukhari.Sahih.Shamela0001681-ara1	0.86	
urn:hadith:0256Bukhari.Sahih:1918	1918	2022	Fath al-Bari numbering	text match to 0256Bukhari.Sahih.Shamela0001681-ara1	0.57	
urn:hadith:0256Bukhari.Sahih:1919	1919	2023	Fath al-Bari numbering	text match to 0256Bukhari.Sahih.Shamela0001681-ara1	1.0	
urn:hadith:0256Bukhari.Sahih:1920	1920	2024	Fath al-Bari numbering	text match to 0256Bukhari.Sahih.Shamela0001681-ara1	0.89	
urn:hadith:0256Bukhari.Sahih:1921	1921	2025	Fath al-Bari numbering	text match to 0256Bukhari.Sahih.Shamela0001681-ara1	0.84	
urn:hadith:0256Bukhari.Sahih:1922	1922	2026	Fath al-Bari numbering	text match to 0256Bukhari.Sahih.Shamela0001681-ara1	0.88	
urn:hadith:0256Bukhari.Sahih:1923	1923	2027	Fath al-Bari numbering	text match to 0256Bukhari.Sahih.Shamela0001681-ara1	1.0	
urn:hadith:0256Bukhari.Sahih:1924	1924	2028	Fath al-Bari numbering	text match to 0256Bukhari.Sahih.Shamela0001681-ara1	1.0	
urn:hadith:0256Bukhari.Sahih:1925	1925	2029	Fath al-Bari numbering	text match to 0256Bukhari.Sahih.Shamela0001681-ara1	0.89	
urn:hadith:0256Bukhari.Sahih:1926	1926	2030	Fath al-Bari numbering	text match to 0256Bukhari.Sahih.Shamela0001681-ara1	0.7	
urn:hadith:0256Bukhari.Sahih:1927	1927	2032	Fath al-Bari numbering	text match to 0256Bukhari.Sahih.Shamela0001681-ara1	0.86	
urn:hadith:0256Bukhari.Sahih:1928	1928	2033	Fath al-Bari numbering	text match to 0256Bukhari.Sahih.Shamela0001681-ara1	0.93	
urn:hadith:0256Bukhari.Sahih:1929	1929	2034	Fath al-Bari numbering	text match to 0256Bukhari.Sahih.Shamela0001681-ara1	1.0	
urn:hadith:0256Bukhari.Sahih:1930	1930	2035	Fath al-Bari numbering	text match to 0256Bukhari.Sahih.Shamela0001681-ara1	1.0	
urn:hadith:0256Bukhari.Sahih:1931	1931	2036	Fath al-Bari numbering	text match to 0256Bukhari.Sahih.Shamela0001681-ara1	1.0	
urn:hadith:0256Bukhari.Sahih:1932	1932	2037	Fath al-Bari numbering	text match to 0256Bukhari.Sahih.Shamela0001681-ara1	1.0	
urn:hadith:0256Bukhari.Sahih:1933	1933	2038	Fath al-Bari numbering	text match to 0256Bukhari.Sahih.Shamela0001681-ara1	0.79	
urn:hadith:0256Bukhari.Sahih:1934	1934	2039	Fath al-Bari numbering	text match to 0256Bukhari.Sahih.Shamela0001681-ara1	0.86	
urn:hadith:0256Bukhari.Sahih:1935	1935	2040	Fath al-Bari numbering	text match to 0256Bukhari.Sahih.Shamela0001681-ara1	0.75	
urn:hadith:0256Bukhari.Sahih:1936	1936	2041	Fath al-Bari numbering	text match to 0256Bukhari.Sahih.Shamela0001681-ara1	0.93	
urn:hadith:0256Bukhari.Sahih:1937	1937	2042	Fath al-Bari numbering	text match to 0256Bukhari.Sahih.Shamela0001681-ara1	0.92	
urn:hadith:0256Bukhari.Sahih:1938	1938	2043	Fath al-Bari numbering	text match to 0256Bukhari.Sahih.Shamela0001681-ara1	0.87	
urn:hadith:0256Bukhari.Sahih:1939	1939	2044	Fath al-Bari numbering	text match to 0256Bukhari.Sahih.Shamela0001681-ara1	1.0	
urn:hadith:0256Bukhari.Sahih:1940	1940	2045	Fath al-Bari numbering	text match to 0256Bukhari.Sahih.Shamela0001681-ara1	0.93	
urn:hadith:0256Bukhari.Sahih:1941	1941	2046	Fath al-Bari numbering	text match to 0256Bukhari.Sahih.Shamela0001681-ara1	0.78	
urn:hadith:0256Bukhari.Sahih:1942	1942	2047	Fath al-Bari numbering	text match to 0256Bukhari.Sahih.Shamela0001681-ara1	1.0	
urn:hadith:0256Bukhari.Sahih:1943	1943	2048	Fath al-Bari numbering	text match to 0256Bukhari.Sahih.Shamela0001681-ara1	0.93	
urn:hadith:0256Bukhari.Sahih:1944	1944	2049	Fath al-Bari numbering	text match to 0256Bukhari.Sahih.Shamela0001681-ara1	1.0	
urn:hadith:0256Bukhari.Sahih:1945	1945	2050	Fath al-Bari numbering	text match to 0256Bukhari.Sahih.Shamela0001681-ara1	0.73	
urn:hadith:0256Bukhari.Sahih:1946	1946	2051	Fath al-Bari numbering	text match to 0256Bukhari.Sahih.Shamela0001681-ara1	0.59	
urn:hadith:0256Bukhari.Sahih:1947	1947	2052	Fath al-Bari numbering	text match to 0256Bukhari.Sahih.Shamela0001681-ara1	1.0	
urn:hadith:0256Bukhari.Sahih:1948	1948	2053	Fath al-Bari numbering	text match to 0256Bukhari.Sahih.Shamela0001681-ara1	0.71	
urn:hadith:0256Bukhari.Sahih:1949	1949	2054	Fath al-Bari numbering	text match to 0256Bukhari.Sahih.Shamela0001681-ara1	0.94	
urn:hadith:0256Bukhari.Sahih:1950	1950	2055	Fath al-Bari numbering	text match to 0256Bukhari.Sahih.Shamela0001681-ara1	0.91	
urn:hadith:0256Bukhari.Sahih:1951	1951	2056	Fath al-Bari numbering	text match to 0256Bukhari.Sahih.Shamela0001681-ara1	0.79	
urn:hadith:0256Bukhari.Sahih:1952	1952	2057	Fath al-Bari numbering	text match to 0256Bukhari.Sahih.Shamela0001681-ara1	1.0	
urn:hadith:0256Bukhari.Sahih:1953	1953	2058	Fath al-Bari numbering	text match to 0256Bukhari.Sahih.Shamela0001681-ara1	1.0	
urn:hadith:0256Bukhari.Sahih:1954	1954	2059	Fath al-Bari numbering	text match to 0256Bukhari.Sahih.Shamela0001681-ara1	0.88	
urn:hadith:0256Bukhari.Sahih:1955	1955	2060	Fath al-Bari numbering	text match to 0256Bukhari.Sahih.Shamela0001681-ara1	0.87	
urn:hadith:0256Bukhari.Sahih:1956	1956	2062	Fath al-Bari numbering	text match to 0256Bukhari.Sahih.Shamela0001681-ara1	0.87	
urn:hadith:0256Bukhari.Sahih:1957	1957	2063	Fath al-Bari numbering	text match to 0256Bukhari.Sahih.Shamela0001681-ara1	0.85	
urn:hadith:0256Bukhari.Sahih:1958	1958	2064	Fath al-Bari numbering	text match to 0256Bukhari.Sahih.Shamela0001681-ara1	1.0	
urn:hadith:0256Bukhari.Sahih:1959	1959	2065	Fath al-Bari numbering	text match to 0256Bukhari.Sahih.Shamela0001681-ara1	1.0	
urn:hadith:0256Bukhari.Sahih:1960	1960	2066	Fath al-Bari numbering	text match to 0256Bukhari.Sahih.Shamela0001681-ara1	0.91	
urn:hadith:0256Bukhari.Sahih:1961	1961	2067	Fath al-Bari numbering	text match to 0256Bukhari.Sahih.Shamela0001681-ara1	0.84	
urn:hadith:0256Bukhari.Sahih:1962	1962	2068	Fath al-Bari numbering	text match to 0256Bukhari.Sahih.Shamela0001681-ara1	1.0	
urn:hadith:0256Bukhari.Sahih:1963	1963	2069	Fath al-Bari numbering	text match to 0256Bukhari.Sahih.Shamela0001681-ara1	0.93	
urn:hadith:0256Bukhari.Sahih:1964	1964	2070	Fath al-Bari numbering	text match to 0256Bukhari.Sahih.Shamela0001681-ara1	0.71	
urn:hadith:0256Bukhari.Sahih:1965	1965	2071	Fath al-Bari numbering	text match to 0256Bukhari.Sahih.Shamela0001681-ara1	1.0	
urn:hadith:0256Bukhari.Sahih:1966	1966	2072	Fath al-Bari numbering	text match to 0256Bukhari.Sahih.Shamela0001681-ara1	0.91	
urn:hadith:0256Bukhari.Sahih:1967	1967	2073	Fath al-Bari numbering	text match to 0256Bukhari.Sahih.Shamela0001681-ara1	0.87	
urn:hadith:0256Bukhari.Sahih:1968	1968	2074	Fath al-Bari numbering	text match to 0256Bukhari.Sahih.Shamela0001681-ara1	0.8	shared number
urn:hadith:0256Bukhari.Sahih:1969	1969	2075	Fath al-Bari numbering	text match to 0256Bukhari.Sahih.Shamela0001681-ara1	0.81	
urn:hadith:0256Bukhari.Sahih:1970	1970	2076	Fath al-Bari numbering	text match to 0256Bukhari.Sahih.Shamela0001681-ara1	1.0	
urn:hadith:0256Bukhari.Sahih:1971	1971	2077	Fath al-Bari numbering	text match to 0256Bukhari.Sahih.Shamela0001681-ara1	0.86	
urn:hadith:0256Bukhari.Sahih:1972	1972	2078	Fath al-Bari numbering	text match to 0256Bukhari.Sahih.Shamela0001681-ara1	1.0	
urn:hadith:0256Bukhari.Sahih:1973	1973	2079	Fath al-Bari numbering	text match to 0256Bukhari.Sahih.Shamela0001681-ara1	1.0	
urn:hadith:0256Bukhari.Sahih:1974	1974	2080	Fath al-Bari numbering	text match to 0256Bukhari.Sahih.Shamela0001681-ara1	1.0	
urn:hadith:0256Bukhari.Sahih:1975	1975	2081	Fath al-Bari numbering	text match to 0256Bukhari.Sahih.Shamela0001681-ara1	1.0	
urn:hadith:0256Bukhari.Sahih:1976	1976	2082	Fath al-Bari numbering	text match to 0256Bukhari.Sahih.Shamela0001681-ara1	1.0	
urn:hadith:0256Bukhari.Sahih:1977	1977	2083	Fath al-Bari numbering	text match to 0256Bukhari.Sahih.Shamela0001681-ara1	0.87	
urn:hadith:0256Bukhari.Sahih:1978	1978	2084	Fath al-Bari numbering	text match to 0256Bukhari.Sahih.Shamela0001681-ara1	1.0	
urn:hadith:0256Bukhari.Sahih:1979	1979	2085	Fath al-Bari numbering	text match to 0256Bukhari.Sahih.Shamela0001681-ara1	1.0	
urn:hadith:0256Bukhari.Sahih:1980	1980	2086	Fath al-Bari numbering	text match to 0256Bukhari.Sahih.Shamela0001681-ara1	0.81	
urn:hadith:0256Bukhari.Sahih:1981	1981	2087	Fath al-Bari numbering	text match to 0256Bukhari.Sahih.Shamela0001681-ara1	0.73	
urn:hadith:0256Bukhari.Sahih:1982	1982	2088	Fath al-Bari numbering	text match to 0256Bukhari.Sahih.Shamela0001681-ara1	1.0	
urn:hadith:0256Bukhari.Sahih:1983	1983	2089	Fath al-Bari numbering	text match to 0256Bukhari.Sahih.Shamela0001681-ara1	0.86	
urn:hadith:0256Bukhari.Sahih:1984	1984	2090	Fath al-Bari numbering	text match to 0256Bukhari.Sahih.Shamela0001681-ara1	0.93	
urn:hadith:0256Bukhari.Sahih:1985	1985	2091	Fath al-Bari numbering	text match to 0256Bukhari.Sahih.Shamela0001681-ara1	0.93	
urn:hadith:0256Bukhari.Sahih:1986	1986	2092	Fath al-Bari numbering	text match to 0256Bukhari.Sahih.Shamela0001681-ara1	1.0	
urn:hadith:0256Bukhari.Sahih:1987	1987	2093	Fath al-Bari numbering	text match to 0256Bukhari.Sahih.Shamela0001681-ara1	1.0	
urn:hadith:0256Bukhari.Sahih:1988	1988	2094	Fath al-Bari numbering	text match to 0256Bukhari.Sahih.Shamela0001681-ara1	1.0	
urn:hadith:0256Bukhari.Sahih:1989	1989	2095	Fath al-Bari numbering	text match to 0256Bukhari.Sahih.Shamela0001681-ara1	0.93	
urn:hadith:0256Bukhari.Sahih:1990	1990	2096	Fath al-Bari numbering	text match to 0256Bukhari.Sahih.Shamela0001681-ara1	1.0	
urn:hadith:0256Bukhari.Sahih:1991	1991	2097	Fath al-Bari numbering	text match to 0256Bukhari.Sahih.Shamela0001681-ara1	1.0	
urn:hadith:0256Bukhari.Sahih:1992	1992	2098	Fath al-Bari numbering	text match to 0256Bukhari.Sahih.Shamela0001681-ara1	0.67	
urn:hadith:0256Bukhari.Sahih:1993	1993	2099	Fath al-Bari numbering	text match to 0256Bukhari.Sahih.Shamela0001681-ara1	0.8	
urn:hadith:0256Bukhari.Sahih:1994	1994	2100	Fath al-Bari numbering	text match to 0256Bukhari.Sahih.Shamela0001681-ara1	0.92	
urn:hadith:0256Bukhari.Sahih:1995	1995	2101	Fath al-Bari numbering	text match to 0256Bukhari.Sahih.Shamela0001681-ara1	1.0	
urn:hadith:0256Bukhari.Sahih:1996	1996	2102	Fath al-Bari numbering	text match to 0256Bukhari.Sahih.Shamela0001681-ara1	1.0	
urn:hadith:0256Bukhari.Sahih:1997	1997	2103	Fath al-Bari numbering	text match to 0256Bukhari.Sahih.Shamela0001681-ara1	0.66	
urn:hadith:0256Bukhari.Sahih:1998	1998	2104	Fath al-Bari numbering	text match to 0256Bukhari.Sahih.Shamela0001681-ara1	1.0	
urn:hadith:0256Bukhari.Sahih:1999	1999	2105	Fath al-Bari numbering	text match to 0256Bukhari.Sahih.Shamela0001681-ara1	1.0	
urn:hadith:0256Bukhari.Sahih:2000	2000	2106	Fath al-Bari numbering	text match to 0256Bukhari.Sahih.Shamela0001681-ara1	1.0	
urn:hadith:0256Bukhari.Sahih:2001	2001	2107	Fath al-Bari numbering	text match to 0256Bukhari.Sahih.Shamela0001681-ara1	0.67	
urn:hadith:0256Bukhari.Sahih:2002	2002	2108	Fath al-Bari numbering	text match to 0256Bukhari.Sahih.Shamela0001681-ara1	1.0	
urn:hadith:0256Bukhari.Sahih:2003	2003	2109	Fath al-Bari numbering	text match to 0256Bukhari.Sahih.Shamela0001681-ara1	0.86	
urn:hadith:0256Bukhari.Sahih:2004	2004	2110	Fath al-Bari numbering	text match to 0256Bukhari.Sahih.Shamela0001681-ara1	0.91	
urn:hadith:0256Bukhari.Sahih:2005	2005	2111	Fath al-Bari numbering	text match to 0256Bukhari.Sahih.Shamela0001681-ara1	1.0	
urn:hadith:0256Bukhari.Sahih:2006	2006	2112	Fath al-Bari numbering	text match to 0256Bukhari.Sahih.Shamela0001681-ara1	0.9	
urn:hadith:0256Bukhari.Sahih:2007	2007	2113	Fath al-Bari numbering	text match to 0256Bukhari.Sahih.Shamela0001681-ara1	0.83	
urn:hadith:0256Bukhari.Sahih:2008	2008	2114	Fath al-Bari numbering	text match to 0256Bukhari.Sahih.Shamela0001681-ara1	0.99	
urn:hadith:0256Bukhari.Sahih:2009	2009	2115	Fath al-Bari numbering	text match to 0256Bukhari.Sahih.Shamela0001681-ara1	0.91	
urn:hadith:0256Bukhari.Sahih:2010	2010	2116	Fath al-Bari numbering	text match to 0256Bukhari.Sahih.Shamela0001681-ara1	0.86	
urn:hadith:0256Bukhari.Sahih:2011	2011	2117	Fath al-Bari numbering	text match to 0256Bukhari.Sahih.Shamela0001681-ara1	1.0	
urn:hadith:0256Bukhari.Sahih:2012	2012	2118	Fath al-Bari numbering	text match to 0256Bukhari.Sahih.Shamela0001681-ara1	1.0	
urn:hadith:0256Bukhari.Sahih:2013	2013	2119	Fath al-Bari numbering	text match to 0256Bukhari.Sahih.Shamela0001681-ara1	1.0	
urn:hadith:0256Bukhari.Sahih:2014	2014	2120	Fath al-Bari numbering	text match to 0256Bukhari.Sahih.Shamela0001681-ara1	1.0	
urn:hadith:0256Bukhari.Sahih:2015	2015	2121	Fath al-Bari numbering	text match to 0256Bukhari.Sahih.Shamela0001681-ara1	1.0	
urn:hadith:0256Bukhari.Sahih:2016	2016	2122	Fath al-Bari numbering	text match to 0256Bukhari.Sahih.Shamela0001681-ara1	0.93	
urn:hadith:0256Bukhari.Sahih:2017	2017	2123	Fath al-Bari numbering	text match to 0256Bukhari.Sahih.Shamela0001681-ara1	0.51	
urn:hadith:0256Bukhari.Sahih:2018	2018	2125	Fath al-Bari numbering	text match to 0256Bukhari.Sahih.Shamela0001681-ara1	0.93	
urn:hadith:0256Bukhari.Sahih:2019	2019	2126	Fath al-Bari numbering	text match to 0256Bukhari.Sahih.Shamela0001681-ara1	1.0	
urn:hadith:0256Bukhari.Sahih:2020	2020	2127	Fath al-Bari numbering	text match to 0256Bukhari.Sahih.Shamela0001681-ara1	0.93	
urn:hadith:0256Bukhari.Sahih:2021	2021	2128	Fath al-Bari numbering	text match to 0256Bukhari.Sahih.Shamela0001681-ara1	0.78	
urn:hadith:0256Bukhari.Sahih:2022	2022	2129	Fath al-Bari numbering	text match to 0256Bukhari.Sahih.Shamela0001681-ara1	1.0	
urn:hadith:0256Bukhari.Sahih:2023	2023	2130	Fath al-Bari numbering	text match to 0256Bukhari.Sahih.Shamela0001681-ara1	1.0	
urn:hadith:0256Bukhari.Sahih:2024	2024	2131	Fath al-Bari numbering	text match to 0256Bukhari.Sahih.Shamela0001681-ara1	1.0	
urn:hadith:0256Bukhari.Sahih:2025	2025	2132	Fath al-Bari numbering	text match to 0256Bukhari.Sahih.Shamela0001681-ara1	0.74	
urn:hadith:0256Bukhari.Sahih:2026	2026	2133	Fath al-Bari numbering	text match to 0256Bukhari.Sahih.Shamela0001681-ara1	0.81	
urn:hadith:0256Bukhari.Sahih:2027	2027	2134	Fath al-Bari numbering	text match to 0256Bukhari.Sahih.Shamela0001681-ara1	0.92	
urn:hadith:0256Bukhari.Sahih:2028	2028	2135	Fath al-Bari numbering	text match to 0256Bukhari.Sahih.Shamela0001681-ara1	0.77	
urn:hadith:0256Bukhari.Sahih:2029	2029	2136	Fath al-Bari numbering	text match to 0256Bukhari.Sahih.Shamela0001681-ara1	0.85	
urn:hadith:0256Bukhari.Sahih:2030	2030	2137	Fath al-Bari numbering	text match to 0256Bukhari.Sahih.Shamela0001681-ara1	0.77	
urn:hadith:0256Bukhari.Sahih:2031	2031	2138	Fath al-Bari numbering	text match to 0256Bukhari.Sahih.Shamela0001681-ara1	1.0	
urn:hadith:0256Bukhari.Sahih:2032	2032	2139	Fath al-Bari numbering	text match to 0256Bukhari.Sahih.Shamela0001681-ara1	1.0	
urn:hadith:0256Bukhari.Sahih:2033	2033	2140	Fath al-Bari numbering	text match to 0256Bukhari.Sahih.Shamela0001681-ara1	1.0	
urn:hadith:0256Bukhari.Sahih:2034	2034	2141	Fath al-Bari numbering	text match to 0256Bukhari.Sahih.Shamela0001681-ara1	1.0	
urn:hadith:0256Bukhari.Sahih:2035	2035	2142	Fath al-Bari numbering	text match to 0256Bukhari.Sahih.Shamela0001681-ara1	0.75	
urn:hadith:0256Bukhari.Sahih:2036	2036	2143	Fath al-Bari numbering	text match to 0256Bukhari.Sahih.Shamela0001681-ara1	1.0	
urn:hadith:0256Bukhari.Sahih:2037	2037	2144	Fath al-Bari numbering	text match to 0256Bukhari.Sahih.Shamela0001681-ara1	0.91	
urn:hadith:0256Bukhari.Sahih:2038	2038	2145	Fath al-Bari numbering	text match to 0256Bukhari.Sahih.Shamela0001681-ara1	1.0	
urn:hadith:0256Bukhari.Sahih:2039	2039	2146	Fath al-Bari numbering	text match to 0256Bukhari.Sahih.Shamela0001681-ara1	1.0	
urn:hadith:0256Bukhari.Sahih:2040	2040	2147	Fath al-Bari numbering	text match to 0256Bukhari.Sahih.Shamela0001681-ara1	1.0	
urn:hadith:0256Bukhari.Sahih:2041	2041	2148	Fath al-Bari numbering	text match to 0256Bukhari.Sahih.Shamela0001681-ara1	0.91	
urn:hadith:0256Bukhari.Sahih:2042	2042	2149	Fath al-Bari numbering	text match to 0256Bukhari.Sahih.Shamela0001681-ara1	1.0	
urn:hadith:0256Bukhari.Sahih:2043	2043	2150	Fath al-Bari numbering	text match to 0256Bukhari.Sahih.Shamela0001681-ara1	1.0	
urn:hadith:0256Bukhari.Sahih:2044	2044	2151	Fath al-Bari numbering	text match to 0256Bukhari.Sahih.Shamela0001681-ara1	0.89	
urn:hadith:0256Bukhari.Sahih:2045	2045	2152	Fath al-Bari numbering	text match to 0256Bukhari.Sahih.Shamela0001681-ara1	1.0	
urn:hadith:0256Bukhari.Sahih:2046	2046	2153	Fath al-Bari numbering	text match to 0256Bukhari.Sahih.Shamela0001681-ara1	0.82	
urn:hadith:0256Bukhari.Sahih:2047	2047	2155	Fath al-Bari numbering	text match to 0256Bukhari.Sahih.Shamela0001681-ara1	0.93	
urn:hadith:0256Bukhari.Sahih:2048	2048	2156	Fath al-Bari numbering	text match to 0256Bukhari.Sahih.Shamela0001681-ara1	1.0	
urn:hadith:0256Bukhari.Sahih:2049	2049	2157	Fath al-Bari numbering	text match to 0256Bukhari.Sahih.Shamela0001681-ara1	0.9	
urn:hadith:0256Bukhari.Sahih:2050	2050	2158	Fath al-Bari numbering	text match to 0256Bukhari.Sahih.Shamela0001681-ara1	0.79	
urn:hadith:0256Bukhari.Sahih:2051	2051	2159	Fath al-Bari numbering	text match to 0256Bukhari.Sahih.Shamela0001681-ara1	0.95	
urn:hadith:0256Bukhari.Sahih:2052	2052	2160	Fath al-Bari numbering	text match to 0256Bukhari.Sahih.Shamela0001681-ara1	0.71	
urn:hadith:0256Bukhari.Sahih:2053	2053	2161	Fath al-Bari numbering	text match to 0256Bukhari.Sahih.Shamela0001681-ara1	0.74	
urn:hadith:0256Bukhari.Sahih:2054	2054	2162	Fath al-Bari numbering	text match to 0256Bukhari.Sahih.Shamela0001681-ara1	0.87	
urn:hadith:0256Bukhari.Sahih:2055	2055	2163	Fath al-Bari numbering	text match to 0256Bukhari.Sahih.Shamela0001681-ara1	0.66	
urn:hadith:0256Bukhari.Sahih:2056	2056	2164	Fath al-Bari numbering	text match to 0256Bukhari.Sahih.Shamela0001681-ara1	1.0	
urn:hadith:0256Bukhari.Sahih:2057	2057	2165	Fath al-Bari numbering	text match to 0256Bukhari.Sahih.Shamela0001681-ara1	1.0	
urn:hadith:0256Bukhari.Sahih:2058	2058	2166	Fath al-Bari numbering	text match to 0256Bukhari.Sahih.Shamela0001681-ara1	1.0	
urn:hadith:0256Bukhari.Sahih:2059	2059	2167	Fath al-Bari numbering	text match to 0256Bukhari.Sahih.Shamela0001681-ara1	0.86	
urn:hadith:0256Bukhari.Sahih:2060	2060	2168	Fath al-Bari numbering	text match to 0256Bukhari.Sahih.Shamela0001681-ara1	0.87	
urn:hadith:0256Bukhari.Sahih:2061	2061	2169	Fath al-Bari numbering	text match to 0256Bukhari.Sahih.Shamela0001681-ara1	1.0	
urn:hadith:0256Bukhari.Sahih:2062	2062	2170	Fath al-Bari numbering	text match to 0256Bukhari.Sahih.Shamela0001681-ara1	0.87	
urn:hadith:0256Bukhari.Sahih:2063	2063	2171	Fath al-Bari numbering	text match to 0256Bukhari.Sahih.Shamela0001681-ara1	1.0	
urn:hadith:0256Bukhari.Sahih:2064	2064	2172	Fath al-Bari numbering	text match to 0256Bukhari.Sahih.Shamela0001681-ara1	0.63	
urn:hadith:0256Bukhari.Sahih:2065	2065	2174	Fath al-Bari numbering	text match to 0256Bukhari.Sahih.Shamela0001681-ara1	0.93	
urn:hadith:0256Bukhari.Sahih:2066	2066	2175	Fath al-Bari numbering	text match to 0256Bukhari.Sahih.Shamela0001681-ara1	1.0	
urn:hadith:0256Bukhari.Sahih:2067	2067	2176	Fath al-Bari numbering	text match to 0256Bukhari.Sahih.Shamela0001681-ara1	0.87	
urn:hadith:0256Bukhari.Sahih:2068	2068	2177	Fath al-Bari numbering	text match to 0256Bukhari.Sahih.Shamela0001681-ara1	1.0	
urn:hadith:0256Bukhari.Sahih:2069	2069	2178	Fath al-Bari numbering	text match to 0256Bukhari.Sahih.Shamela0001681-ara1	0.8	
urn:hadith:0256Bukhari.Sahih:2070	2070	2180	Fath al-Bari numbering	text match to 0256Bukhari.Sahih.Shamela0001681-ara1	1.0	
urn:hadith:0256Bukhari.Sahih:2071	2071	2182	Fath al-Bari numbering	text match to 0256Bukhari.Sahih.Shamela0001681-ara1	1.0	
urn:hadith:0256Bukhari.Sahih:2072	2072	2183	Fath al-Bari numbering	text match to 0256Bukhari.Sahih.Shamela0001681-ara1	0.54	
urn:hadith:0256Bukhari.Sahih:2073	2073	2185	Fath al-Bari numbering	text match to 0256Bukhari.Sahih.Shamela0001681-ara1	1.0	
urn:hadith:0256Bukhari.Sahih:2074	2074	2186	Fath al-Bari numbering	text match to 0256Bukhari.Sahih.Shamela0001681-ara1	0.82	
urn:hadith:0256Bukhari.Sahih:2075	2075	2187	Fath al-Bari numbering	text match to 0256Bukhari.Sahih.Shamela0001681-ara1	0.76	
urn:hadith:0256Bukhari.Sahih:2076	2076	2188	Fath al-Bari numbering	text match to 0256Bukhari.Sahih.Shamela0001681-ara1	0.82	
urn:hadith:0256Bukhari.Sahih:2077	2077	2189	Fath al-Bari numbering	text match to 0256Bukhari.Sahih.Shamela0001681-ara1	0.78	
urn:hadith:0256Bukhari.Sahih:2078	2078	2190	Fath al-Bari numbering	text match to 0256Bukhari.Sahih.Shamela0001681-ara1	1.0	
urn:hadith:0256Bukhari.Sahih:2079	2079	2191	Fath al-Bari numbering	text match to 0256Bukhari.Sahih.Shamela0001681-ara1	1.0	
urn:hadith:0256Bukhari.Sahih:2080	2080	2192	Fath al-Bari numbering	text match to 0256Bukhari.Sahih.Shamela0001681-ara1	0.82	
urn:hadith:0256Bukhari.Sahih:2081	2081	2193	Fath al-Bari numbering	text match to 0256Bukhari.Sahih.Shamela0001681-ara1	1.0	
urn:hadith:0256Bukhari.Sahih:2082	2082	2194	Fath al-Bari numbering	text match to 0256Bukhari.Sahih.Shamela0001681-ara1	1.0	
urn:hadith:0256Bukhari.Sahih:2083	2083	2195	Fath al-Bari numbering	text match to 0256Bukhari.Sahih.Shamela0001681-ara1	0.94	
urn:hadith:0256Bukhari.Sahih:2084	2084	2196	Fath al-Bari numbering	text match to 0256Bukhari.Sahih.Shamela0001681-ara1	0.74	
urn:hadith:0256Bukhari.Sahih:2085	2085	2197	Fath al-Bari numbering	text match to 0256Bukhari.Sahih.Shamela0001681-ara1	0.89	
urn:hadith:0256Bukhari.Sahih:2086	2086	2198	Fath al-Bari numbering	text match to 0256Bukhari.Sahih.Shamela0001681-ara1	1.0	
urn:hadith:0256Bukhari.Sahih:2087	2087	2199	Fath al-Bari numbering	text match to 0256Bukhari.Sahih.Shamela0001681-ara1	0.8	
urn:hadith:0256Bukhari.Sahih:2088	2088	2200	Fath al-Bari numbering	text match to 0256Bukhari.Sahih.Shamela0001681-ara1	1.0	
urn:hadith:0256Bukhari.Sahih:2089	2089	2201	Fath al-Bari numbering	text match to 0256Bukhari.Sahih.Shamela0001681-ara1	1.0	
urn:hadith:0256Bukhari.Sahih:2090	2090	2716	Fath al-Bari numbering	text match to 0256Bukhari.Sahih.Shamela0001681-ara1	1.0	shared number, out of order
urn:hadith:0256Bukhari.Sahih:2091	2091	2205	Fath al-Bari numbering	text match to 0256Bukhari.Sahih.Shamela0001681-ara1	0.89	
urn:hadith:0256Bukhari.Sahih:2092	2092	2206	Fath al-Bari numbering	text match to 0256Bukhari.Sahih.Shamela0001681-ara1	0.84	
urn:hadith:0256Bukhari.Sahih:2093	2093	2207	Fath al-Bari numbering	text match to 0256Bukhari.Sahih.Shamela0001681-ara1	1.0	
urn:hadith:0256Bukhari.Sahih:2094	2094	2208	Fath al-Bari numbering	text match to 0256Bukhari.Sahih.Shamela0001681-ara1	1.0	
urn:hadith:0256Bukhari.Sahih:2095	2095	2209	Fath al-Bari numbering	text match to 0256Bukhari.Sahih.Shamela0001681-ara1	0.89	
urn:hadith:0256Bukhari.Sahih:2096	2096	2210	Fath al-Bari numbering	text match to 0256Bukhari.Sahih.Shamela0001681-ara1	1.0	
urn:hadith:0256Bukhari.Sahih:2097	2097	2211	Fath al-Bari numbering	text match to 0256Bukhari.Sahih.Shamela0001681-ara1	1.0	
urn:hadith:0256Bukhari.Sahih:2098	2098	2212	Fath al-Bari numbering	text match to 0256Bukhari.Sahih.Shamela0001681-ara1	0.76	
urn:hadith:0256Bukhari.Sahih:2099	2099	2213	Fath al-Bari numbering	text match to 0256Bukhari.Sahih.Shamela0001681-ara1	1.0	
urn:hadith:0256Bukhari.Sahih:2100	2100	2214	Fath al-Bari numbering	text match to 0256Bukhari.Sahih.Shamela0001681-ara1	1.0	shared number
urn:hadith:0256Bukhari.Sahih:2101	2101	2214	Fath al-Bari numbering	text match to 0256Bukhari.Sahih.Shamela0001681-ara1	1.0	shared number
urn:hadith:0256Bukhari.Sahih:2102	2102	2215	Fath al-Bari numbering	text match to 0256Bukhari.Sahih.Shamela0001681-ara1	0.8	
urn:hadith:0256Bukhari.Sahih:2103	2103	2216	Fath al-Bari numbering	text match to 0256Bukhari.Sahih.Shamela0001681-ara1	1.0	
urn:hadith:0256Bukhari.Sahih:2104	2104	2217	Fath al-Bari numbering	text match to 0256Bukhari.Sahih.Shamela0001681-ara1	1.0	
urn:hadith:0256Bukhari.Sahih:2105	2105	2218	Fath al-Bari numbering	text match to 0256Bukhari.Sahih.Shamela0001681-ara1	0.84	
urn:hadith:0256Bukhari.Sahih:2106	2106	2219	Fath al-Bari numbering	text match to 0256Bukhari.Sahih.Shamela0001681-ara1	1.0	
urn:hadith:0256Bukhari.Sahih:2107	2107	2220	Fath al-Bari numbering	text match to 0256Bukhari.Sahih.Shamela0001681-ara1	1.0	
urn:hadith:0256Bukhari.Sahih:2108	2108	2221	Fath al-Bari numbering	text match to 0256Bukhari.Sahih.Shamela0001681-ara1	0.9	shared number
urn:hadith:0256Bukhari.Sahih:2109	2109	2222	Fath al-Bari numbering	text match to 0256Bukhari.Sahih.Shamela0001681-ara1	0.72	
urn:hadith:0256Bukhari.Sahih:2110	2110	2223	Fath al-Bari numbering	text match to 0256Bukhari.Sahih.Shamela0001681-ara1	0.79	
urn:hadith:0256Bukhari.Sahih:2111	2111	2224	Fath al-Bari numbering	text match to 0256Bukhari.Sahih.Shamela0001681-ara1	0.77	
urn:hadith:0256Bukhari.Sahih:2112	2112	2225	Fath al-Bari numbering	text match to 0256Bukhari.Sahih.Shamela0001681-ara1	0.87	
urn:hadith:0256Bukhari.Sahih:2113	2113	2226	Fath al-Bari numbering	text match to 0256Bukhari.Sahih.Shamela0001681-ara1	1.0	
urn:hadith:0256Bukhari.Sahih:2114	2114	2227	Fath al-Bari numbering	text match to 0256Bukhari.Sahih.Shamela0001681-ara1	1.0	
urn:hadith:0256Bukhari.Sahih:2115	2115	2228	Fath al-Bari numbering	text match to 0256Bukhari.Sahih.Shamela0001681-ara1	1.0	
urn:hadith:0256Bukhari.Sahih:2116	2116	2229	Fath al-Bari numbering	text match to 0256Bukhari.Sahih.Shamela0001681-ara1	0.81	
urn:hadith:0256Bukhari.Sahih:2118	2118	2232	Fath al-Bari numbering	text match to 0256Bukhari.Sahih.Shamela0001681-ara1	0.9	
urn:hadith:0256Bukhari.Sahih:2119	2119	2234	Fath al-Bari numbering	text match to 0256Bukhari.Sahih.Shamela0001681-ara1	1.0	
urn:hadith:0256Bukhari.Sahih:2120	2120	2235	Fath al-Bari numbering	text match to 0256Bukhari.Sahih.Shamela0001681-ara1	1.0	
urn:hadith:0256Bukhari.Sahih:2121	2121	2236	Fath al-Bari numbering	text match to 0256Bukhari.Sahih.Shamela0001681-ara1	1.0	shared number
urn:hadith:0256Bukhari.Sahih:2122	2122	2237	Fath al-Bari numbering	text match to 0256Bukhari.Sahih.Shamela0001681-ara1	0.85	
urn:hadith:0256Bukhari.Sahih:2123	2123	2238	Fath al-Bari numbering	text match to 0256Bukhari.Sahih.Shamela0001681-ara1	0.91	
urn:hadith:0256Bukhari.Sahih:2124	2124	2239	Fath al-Bari numbering	text match to 0256Bukhari.Sahih.Shamela0001681-ara1	0.78	
urn:hadith:0256Bukhari.Sahih:2125	2125	2240	Fath al-Bari numbering	text match to 0256Bukhari.Sahih.Shamela0001681-ara1	0.73	
urn:hadith:0256Bukhari.Sahih:2126	2126	2241	Fath al-Bari numbering	text match to 0256Bukhari.Sahih.Shamela0001681-ara1	0.71	
urn:hadith:0256Bukhari.Sahih:2127	2127	2242	Fath al-Bari numbering	text match to 0256Bukhari.Sahih.Shamela0001681-ara1	0.76	
urn:hadith:0256Bukhari.Sahih:2128	2128	2244	Fath al-Bari numbering	text match to 0256Bukhari.Sahih.Shamela0001681-ara1	1.0	
urn:hadith:0256Bukhari.Sahih:2130	2130	2246	Fath al-Bari numbering	text match to 0256Bukhari.Sahih.Shamela0001681-ara1	0.85	
urn:hadith:0256Bukhari.Sahih:2131	2131	2247	Fath al-Bari numbering	text match to 0256Bukhari.Sahih.Shamela0001681-ara1	0.81	
urn:hadith:0256Bukhari.Sahih:2132	2132	2249	Fath al-Bari numbering	text match to 0256Bukhari.Sahih.Shamela0001681-ara1	0.84	
urn:hadith:0256Bukhari.Sahih:2133	2133	2251	Fath al-Bari numbering	text match to 0256Bukhari.Sahih.Shamela0001681-ara1	0.93	
urn:hadith:0256Bukhari.Sahih:2134	2134	2252	Fath al-Bari numbering	text match to 0256Bukhari.Sahih.Shamela0001681-ara1	1.0	
urn:hadith:0256Bukhari.Sahih:2135	2135	2253	Fath al-Bari numbering	text match to 0256Bukhari.Sahih.Shamela0001681-ara1	0.75	
urn:hadith:0256Bukhari.Sahih:2136	2136	2254	Fath al-Bari numbering	text match to 0256Bukhari.Sahih.Shamela0001681-ara1	1.0	
urn:hadith:0256Bukhari.Sahih:2137	2137	2256	Fath al-Bari numbering	text match to 0256Bukhari.Sahih.Shamela0001681-ara1	0.89	
urn:hadith:0256Bukhari.Sahih:2138	2138	2257	Fath al-Bari numbering	text match to 0256Bukhari.Sahih.Shamela0001681-ara1	1.0	
urn:hadith:0256Bukhari.Sahih:2139	2139	2258	Fath al-Bari numbering	text match to 0256Bukhari.Sahih.Shamela0001681-ara1	0.87	
urn:hadith:0256Bukhari.Sahih:2140	2140	2259	Fath al-Bari numbering	text match to 0256Bukhari.Sahih.Shamela0001681-ara1	0.9	
urn:hadith:0256Bukhari.Sahih:2141	2141	2260	Fath al-Bari numbering	text match to 0256Bukhari.Sahih.Shamela0001681-ara1	1.0	
urn:hadith:0256Bukhari.Sahih:2142	2142	2261	Fath al-Bari numbering	text match to 0256Bukhari.Sahih.Shamela0001681-ara1	1.0	
urn:hadith:0256Bukhari.Sahih:2143	2143	2262	Fath al-Bari numbering	text match to 0256Bukhari.Sahih.Shamela0001681-ara1	1.0	
urn:hadith:0256Bukhari.Sahih:2144	2144	2263	Fath al-Bari numbering	text match to 0256Bukhari.Sahih.Shamela0001681-ara1	0.93	
urn:hadith:0256Bukhari.Sahih:2145	2145	2264	Fath al-Bari numbering	text match to 0256Bukhari.Sahih.Shamela0001681-ara1	0.84	
urn:hadith:0256Bukhari.Sahih:2146	2146	2265	Fath al-Bari numbering	text match to 0256Bukhari.Sahih.Shamela0001681-ara1	0.84	
urn:hadith:0256Bukhari.Sahih:2147	2147	2267	Fath al-Bari numbering	text match to 0256Bukhari.Sahih.Shamela0001681-ara1	0.83	
urn:hadith:0256Bukhari.Sahih:2148	2148	2268	Fath al-Bari numbering	text match to 0256Bukhari.Sahih.Shamela0001681-ara1	0.93	
urn:hadith:0256Bukhari.Sahih:2149	2149	2269	Fath al-Bari numbering	text match to 0256Bukhari.Sahih.Shamela0001681-ara1	1.0	
urn:hadith:0256Bukhari.Sahih:2150	2150	2270	Fath al-Bari numbering	text match to 0256Bukhari.Sahih.Shamela0001681-ara1	1.0	
urn:hadith:0256Bukhari.Sahih:2151	2151	2271	Fath al-Bari numbering	text match to 0256Bukhari.Sahih.Shamela0001681-ara1	1.0	
urn:hadith:0256Bukhari.Sahih:2152	2152	2272	Fath al-Bari numbering	text match to 0256Bukhari.Sahih.Shamela0001681-ara1	1.0	
urn:hadith:0256Bukhari.Sahih:2153	2153	2273	Fath al-Bari numbering	text match to 0256Bukhari.Sahih.Shamela0001681-ara1	0.72	
urn:hadith:0256Bukhari.Sahih:2154	2154	2274	Fath al-Bari numbering	text match to 0256Bukhari.Sahih.Shamela0001681-ara1	0.65	
urn:hadith:0256Bukhari.Sahih:2155	2155	2275	Fath al-Bari numbering	text match to 0256Bukhari.Sahih.Shamela0001681-ara1	1.0	
urn:hadith:0256Bukhari.Sahih:2156	2156	2276	Fath al-Bari numbering	text match to 0256Bukhari.Sahih.Shamela0001681-ara1	1.0	
urn:hadith:0256Bukhari.Sahih:2157	2157	2277	Fath al-Bari numbering	text match to 0256Bukhari.Sahih.Shamela0001681-ara1	1.0	
urn:hadith:0256Bukhari.Sahih:2158	2158	2278	Fath al-Bari numbering	text match to 0256Bukhari.Sahih.Shamela0001681-ara1	0.55	
urn:hadith:0256Bukhari.Sahih:2159	2159	2279	Fath al-Bari numbering	text match to 0256Bukhari.Sahih.Shamela0001681-ara1	0.81	
urn:hadith:0256Bukhari.Sahih:2160	2160	2280	Fath al-Bari numbering	text match to 0256Bukhari.Sahih.Shamela0001681-ara1	1.0	
urn:hadith:0256Bukhari.Sahih:2161	2161	2281	Fath al-Bari numbering	text match to 0256Bukhari.Sahih.Shamela0001681-ara1	1.0	
urn:hadith:0256Bukhari.Sahih:2162	2162	2282	Fath al-Bari numbering	text match to 0256Bukhari.Sahih.Shamela0001681-ara1	0.86	
urn:hadith:0256Bukhari.Sahih:2163	2163	2283	Fath al-Bari numbering	text match to 0256Bukhari.Sahih.Shamela0001681-ara1	1.0	
urn:hadith:0256Bukhari.Sahih:2164	2164	2284	Fath al-Bari numbering	text match to 0256Bukhari.Sahih.Shamela0001681-ara1	0.81	
urn:hadith:0256Bukhari.Sahih:2165	2165	2285	Fath al-Bari numbering	text match to 0256Bukhari.Sahih.Shamela0001681-ara1	0.53	shared number
urn:hadith:0256Bukhari.Sahih:2166	2166	2287	Fath al-Bari numbering	text match to 0256Bukhari.Sahih.Shamela0001681-ara1	1.0	
urn:hadith:0256Bukhari.Sahih:2167	2167	2288	Fath al-Bari numbering	text match to 0256Bukhari.Sahih.Shamela0001681-ara1	0.82	
urn:hadith:0256Bukhari.Sahih:2168	2168	2289	Fath al-Bari numbering	text match to 0256Bukhari.Sahih.Shamela0001681-ara1	1.0	
urn:hadith:0256Bukhari.Sahih:2169	2169	2291	Fath al-Bari numbering	text match to 0256Bukhari.Sahih.Shamela0001681-ara1	1.0	
urn:hadith:0256Bukhari.Sahih:2170	2170	2292	Fath al-Bari numbering	text match to 0256Bukhari.Sahih.Shamela0001681-ara1	0.68	
urn:hadith:0256Bukhari.Sahih:2171	2171	2293	Fath al-Bari numbering	text match to 0256Bukhari.Sahih.Shamela0001681-ara1	1.0	
urn:hadith:0256Bukhari.Sahih:2172	2172	2294	Fath al-Bari numbering	text match to 0256Bukhari.Sahih.Shamela0001681-ara1	0.89	
urn:hadith:0256Bukhari.Sahih:2173	2173	2295	Fath al-Bari numbering	text match to 0256Bukhari.Sahih.Shamela0001681-ara1	1.0	
urn:hadith:0256Bukhari.Sahih:2174	2174	2296	Fath al-Bari numbering	text match to 0256Bukhari.Sahih.Shamela0001681-ara1	0.93	
urn:hadith:0256Bukhari.Sahih:2175	2175	3905	Fath al-Bari numbering	text match to 0256Bukhari.Sahih.Shamela0001681-ara1	0.62	shared number, out of order
urn:hadith:0256Bukhari.Sahih:2176	2176	2298	Fath al-Bari numbering	text match to 0256Bukhari.Sahih.Shamela0001681-ara1	0.88	
urn:hadith:0256Bukhari.Sahih:2177	2177	1707	Fath al-Bari numbering	text match to 0256Bukhari.Sahih.Shamela0001681-ara1	0.84	shared number, out of order
urn:hadith:0256Bukhari.Sahih:2178	2178	2300	Fath al-Bari numbering	text match to 0256Bukhari.Sahih.Shamela0001681-ara1	1.0	
urn:hadith:0256Bukhari.Sahih:2179	2179	2301	Fath al-Bari numbering	text match to 0256Bukhari.Sahih.Shamela0001681-ara1	1.0	
urn:hadith:0256Bukhari.Sahih:2180	2180	2302	Fath al-Bari numbering	text match to 0256Bukhari.Sahih.Shamela0001681-ara1	1.0	
urn:hadith:0256Bukhari.Sahih:2181	2181	2304	Fath al-Bari numbering	text match to 0256Bukhari.Sahih.Shamela0001681-ara1	0.93	
urn:hadith:0256Bukhari.Sahih:2182	2182	2305	Fath al-Bari numbering	text match to 0256Bukhari.Sahih.Shamela0001681-ara1	1.0	
urn:hadith:0256Bukhari.Sahih:2183	2183	2306	Fath al-Bari numbering	text match to 0256Bukhari.Sahih.Shamela0001681-ara1	0.91	
urn:hadith:0256Bukhari.Sahih:2184	2184	2307	Fath al-Bari numbering	text match to 0256Bukhari.Sahih.Shamela0001681-ara1	0.93	
urn:hadith:0256Bukhari.Sahih:2185	2185	2309	Fath al-Bari numbering	text match to 0256Bukhari.Sahih.Shamela0001681-ara1	0.93	
urn:hadith:0256Bukhari.Sahih:2186	2186	2310	Fath al-Bari numbering	text match to 0256Bukhari.Sahih.Shamela0001681-ara1	1.0	
urn:hadith:0256Bukhari.Sahih:2187	2187	2311	Fath al-Bari numbering	text match to 0256Bukhari.Sahih.Shamela0001681-ara1	1.0	
urn:hadith:0256Bukhari.Sahih:2188	2188	2312	Fath al-Bari numbering	text match to 0256Bukhari.Sahih.Shamela0001681-ara1	0.93	
urn:hadith:0256Bukhari.Sahih:2189	2189	2313	Fath al-Bari numbering	text match to 0256Bukhari.Sahih.Shamela0001681-ara1	0.76	
urn:hadith:0256Bukhari.Sahih:2190	2190	2314	Fath al-Bari numbering	text match to 0256Bukhari.Sahih.Shamela0001681-ara1	0.75	
urn:hadith:0256Bukhari.Sahih:2191	2191	2316	Fath al-Bari numbering	text match to 0256Bukhari.Sahih.Shamela0001681-ara1	0.59	
urn:hadith:0256Bukhari.Sahih:2192	2192	2317	Fath al-Bari numbering	text match to 0256Bukhari.Sahih.Shamela0001681-ara1	1.0	
urn:hadith:0256Bukhari.Sahih:2193	2193	2318	Fath al-Bari numbering	text match to 0256Bukhari.Sahih.Shamela0001681-ara1	0.88	
urn:hadith:0256Bukhari.Sahih:2194	2194	2319	Fath al-Bari numbering	text match to 0256Bukhari.Sahih.Shamela0001681-ara1	0.82	
urn:hadith:0256Bukhari.Sahih:2195	2195	2320	Fath al-Bari numbering	text match to 0256Bukhari.Sahih.Shamela0001681-ara1	0.93	
urn:hadith:0256Bukhari.Sahih:2196	2196	2321	Fath al-Bari numbering	text match to 0256Bukhari.Sahih.Shamela0001681-ara1	1.0	
urn:hadith:0256Bukhari.Sahih:2197	2197	2322	Fath al-Bari numbering	text match to 0256Bukhari.Sahih.Shamela0001681-ara1	0.93	
urn:hadith:0256Bukhari.Sahih:2198	2198	2323	Fath al-Bari numbering	text match to 0256Bukhari.Sahih.Shamela0001681-ara1	1.0	
urn:hadith:0256Bukhari.Sahih:2199	2199	2324	Fath al-Bari numbering	text match to 0256Bukhari.Sahih.Shamela0001681-ara1	0.88	
urn:hadith:0256Bukhari.Sahih:2200	2200	2325	Fath al-Bari numbering	text match to 0256Bukhari.Sahih.Shamela0001681-ara1	0.84	
urn:hadith:0256Bukhari.Sahih:2201	2201	2326	Fath al-Bari numbering	text match to 0256Bukhari.Sahih.Shamela0001681-ara1	0.89	
urn:hadith:0256Bukhari.Sahih:2202	2202	2327	Fath al-Bari numbering	text match to 0256Bukhari.Sahih.Shamela0001681-ara1	1.0	
urn:hadith:0256Bukhari.Sahih:2203	2203	2328	Fath al-Bari numbering	text match to 0256Bukhari.Sahih.Shamela0001681-ara1	1.0	
urn:hadith:0256Bukhari.Sahih:2204	2204	2329	Fath al-Bari numbering	text match to 0256Bukhari.Sahih.Shamela0001681-ara1	0.72	
urn:hadith:0256Bukhari.Sahih:2205	2205	2330	Fath al-Bari numbering	text match to 0256Bukhari.Sahih.Shamela0001681-ara1	0.91	
urn:hadith:0256Bukhari.Sahih:2206	2206	2331	Fath al-Bari numbering	text match to 0256Bukhari.Sahih.Shamela0001681-ara1	0.81	
urn:hadith:0256Bukhari.Sahih:2207	2207	2332	Fath al-Bari numbering	text match to 0256Bukhari.Sahih.Shamela0001681-ara1	0.88	
urn:hadith:0256Bukhari.Sahih:2208	2208	2333	Fath al-Bari numbering	text match to 0256Bukhari.Sahih.Shamela0001681-ara1	1.0	
urn:hadith:0256Bukhari.Sahih:2209	2209	3125	Fath al-Bari numbering	text match to 0256Bukhari.Sahih.Shamela0001681-ara1	1.0	shared number, out of order
urn:hadith:0256Bukhari.Sahih:2210	2210	2335	Fath al-Bari numbering	text match to 0256Bukhari.Sahih.Shamela0001681-ara1	1.0	
urn:hadith:0256Bukhari.Sahih:2211	2211	2336	Fath al-Bari numbering	text match to 0256Bukhari.Sahih.Shamela0001681-ara1	1.0	
urn:hadith:0256Bukhari.Sahih:2212	2212	2337	Fath al-Bari numbering	text match to 0256Bukhari.Sahih.Shamela0001681-ara1	0.88	
urn:hadith:0256Bukhari.Sahih:2213	2213	2338	Fath al-Bari numbering	text match to 0256Bukhari.Sahih.Shamela0001681-ara1	0.8	
urn:hadith:0256Bukhari.Sahih:2214	2214	2339	Fath al-Bari numbering	text match to 0256Bukhari.Sahih.Shamela0001681-ara1	1.0	
urn:hadith:0256Bukhari.Sahih:2215	2215	2340	Fath al-Bari numbering	text match to 0256Bukhari.Sahih.Shamela0001681-ara1	1.0	
urn:hadith:0256Bukhari.Sahih:2216	2216	2341	Fath al-Bari numbering	text match to 0256Bukhari.Sahih.Shamela0001681-ara1	1.0	
urn:hadith:0256Bukhari.Sahih:2217	2217	2342	Fath al-Bari numbering	text match to 0256Bukhari.Sahih.Shamela0001681-ara1	0.86	
urn:hadith:0256Bukhari.Sahih:2219	2219	2345	Fath al-Bari numbering	text match to 0256Bukhari.Sahih.Shamela0001681-ara1	0.91	
urn:hadith:0256Bukhari.Sahih:2220	2220	2346	Fath al-Bari numbering	text match to 0256Bukhari.Sahih.Shamela0001681-ara1	1.0	
urn:hadith:0256Bukhari.Sahih:2221	2221	2348	Fath al-Bari numbering	text match to 0256Bukhari.Sahih.Shamela0001681-ara1	1.0	
urn:hadith:0256Bukhari.Sahih:2222	2222	2349	Fath al-Bari numbering	text match to 0256Bukhari.Sahih.Shamela0001681-ara1	0.94	
urn:hadith:0256Bukhari.Sahih:2223	2223	2350	Fath al-Bari numbering	text match to 0256Bukhari.Sahih.Shamela0001681-ara1	0.93	
urn:hadith:0256Bukhari.Sahih:2224	2224	2351	Fath al-Bari numbering	text match to 0256Bukhari.Sahih.Shamela0001681-ara1	1.0	
urn:hadith:0256Bukhari.Sahih:2225	2225	2352	Fath al-Bari numbering	text match to 0256Bukhari.Sahih.Shamela0001681-ara1	1.0	
urn:hadith:0256Bukhari.Sahih:2226	2226	2353	Fath al-Bari numbering	text match to 0256Bukhari.Sahih.Shamela0001681-ara1	1.0	
urn:hadith:0256Bukhari.Sahih:2227	2227	2354	Fath al-Bari numbering	text match to 0256Bukhari.Sahih.Shamela0001681-ara1	0.76	
urn:hadith:0256Bukhari.Sahih:2228	2228	2355	Fath al-Bari numbering	text match to 0256Bukhari.Sahih.Shamela0001681-ara1	1.0	
urn:hadith:0256Bukhari.Sahih:2229	2229	2356	Fath al-Bari numbering	text match to 0256Bukhari.Sahih.Shamela0001681-ara1	0.79	
urn:hadith:0256Bukhari.Sahih:2230	2230	2358	Fath al-Bari numbering	text match to 0256Bukhari.Sahih.Shamela0001681-ara1	0.93	
urn:hadith:0256Bukhari.Sahih:2231	2231	2359	Fath al-Bari numbering	text match to 0256Bukhari.Sahih.Shamela0001681-ara1	0.89	
urn:hadith:0256Bukhari.Sahih:2232	2232	2361	Fath al-Bari numbering	text match to 0256Bukhari.Sahih.Shamela0001681-ara1	0.91	
urn:hadith:0256Bukhari.Sahih:2233	2233	2362	Fath al-Bari numbering	text match to 0256Bukhari.Sahih.Shamela0001681-ara1	0.66	
urn:hadith:0256Bukhari.Sahih:2234	2234	2363	Fath al-Bari numbering	text match to 0256Bukhari.Sahih.Shamela0001681-ara1	1.0	
urn:hadith:0256Bukhari.Sahih:2235	2235	2364	Fath al-Bari numbering	text match to 0256Bukhari.Sahih.Shamela0001681-ara1	0.86	
urn:hadith:0256Bukhari.Sahih:2236	2236	2365	Fath al-Bari numbering	text match to 0256Bukhari.Sahih.Shamela0001681-ara1	0.9	
urn:hadith:0256Bukhari.Sahih:2237	2237	2366	Fath al-Bari numbering	text match to 0256Bukhari.Sahih.Shamela0001681-ara1	1.0	
urn:hadith:0256Bukhari.Sahih:2238	2238	2367	Fath al-Bari numbering	text match to 0256Bukhari.Sahih.Shamela0001681-ara1	1.0	
urn:hadith:0256Bukhari.Sahih:2239	2239	2368	Fath al-Bari numbering	text match to 0256Bukhari.Sahih.Shamela0001681-ara1	0.92	
urn:hadith:0256Bukhari.Sahih:2240	2240	2369	Fath al-Bari numbering	text match to 0256Bukhari.Sahih.Shamela0001681-ara1	1.0	
urn:hadith:0256Bukhari.Sahih:2241	2241	2370	Fath al-Bari numbering	text match to 0256Bukhari.Sahih.Shamela0001681-ara1	0.78	
urn:hadith:0256Bukhari.Sahih:2242	2242	2371	Fath al-Bari numbering	text match to 0256Bukhari.Sahih.Shamela0001681-ara1	1.0	
urn:hadith:0256Bukhari.Sahih:2243	2243	2429	Fath al-Bari numbering	text match to 0256Bukhari.Sahih.Shamela0001681-ara1	0.88	shared number, out of order
urn:hadith:0256Bukhari.Sahih:2244	2244	2373	Fath al-Bari numbering	text match to 0256Bukhari.Sahih.Shamela0001681-ara1	1.0	
urn:hadith:0256Bukhari.Sahih:2245	2245	2074	Fath al-Bari numbering	text match to 0256Bukhari.Sahih.Shamela0001681-ara1	0.89	shared number, out of order
urn:hadith:0256Bukhari.Sahih:2246	2246	2375	Fath al-Bari numbering	text match to 0256Bukhari.Sahih.Shamela0001681-ara1	0.87	
urn:hadith:0256Bukhari.Sahih:2247	2247	2376	Fath al-Bari numbering	text match to 0256Bukhari.Sahih.Shamela0001681-ara1	0.9	
urn:hadith:0256Bukhari.Sahih:2248	2248	2377	Fath al-Bari numbering	text match to 0256Bukhari.Sahih.Shamela0001681-ara1	1.0	
urn:hadith:0256Bukhari.Sahih:2249	2249	2378	Fath al-Bari numbering	text match to 0256Bukhari.Sahih.Shamela0001681-ara1	1.0	
urn:hadith:0256Bukhari.Sahih:2250	2250	2379	Fath al-Bari numbering	text match to 0256Bukhari.Sahih.Shamela0001681-ara1	0.83	
urn:hadith:0256Bukhari.Sahih:2251	2251	2380	Fath al-Bari numbering	text match to 0256Bukhari.Sahih.Shamela0001681-ara1	0.83	
urn:hadith:0256Bukhari.Sahih:2252	2252	2381	Fath al-Bari numbering	text match to 0256Bukhari.Sahih.Shamela0001681-ara1	0.81	
urn:hadith:0256Bukhari.Sahih:2253	2253	2382	Fath al-Bari numbering	text match to 0256Bukhari.Sahih.Shamela0001681-ara1	0.91	
urn:hadith:0256Bukhari.Sahih:2254	2254	2383	Fath al-Bari numbering	text match to 0256Bukhari.Sahih.Shamela0001681-ara1	0.84	
urn:hadith:0256Bukhari.Sahih:2255	2255	2385	Fath al-Bari numbering	text match to 0256Bukhari.Sahih.Shamela0001681-ara1	0.95	
urn:hadith:0256Bukhari.Sahih:2256	2256	2386	Fath al-Bari numbering	text match to 0256Bukhari.Sahih.Shamela0001681-ara1	1.0	
urn:hadith:0256Bukhari.Sahih:2257	2257	2387	Fath al-Bari numbering	text match to 0256Bukhari.Sahih.Shamela0001681-ara1	1.0	
urn:hadith:0256Bukhari.Sahih:2258	2258	2388	Fath al-Bari numbering	text match to 0256Bukhari.Sahih.Shamela0001681-ara1	0.93	
urn:hadith:0256Bukhari.Sahih:2259	2259	2389	Fath al-Bari numbering	text match to 0256Bukhari.Sahih.Shamela0001681-ara1	0.91	
urn:hadith:0256Bukhari.Sahih:2260	2260	2390	Fath al-Bari numbering	text match to 0256Bukhari.Sahih.Shamela0001681-ara1	0.84	
urn:hadith:0256Bukhari.Sahih:2261	2261	2391	Fath al-Bari numbering	text match to 0256Bukhari.Sahih.Shamela0001681-ara1	1.0	
urn:hadith:0256Bukhari.Sahih:2262	2262	2392	Fath al-Bari numbering	text match to 0256Bukhari.Sahih.Shamela0001681-ara1	1.0	
urn:hadith:0256Bukhari.Sahih:2263	2263	2393	Fath al-Bari numbering	text match to 0256Bukhari.Sahih.Shamela0001681-ara1	0.91	
urn:hadith:0256Bukhari.Sahih:2264	2264	2394	Fath al-Bari numbering	text match to 0256Bukhari.Sahih.Shamela0001681-ara1	0.94	
urn:hadith:0256Bukhari.Sahih:2265	2265	2395	Fath al-Bari numbering	text match to 0256Bukhari.Sahih.Shamela0001681-ara1	0.93	
urn:hadith:0256Bukhari.Sahih:2266	2266	2396	Fath al-Bari numbering	text match to 0256Bukhari.Sahih.Shamela0001681-ara1	1.0	
urn:hadith:0256Bukhari.Sahih:2267	2267	2397	Fath al-Bari numbering	text match to 0256Bukhari.Sahih.Shamela0001681-ara1	0.92	
urn:hadith:0256Bukhari.Sahih:2268	2268	2398	Fath al-Bari numbering	text match to 0256Bukhari.Sahih.Shamela0001681-ara1	1.0	
urn:hadith:0256Bukhari.Sahih:2269	2269	2399	Fath al-Bari numbering	text match to 0256Bukhari.Sahih.Shamela0001681-ara1	0.86	
urn:hadith:0256Bukhari.Sahih:2270	2270	2400	Fath al-Bari numbering	text match to 0256Bukhari.Sahih.Shamela0001681-ara1	1.0	
urn:hadith:0256Bukhari.Sahih:2271	2271	2401	Fath al-Bari numbering	text match to 0256Bukhari.Sahih.Shamela0001681-ara1	1.0	
urn:hadith:0256Bukhari.Sahih:2272	2272	2402	Fath al-Bari numbering	text match to 0256Bukhari.Sahih.Shamela0001681-ara1	1.0	
urn:hadith:0256Bukhari.Sahih:2273	2273	2403	Fath al-Bari numbering	text match to 0256Bukhari.Sahih.Shamela0001681-ara1	1.0	
urn:hadith:0256Bukhari.Sahih:2274	2274	2404	Fath al-Bari numbering	text match to 0256Bukhari.Sahih.Shamela0001681-ara1	0.97	
urn:hadith:0256Bukhari.Sahih:2275	2275	2405	Fath al-Bari numbering	text match to 0256Bukhari.Sahih.Shamela0001681-ara1	0.93	
urn:hadith:0256Bukhari.Sahih:2276	2276	2407	Fath al-Bari numbering	text match to 0256Bukhari.Sahih.Shamela0001681-ara1	0.82	
urn:hadith:0256Bukhari.Sahih:2277	2277	2408	Fath al-Bari numbering	text match to 0256Bukhari.Sahih.Shamela0001681-ara1	1.0	
urn:hadith:0256Bukhari.Sahih:2278	2278	2409	Fath al-Bari numbering	text match to 0256Bukhari.Sahih.Shamela0001681-ara1	0.67	
urn:hadith:0256Bukhari.Sahih:2279	2279	2410	Fath al-Bari numbering	text match to 0256Bukhari.Sahih.Shamela0001681-ara1	0.92	
urn:hadith:0256Bukhari.Sahih:2280	2280	2411	Fath al-Bari numbering	text match to 0256Bukhari.Sahih.Shamela0001681-ara1	0.93	
urn:hadith:0256Bukhari.Sahih:2281	2281	2412	Fath al-Bari numbering	text match to 0256Bukhari.Sahih.Shamela0001681-ara1	1.0	
urn:hadith:0256Bukhari.Sahih:2282	2282	2413	Fath al-Bari numbering	text match to 0256Bukhari.Sahih.Shamela0001681-ara1	0.88	
urn:hadith:0256Bukhari.Sahih:2283	2283	2414	Fath al-Bari numbering	text match to 0256Bukhari.Sahih.Shamela0001681-ara1	0.86	
urn:hadith:0256Bukhari.Sahih:2284	2284	2415	Fath al-Bari numbering	text match to 0256Bukhari.Sahih.Shamela0001681-ara1	0.85	
urn:hadith:0256Bukhari.Sahih:2285	2285	2416	Fath al-Bari numbering	text match to 0256Bukhari.Sahih.Shamela0001681-ara1	1.0	
urn:hadith:0256Bukhari.Sahih:2286	2286	2418	Fath al-Bari numbering	text match to 0256Bukhari.Sahih.Shamela0001681-ara1	0.93	
urn:hadith:0256Bukhari.Sahih:2287	2287	2419	Fath al-Bari numbering	text match to 0256Bukhari.Sahih.Shamela0001681-ara1	0.87	
urn:hadith:0256Bukhari.Sahih:2288	2288	2420	Fath al-Bari numbering	text match to 0256Bukhari.Sahih.Shamela0001681-ara1	1.0	
urn:hadith:0256Bukhari.Sahih:2289	2289	2421	Fath al-Bari numbering	text match to 0256Bukhari.Sahih.Shamela0001681-ara1	0.8	
urn:hadith:0256Bukhari.Sahih:2290	2290	2422	Fath al-Bari numbering	text match to 0256Bukhari.Sahih.Shamela0001681-ara1	1.0	
urn:hadith:0256Bukhari.Sahih:2291	2291	2423	Fath al-Bari numbering	text match to 0256Bukhari.Sahih.Shamela0001681-ara1	1.0	
urn:hadith:0256Bukhari.Sahih:2292	2292	2424	Fath al-Bari numbering	text match to 0256Bukhari.Sahih.Shamela0001681-ara1	1.0	
urn:hadith:0256Bukhari.Sahih:2293	2293	2425	Fath al-Bari numbering	text match to 0256Bukhari.Sahih.Shamela0001681-ara1	0.93	
urn:hadith:0256Bukhari.Sahih:2294	2294	2426	Fath al-Bari numbering	text match to 0256Bukhari.Sahih.Shamela0001681-ara1	1.0	
urn:hadith:0256Bukhari.Sahih:2295	2295	2427	Fath al-Bari numbering	text match to 0256Bukhari.Sahih.Shamela0001681-ara1	1.0	
urn:hadith:0256Bukhari.Sahih:2296	2296	2428	Fath al-Bari numbering	text match to 0256Bukhari.Sahih.Shamela0001681-ara1	0.92	
urn:hadith:0256Bukhari.Sahih:2297	2297	2429	Fath al-Bari numbering	text match to 0256Bukhari.Sahih.Shamela0001681-ara1	1.0	shared number
urn:hadith:0256Bukhari.Sahih:2298	2298	2430	Fath al-Bari numbering	text match to 0256Bukhari.Sahih.Shamela0001681-ara1	1.0	
urn:hadith:0256Bukhari.Sahih:2299	2299	2431	Fath al-Bari numbering	text match to 0256Bukhari.Sahih.Shamela0001681-ara1	0.68	
urn:hadith:0256Bukhari.Sahih:2300	2300	2432	Fath al-Bari numbering	text match to 0256Bukhari.Sahih.Shamela0001681-ara1	0.97	
urn:hadith:0256Bukhari.Sahih:2302	2302	2434	Fath al-Bari numbering	text match to 0256Bukhari.Sahih.Shamela0001681-ara1	1.0	
urn:hadith:0256Bukhari.Sahih:2303	2303	2435	Fath al-Bari numbering	text match to 0256Bukhari.Sahih.Shamela0001681-ara1	1.0	
urn:hadith:0256Bukhari.Sahih:2304	2304	2436	Fath al-Bari numbering	text match to 0256Bukhari.Sahih.Shamela0001681-ara1	1.0	
urn:hadith:0256Bukhari.Sahih:2305	2305	2437	Fath al-Bari numbering	text match to 0256Bukhari.Sahih.Shamela0001681-ara1	0.87	
urn:hadith:0256Bukhari.Sahih:2306	2306	2438	Fath al-Bari numbering	text match to 0256Bukhari.Sahih.Shamela0001681-ara1	1.0	
urn:hadith:0256Bukhari.Sahih:2307	2307	2439	Fath al-Bari numbering	text match to 0256Bukhari.Sahih.Shamela0001681-ara1	0.93	
urn:hadith:0256Bukhari.Sahih:2308	2308	2440	Fath al-Bari numbering	text match to 0256Bukhari.Sahih.Shamela0001681-ara1	0.89	
urn:hadith:0256Bukhari.Sahih:2309	2309	2441	Fath al-Bari numbering	text match to 0256Bukhari.Sahih.Shamela0001681-ara1	0.93	
urn:hadith:0256Bukhari.Sahih:2310	2310	2442	Fath al-Bari numbering	text match to 0256Bukhari.Sahih.Shamela0001681-ara1	0.92	
urn:hadith:0256Bukhari.Sahih:2311	2311	2443	Fath al-Bari numbering	text match to 0256Bukhari.Sahih.Shamela0001681-ara1	1.0	
urn:hadith:0256Bukhari.Sahih:2312	2312	2444	Fath al-Bari numbering	text match to 0256Bukhari.Sahih.Shamela0001681-ara1	1.0	
urn:hadith:0256Bukhari.Sahih:2313	2313	2445	Fath al-Bari numbering	text match to 0256Bukhari.Sahih.Shamela0001681-ara1	1.0	
urn:hadith:0256Bukhari.Sahih:2314	2314	2446	Fath al-Bari numbering	text match to 0256Bukhari.Sahih.Shamela0001681-ara1	1.0	
urn:hadith:0256Bukhari.Sahih:2315	2315	2447	Fath al-Bari numbering	text match to 0256Bukhari.Sahih.Shamela0001681-ara1	1.0	
urn:hadith:0256Bukhari.Sahih:2316	2316	2448	Fath al-Bari numbering	text match to 0256Bukhari.Sahih.Shamela0001681-ara1	0.83	
urn:hadith:0256Bukhari.Sahih:2317	2317	2449	Fath al-Bari numbering	text match to 0256Bukhari.Sahih.Shamela0001681-ara1	0.87	
urn:hadith:0256Bukhari.Sahih:2318	2318	4601	Fath al-Bari numbering	text match to 0256Bukhari.Sahih.Shamela0001681-ara1	0.86	shared number, out of order
urn:hadith:0256Bukhari.Sahih:2319	2319	2451	Fath al-Bari numbering	text match to 0256Bukhari.Sahih.Shamela0001681-ara1	0.93	
urn:hadith:0256Bukhari.Sahih:2320	2320	2452	Fath al-Bari numbering	text match to 0256Bukhari.Sahih.Shamela0001681-ara1	1.0	
urn:hadith:0256Bukhari.Sahih:2321	2321	2453	Fath al-Bari numbering	text match to 0256Bukhari.Sahih.Shamela0001681-ara1	1.0	
urn:hadith:0256Bukhari.Sahih:2322	2322	2454	Fath al-Bari numbering	text match to 0256Bukhari.Sahih.Shamela0001681-ara1	0.62	
urn:hadith:0256Bukhari.Sahih:2323	2323	2455	Fath al-Bari numbering	text match to 0256Bukhari.Sahih.Shamela0001681-ara1	0.76	
urn:hadith:0256Bukhari.Sahih:2324	2324	2456	Fath al-Bari numbering	text match to 0256Bukhari.Sahih.Shamela0001681-ara1	1.0	
urn:hadith:0256Bukhari.Sahih:2325	2325	2457	Fath al-Bari numbering	text match to 0256Bukhari.Sahih.Shamela0001681-ara1	0.68	
urn:hadith:0256Bukhari.Sahih:2326	2326	2458	Fath al-Bari numbering	text match to 0256Bukhari.Sahih.Shamela0001681-ara1	0.93	
urn:hadith:0256Bukhari.Sahih:2327	2327	2459	Fath al-Bari numbering	text match to 0256Bukhari.Sahih.Shamela0001681-ara1	0.93	
urn:hadith:0256Bukhari.Sahih:2328	2328	2460	Fath al-Bari numbering	text match to 0256Bukhari.Sahih.Shamela0001681-ara1	1.0	
urn:hadith:0256Bukhari.Sahih:2329	2329	2461	Fath al-Bari numbering	text match to 0256Bukhari.Sahih.Shamela0001681-ara1	0.89	
urn:hadith:0256Bukhari.Sahih:2330	2330	2462	Fath al-Bari numbering	text match to 0256Bukhari.Sahih.Shamela0001681-ara1	0.73	
urn:hadith:0256Bukhari.Sahih:2331	2331	2463	Fath al-Bari numbering	text match to 0256Bukhari.Sahih.Shamela0001681-ara1	0.77	
urn:hadith:0256Bukhari.Sahih:2332	2332	2464	Fath al-Bari numbering	text match to 0256Bukhari.Sahih.Shamela0001681-ara1	0.99	
urn:hadith:0256Bukhari.Sahih:2333	2333	2465	Fath al-Bari numbering	text match to 0256Bukhari.Sahih.Shamela0001681-ara1	1.0	
urn:hadith:0256Bukhari.Sahih:2334	2334	2466	Fath al-Bari numbering	text match to 0256Bukhari.Sahih.Shamela0001681-ara1	1.0	
urn:hadith:0256Bukhari.Sahih:2335	2335	2467	Fath al-Bari numbering	text match to 0256Bukhari.Sahih.Shamela0001681-ara1	0.88	
urn:hadith:0256Bukhari.Sahih:2336	2336	2468	Fath al-Bari numbering	text match to 0256Bukhari.Sahih.Shamela0001681-ara1	0.87	
urn:hadith:0256Bukhari.Sahih:2337	2337	2469	Fath al-Bari numbering	text match to 0256Bukhari.Sahih.Shamela0001681-ara1	0.96	
urn:hadith:0256Bukhari.Sahih:2338	2338	2470	Fath al-Bari numbering	text match to 0256Bukhari.Sahih.Shamela0001681-ara1	1.0	
urn:hadith:0256Bukhari.Sahih:2339	2339	2471	Fath al-Bari numbering	text match to 0256Bukhari.Sahih.Shamela0001681-ara1	1.0	
urn:hadith:0256Bukhari.Sahih:2340	2340	2472	Fath al-Bari numbering	text match to 0256Bukhari.Sahih.Shamela0001681-ara1	0.79	
urn:hadith:0256Bukhari.Sahih:2341	2341	2473	Fath al-Bari numbering	text match to 0256Bukhari.Sahih.Shamela0001681-ara1	1.0	
urn:hadith:0256Bukhari.Sahih:2342	2342	2474	Fath al-Bari numbering	text match to 0256Bukhari.Sahih.Shamela0001681-ara1	1.0	
urn:hadith:0256Bukhari.Sahih:2343	2343	2475	Fath al-Bari numbering	text match to 0256Bukhari.Sahih.Shamela0001681-ara1	0.92	
urn:hadith:0256Bukhari.Sahih:2344	2344	2476	Fath al-Bari numbering	text match to 0256Bukhari.Sahih.Shamela0001681-ara1	0.89	
urn:hadith:0256Bukhari.Sahih:2345	2345	2477	Fath al-Bari numbering	text match to 0256Bukhari.Sahih.Shamela0001681-ara1	1.0	
urn:hadith:0256Bukhari.Sahih:2346	2346	2478	Fath al-Bari numbering	text match to 0256Bukhari.Sahih.Shamela0001681-ara1	0.73	
urn:hadith:0256Bukhari.Sahih:2347	2347	2479	Fath al-Bari numbering	text match to 0256Bukhari.Sahih.Shamela0001681-ara1	0.91	
urn:hadith:0256Bukhari.Sahih:2348	2348	2480	Fath al-Bari numbering	text match to 0256Bukhari.Sahih.Shamela0001681-ara1	0.86	
urn:hadith:0256Bukhari.Sahih:2349	2349	2481	Fath al-Bari numbering	text match to 0256Bukhari.Sahih.Shamela0001681-ara1	0.92	
urn:hadith:0256Bukhari.Sahih:2350	2350	2482	Fath al-Bari numbering	text match to 0256Bukhari.Sahih.Shamela0001681-ara1	0.93	
urn:hadith:0256Bukhari.Sahih:2351	2351	2483	Fath al-Bari numbering	text match to 0256Bukhari.Sahih.Shamela0001681-ara1	0.87	
urn:hadith:0256Bukhari.Sahih:2352	2352	2484	Fath al-Bari numbering	text match to 0256Bukhari.Sahih.Shamela0001681-ara1	1.0	
urn:hadith:0256Bukhari.Sahih:2353	2353	2485	Fath al-Bari numbering	text match to 0256Bukhari.Sahih.Shamela0001681-ara1	1.0	
urn:hadith:0256Bukhari.Sahih:2354	2354	2486	Fath al-Bari numbering	text match to 0256Bukhari.Sahih.Shamela0001681-ara1	1.0	
urn:hadith:0256Bukhari.Sahih:2355	2355	2487	Fath al-Bari numbering	text match to 0256Bukhari.Sahih.Shamela0001681-ara1	1.0	
urn:hadith:0256Bukhari.Sahih:2356	2356	2488	Fath al-Bari numbering	text match to 0256Bukhari.Sahih.Shamela0001681-ara1	1.0	
urn:hadith:0256Bukhari.Sahih:2357	2357	2489	Fath al-Bari numbering	text match to 0256Bukhari.Sahih.Shamela0001681-ara1	0.83	
urn:hadith:0256Bukhari.Sahih:2358	2358	2490	Fath al-Bari numbering	text match to 0256Bukhari.Sahih.Shamela0001681-ara1	0.72	
urn:hadith:0256Bukhari.Sahih:2359	2359	2491	Fath al-Bari numbering	text match to 0256Bukhari.Sahih.Shamela0001681-ara1	0.93	
urn:hadith:0256Bukhari.Sahih:2360	2360	2492	Fath al-Bari numbering	text match to 0256Bukhari.Sahih.Shamela0001681-ara1	1.0	
urn:hadith:0256Bukhari.Sahih:2361	2361	2493	Fath al-Bari numbering	text match to 0256Bukhari.Sahih.Shamela0001681-ara1	1.0	
urn:hadith:0256Bukhari.Sahih:2362	2362	2494	Fath al-Bari numbering	text match to 0256Bukhari.Sahih.Shamela0001681-ara1	0.7	
urn:hadith:0256Bukhari.Sahih:2363	2363	2495	Fath al-Bari numbering	text match to 0256Bukhari.Sahih.Shamela0001681-ara1	1.0	
urn:hadith:0256Bukhari.Sahih:2364	2364	2496	Fath al-Bari numbering	text match to 0256Bukhari.Sahih.Shamela0001681-ara1	1.0	
urn:hadith:0256Bukhari.Sahih:2365	2365	2497	Fath al-Bari numbering	text match to 0256Bukhari.Sahih.Shamela0001681-ara1	0.92	
urn:hadith:0256Bukhari.Sahih:2366	2366	2285	Fath al-Bari numbering	text match to 0256Bukhari.Sahih.Shamela0001681-ara1	1.0	shared number, out of order
urn:hadith:0256Bukhari.Sahih:2367	2367	2500	Fath al-Bari numbering	text match to 0256Bukhari.Sahih.Shamela0001681-ara1	1.0	
urn:hadith:0256Bukhari.Sahih:2368	2368	2501	Fath al-Bari numbering	text match to 0256Bukhari.Sahih.Shamela0001681-ara1	0.92	
urn:hadith:0256Bukhari.Sahih:2369	2369	2503	Fath al-Bari numbering	text match to 0256Bukhari.Sahih.Shamela0001681-ara1	0.88	
urn:hadith:0256Bukhari.Sahih:2370	2370	2504	Fath al-Bari numbering	text match to 0256Bukhari.Sahih.Shamela0001681-ara1	0.91	
urn:hadith:0256Bukhari.Sahih:2371	2371	2505	Fath al-Bari numbering	text match to 0256Bukhari.Sahih.Shamela0001681-ara1	0.8	
urn:hadith:0256Bukhari.Sahih:2372	2372	2507	Fath al-Bari numbering	text match to 0256Bukhari.Sahih.Shamela0001681-ara1	1.0	
urn:hadith:0256Bukhari.Sahih:2373	2373	2508	Fath al-Bari numbering	text match to 0256Bukhari.Sahih.Shamela0001681-ara1	1.0	
urn:hadith:0256Bukhari.Sahih:2374	2374	2509	Fath al-Bari numbering	text match to 0256Bukhari.Sahih.Shamela0001681-ara1	1.0	
urn:hadith:0256Bukhari.Sahih:2375	2375	2510	Fath al-Bari numbering	text match to 0256Bukhari.Sahih.Shamela0001681-ara1	0.93	
urn:hadith:0256Bukhari.Sahih:2376	2376	2511	Fath al-Bari numbering	text match to 0256Bukhari.Sahih.Shamela0001681-ara1	1.0	
urn:hadith:0256Bukhari.Sahih:2377	2377	2512	Fath al-Bari numbering	text match to 0256Bukhari.Sahih.Shamela0001681-ara1	0.87	
urn:hadith:0256Bukhari.Sahih:2378	2378	2513	Fath al-Bari numbering	text match to 0256Bukhari.Sahih.Shamela0001681-ara1	1.0	
urn:hadith:0256Bukhari.Sahih:2379	2379	2514	Fath al-Bari numbering	text match to 0256Bukhari.Sahih.Shamela0001681-ara1	0.63	
urn:hadith:0256Bukhari.Sahih:2380	2380	2515	Fath al-Bari numbering	text match to 0256Bukhari.Sahih.Shamela0001681-ara1	0.84	
urn:hadith:0256Bukhari.Sahih:2381	2381	2517	Fath al-Bari numbering	text match to 0256Bukhari.Sahih.Shamela0001681-ara1	1.0	
urn:hadith:0256Bukhari.Sahih:2382	2382	2518	Fath al-Bari numbering	text match to 0256Bukhari.Sahih.Shamela0001681-ara1	0.85	
urn:hadith:0256Bukhari.Sahih:2383	2383	2519	Fath al-Bari numbering	text match to 0256Bukhari.Sahih.Shamela0001681-ara1	1.0	
urn:hadith:0256Bukhari.Sahih:2384	2384	2520	Fath al-Bari numbering	text match to 0256Bukhari.Sahih.Shamela0001681-ara1	1.0	
urn:hadith:0256Bukhari.Sahih:2385	2385	2521	Fath al-Bari numbering	text match to 0256Bukhari.Sahih.Shamela0001681-ara1	1.0	
urn:hadith:0256Bukhari.Sahih:2386	2386	2522	Fath al-Bari numbering	text match to 0256Bukhari.Sahih.Shamela0001681-ara1	0.83	
urn:hadith:0256Bukhari.Sahih:2387	2387	2523	Fath al-Bari numbering	text match to 0256Bukhari.Sahih.Shamela0001681-ara1	0.91	
urn:hadith:0256Bukhari.Sahih:2388	2388	2524	Fath al-Bari numbering	text match to 0256Bukhari.Sahih.Shamela0001681-ara1	0.85	
urn:hadith:0256Bukhari.Sahih:2389	2389	2525	Fath al-Bari numbering	text match to 0256Bukhari.Sahih.Shamela0001681-ara1	0.76	
urn:hadith:0256Bukhari.Sahih:2390	2390	2526	Fath al-Bari numbering	text match to 0256Bukhari.Sahih.Shamela0001681-ara1	0.58	
urn:hadith:0256Bukhari.Sahih:2391	2391	2528	Fath al-Bari numbering	text match to 0256Bukhari.Sahih.Shamela0001681-ara1	1.0	
urn:hadith:0256Bukhari.Sahih:2392	2392	2529	Fath al-Bari numbering	text match to 0256Bukhari.Sahih.Shamela0001681-ara1	1.0	
urn:hadith:0256Bukhari.Sahih:2393	2393	2530	Fath al-Bari numbering	text match to 0256Bukhari.Sahih.Shamela0001681-ara1	0.92	
urn:hadith:0256Bukhari.Sahih:2394	2394	2531	Fath al-Bari numbering	text match to 0256Bukhari.Sahih.Shamela0001681-ara1	0.92	
urn:hadith:0256Bukhari.Sahih:2395	2395	2532	Fath al-Bari numbering	text match to 0256Bukhari.Sahih.Shamela0001681-ara1	1.0	
urn:hadith:0256Bukhari.Sahih:2396	2396	2533	Fath al-Bari numbering	text match to 0256Bukhari.Sahih.Shamela0001681-ara1	0.8	
urn:hadith:0256Bukhari.Sahih:2397	2397	2534	Fath al-Bari numbering	text match to 0256Bukhari.Sahih.Shamela0001681-ara1	1.0	
urn:hadith:0256Bukhari.Sahih:2398	2398	2535	Fath al-Bari numbering	text match to 0256Bukhari.Sahih.Shamela0001681-ara1	0.81	
urn:hadith:0256Bukhari.Sahih:2399	2399	2536	Fath al-Bari numbering	text match to 0256Bukhari.Sahih.Shamela0001681-ara1	1.0	
urn:hadith:0256Bukhari.Sahih:2400	2400	2537	Fath al-Bari numbering	text match to 0256Bukhari.Sahih.Shamela0001681-ara1	0.86	
urn:hadith:0256Bukhari.Sahih:2401	2401	2538	Fath al-Bari numbering	text match to 0256Bukhari.Sahih.Shamela0001681-ara1	1.0	
urn:hadith:0256Bukhari.Sahih:2402	2402	2539	Fath al-Bari numbering	text match to 0256Bukhari.Sahih.Shamela0001681-ara1	0.86	
urn:hadith:0256Bukhari.Sahih:2403	2403	2541	Fath al-Bari numbering	text match to 0256Bukhari.Sahih.Shamela0001681-ara1	0.8	
urn:hadith:0256Bukhari.Sahih:2404	2404	2542	Fath al-Bari numbering	text match to 0256Bukhari.Sahih.Shamela0001681-ara1	0.93	
urn:hadith:0256Bukhari.Sahih:2405	2405	2543	Fath al-Bari numbering	text match to 0256Bukhari.Sahih.Shamela0001681-ara1	0.93	
urn:hadith:0256Bukhari.Sahih:2406	2406	2544	Fath al-Bari numbering	text match to 0256Bukhari.Sahih.Shamela0001681-ara1	1.0	
urn:hadith:0256Bukhari.Sahih:2407	2407	2545	Fath al-Bari numbering	text match to 0256Bukhari.Sahih.Shamela0001681-ara1	1.0	
urn:hadith:0256Bukhari.Sahih:2408	2408	2546	Fath al-Bari numbering	text match to 0256Bukhari.Sahih.Shamela0001681-ara1	0.83	
urn:hadith:0256Bukhari.Sahih:2409	2409	2547	Fath al-Bari numbering	text match to 0256Bukhari.Sahih.Shamela0001681-ara1	1.0	
urn:hadith:0256Bukhari.Sahih:2410	2410	2548	Fath al-Bari numbering	text match to 0256Bukhari.Sahih.Shamela0001681-ara1	0.93	
urn:hadith:0256Bukhari.Sahih:2411	2411	2549	Fath al-Bari numbering	text match to 0256Bukhari.Sahih.Shamela0001681-ara1	1.0	
urn:hadith:0256Bukhari.Sahih:2412	2412	2550	Fath al-Bari numbering	text match to 0256Bukhari.Sahih.Shamela0001681-ara1	1.0	
urn:hadith:0256Bukhari.Sahih:2413	2413	2551	Fath al-Bari numbering	text match to 0256Bukhari.Sahih.Shamela0001681-ara1	1.0	
urn:hadith:0256Bukhari.Sahih:2414	2414	2552	Fath al-Bari numbering	text match to 0256Bukhari.Sahih.Shamela0001681-ara1	1.0	
urn:hadith:0256Bukhari.Sahih:2415	2415	2553	Fath al-Bari numbering	text match to 0256Bukhari.Sahih.Shamela0001681-ara1	0.84	
urn:hadith:0256Bukhari.Sahih:2416	2416	2554	Fath al-Bari numbering	text match to 0256Bukhari.Sahih.Shamela0001681-ara1	0.57	
urn:hadith:0256Bukhari.Sahih:2417	2417	2555	Fath al-Bari numbering	text match to 0256Bukhari.Sahih.Shamela0001681-ara1	1.0	
urn:hadith:0256Bukhari.Sahih:2418	2418	2557	Fath al-Bari numbering	text match to 0256Bukhari.Sahih.Shamela0001681-ara1	1.0	
urn:hadith:0256Bukhari.Sahih:2419	2419	2558	Fath al-Bari numbering	text match to 0256Bukhari.Sahih.Shamela0001681-ara1	0.67	
urn:hadith:0256Bukhari.Sahih:2420	2420	2559	Fath al-Bari numbering	text match to 0256Bukhari.Sahih.Shamela0001681-ara1	0.83	
urn:hadith:0256Bukhari.Sahih:2421	2421	2560	Fath al-Bari numbering	text match to 0256Bukhari.Sahih.Shamela0001681-ara1	0.93	
urn:hadith:0256Bukhari.Sahih:2422	2422	2561	Fath al-Bari numbering	text match to 0256Bukhari.Sahih.Shamela0001681-ara1	0.93	
urn:hadith:0256Bukhari.Sahih:2423	2423	2562	Fath al-Bari numbering	text match to 0256Bukhari.Sahih.Shamela0001681-ara1	1.0	
urn:hadith:0256Bukhari.Sahih:2424	2424	2563	Fath al-Bari numbering	text match to 0256Bukhari.Sahih.Shamela0001681-ara1	0.86	
urn:hadith:0256Bukhari.Sahih:2425	2425	2564	Fath al-Bari numbering	text match to 0256Bukhari.Sahih.Shamela0001681-ara1	1.0	
urn:hadith:0256Bukhari.Sahih:2426	2426	2565	Fath al-Bari numbering	text match to 0256Bukhari.Sahih.Shamela0001681-ara1	0.71	
urn:hadith:0256Bukhari.Sahih:2427	2427	2566	Fath al-Bari numbering	text match to 0256Bukhari.Sahih.Shamela0001681-ara1	0.72	
urn:hadith:0256Bukhari.Sahih:2428	2428	2567	Fath al-Bari numbering	text match to 0256Bukhari.Sahih.Shamela0001681-ara1	0.87	
urn:hadith:0256Bukhari.Sahih:2429	2429	2568	Fath al-Bari numbering	text match to 0256Bukhari.Sahih.Shamela0001681-ara1	0.87	
urn:hadith:0256Bukhari.Sahih:2430	2430	2569	Fath al-Bari numbering	text match to 0256Bukhari.Sahih.Shamela0001681-ara1	0.91	
urn:hadith:0256Bukhari.Sahih:2431	2431	2570	Fath al-Bari numbering	text match to 0256Bukhari.Sahih.Shamela0001681-ara1	1.0	
urn:hadith:0256Bukhari.Sahih:2432	2432	2571	Fath al-Bari numbering	text match to 0256Bukhari.Sahih.Shamela0001681-ara1	1.0	
urn:hadith:0256Bukhari.Sahih:2433	2433	2572	Fath al-Bari numbering	text match to 0256Bukhari.Sahih.Shamela0001681-ara1	1.0	
urn:hadith:0256Bukhari.Sahih:2434	2434	2573	Fath al-Bari numbering	text match to 0256Bukhari.Sahih.Shamela0001681-ara1	0.91	
urn:hadith:0256Bukhari.Sahih:2435	2435	2574	Fath al-Bari numbering	text match to 0256Bukhari.Sahih.Shamela0001681-ara1	1.0	
urn:hadith:0256Bukhari.Sahih:2436	2436	2575	Fath al-Bari numbering	text match to 0256Bukhari.Sahih.Shamela0001681-ara1	0.78	
urn:hadith:0256Bukhari.Sahih:2437	2437	2576	Fath al-Bari numbering	text match to 0256Bukhari.Sahih.Shamela0001681-ara1	1.0	
urn:hadith:0256Bukhari.Sahih:2438	2438	2577	Fath al-Bari numbering	text match to 0256Bukhari.Sahih.Shamela0001681-ara1	1.0	
urn:hadith:0256Bukhari.Sahih:2439	2439	2578	Fath al-Bari numbering	text match to 0256Bukhari.Sahih.Shamela0001681-ara1	1.0	
urn:hadith:0256Bukhari.Sahih:2440	2440	2579	Fath al-Bari numbering	text match to 0256Bukhari.Sahih.Shamela0001681-ara1	1.0	
urn:hadith:0256Bukhari.Sahih:2441	2441	2580	Fath al-Bari numbering	text match to 0256Bukhari.Sahih.Shamela0001681-ara1	0.86	
urn:hadith:0256Bukhari.Sahih:2442	2442	2581	Fath al-Bari numbering	text match to 0256Bukhari.Sahih.Shamela0001681-ara1	1.0	
urn:hadith:0256Bukhari.Sahih:2443	2443	2582	Fath al-Bari numbering	text match to 0256Bukhari.Sahih.Shamela0001681-ara1	1.0	
urn:hadith:0256Bukhari.Sahih:2444	2444	2583	Fath al-Bari numbering	text match to 0256Bukhari.Sahih.Shamela0001681-ara1	0.87	
urn:hadith:0256Bukhari.Sahih:2445	2445	2585	Fath al-Bari numbering	text match to 0256Bukhari.Sahih.Shamela0001681-ara1	1.0	
urn:hadith:0256Bukhari.Sahih:2446	2446	2586	Fath al-Bari numbering	text match to 0256Bukhari.Sahih.Shamela0001681-ara1	0.9	
urn:hadith:0256Bukhari.Sahih:2447	2447	2587	Fath al-Bari numbering	text match to 0256Bukhari.Sahih.Shamela0001681-ara1	1.0	
urn:hadith:0256Bukhari.Sahih:2448	2448	2588	Fath al-Bari numbering	text match to 0256Bukhari.Sahih.Shamela0001681-ara1	1.0	
urn:hadith:0256Bukhari.Sahih:2449	2449	2589	Fath al-Bari numbering	text match to 0256Bukhari.Sahih.Shamela0001681-ara1	0.66	
urn:hadith:0256Bukhari.Sahih:2450	2450	2590	Fath al-Bari numbering	text match to 0256Bukhari.Sahih.Shamela0001681-ara1	0.78	
urn:hadith:0256Bukhari.Sahih:2451	2451	2591	Fath al-Bari numbering	text match to 0256Bukhari.Sahih.Shamela0001681-ara1	1.0	
urn:hadith:0256Bukhari.Sahih:2452	2452	2592	Fath al-Bari numbering	text match to 0256Bukhari.Sahih.Shamela0001681-ara1	0.85	
urn:hadith:0256Bukhari.Sahih:2453	2453	2593	Fath al-Bari numbering	text match to 0256Bukhari.Sahih.Shamela0001681-ara1	1.0	
urn:hadith:0256Bukhari.Sahih:2454	2454	2594	Fath al-Bari numbering	text match to 0256Bukhari.Sahih.Shamela0001681-ara1	0.81	
urn:hadith:0256Bukhari.Sahih:2455	2455	2595	Fath al-Bari numbering	text match to 0256Bukhari.Sahih.Shamela0001681-ara1	1.0	
urn:hadith:0256Bukhari.Sahih:2456	2456	2596	Fath al-Bari numbering	text match to 0256Bukhari.Sahih.Shamela0001681-ara1	1.0	
urn:hadith:0256Bukhari.Sahih:2457	2457	2597	Fath al-Bari numbering	text match to 0256Bukhari.Sahih.Shamela0001681-ara1	0.92	
urn:hadith:0256Bukhari.Sahih:2458	2458	2598	Fath al-Bari numbering	text match to 0256Bukhari.Sahih.Shamela0001681-ara1	0.92	
urn:hadith:0256Bukhari.Sahih:2459	2459	2599	Fath al-Bari numbering	text match to 0256Bukhari.Sahih.Shamela0001681-ara1	0.92	
urn:hadith:0256Bukhari.Sahih:2460	2460	2600	Fath al-Bari numbering	text match to 0256Bukhari.Sahih.Shamela0001681-ara1	1.0	shared number
urn:hadith:0256Bukhari.Sahih:2461	2461	2601	Fath al-Bari numbering	text match to 0256Bukhari.Sahih.Shamela0001681-ara1	0.79	
urn:hadith:0256Bukhari.Sahih:2462	2462	2602	Fath al-Bari numbering	text match to 0256Bukhari.Sahih.Shamela0001681-ara1	1.0	
urn:hadith:0256Bukhari.Sahih:2463	2463	2604	Fath al-Bari numbering	text match to 0256Bukhari.Sahih.Shamela0001681-ara1	1.0	
urn:hadith:0256Bukhari.Sahih:2464	2464	2605	Fath al-Bari numbering	text match to 0256Bukhari.Sahih.Shamela0001681-ara1	1.0	
urn:hadith:0256Bukhari.Sahih:2465	2465	2606	Fath al-Bari numbering	text match to 0256Bukhari.Sahih.Shamela0001681-ara1	1.0	
urn:hadith:0256Bukhari.Sahih:2466	2466	2607	Fath al-Bari numbering	text match to 0256Bukhari.Sahih.Shamela0001681-ara1	0.93	
urn:hadith:0256Bukhari.Sahih:2467	2467	2609	Fath al-Bari numbering	text match to 0256Bukhari.Sahih.Shamela0001681-ara1	0.86	
urn:hadith:0256Bukhari.Sahih:2468	2468	2610	Fath al-Bari numbering	text match to 0256Bukhari.Sahih.Shamela0001681-ara1	0.86	
urn:hadith:0256Bukhari.Sahih:2469	2469	2611	Fath al-Bari numbering	text match to 0256Bukhari.Sahih.Shamela0001681-ara1	0.88	
urn:hadith:0256Bukhari.Sahih:2470	2470	2612	Fath al-Bari numbering	text match to 0256Bukhari.Sahih.Shamela0001681-ara1	1.0	
urn:hadith:0256Bukhari.Sahih:2471	2471	2613	Fath al-Bari numbering	text match to 0256Bukhari.Sahih.Shamela0001681-ara1	0.85	
urn:hadith:0256Bukhari.Sahih:2472	2472	2614	Fath al-Bari numbering	text match to 0256Bukhari.Sahih.Shamela0001681-ara1	1.0	
urn:hadith:0256Bukhari.Sahih:2473	2473	2615	Fath al-Bari numbering	text match to 0256Bukhari.Sahih.Shamela0001681-ara1	0.73	
urn:hadith:0256Bukhari.Sahih:2474	2474	2617	Fath al-Bari numbering	text match to 0256Bukhari.Sahih.Shamela0001681-ara1	1.0	
urn:hadith:0256Bukhari.Sahih:2475	2475	2618	Fath al-Bari numbering	text match to 0256Bukhari.Sahih.Shamela0001681-ara1	1.0	
urn:hadith:0256Bukhari.Sahih:2476	2476	2619	Fath al-Bari numbering	text match to 0256Bukhari.Sahih.Shamela0001681-ara1	0.93	
urn:hadith:0256Bukhari.Sahih:2477	2477	2620	Fath al-Bari numbering	text match to 0256Bukhari.Sahih.Shamela0001681-ara1	0.85	
urn:hadith:0256Bukhari.Sahih:2478	2478	2621	Fath al-Bari numbering	text match to 0256Bukhari.Sahih.Shamela0001681-ara1	0.83	
urn:hadith:0256Bukhari.Sahih:2479	2479	2622	Fath al-Bari numbering	text match to 0256Bukhari.Sahih.Shamela0001681-ara1	0.85	
urn:hadith:0256Bukhari.Sahih:2480	2480	2623	Fath al-Bari numbering	text match to 0256Bukhari.Sahih.Shamela0001681-ara1	1.0	
urn:hadith:0256Bukhari.Sahih:2481	2481	2624	Fath al-Bari numbering	text match to 0256Bukhari.Sahih.Shamela0001681-ara1	0.76	
urn:hadith:0256Bukhari.Sahih:2482	2482	2625	Fath al-Bari numbering	text match to 0256Bukhari.Sahih.Shamela0001681-ara1	1.0	
urn:hadith:0256Bukhari.Sahih:2483	2483	2626	Fath al-Bari numbering	text match to 0256Bukhari.Sahih.Shamela0001681-ara1	1.0	
urn:hadith:0256Bukhari.Sahih:2484	2484	2627	Fath al-Bari numbering	text match to 0256Bukhari.Sahih.Shamela0001681-ara1	1.0	
urn:hadith:0256Bukhari.Sahih:2485	2485	2628	Fath al-Bari numbering	text match to 0256Bukhari.Sahih.Shamela0001681-ara1	1.0	
urn:hadith:0256Bukhari.Sahih:2486	2486	2629	Fath al-Bari numbering	text match to 0256Bukhari.Sahih.Shamela0001681-ara1	1.0	
urn:hadith:0256Bukhari.Sahih:2487	2487	2630	Fath al-Bari numbering	text match to 0256Bukhari.Sahih.Shamela0001681-ara1	0.8	
urn:hadith:0256Bukhari.Sahih:2488	2488	2631	Fath al-Bari numbering	text match to 0256Bukhari.Sahih.Shamela0001681-ara1	1.0	
urn:hadith:0256Bukhari.Sahih:2489	2489	2632	Fath al-Bari numbering	text match to 0256Bukhari.Sahih.Shamela0001681-ara1	1.0	
urn:hadith:0256Bukhari.Sahih:2490	2490	2633	Fath al-Bari numbering	text match to 0256Bukhari.Sahih.Shamela0001681-ara1	1.0	
urn:hadith:0256Bukhari.Sahih:2491	2491	2634	Fath al-Bari numbering	text match to 0256Bukhari.Sahih.Shamela0001681-ara1	0.9	
urn:hadith:0256Bukhari.Sahih:2492	2492	2635	Fath al-Bari numbering	text match to 0256Bukhari.Sahih.Shamela0001681-ara1	0.9	
urn:hadith:0256Bukhari.Sahih:2493	2493	2636	Fath al-Bari numbering	text match to 0256Bukhari.Sahih.Shamela0001681-ara1	0.9	
urn:hadith:0256Bukhari.Sahih:2494	2494	2637	Fath al-Bari numbering	text match to 0256Bukhari.Sahih.Shamela0001681-ara1	0.62	
urn:hadith:0256Bukhari.Sahih:2495	2495	2638	Fath al-Bari numbering	text match to 0256Bukhari.Sahih.Shamela0001681-ara1	0.79	
urn:hadith:0256Bukhari.Sahih:2496	2496	2639	Fath al-Bari numbering	text match to 0256Bukhari.Sahih.Shamela0001681-ara1	1.0	
urn:hadith:0256Bukhari.Sahih:2497	2497	2640	Fath al-Bari numbering	text match to 0256Bukhari.Sahih.Shamela0001681-ara1	1.0	
urn:hadith:0256Bukhari.Sahih:2498	2498	2641	Fath al-Bari numbering	text match to 0256Bukhari.Sahih.Shamela0001681-ara1	1.0	
urn:hadith:0256Bukhari.Sahih:2499	2499	2642	Fath al-Bari numbering	text match to 0256Bukhari.Sahih.Shamela0001681-ara1	1.0	
urn:hadith:0256Bukhari.Sahih:2500	2500	2643	Fath al-Bari numbering	text match to 0256Bukhari.Sahih.Shamela0001681-ara1	0.93	
urn:hadith:0256Bukhari.Sahih:2501	2501	2644	Fath al-Bari numbering	text match to 0256Bukhari.Sahih.Shamela0001681-ara1	1.0	
urn:hadith:0256Bukhari.Sahih:2502	2502	2645	Fath al-Bari numbering	text match to 0256Bukhari.Sahih.Shamela0001681-ara1	0.87	
urn:hadith:0256Bukhari.Sahih:2503	2503	2646	Fath al-Bari numbering	text match to 0256Bukhari.Sahih.Shamela0001681-ara1	0.89	
urn:hadith:0256Bukhari.Sahih:2504	2504	2647	Fath al-Bari numbering	text match to 0256Bukhari.Sahih.Shamela0001681-ara1	0.92	
urn:hadith:0256Bukhari.Sahih:2505	2505	2648	Fath al-Bari numbering	text match to 0256Bukhari.Sahih.Shamela0001681-ara1	0.73	
urn:hadith:0256Bukhari.Sahih:2506	2506	2649	Fath al-Bari numbering	text match to 0256Bukhari.Sahih.Shamela0001681-ara1	0.86	
urn:hadith:0256Bukhari.Sahih:2507	2507	2650	Fath al-Bari numbering	text match to 0256Bukhari.Sahih.Shamela0001681-ara1	1.0	
urn:hadith:0256Bukhari.Sahih:2508	2508	2651	Fath al-Bari numbering	text match to 0256Bukhari.Sahih.Shamela0001681-ara1	0.93	
urn:hadith:0256Bukhari.Sahih:2509	2509	2652	Fath al-Bari numbering	text match to 0256Bukhari.Sahih.Shamela0001681-ara1	1.0	
urn:hadith:0256Bukhari.Sahih:2510	2510	2653	Fath al-Bari numbering	text match to 0256Bukhari.Sahih.Shamela0001681-ara1	1.0	
urn:hadith:0256Bukhari.Sahih:2511	2511	2654	Fath al-Bari numbering	text match to 0256Bukhari.Sahih.Shamela0001681-ara1	1.0	
urn:hadith:0256Bukhari.Sahih:2512	2512	2655	Fath al-Bari numbering	text match to 0256Bukhari.Sahih.Shamela0001681-ara1	1.0	
urn:hadith:0256Bukhari.Sahih:2513	2513	2656	Fath al-Bari numbering	text match to 0256Bukhari.Sahih.Shamela0001681-ara1	0.76	
urn:hadith:0256Bukhari.Sahih:2514	2514	2657	Fath al-Bari numbering	text match to 0256Bukhari.Sahih.Shamela0001681-ara1	1.0	
urn:hadith:0256Bukhari.Sahih:2515	2515	2658	Fath al-Bari numbering	text match to 0256Bukhari.Sahih.Shamela0001681-ara1	0.95	
urn:hadith:0256Bukhari.Sahih:2516	2516	2659	Fath al-Bari numbering	text match to 0256Bukhari.Sahih.Shamela0001681-ara1	0.76	
urn:hadith:0256Bukhari.Sahih:2517	2517	2660	Fath al-Bari numbering	text match to 0256Bukhari.Sahih.Shamela0001681-ara1	0.85	
urn:hadith:0256Bukhari.Sahih:2518	2518	2661	Fath al-Bari numbering	text match to 0256Bukhari.Sahih.Shamela0001681-ara1	0.86	
urn:hadith:0256Bukhari.Sahih:2519	2519	2662	Fath al-Bari numbering	text match to 0256Bukhari.Sahih.Shamela0001681-ara1	0.98	
urn:hadith:0256Bukhari.Sahih:2520	2520	2663	Fath al-Bari numbering	text match to 0256Bukhari.Sahih.Shamela0001681-ara1	1.0	
urn:hadith:0256Bukhari.Sahih:2521	2521	2664	Fath al-Bari numbering	text match to 0256Bukhari.Sahih.Shamela0001681-ara1	0.7	
urn:hadith:0256Bukhari.Sahih:2522	2522	2665	Fath al-Bari numbering	text match to 0256Bukhari.Sahih.Shamela0001681-ara1	1.0	
urn:hadith:0256Bukhari.Sahih:2523	2523	2666	Fath al-Bari numbering	text match to 0256Bukhari.Sahih.Shamela0001681-ara1	0.93	
urn:hadith:0256Bukhari.Sahih:2524	2524	2668	Fath al-Bari numbering	text match to 0256Bukhari.Sahih.Shamela0001681-ara1	0.6	
urn:hadith:0256Bukhari.Sahih:2525	2525	2669	Fath al-Bari numbering	text match to 0256Bukhari.Sahih.Shamela0001681-ara1	0.86	
urn:hadith:0256Bukhari.Sahih:2526	2526	2671	Fath al-Bari numbering	text match to 0256Bukhari.Sahih.Shamela0001681-ara1	0.76	
urn:hadith:0256Bukhari.Sahih:2527	2527	2672	Fath al-Bari numbering	text match to 0256Bukhari.Sahih.Shamela0001681-ara1	0.93	
urn:hadith:0256Bukhari.Sahih:2528	2528	2673	Fath al-Bari numbering	text match to 0256Bukhari.Sahih.Shamela0001681-ara1	0.85	
urn:hadith:0256Bukhari.Sahih:2529	2529	2674	Fath al-Bari numbering	text match to 0256Bukhari.Sahih.Shamela0001681-ara1	1.0	
urn:hadith:0256Bukhari.Sahih:2530	2530	2675	Fath al-Bari numbering	text match to 0256Bukhari.Sahih.Shamela0001681-ara1	0.88	
urn:hadith:0256Bukhari.Sahih:2531	2531	2676	Fath al-Bari numbering	text match to 0256Bukhari.Sahih.Shamela0001681-ara1	0.83	
urn:hadith:0256Bukhari.Sahih:2532	2532	2678	Fath al-Bari numbering	text match to 0256Bukhari.Sahih.Shamela0001681-ara1	0.86	
urn:hadith:0256Bukhari.Sahih:2533	2533	2679	Fath al-Bari numbering	text match to 0256Bukhari.Sahih.Shamela0001681-ara1	1.0	
urn:hadith:0256Bukhari.Sahih:2534	2534	2680	Fath al-Bari numbering	text match to 0256Bukhari.Sahih.Shamela0001681-ara1	1.0	
urn:hadith:0256Bukhari.Sahih:2535	2535	2681	Fath al-Bari numbering	text match to 0256Bukhari.Sahih.Shamela0001681-ara1	0.9	
urn:hadith:0256Bukhari.Sahih:2536	2536	2682	Fath al-Bari numbering	text match to 0256Bukhari.Sahih.Shamela0001681-ara1	1.0	
urn:hadith:0256Bukhari.Sahih:2537	2537	2683	Fath al-Bari numbering	text match to 0256Bukhari.Sahih.Shamela0001681-ara1	0.93	
urn:hadith:0256Bukhari.Sahih:2538	2538	2684	Fath al-Bari numbering	text match to 0256Bukhari.Sahih.Shamela0001681-ara1	0.91	
urn:hadith:0256Bukhari.Sahih:2539	2539	2685	Fath al-Bari numbering	text match to 0256Bukhari.Sahih.Shamela0001681-ara1	0.79	
urn:hadith:0256Bukhari.Sahih:2540	2540	2686	Fath al-Bari numbering	text match to 0256Bukhari.Sahih.Shamela0001681-ara1	1.0	
urn:hadith:0256Bukhari.Sahih:2541	2541	2687	Fath al-Bari numbering	text match to 0256Bukhari.Sahih.Shamela0001681-ara1	0.93	
urn:hadith:0256Bukhari.Sahih:2542	2542	2688	Fath al-Bari numbering	text match to 0256Bukhari.Sahih.Shamela0001681-ara1	1.0	
urn:hadith:0256Bukhari.Sahih:2543	2543	2689	Fath al-Bari numbering	text match to 0256Bukhari.Sahih.Shamela0001681-ara1	0.93	
urn:hadith:0256Bukhari.Sahih:2544	2544	2690	Fath al-Bari numbering	text match to 0256Bukhari.Sahih.Shamela0001681-ara1	1.0	
urn:hadith:0256Bukhari.Sahih:2545	2545	2691	Fath al-Bari numbering	text match to 0256Bukhari.Sahih.Shamela0001681-ara1	0.93	
urn:hadith:0256Bukhari.Sahih:2546	2546	2692	Fath al-Bari numbering	text match to 0256Bukhari.Sahih.Shamela0001681-ara1	0.89	
urn:hadith:0256Bukhari.Sahih:2547	2547	2693	Fath al-Bari numbering	text match to 0256Bukhari.Sahih.Shamela0001681-ara1	1.0	
urn:hadith:0256Bukhari.Sahih:2548	2548	2694	Fath al-Bari numbering	text match to 0256Bukhari.Sahih.Shamela0001681-ara1	0.91	
urn:hadith:0256Bukhari.Sahih:2549	2549	2695	Fath al-Bari numbering	text match to 0256Bukhari.Sahih.Shamela0001681-ara1	0.95	
urn:hadith:0256Bukhari.Sahih:2550	2550	2697	Fath al-Bari numbering	text match to 0256Bukhari.Sahih.Shamela0001681-ara1	1.0	
urn:hadith:0256Bukhari.Sahih:2551	2551	2698	Fath al-Bari numbering	text match to 0256Bukhari.Sahih.Shamela0001681-ara1	0.87	
urn:hadith:0256Bukhari.Sahih:2552	2552	2699	Fath al-Bari numbering	text match to 0256Bukhari.Sahih.Shamela0001681-ara1	0.84	
urn:hadith:0256Bukhari.Sahih:2553	2553	2700	Fath al-Bari numbering	text match to 0256Bukhari.Sahih.Shamela0001681-ara1	0.91	
urn:hadith:0256Bukhari.Sahih:2554	2554	2701	Fath al-Bari numbering	text match to 0256Bukhari.Sahih.Shamela0001681-ara1	0.93	
urn:hadith:0256Bukhari.Sahih:2555	2555	2702	Fath al-Bari numbering	text match to 0256Bukhari.Sahih.Shamela0001681-ara1	1.0	
urn:hadith:0256Bukhari.Sahih:2556	2556	2703	Fath al-Bari numbering	text match to 0256Bukhari.Sahih.Shamela0001681-ara1	1.0	
urn:hadith:0256Bukhari.Sahih:2557	2557	2704	Fath al-Bari numbering	text match to 0256Bukhari.Sahih.Shamela0001681-ara1	1.0	
urn:hadith:0256Bukhari.Sahih:2558	2558	2705	Fath al-Bari numbering	text match to 0256Bukhari.Sahih.Shamela0001681-ara1	1.0	
urn:hadith:0256Bukhari.Sahih:2559	2559	2706	Fath al-Bari numbering	text match to 0256Bukhari.Sahih.Shamela0001681-ara1	0.95	
urn:hadith:0256Bukhari.Sahih:2560	2560	2707	Fath al-Bari numbering	text match to 0256Bukhari.Sahih.Shamela0001681-ara1	0.94	
urn:hadith:0256Bukhari.Sahih:2561	2561	2708	Fath al-Bari numbering	text match to 0256Bukhari.Sahih.Shamela0001681-ara1	0.93	
urn:hadith:0256Bukhari.Sahih:2562	2562	2709	Fath al-Bari numbering	text match to 0256Bukhari.Sahih.Shamela0001681-ara1	1.0	
urn:hadith:0256Bukhari.Sahih:2563	2563	2710	Fath al-Bari numbering	text match to 0256Bukhari.Sahih.Shamela0001681-ara1	0.87	
urn:hadith:0256Bukhari.Sahih:2564	2564	2711	Fath al-Bari numbering	text match to 0256Bukhari.Sahih.Shamela0001681-ara1	0.93	
urn:hadith:0256Bukhari.Sahih:2565	2565	2714	Fath al-Bari numbering	text match to 0256Bukhari.Sahih.Shamela0001681-ara1	1.0	
urn:hadith:0256Bukhari.Sahih:2566	2566	2715	Fath al-Bari numbering	text match to 0256Bukhari.Sahih.Shamela0001681-ara1	1.0	
urn:hadith:0256Bukhari.Sahih:2567	2567	2716	Fath al-Bari numbering	text match to 0256Bukhari.Sahih.Shamela0001681-ara1	1.0	shared number
urn:hadith:0256Bukhari.Sahih:2568	2568	2717	Fath al-Bari numbering	text match to 0256Bukhari.Sahih.Shamela0001681-ara1	0.93	
urn:hadith:0256Bukhari.Sahih:2569	2569	2718	Fath al-Bari numbering	text match to 0256Bukhari.Sahih.Shamela0001681-ara1	0.93	
urn:hadith:0256Bukhari.Sahih:2570	2570	2719	Fath al-Bari numbering	text match to 0256Bukhari.Sahih.Shamela0001681-ara1	0.83	
urn:hadith:0256Bukhari.Sahih:2571	2571	2720	Fath al-Bari numbering	text match to 0256Bukhari.Sahih.Shamela0001681-ara1	0.93	
urn:hadith:0256Bukhari.Sahih:2572	2572	2721	Fath al-Bari numbering	text match to 0256Bukhari.Sahih.Shamela0001681-ara1	1.0	
urn:hadith:0256Bukhari.Sahih:2573	2573	2722	Fath al-Bari numbering	text match to 0256Bukhari.Sahih.Shamela0001681-ara1	0.88	
urn:hadith:0256Bukhari.Sahih:2574	2574	2723	Fath al-Bari numbering	text match to 0256Bukhari.Sahih.Shamela0001681-ara1	1.0	
urn:hadith:0256Bukhari.Sahih:2575	2575	2724	Fath al-Bari numbering	text match to 0256Bukhari.Sahih.Shamela0001681-ara1	0.87	
urn:hadith:0256Bukhari.Sahih:2576	2576	2726	Fath al-Bari numbering	text match to 0256Bukhari.Sahih.Shamela0001681-ara1	0.8	
urn:hadith:0256Bukhari.Sahih:2577	2577	2727	Fath al-Bari numbering	text match to 0256Bukhari.Sahih.Shamela0001681-ara1	1.0	
urn:hadith:0256Bukhari.Sahih:2578	2578	2728	Fath al-Bari numbering	text match to 0256Bukhari.Sahih.Shamela0001681-ara1	0.8	
urn:hadith:0256Bukhari.Sahih:2579	2579	2729	Fath al-Bari numbering	text match to 0256Bukhari.Sahih.Shamela0001681-ara1	1.0	
urn:hadith:0256Bukhari.Sahih:2580	2580	2730	Fath al-Bari numbering	text match to 0256Bukhari.Sahih.Shamela0001681-ara1	0.86	
urn:hadith:0256Bukhari.Sahih:2581	2581	2731	Fath al-Bari numbering	text match to 0256Bukhari.Sahih.Shamela0001681-ara1	0.93	
urn:hadith:0256Bukhari.Sahih:2582	2582	2733	Fath al-Bari numbering	text match to 0256Bukhari.Sahih.Shamela0001681-ara1	1.0	
urn:hadith:0256Bukhari.Sahih:2583	2583	2734	Fath al-Bari numbering	text match to 0256Bukhari.Sahih.Shamela0001681-ara1	0.9	
urn:hadith:0256Bukhari.Sahih:2584	2584	2735	Fath al-Bari numbering	text match to 0256Bukhari.Sahih.Shamela0001681-ara1	1.0	
urn:hadith:0256Bukhari.Sahih:2585	2585	2736	Fath al-Bari numbering	text match to 0256Bukhari.Sahih.Shamela0001681-ara1	1.0	
urn:hadith:0256Bukhari.Sahih:2586	2586	2737	Fath al-Bari numbering	text match to 0256Bukhari.Sahih.Shamela0001681-ara1	0.87	
urn:hadith:0256Bukhari.Sahih:2587	2587	2738	Fath al-Bari numbering	text match to 0256Bukhari.Sahih.Shamela0001681-ara1	0.9	
urn:hadith:0256Bukhari.Sahih:2588	2588	2739	Fath al-Bari numbering	text match to 0256Bukhari.Sahih.Shamela0001681-ara1	1.0	
urn:hadith:0256Bukhari.Sahih:2589	2589	2740	Fath al-Bari numbering	text match to 0256Bukhari.Sahih.Shamela0001681-ara1	0.88	
urn:hadith:0256Bukhari.Sahih:2590	2590	2741	Fath al-Bari numbering	text match to 0256Bukhari.Sahih.Shamela0001681-ara1	0.89	
urn:hadith:0256Bukhari.Sahih:2591	2591	2742	Fath al-Bari numbering	text match to 0256Bukhari.Sahih.Shamela0001681-ara1	0.93	
urn:hadith:0256Bukhari.Sahih:2592	2592	2743	Fath al-Bari numbering	text match to 0256Bukhari.Sahih.Shamela0001681-ara1	0.85	
urn:hadith:0256Bukhari.Sahih:2593	2593	2744	Fath al-Bari numbering	text match to 0256Bukhari.Sahih.Shamela0001681-ara1	0.96	
urn:hadith:0256Bukhari.Sahih:2594	2594	7182	Fath al-Bari numbering	text match to 0256Bukhari.Sahih.Shamela0001681-ara1	0.53	shared number, out of order
urn:hadith:0256Bukhari.Sahih:2595	2595	2746	Fath al-Bari numbering	text match to 0256Bukhari.Sahih.Shamela0001681-ara1	1.0	
urn:hadith:0256Bukhari.Sahih:2596	2596	6739	Fath al-Bari numbering	text match to 0256Bukhari.Sahih.Shamela0001681-ara1	0.78	shared number, out of order
urn:hadith:0256Bukhari.Sahih:2597	2597	2748	Fath al-Bari numbering	text match to 0256Bukhari.Sahih.Shamela0001681-ara1	1.0	
urn:hadith:0256Bukhari.Sahih:2598	2598	2749	Fath al-Bari numbering	text match to 0256Bukhari.Sahih.Shamela0001681-ara1	1.0	
urn:hadith:0256Bukhari.Sahih:2599	2599	2750	Fath al-Bari numbering	text match to 0256Bukhari.Sahih.Shamela0001681-ara1	1.0	shared number
urn:hadith:0256Bukhari.Sahih:2600	2600	2751	Fath al-Bari numbering	text match to 0256Bukhari.Sahih.Shamela0001681-ara1	0.57	
urn:hadith:0256Bukhari.Sahih:2601	2601	2752	Fath al-Bari numbering	text match to 0256Bukhari.Sahih.Shamela0001681-ara1	0.88	
urn:hadith:0256Bukhari.Sahih:2602	2602	2753	Fath al-Bari numbering	text match to 0256Bukhari.Sahih.Shamela0001681-ara1	0.93	
urn:hadith:0256Bukhari.Sahih:2603	2603	2754	Fath al-Bari numbering	text match to 0256Bukhari.Sahih.Shamela0001681-ara1	0.89	
urn:hadith:0256Bukhari.Sahih:2604	2604	2755	Fath al-Bari numbering	text match to 0256Bukhari.Sahih.Shamela0001681-ara1	1.0	
urn:hadith:0256Bukhari.Sahih:2605	2605	2756	Fath al-Bari numbering	text match to 0256Bukhari.Sahih.Shamela0001681-ara1	0.83	
urn:hadith:0256Bukhari.Sahih:2606	2606	2757	Fath al-Bari numbering	text match to 0256Bukhari.Sahih.Shamela0001681-ara1	0.84	
urn:hadith:0256Bukhari.Sahih:2607	2607	2758	Fath al-Bari numbering	text match to 0256Bukhari.Sahih.Shamela0001681-ara1	0.87	
urn:hadith:0256Bukhari.Sahih:2608	2608	2759	Fath al-Bari numbering	text match to 0256Bukhari.Sahih.Shamela0001681-ara1	0.91	
urn:hadith:0256Bukhari.Sahih:2609	2609	2760	Fath al-Bari numbering	text match to 0256Bukhari.Sahih.Shamela0001681-ara1	0.88	
urn:hadith:0256Bukhari.Sahih:2610	2610	2761	Fath al-Bari numbering	text match to 0256Bukhari.Sahih.Shamela0001681-ara1	0.76	
urn:hadith:0256Bukhari.Sahih:2611	2611	2762	Fath al-Bari numbering	text match to 0256Bukhari.Sahih.Shamela0001681-ara1	0.72	
urn:hadith:0256Bukhari.Sahih:2612	2612	2763	Fath al-Bari numbering	text match to 0256Bukhari.Sahih.Shamela0001681-ara1	0.95	
urn:hadith:0256Bukhari.Sahih:2613	2613	2764	Fath al-Bari numbering	text match to 0256Bukhari.Sahih.Shamela0001681-ara1	0.84	
urn:hadith:0256Bukhari.Sahih:2614	2614	2765	Fath al-Bari numbering	text match to 0256Bukhari.Sahih.Shamela0001681-ara1	0.81	
urn:hadith:0256Bukhari.Sahih:2615	2615	2766	Fath al-Bari numbering	text match to 0256Bukhari.Sahih.Shamela0001681-ara1	1.0	
urn:hadith:0256Bukhari.Sahih:2616	2616	2768	Fath al-Bari numbering	text match to 0256Bukhari.Sahih.Shamela0001681-ara1	0.93	
urn:hadith:0256Bukhari.Sahih:2617	2617	2769	Fath al-Bari numbering	text match to 0256Bukhari.Sahih.Shamela0001681-ara1	0.93	
urn:hadith:0256Bukhari.Sahih:2618	2618	2770	Fath al-Bari numbering	text match to 0256Bukhari.Sahih.Shamela0001681-ara1	0.9	
urn:hadith:0256Bukhari.Sahih:2619	2619	2771	Fath al-Bari numbering	text match to 0256Bukhari.Sahih.Shamela0001681-ara1	1.0	
urn:hadith:0256Bukhari.Sahih:2620	2620	2772	Fath al-Bari numbering	text match to 0256Bukhari.Sahih.Shamela0001681-ara1	0.8	
urn:hadith:0256Bukhari.Sahih:2621	2621	2773	Fath al-Bari numbering	text match to 0256Bukhari.Sahih.Shamela0001681-ara1	0.71	
urn:hadith:0256Bukhari.Sahih:2622	2622	2774	Fath al-Bari numbering	text match to 0256Bukhari.Sahih.Shamela0001681-ara1	0.88	
urn:hadith:0256Bukhari.Sahih:2623	2623	2775	Fath al-Bari numbering	text match to 0256Bukhari.Sahih.Shamela0001681-ara1	0.91	
urn:hadith:0256Bukhari.Sahih:2624	2624	3096	Fath al-Bari numbering	text match to 0256Bukhari.Sahih.Shamela0001681-ara1	1.0	shared number, out of order
urn:hadith:0256Bukhari.Sahih:2625	2625	2777	Fath al-Bari numbering	text match to 0256Bukhari.Sahih.Shamela0001681-ara1	0.81	
urn:hadith:0256Bukhari.Sahih:2626	2626	2778	Fath al-Bari numbering	text match to 0256Bukhari.Sahih.Shamela0001681-ara1	0.87	
urn:hadith:0256Bukhari.Sahih:2627	2627	2779	Fath al-Bari numbering	text match to 0256Bukhari.Sahih.Shamela0001681-ara1	1.0	
urn:hadith:0256Bukhari.Sahih:2628	2628	2780	Fath al-Bari numbering	text match to 0256Bukhari.Sahih.Shamela0001681-ara1	0.87	
urn:hadith:0256Bukhari.Sahih:2629	2629	2781	Fath al-Bari numbering	text match to 0256Bukhari.Sahih.Shamela0001681-ara1	1.0	
urn:hadith:0256Bukhari.Sahih:2630	2630	2782	Fath al-Bari numbering	text match to 0256Bukhari.Sahih.Shamela0001681-ara1	1.0	
urn:hadith:0256Bukhari.Sahih:2631	2631	2783	Fath al-Bari numbering	text match to 0256Bukhari.Sahih.Shamela0001681-ara1	0.87	
urn:hadith:0256Bukhari.Sahih:2632	2632	2784	Fath al-Bari numbering	text match to 0256Bukhari.Sahih.Shamela0001681-ara1	1.0	
urn:hadith:0256Bukhari.Sahih:2633	2633	2785	Fath al-Bari numbering	text match to 0256Bukhari.Sahih.Shamela0001681-ara1	1.0	
urn:hadith:0256Bukhari.Sahih:2634	2634	2786	Fath al-Bari numbering	text match to 0256Bukhari.Sahih.Shamela0001681-ara1	0.92	
urn:hadith:0256Bukhari.Sahih:2635	2635	2787	Fath al-Bari numbering	text match to 0256Bukhari.Sahih.Shamela0001681-ara1	1.0	
urn:hadith:0256Bukhari.Sahih:2636	2636	2788	Fath al-Bari numbering	text match to 0256Bukhari.Sahih.Shamela0001681-ara1	1.0	
urn:hadith:0256Bukhari.Sahih:2637	2637	2790	Fath al-Bari numbering	text match to 0256Bukhari.Sahih.Shamela0001681-ara1	1.0	
urn:hadith:0256Bukhari.Sahih:2638	2638	2791	Fath al-Bari numbering	text match to 0256Bukhari.Sahih.Shamela0001681-ara1	1.0	
urn:hadith:0256Bukhari.Sahih:2639	2639	2792	Fath al-Bari numbering	text match to 0256Bukhari.Sahih.Shamela0001681-ara1	1.0	
urn:hadith:0256Bukhari.Sahih:2640	2640	2793	Fath al-Bari numbering	text match to 0256Bukhari.Sahih.Shamela0001681-ara1	1.0	
urn:hadith:0256Bukhari.Sahih:2641	2641	2794	Fath al-Bari numbering	text match to 0256Bukhari.Sahih.Shamela0001681-ara1	1.0	
urn:hadith:0256Bukhari.Sahih:2642	2642	2795	Fath al-Bari numbering	text match to 0256Bukhari.Sahih.Shamela0001681-ara1	1.0	
urn:hadith:0256Bukhari.Sahih:2643	2643	2796	Fath al-Bari numbering	text match to 0256Bukhari.Sahih.Shamela0001681-ara1	1.0	
urn:hadith:0256Bukhari.Sahih:2644	2644	2797	Fath al-Bari numbering	text match to 0256Bukhari.Sahih.Shamela0001681-ara1	1.0	
urn:hadith:0256Bukhari.Sahih:2645	2645	2798	Fath al-Bari numbering	text match to 0256Bukhari.Sahih.Shamela0001681-ara1	1.0	
urn:hadith:0256Bukhari.Sahih:2646	2646	2799	Fath al-Bari numbering	text match to 0256Bukhari.Sahih.Shamela0001681-ara1	1.0	
urn:hadith:0256Bukhari.Sahih:2647	2647	2801	Fath al-Bari numbering	text match to 0256Bukhari.Sahih.Shamela0001681-ara1	1.0	
urn:hadith:0256Bukhari.Sahih:2648	2648	2802	Fath al-Bari numbering	text match to 0256Bukhari.Sahih.Shamela0001681-ara1	1.0	
urn:hadith:0256Bukhari.Sahih:2649	2649	2803	Fath al-Bari numbering	text match to 0256Bukhari.Sahih.Shamela0001681-ara1	1.0	
urn:hadith:0256Bukhari.Sahih:2650	2650	2804	Fath al-Bari numbering	text match to 0256Bukhari.Sahih.Shamela0001681-ara1	0.8	
urn:hadith:0256Bukhari.Sahih:2651	2651	2805	Fath al-Bari numbering	text match to 0256Bukhari.Sahih.Shamela0001681-ara1	0.92	
urn:hadith:0256Bukhari.Sahih:2652	2652	2807	Fath al-Bari numbering	text match to 0256Bukhari.Sahih.Shamela0001681-ara1	0.87	
urn:hadith:0256Bukhari.Sahih:2653	2653	2808	Fath al-Bari numbering	text match to 0256Bukhari.Sahih.Shamela0001681-ara1	0.9	
urn:hadith:0256Bukhari.Sahih:2654	2654	2809	Fath al-Bari numbering	text match to 0256Bukhari.Sahih.Shamela0001681-ara1	1.0	
urn:hadith:0256Bukhari.Sahih:2655	2655	2810	Fath al-Bari numbering	text match to 0256Bukhari.Sahih.Shamela0001681-ara1	1.0	
urn:hadith:0256Bukhari.Sahih:2656	2656	2811	Fath al-Bari numbering	text match to 0256Bukhari.Sahih.Shamela0001681-ara1	0.93	
urn:hadith:0256Bukhari.Sahih:2657	2657	2812	Fath al-Bari numbering	text match to 0256Bukhari.Sahih.Shamela0001681-ara1	0.93	
urn:hadith:0256Bukhari.Sahih:2658	2658	2813	Fath al-Bari numbering	text match to 0256Bukhari.Sahih.Shamela0001681-ara1	0.97	
urn:hadith:0256Bukhari.Sahih:2659	2659	2814	Fath al-Bari numbering	text match to 0256Bukhari.Sahih.Shamela0001681-ara1	1.0	
urn:hadith:0256Bukhari.Sahih:2660	2660	2815	Fath al-Bari numbering	text match to 0256Bukhari.Sahih.Shamela0001681-ara1	1.0	
urn:hadith:0256Bukhari.Sahih:2661	2661	2816	Fath al-Bari numbering	text match to 0256Bukhari.Sahih.Shamela0001681-ara1	0.92	
urn:hadith:0256Bukhari.Sahih:2662	2662	2817	Fath al-Bari numbering	text match to 0256Bukhari.Sahih.Shamela0001681-ara1	1.0	
urn:hadith:0256Bukhari.Sahih:2663	2663	2818	Fath al-Bari numbering	text match to 0256Bukhari.Sahih.Shamela0001681-ara1	0.91	
urn:hadith:0256Bukhari.Sahih:2664	2664	2819	Fath al-Bari numbering	text match to 0256Bukhari.Sahih.Shamela0001681-ara1	0.93	
urn:hadith:0256Bukhari.Sahih:2665	2665	2820	Fath al-Bari numbering	text match to 0256Bukhari.Sahih.Shamela0001681-ara1	1.0	
urn:hadith:0256Bukhari.Sahih:2666	2666	2821	Fath al-Bari numbering	text match to 0256Bukhari.Sahih.Shamela0001681-ara1	0.92	
urn:hadith:0256Bukhari.Sahih:2667	2667	2822	Fath al-Bari numbering	text match to 0256Bukhari.Sahih.Shamela0001681-ara1	1.0	
urn:hadith:0256Bukhari.Sahih:2668	2668	2823	Fath al-Bari numbering	text match to 0256Bukhari.Sahih.Shamela0001681-ara1	1.0	
urn:hadith:0256Bukhari.Sahih:2669	2669	2824	Fath al-Bari numbering	text match to 0256Bukhari.Sahih.Shamela0001681-ara1	1.0	
urn:hadith:0256Bukhari.Sahih:2670	2670	2825	Fath al-Bari numbering	text match to 0256Bukhari.Sahih.Shamela0001681-ara1	0.75	
urn:hadith:0256Bukhari.Sahih:2671	2671	2826	Fath al-Bari numbering	text match to 0256Bukhari.Sahih.Shamela0001681-ara1	1.0	
urn:hadith:0256Bukhari.Sahih:2672	2672	2827	Fath al-Bari numbering	text match to 0256Bukhari.Sahih.Shamela0001681-ara1	0.83	
urn:hadith:0256Bukhari.Sahih:2673	2673	2828	Fath al-Bari numbering	text match to 0256Bukhari.Sahih.Shamela0001681-ara1	1.0	
urn:hadith:0256Bukhari.Sahih:2674	2674	2829	Fath al-Bari numbering	text match to 0256Bukhari.Sahih.Shamela0001681-ara1	1.0	
urn:hadith:0256Bukhari.Sahih:2675	2675	2830	Fath al-Bari numbering	text match to 0256Bukhari.Sahih.Shamela0001681-ara1	1.0	
urn:hadith:0256Bukhari.Sahih:2676	2676	2831	Fath al-Bari numbering	text match to 0256Bukhari.Sahih.Shamela0001681-ara1	0.81	
urn:hadith:0256Bukhari.Sahih:2677	2677	2832	Fath al-Bari numbering	text match to 0256Bukhari.Sahih.Shamela0001681-ara1	0.76	
urn:hadith:0256Bukhari.Sahih:2678	2678	2833	Fath al-Bari numbering	text match to 0256Bukhari.Sahih.Shamela0001681-ara1	0.97	
urn:hadith:0256Bukhari.Sahih:2679	2679	2834	Fath al-Bari numbering	text match to 0256Bukhari.Sahih.Shamela0001681-ara1	1.0	
urn:hadith:0256Bukhari.Sahih:2680	2680	2835	Fath al-Bari numbering	text match to 0256Bukhari.Sahih.Shamela0001681-ara1	1.0	
urn:hadith:0256Bukhari.Sahih:2681	2681	2836	Fath al-Bari numbering	text match to 0256Bukhari.Sahih.Shamela0001681-ara1	0.77	
urn:hadith:0256Bukhari.Sahih:2682	2682	2837	Fath al-Bari numbering	text match to 0256Bukhari.Sahih.Shamela0001681-ara1	1.0	
urn:hadith:0256Bukhari.Sahih:2683	2683	2838	Fath al-Bari numbering	text match to 0256Bukhari.Sahih.Shamela0001681-ara1	1.0	
urn:hadith:0256Bukhari.Sahih:2684	2684	2839	Fath al-Bari numbering	text match to 0256Bukhari.Sahih.Shamela0001681-ara1	0.92	
urn:hadith:0256Bukhari.Sahih:2685	2685	2840	Fath al-Bari numbering	text match to 0256Bukhari.Sahih.Shamela0001681-ara1	0.81	
urn:hadith:0256Bukhari.Sahih:2686	2686	2841	Fath al-Bari numbering	text match to 0256Bukhari.Sahih.Shamela0001681-ara1	1.0	
urn:hadith:0256Bukhari.Sahih:2687	2687	2842	Fath al-Bari numbering	text match to 0256Bukhari.Sahih.Shamela0001681-ara1	0.86	
urn:hadith:0256Bukhari.Sahih:2688	2688	2843	Fath al-Bari numbering	text match to 0256Bukhari.Sahih.Shamela0001681-ara1	1.0	
urn:hadith:0256Bukhari.Sahih:2689	2689	2844	Fath al-Bari numbering	text match to 0256Bukhari.Sahih.Shamela0001681-ara1	0.94	
urn:hadith:0256Bukhari.Sahih:2690	2690	2845	Fath al-Bari numbering	text match to 0256Bukhari.Sahih.Shamela0001681-ara1	0.87	
urn:hadith:0256Bukhari.Sahih:2691	2691	2846	Fath al-Bari numbering	text match to 0256Bukhari.Sahih.Shamela0001681-ara1	1.0	
urn:hadith:0256Bukhari.Sahih:2692	2692	2847	Fath al-Bari numbering	text match to 0256Bukhari.Sahih.Shamela0001681-ara1	0.87	
urn:hadith:0256Bukhari.Sahih:2693	2693	2848	Fath al-Bari numbering	text match to 0256Bukhari.Sahih.Shamela0001681-ara1	1.0	
urn:hadith:0256Bukhari.Sahih:2694	2694	2849	Fath al-Bari numbering	text match to 0256Bukhari.Sahih.Shamela0001681-ara1	1.0	
urn:hadith:0256Bukhari.Sahih:2695	2695	2850	Fath al-Bari numbering	text match to 0256Bukhari.Sahih.Shamela0001681-ara1	0.9	
urn:hadith:0256Bukhari.Sahih:2696	2696	2851	Fath al-Bari numbering	text match to 0256Bukhari.Sahih.Shamela0001681-ara1	1.0	
urn:hadith:0256Bukhari.Sahih:2697	2697	2852	Fath al-Bari numbering	text match to 0256Bukhari.Sahih.Shamela0001681-ara1	1.0	
urn:hadith:0256Bukhari.Sahih:2698	2698	2853	Fath al-Bari numbering	text match to 0256Bukhari.Sahih.Shamela0001681-ara1	0.89	
urn:hadith:0256Bukhari.Sahih:2699	2699	2854	Fath al-Bari numbering	text match to 0256Bukhari.Sahih.Shamela0001681-ara1	0.93	
urn:hadith:0256Bukhari.Sahih:2700	2700	2855	Fath al-Bari numbering	text match to 0256Bukhari.Sahih.Shamela0001681-ara1	1.0	
urn:hadith:0256Bukhari.Sahih:2701	2701	2856	Fath al-Bari numbering	text match to 0256Bukhari.Sahih.Shamela0001681-ara1	1.0	
urn:hadith:0256Bukhari.Sahih:2702	2702	2857	Fath al-Bari numbering	text match to 0256Bukhari.Sahih.Shamela0001681-ara1	1.0	
urn:hadith:0256Bukhari.Sahih:2703	2703	2858	Fath al-Bari numbering	text match to 0256Bukhari.Sahih.Shamela0001681-ara1	1.0	
urn:hadith:0256Bukhari.Sahih:2704	2704	2859	Fath al-Bari numbering	text match to 0256Bukhari.Sahih.Shamela0001681-ara1	1.0	
urn:hadith:0256Bukhari.Sahih:2705	2705	2860	Fath al-Bari numbering	text match to 0256Bukhari.Sahih.Shamela0001681-ara1	1.0	
urn:hadith:0256Bukhari.Sahih:2706	2706	2861	Fath al-Bari numbering	text match to 0256Bukhari.Sahih.Shamela0001681-ara1	1.0	
urn:hadith:0256Bukhari.Sahih:2707	2707	2862	Fath al-Bari numbering	text match to 0256Bukhari.Sahih.Shamela0001681-ara1	1.0	
urn:hadith:0256Bukhari.Sahih:2708	2708	2863	Fath al-Bari numbering	text match to 0256Bukhari.Sahih.Shamela0001681-ara1	0.79	
urn:hadith:0256Bukhari.Sahih:2709	2709	2864	Fath al-Bari numbering	text match to 0256Bukhari.Sahih.Shamela0001681-ara1	0.89	
urn:hadith:0256Bukhari.Sahih:2710	2710	2865	Fath al-Bari numbering	text match to 0256Bukhari.Sahih.Shamela0001681-ara1	0.86	
urn:hadith:0256Bukhari.Sahih:2711	2711	2866	Fath al-Bari numbering	text match to 0256Bukhari.Sahih.Shamela0001681-ara1	1.0	
urn:hadith:0256Bukhari.Sahih:2712	2712	2867	Fath al-Bari numbering	text match to 0256Bukhari.Sahih.Shamela0001681-ara1	1.0	
urn:hadith:0256Bukhari.Sahih:2713	2713	2868	Fath al-Bari numbering	text match to 0256Bukhari.Sahih.Shamela0001681-ara1	0.86	
urn:hadith:0256Bukhari.Sahih:2714	2714	2869	Fath al-Bari numbering	text match to 0256Bukhari.Sahih.Shamela0001681-ara1	1.0	
urn:hadith:0256Bukhari.Sahih:2715	2715	2870	Fath al-Bari numbering	text match to 0256Bukhari.Sahih.Shamela0001681-ara1	0.89	
urn:hadith:0256Bukhari.Sahih:2716	2716	2871	Fath al-Bari numbering	text match to 0256Bukhari.Sahih.Shamela0001681-ara1	1.0	
urn:hadith:0256Bukhari.Sahih:2717	2717	2872	Fath al-Bari numbering	text match to 0256Bukhari.Sahih.Shamela0001681-ara1	1.0	
urn:hadith:0256Bukhari.Sahih:2718	2718	2873	Fath al-Bari numbering	text match to 0256Bukhari.Sahih.Shamela0001681-ara1	1.0	
urn:hadith:0256Bukhari.Sahih:2719	2719	2874	Fath al-Bari numbering	text match to 0256Bukhari.Sahih.Shamela0001681-ara1	0.96	
urn:hadith:0256Bukhari.Sahih:2720	2720	2875	Fath al-Bari numbering	text match to 0256Bukhari.Sahih.Shamela0001681-ara1	1.0	
urn:hadith:0256Bukhari.Sahih:2721	2721	2876	Fath al-Bari numbering	text match to 0256Bukhari.Sahih.Shamela0001681-ara1	1.0	
urn:hadith:0256Bukhari.Sahih:2722	2722	2877	Fath al-Bari numbering	text match to 0256Bukhari.Sahih.Shamela0001681-ara1	0.92	
urn:hadith:0256Bukhari.Sahih:2723	2723	2879	Fath al-Bari numbering	text match to 0256Bukhari.Sahih.Shamela0001681-ara1	1.0	
urn:hadith:0256Bukhari.Sahih:2724	2724	2880	Fath al-Bari numbering	text match to 0256Bukhari.Sahih.Shamela0001681-ara1	1.0	
urn:hadith:0256Bukhari.Sahih:2725	2725	2881	Fath al-Bari numbering	text match to 0256Bukhari.Sahih.Shamela0001681-ara1	0.93	
urn:hadith:0256Bukhari.Sahih:2726	2726	2882	Fath al-Bari numbering	text match to 0256Bukhari.Sahih.Shamela0001681-ara1	1.0	
urn:hadith:0256Bukhari.Sahih:2727	2727	2883	Fath al-Bari numbering	text match to 0256Bukhari.Sahih.Shamela0001681-ara1	1.0	
urn:hadith:0256Bukhari.Sahih:2728	2728	2884	Fath al-Bari numbering	text match to 0256Bukhari.Sahih.Shamela0001681-ara1	1.0	
urn:hadith:0256Bukhari.Sahih:2729	2729	2885	Fath al-Bari numbering	text match to 0256Bukhari.Sahih.Shamela0001681-ara1	1.0	
urn:hadith:0256Bukhari.Sahih:2730	2730	2886	Fath al-Bari numbering	text match to 0256Bukhari.Sahih.Shamela0001681-ara1	0.57	
urn:hadith:0256Bukhari.Sahih:2731	2731	2888	Fath al-Bari numbering	text match to 0256Bukhari.Sahih.Shamela0001681-ara1	1.0	
urn:hadith:0256Bukhari.Sahih:2732	2732	2889	Fath al-Bari numbering	text match to 0256Bukhari.Sahih.Shamela0001681-ara1	1.0	
urn:hadith:0256Bukhari.Sahih:2733	2733	2890	Fath al-Bari numbering	text match to 0256Bukhari.Sahih.Shamela0001681-ara1	1.0	
urn:hadith:0256Bukhari.Sahih:2734	2734	2891	Fath al-Bari numbering	text match to 0256Bukhari.Sahih.Shamela0001681-ara1	0.91	
urn:hadith:0256Bukhari.Sahih:2735	2735	2892	Fath al-Bari numbering	text match to 0256Bukhari.Sahih.Shamela0001681-ara1	1.0	
urn:hadith:0256Bukhari.Sahih:2736	2736	2893	Fath al-Bari numbering	text match to 0256Bukhari.Sahih.Shamela0001681-ara1	1.0	
urn:hadith:0256Bukhari.Sahih:2737	2737	2894	Fath al-Bari numbering	text match to 0256Bukhari.Sahih.Shamela0001681-ara1	0.93	
urn:hadith:0256Bukhari.Sahih:2739	2739	2896	Fath al-Bari numbering	text match to 0256Bukhari.Sahih.Shamela0001681-ara1	1.0	
urn:hadith:0256Bukhari.Sahih:2740	2740	2897	Fath al-Bari numbering	text match to 0256Bukhari.Sahih.Shamela0001681-ara1	1.0	
urn:hadith:0256Bukhari.Sahih:2742	2742	2898	Fath al-Bari numbering	text match to 0256Bukhari.Sahih.Shamela0001681-ara1	0.93	
urn:hadith:0256Bukhari.Sahih:2743	2743	2899	Fath al-Bari numbering	text match to 0256Bukhari.Sahih.Shamela0001681-ara1	0.95	
urn:hadith:0256Bukhari.Sahih:2744	2744	2900	Fath al-Bari numbering	text match to 0256Bukhari.Sahih.Shamela0001681-ara1	1.0	
urn:hadith:0256Bukhari.Sahih:2745	2745	2901	Fath al-Bari numbering	text match to 0256Bukhari.Sahih.Shamela0001681-ara1	0.89	
urn:hadith:0256Bukhari.Sahih:2746	2746	2902	Fath al-Bari numbering	text match to 0256Bukhari.Sahih.Shamela0001681-ara1	1.0	
urn:hadith:0256Bukhari.Sahih:2747	2747	2903	Fath al-Bari numbering	text match to 0256Bukhari.Sahih.Shamela0001681-ara1	1.0	
urn:hadith:0256Bukhari.Sahih:2748	2748	2904	Fath al-Bari numbering	text match to 0256Bukhari.Sahih.Shamela0001681-ara1	1.0	
urn:hadith:0256Bukhari.Sahih:2749	2749	2905	Fath al-Bari numbering	text match to 0256Bukhari.Sahih.Shamela0001681-ara1	1.0	
urn:hadith:0256Bukhari.Sahih:2750	2750	2906	Fath al-Bari numbering	text match to 0256Bukhari.Sahih.Shamela0001681-ara1	0.75	
urn:hadith:0256Bukhari.Sahih:2751	2751	2908	Fath al-Bari numbering	text match to 0256Bukhari.Sahih.Shamela0001681-ara1	1.0	
urn:hadith:0256Bukhari.Sahih:2752	2752	2909	Fath al-Bari numbering	text match to 0256Bukhari.Sahih.Shamela0001681-ara1	1.0	
urn:hadith:0256Bukhari.Sahih:2753	2753	2910	Fath al-Bari numbering	text match to 0256Bukhari.Sahih.Shamela0001681-ara1	1.0	
urn:hadith:0256Bukhari.Sahih:2754	2754	2911	Fath al-Bari numbering	text match to 0256Bukhari.Sahih.Shamela0001681-ara1	1.0	
urn:hadith:0256Bukhari.Sahih:2755	2755	2912	Fath al-Bari numbering	text match to 0256Bukhari.Sahih.Shamela0001681-ara1	1.0	
urn:hadith:0256Bukhari.Sahih:2756	2756	2913	Fath al-Bari numbering	text match to 0256Bukhari.Sahih.Shamela0001681-ara1	0.87	
urn:hadith:0256Bukhari.Sahih:2757	2757	2914	Fath al-Bari numbering	text match to 0256Bukhari.Sahih.Shamela0001681-ara1	1.0	
urn:hadith:0256Bukhari.Sahih:2758	2758	2915	Fath al-Bari numbering	text match to 0256Bukhari.Sahih.Shamela0001681-ara1	0.87	
urn:hadith:0256Bukhari.Sahih:2759	2759	2916	Fath al-Bari numbering	text match to 0256Bukhari.Sahih.Shamela0001681-ara1	1.0	
urn:hadith:0256Bukhari.Sahih:2760	2760	2917	Fath al-Bari numbering	text match to 0256Bukhari.Sahih.Shamela0001681-ara1	0.93	
urn:hadith:0256Bukhari.Sahih:2761	2761	2918	Fath al-Bari numbering	text match to 0256Bukhari.Sahih.Shamela0001681-ara1	0.83	
urn:hadith:0256Bukhari.Sahih:2762	2762	2919	Fath al-Bari numbering	text match to 0256Bukhari.Sahih.Shamela0001681-ara1	0.86	
urn:hadith:0256Bukhari.Sahih:2763	2763	2920	Fath al-Bari numbering	text match to 0256Bukhari.Sahih.Shamela0001681-ara1	1.0	
urn:hadith:0256Bukhari.Sahih:2764	2764	2921	Fath al-Bari numbering	text match to 0256Bukhari.Sahih.Shamela0001681-ara1	0.57	
urn:hadith:0256Bukhari.Sahih:2765	2765	2923	Fath al-Bari numbering	text match to 0256Bukhari.Sahih.Shamela0001681-ara1	0.81	
urn:hadith:0256Bukhari.Sahih:2766	2766	2924	Fath al-Bari numbering	text match to 0256Bukhari.Sahih.Shamela0001681-ara1	0.99	
urn:hadith:0256Bukhari.Sahih:2767	2767	2925	Fath al-Bari numbering	text match to 0256Bukhari.Sahih.Shamela0001681-ara1	1.0	
urn:hadith:0256Bukhari.Sahih:2768	2768	2926	Fath al-Bari numbering	text match to 0256Bukhari.Sahih.Shamela0001681-ara1	1.0	
urn:hadith:0256Bukhari.Sahih:2769	2769	2927	Fath al-Bari numbering	text match to 0256Bukhari.Sahih.Shamela0001681-ara1	1.0	
urn:hadith:0256Bukhari.Sahih:2770	2770	2928	Fath al-Bari numbering	text match to 0256Bukhari.Sahih.Shamela0001681-ara1	1.0	
urn:hadith:0256Bukhari.Sahih:2771	2771	2929	Fath al-Bari numbering	text match to 0256Bukhari.Sahih.Shamela0001681-ara1	1.0	
urn:hadith:0256Bukhari.Sahih:2772	2772	2930	Fath al-Bari numbering	text match to 0256Bukhari.Sahih.Shamela0001681-ara1	0.87	
urn:hadith:0256Bukhari.Sahih:2773	2773	2931	Fath al-Bari numbering	text match to 0256Bukhari.Sahih.Shamela0001681-ara1	1.0	
urn:hadith:0256Bukhari.Sahih:2774	2774	2932	Fath al-Bari numbering	text match to 0256Bukhari.Sahih.Shamela0001681-ara1	0.9	
urn:hadith:0256Bukhari.Sahih:2775	2775	2933	Fath al-Bari numbering	text match to 0256Bukhari.Sahih.Shamela0001681-ara1	1.0	
urn:hadith:0256Bukhari.Sahih:2776	2776	2934	Fath al-Bari numbering	text match to 0256Bukhari.Sahih.Shamela0001681-ara1	0.93	
urn:hadith:0256Bukhari.Sahih:2777	2777	2935	Fath al-Bari numbering	text match to 0256Bukhari.Sahih.Shamela0001681-ara1	0.73	
urn:hadith:0256Bukhari.Sahih:2778	2778	2936	Fath al-Bari numbering	text match to 0256Bukhari.Sahih.Shamela0001681-ara1	0.85	
urn:hadith:0256Bukhari.Sahih:2779	2779	2937	Fath al-Bari numbering	text match to 0256Bukhari.Sahih.Shamela0001681-ara1	1.0	
urn:hadith:0256Bukhari.Sahih:2780	2780	2938	Fath al-Bari numbering	text match to 0256Bukhari.Sahih.Shamela0001681-ara1	0.89	
urn:hadith:0256Bukhari.Sahih:2781	2781	2939	Fath al-Bari numbering	text match to 0256Bukhari.Sahih.Shamela0001681-ara1	0.93	
urn:hadith:0256Bukhari.Sahih:2782	2782	2940	Fath al-Bari numbering	text match to 0256Bukhari.Sahih.Shamela0001681-ara1	0.93	
urn:hadith:0256Bukhari.Sahih:2783	2783	2942	Fath al-Bari numbering	text match to 0256Bukhari.Sahih.Shamela0001681-ara1	1.0	
urn:hadith:0256Bukhari.Sahih:2784	2784	2943	Fath al-Bari numbering	text match to 0256Bukhari.Sahih.Shamela0001681-ara1	0.7	
urn:hadith:0256Bukhari.Sahih:2785	2785	2945	Fath al-Bari numbering	text match to 0256Bukhari.Sahih.Shamela0001681-ara1	1.0	
urn:hadith:0256Bukhari.Sahih:2786	2786	2946	Fath al-Bari numbering	text match to 0256Bukhari.Sahih.Shamela0001681-ara1	0.91	
urn:hadith:0256Bukhari.Sahih:2787	2787	2947	Fath al-Bari numbering	text match to 0256Bukhari.Sahih.Shamela0001681-ara1	0.91	
urn:hadith:0256Bukhari.Sahih:2788	2788	2948	Fath al-Bari numbering	text match to 0256Bukhari.Sahih.Shamela0001681-ara1	1.0	
urn:hadith:0256Bukhari.Sahih:2789	2789	2949	Fath al-Bari numbering	text match to 0256Bukhari.Sahih.Shamela0001681-ara1	1.0	
urn:hadith:0256Bukhari.Sahih:2790	2790	2950	Fath al-Bari numbering	text match to 0256Bukhari.Sahih.Shamela0001681-ara1	1.0	
urn:hadith:0256Bukhari.Sahih:2791	2791	2951	Fath al-Bari numbering	text match to 0256Bukhari.Sahih.Shamela0001681-ara1	0.87	shared number
urn:hadith:0256Bukhari.Sahih:2792	2792	2951	Fath al-Bari numbering	text match to 0256Bukhari.Sahih.Shamela0001681-ara1	0.84	shared number
urn:hadith:0256Bukhari.Sahih:2793	2793	2952	Fath al-Bari numbering	text match to 0256Bukhari.Sahih.Shamela0001681-ara1	1.0	
urn:hadith:0256Bukhari.Sahih:2794	2794	2953	Fath al-Bari numbering	text match to 0256Bukhari.Sahih.Shamela0001681-ara1	0.78	
urn:hadith:0256Bukhari.Sahih:2795	2795	2954	Fath al-Bari numbering	text match to 0256Bukhari.Sahih.Shamela0001681-ara1	0.97	
urn:hadith:0256Bukhari.Sahih:2796	2796	2955	Fath al-Bari numbering	text match to 0256Bukhari.Sahih.Shamela0001681-ara1	0.83	
urn:hadith:0256Bukhari.Sahih:2797	2797	2957	Fath al-Bari numbering	text match to 0256Bukhari.Sahih.Shamela0001681-ara1	0.58	
urn:hadith:0256Bukhari.Sahih:2798	2798	2958	Fath al-Bari numbering	text match to 0256Bukhari.Sahih.Shamela0001681-ara1	0.88	
urn:hadith:0256Bukhari.Sahih:2799	2799	2959	Fath al-Bari numbering	text match to 0256Bukhari.Sahih.Shamela0001681-ara1	0.89	
urn:hadith:0256Bukhari.Sahih:2800	2800	2960	Fath al-Bari numbering	text match to 0256Bukhari.Sahih.Shamela0001681-ara1	0.91	
urn:hadith:0256Bukhari.Sahih:2801	2801	2961	Fath al-Bari numbering	text match to 0256Bukhari.Sahih.Shamela0001681-ara1	0.9	
urn:hadith:0256Bukhari.Sahih:2802	2802	2962	Fath al-Bari numbering	text match to 0256Bukhari.Sahih.Shamela0001681-ara1	1.0	
urn:hadith:0256Bukhari.Sahih:2803	2803	2964	Fath al-Bari numbering	text match to 0256Bukhari.Sahih.Shamela0001681-ara1	1.0	
urn:hadith:0256Bukhari.Sahih:2804	2804	2965	Fath al-Bari numbering	text match to 0256Bukhari.Sahih.Shamela0001681-ara1	0.7	
urn:hadith:0256Bukhari.Sahih:2805	2805	2967	Fath al-Bari numbering	text match to 0256Bukhari.Sahih.Shamela0001681-ara1	1.0	
urn:hadith:0256Bukhari.Sahih:2806	2806	2968	Fath al-Bari numbering	text match to 0256Bukhari.Sahih.Shamela0001681-ara1	1.0	
urn:hadith:0256Bukhari.Sahih:2807	2807	2969	Fath al-Bari numbering	text match to 0256Bukhari.Sahih.Shamela0001681-ara1	1.0	
urn:hadith:0256Bukhari.Sahih:2808	2808	2970	Fath al-Bari numbering	text match to 0256Bukhari.Sahih.Shamela0001681-ara1	1.0	
urn:hadith:0256Bukhari.Sahih:2809	2809	2971	Fath al-Bari numbering	text match to 0256Bukhari.Sahih.Shamela0001681-ara1	1.0	
urn:hadith:0256Bukhari.Sahih:2810	2810	2972	Fath al-Bari numbering	text match to 0256Bukhari.Sahih.Shamela0001681-ara1	1.0	
urn:hadith:0256Bukhari.Sahih:2811	2811	2976	Fath al-Bari numbering	text match to 0256Bukhari.Sahih.Shamela0001681-ara1	0.86	
urn:hadith:0256Bukhari.Sahih:2812	2812	3702	Fath al-Bari numbering	text match to 0256Bukhari.Sahih.Shamela0001681-ara1	0.55	shared number, out of order
urn:hadith:0256Bukhari.Sahih:2815	2815	2977	Fath al-Bari numbering	text match to 0256Bukhari.Sahih.Shamela0001681-ara1	0.91	
urn:hadith:0256Bukhari.Sahih:2816	2816	2978	Fath al-Bari numbering	text match to 0256Bukhari.Sahih.Shamela0001681-ara1	0.84	
urn:hadith:0256Bukhari.Sahih:2817	2817	2979	Fath al-Bari numbering	text match to 0256Bukhari.Sahih.Shamela0001681-ara1	1.0	
urn:hadith:0256Bukhari.Sahih:2818	2818	2980	Fath al-Bari numbering	text match to 0256Bukhari.Sahih.Shamela0001681-ara1	1.0	
urn:hadith:0256Bukhari.Sahih:2819	2819	2981	Fath al-Bari numbering	text match to 0256Bukhari.Sahih.Shamela0001681-ara1	1.0	
urn:hadith:0256Bukhari.Sahih:2820	2820	2982	Fath al-Bari numbering	text match to 0256Bukhari.Sahih.Shamela0001681-ara1	1.0	
urn:hadith:0256Bukhari.Sahih:2821	2821	2983	Fath al-Bari numbering	text match to 0256Bukhari.Sahih.Shamela0001681-ara1	0.83	
urn:hadith:0256Bukhari.Sahih:2822	2822	2984	Fath al-Bari numbering	text match to 0256Bukhari.Sahih.Shamela0001681-ara1	0.91	
urn:hadith:0256Bukhari.Sahih:2823	2823	2985	Fath al-Bari numbering	text match to 0256Bukhari.Sahih.Shamela0001681-ara1	0.85	
urn:hadith:0256Bukhari.Sahih:2824	2824	2986	Fath al-Bari numbering	text match to 0256Bukhari.Sahih.Shamela0001681-ara1	1.0	
urn:hadith:0256Bukhari.Sahih:2825	2825	2987	Fath al-Bari numbering	text match to 0256Bukhari.Sahih.Shamela0001681-ara1	0.85	
urn:hadith:0256Bukhari.Sahih:2826	2826	2988	Fath al-Bari numbering	text match to 0256Bukhari.Sahih.Shamela0001681-ara1	1.0	
urn:hadith:0256Bukhari.Sahih:2827	2827	2989	Fath al-Bari numbering	text match to 0256Bukhari.Sahih.Shamela0001681-ara1	1.0	
urn:hadith:0256Bukhari.Sahih:2828	2828	2990	Fath al-Bari numbering	text match to 0256Bukhari.Sahih.Shamela0001681-ara1	1.0	
urn:hadith:0256Bukhari.Sahih:2829	2829	2991	Fath al-Bari numbering	text match to 0256Bukhari.Sahih.Shamela0001681-ara1	0.93	
urn:hadith:0256Bukhari.Sahih:2830	2830	2992	Fath al-Bari numbering	text match to 0256Bukhari.Sahih.Shamela0001681-ara1	1.0	
urn:hadith:0256Bukhari.Sahih:2831	2831	2993	Fath al-Bari numbering	text match to 0256Bukhari.Sahih.Shamela0001681-ara1	1.0	
urn:hadith:0256Bukhari.Sahih:2832	2832	2994	Fath al-Bari numbering	text match to 0256Bukhari.Sahih.Shamela0001681-ara1	0.78	
urn:hadith:0256Bukhari.Sahih:2833	2833	2995	Fath al-Bari numbering	text match to 0256Bukhari.Sahih.Shamela0001681-ara1	0.93	
urn:hadith:0256Bukhari.Sahih:2834	2834	2996	Fath al-Bari numbering	text match to 0256Bukhari.Sahih.Shamela0001681-ara1	1.0	
urn:hadith:0256Bukhari.Sahih:2835	2835	2997	Fath al-Bari numbering	text match to 0256Bukhari.Sahih.Shamela0001681-ara1	1.0	
urn:hadith:0256Bukhari.Sahih:2836	2836	2998	Fath al-Bari numbering	text match to 0256Bukhari.Sahih.Shamela0001681-ara1	0.82	
urn:hadith:0256Bukhari.Sahih:2837	2837	2999	Fath al-Bari numbering	text match to 0256Bukhari.Sahih.Shamela0001681-ara1	0.88	
urn:hadith:0256Bukhari.Sahih:2838	2838	3000	Fath al-Bari numbering	text match to 0256Bukhari.Sahih.Shamela0001681-ara1	0.92	
urn:hadith:0256Bukhari.Sahih:2839	2839	3001	Fath al-Bari numbering	text match to 0256Bukhari.Sahih.Shamela0001681-ara1	1.0	
urn:hadith:0256Bukhari.Sahih:2840	2840	3002	Fath al-Bari numbering	text match to 0256Bukhari.Sahih.Shamela0001681-ara1	1.0	
urn:hadith:0256Bukhari.Sahih:2841	2841	3003	Fath al-Bari numbering	text match to 0256Bukhari.Sahih.Shamela0001681-ara1	1.0	
urn:hadith:0256Bukhari.Sahih:2842	2842	3004	Fath al-Bari numbering	text match to 0256Bukhari.Sahih.Shamela0001681-ara1	1.0	
urn:hadith:0256Bukhari.Sahih:2843	2843	3005	Fath al-Bari numbering	text match to 0256Bukhari.Sahih.Shamela0001681-ara1	1.0	
urn:hadith:0256Bukhari.Sahih:2844	2844	3006	Fath al-Bari numbering	text match to 0256Bukhari.Sahih.Shamela0001681-ara1	0.9	
urn:hadith:0256Bukhari.Sahih:2845	2845	3007	Fath al-Bari numbering	text match to 0256Bukhari.Sahih.Shamela0001681-ara1	1.0	
urn:hadith:0256Bukhari.Sahih:2846	2846	3008	Fath al-Bari numbering	text match to 0256Bukhari.Sahih.Shamela0001681-ara1	0.87	
urn:hadith:0256Bukhari.Sahih:2847	2847	3009	Fath al-Bari numbering	text match to 0256Bukhari.Sahih.Shamela0001681-ara1	0.8	
urn:hadith:0256Bukhari.Sahih:2848	2848	3010	Fath al-Bari numbering	text match to 0256Bukhari.Sahih.Shamela0001681-ara1	1.0	
urn:hadith:0256Bukhari.Sahih:2849	2849	3011	Fath al-Bari numbering	text match to 0256Bukhari.Sahih.Shamela0001681-ara1	1.0	
urn:hadith:0256Bukhari.Sahih:2850	2850	3012	Fath al-Bari numbering	text match to 0256Bukhari.Sahih.Shamela0001681-ara1	0.59	
urn:hadith:0256Bukhari.Sahih:2851	2851	3014	Fath al-Bari numbering	text match to 0256Bukhari.Sahih.Shamela0001681-ara1	1.0	
urn:hadith:0256Bukhari.Sahih:2852	2852	3015	Fath al-Bari numbering	text match to 0256Bukhari.Sahih.Shamela0001681-ara1	0.87	
urn:hadith:0256Bukhari.Sahih:2853	2853	3016	Fath al-Bari numbering	text match to 0256Bukhari.Sahih.Shamela0001681-ara1	1.0	
urn:hadith:0256Bukhari.Sahih:2854	2854	3017	Fath al-Bari numbering	text match to 0256Bukhari.Sahih.Shamela0001681-ara1	0.89	
urn:hadith:0256Bukhari.Sahih:2855	2855	3018	Fath al-Bari numbering	text match to 0256Bukhari.Sahih.Shamela0001681-ara1	1.0	
urn:hadith:0256Bukhari.Sahih:2856	2856	3019	Fath al-Bari numbering	text match to 0256Bukhari.Sahih.Shamela0001681-ara1	0.9	
urn:hadith:0256Bukhari.Sahih:2857	2857	3020	Fath al-Bari numbering	text match to 0256Bukhari.Sahih.Shamela0001681-ara1	1.0	
urn:hadith:0256Bukhari.Sahih:2858	2858	3021	Fath al-Bari numbering	text match to 0256Bukhari.Sahih.Shamela0001681-ara1	0.79	
urn:hadith:0256Bukhari.Sahih:2859	2859	3022	Fath al-Bari numbering	text match to 0256Bukhari.Sahih.Shamela0001681-ara1	1.0	
urn:hadith:0256Bukhari.Sahih:2860	2860	3023	Fath al-Bari numbering	text match to 0256Bukhari.Sahih.Shamela0001681-ara1	1.0	
urn:hadith:0256Bukhari.Sahih:2861	2861	3024	Fath al-Bari numbering	text match to 0256Bukhari.Sahih.Shamela0001681-ara1	1.0	
urn:hadith:0256Bukhari.Sahih:2862	2862	3025	Fath al-Bari numbering	text match to 0256Bukhari.Sahih.Shamela0001681-ara1	1.0	
urn:hadith:0256Bukhari.Sahih:2863	2863	3026	Fath al-Bari numbering	text match to 0256Bukhari.Sahih.Shamela0001681-ara1	1.0	
urn:hadith:0256Bukhari.Sahih:2864	2864	3027	Fath al-Bari numbering	text match to 0256Bukhari.Sahih.Shamela0001681-ara1	0.84	
urn:hadith:0256Bukhari.Sahih:2865	2865	3029	Fath al-Bari numbering	text match to 0256Bukhari.Sahih.Shamela0001681-ara1	0.88	
urn:hadith:0256Bukhari.Sahih:2866	2866	3030	Fath al-Bari numbering	text match to 0256Bukhari.Sahih.Shamela0001681-ara1	0.77	
urn:hadith:0256Bukhari.Sahih:2867	2867	3031	Fath al-Bari numbering	text match to 0256Bukhari.Sahih.Shamela0001681-ara1	1.0	
urn:hadith:0256Bukhari.Sahih:2868	2868	3032	Fath al-Bari numbering	text match to 0256Bukhari.Sahih.Shamela0001681-ara1	1.0	
urn:hadith:0256Bukhari.Sahih:2869	2869	3033	Fath al-Bari numbering	text match to 0256Bukhari.Sahih.Shamela0001681-ara1	0.7	
urn:hadith:0256Bukhari.Sahih:2870	2870	3034	Fath al-Bari numbering	text match to 0256Bukhari.Sahih.Shamela0001681-ara1	0.91	
urn:hadith:0256Bukhari.Sahih:2871	2871	3035	Fath al-Bari numbering	text match to 0256Bukhari.Sahih.Shamela0001681-ara1	0.53	
urn:hadith:0256Bukhari.Sahih:2872	2872	3037	Fath al-Bari numbering	text match to 0256Bukhari.Sahih.Shamela0001681-ara1	1.0	
urn:hadith:0256Bukhari.Sahih:2873	2873	3038	Fath al-Bari numbering	text match to 0256Bukhari.Sahih.Shamela0001681-ara1	1.0	
urn:hadith:0256Bukhari.Sahih:2874	2874	3039	Fath al-Bari numbering	text match to 0256Bukhari.Sahih.Shamela0001681-ara1	1.0	
urn:hadith:0256Bukhari.Sahih:2876	2876	3041	Fath al-Bari numbering	text match to 0256Bukhari.Sahih.Shamela0001681-ara1	0.93	
urn:hadith:0256Bukhari.Sahih:2877	2877	3042	Fath al-Bari numbering	text match to 0256Bukhari.Sahih.Shamela0001681-ara1	0.92	
urn:hadith:0256Bukhari.Sahih:2878	2878	3043	Fath al-Bari numbering	text match to 0256Bukhari.Sahih.Shamela0001681-ara1	0.87	
urn:hadith:0256Bukhari.Sahih:2879	2879	3044	Fath al-Bari numbering	text match to 0256Bukhari.Sahih.Shamela0001681-ara1	0.73	
urn:hadith:0256Bukhari.Sahih:2880	2880	3045	Fath al-Bari numbering	text match to 0256Bukhari.Sahih.Shamela0001681-ara1	0.92	
urn:hadith:0256Bukhari.Sahih:2881	2881	3046	Fath al-Bari numbering	text match to 0256Bukhari.Sahih.Shamela0001681-ara1	1.0	
urn:hadith:0256Bukhari.Sahih:2882	2882	3047	Fath al-Bari numbering	text match to 0256Bukhari.Sahih.Shamela0001681-ara1	0.93	
urn:hadith:0256Bukhari.Sahih:2883	2883	3048	Fath al-Bari numbering	text match to 0256Bukhari.Sahih.Shamela0001681-ara1	0.9	
urn:hadith:0256Bukhari.Sahih:2884	2884	3049	Fath al-Bari numbering	text match to 0256Bukhari.Sahih.Shamela0001681-ara1	0.94	
urn:hadith:0256Bukhari.Sahih:2885	2885	3050	Fath al-Bari numbering	text match to 0256Bukhari.Sahih.Shamela0001681-ara1	1.0	
urn:hadith:0256Bukhari.Sahih:2886	2886	3051	Fath al-Bari numbering	text match to 0256Bukhari.Sahih.Shamela0001681-ara1	1.0	
urn:hadith:0256Bukhari.Sahih:2887	2887	3052	Fath al-Bari numbering	text match to 0256Bukhari.Sahih.Shamela0001681-ara1	1.0	
urn:hadith:0256Bukhari.Sahih:2888	2888	3053	Fath al-Bari numbering	text match to 0256Bukhari.Sahih.Shamela0001681-ara1	0.82	
urn:hadith:0256Bukhari.Sahih:2889	2889	3054	Fath al-Bari numbering	text match to 0256Bukhari.Sahih.Shamela0001681-ara1	0.87	
urn:hadith:0256Bukhari.Sahih:2890	2890	3055	Fath al-Bari numbering	text match to 0256Bukhari.Sahih.Shamela0001681-ara1	0.74	
urn:hadith:0256Bukhari.Sahih:2891	2891	3056	Fath al-Bari numbering	text match to 0256Bukhari.Sahih.Shamela0001681-ara1	0.58	
urn:hadith:0256Bukhari.Sahih:2892	2892	3057	Fath al-Bari numbering	text match to 0256Bukhari.Sahih.Shamela0001681-ara1	0.92	
urn:hadith:0256Bukhari.Sahih:2893	2893	3058	Fath al-Bari numbering	text match to 0256Bukhari.Sahih.Shamela0001681-ara1	1.0	
urn:hadith:0256Bukhari.Sahih:2894	2894	3059	Fath al-Bari numbering	text match to 0256Bukhari.Sahih.Shamela0001681-ara1	0.89	
urn:hadith:0256Bukhari.Sahih:2895	2895	3060	Fath al-Bari numbering	text match to 0256Bukhari.Sahih.Shamela0001681-ara1	0.71	
urn:hadith:0256Bukhari.Sahih:2896	2896	3061	Fath al-Bari numbering	text match to 0256Bukhari.Sahih.Shamela0001681-ara1	0.77	
urn:hadith:0256Bukhari.Sahih:2897	2897	3062	Fath al-Bari numbering	text match to 0256Bukhari.Sahih.Shamela0001681-ara1	0.82	
urn:hadith:0256Bukhari.Sahih:2898	2898	3063	Fath al-Bari numbering	text match to 0256Bukhari.Sahih.Shamela0001681-ara1	0.92	
urn:hadith:0256Bukhari.Sahih:2899	2899	3064	Fath al-Bari numbering	text match to 0256Bukhari.Sahih.Shamela0001681-ara1	0.92	
urn:hadith:0256Bukhari.Sahih:2900	2900	3065	Fath al-Bari numbering	text match to 0256Bukhari.Sahih.Shamela0001681-ara1	1.0	
urn:hadith:0256Bukhari.Sahih:2901	2901	3066	Fath al-Bari numbering	text match to 0256Bukhari.Sahih.Shamela0001681-ara1	1.0	
urn:hadith:0256Bukhari.Sahih:2902	2902	3067	Fath al-Bari numbering	text match to 0256Bukhari.Sahih.Shamela0001681-ara1	0.85	
urn:hadith:0256Bukhari.Sahih:2903	2903	3068	Fath al-Bari numbering	text match to 0256Bukhari.Sahih.Shamela0001681-ara1	1.0	
urn:hadith:0256Bukhari.Sahih:2904	2904	3069	Fath al-Bari numbering	text match to 0256Bukhari.Sahih.Shamela0001681-ara1	0.87	
urn:hadith:0256Bukhari.Sahih:2905	2905	3070	Fath al-Bari numbering	text match to 0256Bukhari.Sahih.Shamela0001681-ara1	1.0	
urn:hadith:0256Bukhari.Sahih:2906	2906	5993	Fath al-Bari numbering	text match to 0256Bukhari.Sahih.Shamela0001681-ara1	0.95	shared number, out of order
urn:hadith:0256Bukhari.Sahih:2907	2907	3072	Fath al-Bari numbering	text match to 0256Bukhari.Sahih.Shamela0001681-ara1	1.0	
urn:hadith:0256Bukhari.Sahih:2908	2908	3073	Fath al-Bari numbering	text match to 0256Bukhari.Sahih.Shamela0001681-ara1	0.86	
urn:hadith:0256Bukhari.Sahih:2909	2909	3074	Fath al-Bari numbering	text match to 0256Bukhari.Sahih.Shamela0001681-ara1	0.92	
urn:hadith:0256Bukhari.Sahih:2910	2910	3075	Fath al-Bari numbering	text match to 0256Bukhari.Sahih.Shamela0001681-ara1	0.93	
urn:hadith:0256Bukhari.Sahih:2911	2911	3076	Fath al-Bari numbering	text match to 0256Bukhari.Sahih.Shamela0001681-ara1	1.0	
urn:hadith:0256Bukhari.Sahih:2912	2912	3077	Fath al-Bari numbering	text match to 0256Bukhari.Sahih.Shamela0001681-ara1	0.85	
urn:hadith:0256Bukhari.Sahih:2913	2913	3078	Fath al-Bari numbering	text match to 0256Bukhari.Sahih.Shamela0001681-ara1	1.0	
urn:hadith:0256Bukhari.Sahih:2914	2914	3080	Fath al-Bari numbering	text match to 0256Bukhari.Sahih.Shamela0001681-ara1	0.86	
urn:hadith:0256Bukhari.Sahih:2915	2915	3081	Fath al-Bari numbering	text match to 0256Bukhari.Sahih.Shamela0001681-ara1	1.0	
urn:hadith:0256Bukhari.Sahih:2916	2916	3082	Fath al-Bari numbering	text match to 0256Bukhari.Sahih.Shamela0001681-ara1	0.67	
urn:hadith:0256Bukhari.Sahih:2917	2917	3083	Fath al-Bari numbering	text match to 0256Bukhari.Sahih.Shamela0001681-ara1	0.81	
urn:hadith:0256Bukhari.Sahih:2918	2918	3084	Fath al-Bari numbering	text match to 0256Bukhari.Sahih.Shamela0001681-ara1	1.0	
urn:hadith:0256Bukhari.Sahih:2919	2919	3085	Fath al-Bari numbering	text match to 0256Bukhari.Sahih.Shamela0001681-ara1	1.0	
urn:hadith:0256Bukhari.Sahih:2920	2920	3086	Fath al-Bari numbering	text match to 0256Bukhari.Sahih.Shamela0001681-ara1	1.0	
urn:hadith:0256Bukhari.Sahih:2921	2921	3087	Fath al-Bari numbering	text match to 0256Bukhari.Sahih.Shamela0001681-ara1	1.0	
urn:hadith:0256Bukhari.Sahih:2922	2922	3088	Fath al-Bari numbering	text match to 0256Bukhari.Sahih.Shamela0001681-ara1	0.82	
urn:hadith:0256Bukhari.Sahih:2923	2923	3089	Fath al-Bari numbering	text match to 0256Bukhari.Sahih.Shamela0001681-ara1	1.0	
urn:hadith:0256Bukhari.Sahih:2924	2924	3090	Fath al-Bari numbering	text match to 0256Bukhari.Sahih.Shamela0001681-ara1	0.85	
urn:hadith:0256Bukhari.Sahih:2925	2925	3091	Fath al-Bari numbering	text match to 0256Bukhari.Sahih.Shamela0001681-ara1	1.0	
urn:hadith:0256Bukhari.Sahih:2926	2926	3092	Fath al-Bari numbering	text match to 0256Bukhari.Sahih.Shamela0001681-ara1	0.72	
urn:hadith:0256Bukhari.Sahih:2927	2927	3094	Fath al-Bari numbering	text match to 0256Bukhari.Sahih.Shamela0001681-ara1	0.93	
urn:hadith:0256Bukhari.Sahih:2928	2928	3095	Fath al-Bari numbering	text match to 0256Bukhari.Sahih.Shamela0001681-ara1	0.88	
urn:hadith:0256Bukhari.Sahih:2929	2929	3096	Fath al-Bari numbering	text match to 0256Bukhari.Sahih.Shamela0001681-ara1	1.0	shared number
urn:hadith:0256Bukhari.Sahih:2930	2930	3097	Fath al-Bari numbering	text match to 0256Bukhari.Sahih.Shamela0001681-ara1	1.0	
urn:hadith:0256Bukhari.Sahih:2931	2931	3098	Fath al-Bari numbering	text match to 0256Bukhari.Sahih.Shamela0001681-ara1	1.0	
urn:hadith:0256Bukhari.Sahih:2932	2932	3099	Fath al-Bari numbering	text match to 0256Bukhari.Sahih.Shamela0001681-ara1	1.0	
urn:hadith:0256Bukhari.Sahih:2933	2933	3100	Fath al-Bari numbering	text match to 0256Bukhari.Sahih.Shamela0001681-ara1	0.85	
urn:hadith:0256Bukhari.Sahih:2934	2934	3101	Fath al-Bari numbering	text match to 0256Bukhari.Sahih.Shamela0001681-ara1	0.93	
urn:hadith:0256Bukhari.Sahih:2935	2935	3102	Fath al-Bari numbering	text match to 0256Bukhari.Sahih.Shamela0001681-ara1	1.0	
urn:hadith:0256Bukhari.Sahih:2936	2936	3103	Fath al-Bari numbering	text match to 0256Bukhari.Sahih.Shamela0001681-ara1	1.0	
urn:hadith:0256Bukhari.Sahih:2937	2937	3104	Fath al-Bari numbering	text match to 0256Bukhari.Sahih.Shamela0001681-ara1	1.0	
urn:hadith:0256Bukhari.Sahih:2938	2938	3105	Fath al-Bari numbering	text match to 0256Bukhari.Sahih.Shamela0001681-ara1	0.93	
urn:hadith:0256Bukhari.Sahih:2939	2939	3106	Fath al-Bari numbering	text match to 0256Bukhari.Sahih.Shamela0001681-ara1	1.0	
urn:hadith:0256Bukhari.Sahih:2940	2940	3107	Fath al-Bari numbering	text match to 0256Bukhari.Sahih.Shamela0001681-ara1	1.0	
urn:hadith:0256Bukhari.Sahih:2941	2941	3108	Fath al-Bari numbering	text match to 0256Bukhari.Sahih.Shamela0001681-ara1	1.0	
urn:hadith:0256Bukhari.Sahih:2942	2942	3109	Fath al-Bari numbering	text match to 0256Bukhari.Sahih.Shamela0001681-ara1	0.85	
urn:hadith:0256Bukhari.Sahih:2943	2943	3110	Fath al-Bari numbering	text match to 0256Bukhari.Sahih.Shamela0001681-ara1	0.93	
urn:hadith:0256Bukhari.Sahih:2944	2944	3111	Fath al-Bari numbering	text match to 0256Bukhari.Sahih.Shamela0001681-ara1	0.75	
urn:hadith:0256Bukhari.Sahih:2945	2945	3113	Fath al-Bari numbering	text match to 0256Bukhari.Sahih.Shamela0001681-ara1	0.93	
urn:hadith:0256Bukhari.Sahih:2946	2946	3114	Fath al-Bari numbering	text match to 0256Bukhari.Sahih.Shamela0001681-ara1	1.0	
urn:hadith:0256Bukhari.Sahih:2947	2947	3115	Fath al-Bari numbering	text match to 0256Bukhari.Sahih.Shamela0001681-ara1	1.0	
urn:hadith:0256Bukhari.Sahih:2948	2948	3116	Fath al-Bari numbering	text match to 0256Bukhari.Sahih.Shamela0001681-ara1	0.85	
urn:hadith:0256Bukhari.Sahih:2949	2949	3117	Fath al-Bari numbering	text match to 0256Bukhari.Sahih.Shamela0001681-ara1	1.0	
urn:hadith:0256Bukhari.Sahih:2950	2950	3118	Fath al-Bari numbering	text match to 0256Bukhari.Sahih.Shamela0001681-ara1	0.88	
urn:hadith:0256Bukhari.Sahih:2951	2951	3119	Fath al-Bari numbering	text match to 0256Bukhari.Sahih.Shamela0001681-ara1	1.0	
urn:hadith:0256Bukhari.Sahih:2952	2952	3120	Fath al-Bari numbering	text match to 0256Bukhari.Sahih.Shamela0001681-ara1	1.0	
urn:hadith:0256Bukhari.Sahih:2953	2953	3121	Fath al-Bari numbering	text match to 0256Bukhari.Sahih.Shamela0001681-ara1	1.0	
urn:hadith:0256Bukhari.Sahih:2954	2954	3122	Fath al-Bari numbering	text match to 0256Bukhari.Sahih.Shamela0001681-ara1	1.0	
urn:hadith:0256Bukhari.Sahih:2955	2955	3123	Fath al-Bari numbering	text match to 0256Bukhari.Sahih.Shamela0001681-ara1	1.0	
urn:hadith:0256Bukhari.Sahih:2956	2956	3124	Fath al-Bari numbering	text match to 0256Bukhari.Sahih.Shamela0001681-ara1	0.93	
urn:hadith:0256Bukhari.Sahih:2957	2957	3125	Fath al-Bari numbering	text match to 0256Bukhari.Sahih.Shamela0001681-ara1	1.0	shared number
urn:hadith:0256Bukhari.Sahih:2958	2958	3126	Fath al-Bari numbering	text match to 0256Bukhari.Sahih.Shamela0001681-ara1	0.9	
urn:hadith:0256Bukhari.Sahih:2959	2959	3127	Fath al-Bari numbering	text match to 0256Bukhari.Sahih.Shamela0001681-ara1	1.0	
urn:hadith:0256Bukhari.Sahih:2960	2960	3128	Fath al-Bari numbering	text match to 0256Bukhari.Sahih.Shamela0001681-ara1	1.0	
urn:hadith:0256Bukhari.Sahih:2961	2961	3129	Fath al-Bari numbering	text match to 0256Bukhari.Sahih.Shamela0001681-ara1	0.92	
urn:hadith:0256Bukhari.Sahih:2962	2962	3130	Fath al-Bari numbering	text match to 0256Bukhari.Sahih.Shamela0001681-ara1	0.89	
urn:hadith:0256Bukhari.Sahih:2963	2963	3131	Fath al-Bari numbering	text match to 0256Bukhari.Sahih.Shamela0001681-ara1	0.93	
urn:hadith:0256Bukhari.Sahih:2964	2964	3133	Fath al-Bari numbering	text match to 0256Bukhari.Sahih.Shamela0001681-ara1	0.93	
urn:hadith:0256Bukhari.Sahih:2965	2965	3134	Fath al-Bari numbering	text match to 0256Bukhari.Sahih.Shamela0001681-ara1	0.88	
urn:hadith:0256Bukhari.Sahih:2966	2966	3135	Fath al-Bari numbering	text match to 0256Bukhari.Sahih.Shamela0001681-ara1	0.69	
urn:hadith:0256Bukhari.Sahih:2967	2967	3136	Fath al-Bari numbering	text match to 0256Bukhari.Sahih.Shamela0001681-ara1	1.0	
urn:hadith:0256Bukhari.Sahih:2968	2968	3137	Fath al-Bari numbering	text match to 0256Bukhari.Sahih.Shamela0001681-ara1	1.0	
urn:hadith:0256Bukhari.Sahih:2969	2969	3138	Fath al-Bari numbering	text match to 0256Bukhari.Sahih.Shamela0001681-ara1	0.89	
urn:hadith:0256Bukhari.Sahih:2970	2970	3139	Fath al-Bari numbering	text match to 0256Bukhari.Sahih.Shamela0001681-ara1	1.0	
urn:hadith:0256Bukhari.Sahih:2971	2971	3140	Fath al-Bari numbering	text match to 0256Bukhari.Sahih.Shamela0001681-ara1	0.89	
urn:hadith:0256Bukhari.Sahih:2972	2972	3141	Fath al-Bari numbering	text match to 0256Bukhari.Sahih.Shamela0001681-ara1	0.86	
urn:hadith:0256Bukhari.Sahih:2973	2973	3142	Fath al-Bari numbering	text match to 0256Bukhari.Sahih.Shamela0001681-ara1	0.93	
urn:hadith:0256Bukhari.Sahih:2974	2974	2750	Fath al-Bari numbering	text match to 0256Bukhari.Sahih.Shamela0001681-ara1	1.0	shared number, out of order
urn:hadith:0256Bukhari.Sahih:2975	2975	3144	Fath al-Bari numbering	text match to 0256Bukhari.Sahih.Shamela0001681-ara1	1.0	
urn:hadith:0256Bukhari.Sahih:2976	2976	3145	Fath al-Bari numbering	text match to 0256Bukhari.Sahih.Shamela0001681-ara1	0.93	
urn:hadith:0256Bukhari.Sahih:2977	2977	3146	Fath al-Bari numbering	text match to 0256Bukhari.Sahih.Shamela0001681-ara1	1.0	
urn:hadith:0256Bukhari.Sahih:2978	2978	3147	Fath al-Bari numbering	text match to 0256Bukhari.Sahih.Shamela0001681-ara1	1.0	
urn:hadith:0256Bukhari.Sahih:2979	2979	3148	Fath al-Bari numbering	text match to 0256Bukhari.Sahih.Shamela0001681-ara1	0.87	
urn:hadith:0256Bukhari.Sahih:2980	2980	3149	Fath al-Bari numbering	text match to 0256Bukhari.Sahih.Shamela0001681-ara1	1.0	
urn:hadith:0256Bukhari.Sahih:2981	2981	3150	Fath al-Bari numbering	text match to 0256Bukhari.Sahih.Shamela0001681-ara1	1.0	
urn:hadith:0256Bukhari.Sahih:2982	2982	3151	Fath al-Bari numbering	text match to 0256Bukhari.Sahih.Shamela0001681-ara1	1.0	
urn:hadith:0256Bukhari.Sahih:2983	2983	3152	Fath al-Bari numbering	text match to 0256Bukhari.Sahih.Shamela0001681-ara1	0.93	
urn:hadith:0256Bukhari.Sahih:2984	2984	5508	Fath al-Bari numbering	text match to 0256Bukhari.Sahih.Shamela0001681-ara1	1.0	shared number, out of order
urn:hadith:0256Bukhari.Sahih:2985	2985	3154	Fath al-Bari numbering	text match to 0256Bukhari.Sahih.Shamela0001681-ara1	0.77	
urn:hadith:0256Bukhari.Sahih:2986	2986	3155	Fath al-Bari numbering	text match to 0256Bukhari.Sahih.Shamela0001681-ara1	0.88	
urn:hadith:0256Bukhari.Sahih:2987	2987	3156	Fath al-Bari numbering	text match to 0256Bukhari.Sahih.Shamela0001681-ara1	0.79	
urn:hadith:0256Bukhari.Sahih:2988	2988	3158	Fath al-Bari numbering	text match to 0256Bukhari.Sahih.Shamela0001681-ara1	1.0	
urn:hadith:0256Bukhari.Sahih:2989	2989	3159	Fath al-Bari numbering	text match to 0256Bukhari.Sahih.Shamela0001681-ara1	1.0	
urn:hadith:0256Bukhari.Sahih:2990	2990	3161	Fath al-Bari numbering	text match to 0256Bukhari.Sahih.Shamela0001681-ara1	1.0	
urn:hadith:0256Bukhari.Sahih:2991	2991	3162	Fath al-Bari numbering	text match to 0256Bukhari.Sahih.Shamela0001681-ara1	1.0	
urn:hadith:0256Bukhari.Sahih:2992	2992	3163	Fath al-Bari numbering	text match to 0256Bukhari.Sahih.Shamela0001681-ara1	1.0	
urn:hadith:0256Bukhari.Sahih:2993	2993	3164	Fath al-Bari numbering	text match to 0256Bukhari.Sahih.Shamela0001681-ara1	1.0	
urn:hadith:0256Bukhari.Sahih:2994	2994	3165	Fath al-Bari numbering	text match to 0256Bukhari.Sahih.Shamela0001681-ara1	0.93	
urn:hadith:0256Bukhari.Sahih:2995	2995	3166	Fath al-Bari numbering	text match to 0256Bukhari.Sahih.Shamela0001681-ara1	1.0	
urn:hadith:0256Bukhari.Sahih:2996	2996	3167	Fath al-Bari numbering	text match to 0256Bukhari.Sahih.Shamela0001681-ara1	0.92	
urn:hadith:0256Bukhari.Sahih:2997	2997	3168	Fath al-Bari numbering	text match to 0256Bukhari.Sahih.Shamela0001681-ara1	0.8	
urn:hadith:0256Bukhari.Sahih:2998	2998	3169	Fath al-Bari numbering	text match to 0256Bukhari.Sahih.Shamela0001681-ara1	0.89	
urn:hadith:0256Bukhari.Sahih:2999	2999	3170	Fath al-Bari numbering	text match to 0256Bukhari.Sahih.Shamela0001681-ara1	1.0	
urn:hadith:0256Bukhari.Sahih:3000	3000	3171	Fath al-Bari numbering	text match to 0256Bukhari.Sahih.Shamela0001681-ara1	1.0	
urn:hadith:0256Bukhari.Sahih:3001	3001	3172	Fath al-Bari numbering	text match to 0256Bukhari.Sahih.Shamela0001681-ara1	0.94	
urn:hadith:0256Bukhari.Sahih:3002	3002	3173	Fath al-Bari numbering	text match to 0256Bukhari.Sahih.Shamela0001681-ara1	0.87	
urn:hadith:0256Bukhari.Sahih:3003	3003	3174	Fath al-Bari numbering	text match to 0256Bukhari.Sahih.Shamela0001681-ara1	0.84	
urn:hadith:0256Bukhari.Sahih:3004	3004	3175	Fath al-Bari numbering	text match to 0256Bukhari.Sahih.Shamela0001681-ara1	1.0	
urn:hadith:0256Bukhari.Sahih:3005	3005	3176	Fath al-Bari numbering	text match to 0256Bukhari.Sahih.Shamela0001681-ara1	1.0	
urn:hadith:0256Bukhari.Sahih:3006	3006	3177	Fath al-Bari numbering	text match to 0256Bukhari.Sahih.Shamela0001681-ara1	1.0	
urn:hadith:0256Bukhari.Sahih:3007	3007	3178	Fath al-Bari numbering	text match to 0256Bukhari.Sahih.Shamela0001681-ara1	1.0	
urn:hadith:0256Bukhari.Sahih:3008	3008	3179	Fath al-Bari numbering	text match to 0256Bukhari.Sahih.Shamela0001681-ara1	1.0	
urn:hadith:0256Bukhari.Sahih:3009	3009	3180	Fath al-Bari numbering	text match to 0256Bukhari.Sahih.Shamela0001681-ara1	1.0	
urn:hadith:0256Bukhari.Sahih:3010	3010	3181	Fath al-Bari numbering	text match to 0256Bukhari.Sahih.Shamela0001681-ara1	1.0	
urn:hadith:0256Bukhari.Sahih:3011	3011	3182	Fath al-Bari numbering	text match to 0256Bukhari.Sahih.Shamela0001681-ara1	1.0	
urn:hadith:0256Bukhari.Sahih:3012	3012	3183	Fath al-Bari numbering	text match to 0256Bukhari.Sahih.Shamela0001681-ara1	0.93	
urn:hadith:0256Bukhari.Sahih:3013	3013	3184	Fath al-Bari numbering	text match to 0256Bukhari.Sahih.Shamela0001681-ara1	1.0	
urn:hadith:0256Bukhari.Sahih:3014	3014	3185	Fath al-Bari numbering	text match to 0256Bukhari.Sahih.Shamela0001681-ara1	1.0	
urn:hadith:0256Bukhari.Sahih:3015	3015	3186	Fath al-Bari numbering	text match to 0256Bukhari.Sahih.Shamela0001681-ara1	1.0	
urn:hadith:0256Bukhari.Sahih:3016	3016	3188	Fath al-Bari numbering	text match to 0256Bukhari.Sahih.Shamela0001681-ara1	0.64	
urn:hadith:0256Bukhari.Sahih:3017	3017	3189	Fath al-Bari numbering	text match to 0256Bukhari.Sahih.Shamela0001681-ara1	0.87	
urn:hadith:0256Bukhari.Sahih:3018	3018	3190	Fath al-Bari numbering	text match to 0256Bukhari.Sahih.Shamela0001681-ara1	1.0	
urn:hadith:0256Bukhari.Sahih:3019	3019	3191	Fath al-Bari numbering	text match to 0256Bukhari.Sahih.Shamela0001681-ara1	1.0	
urn:hadith:0256Bukhari.Sahih:3020	3020	3192	Fath al-Bari numbering	text match to 0256Bukhari.Sahih.Shamela0001681-ara1	1.0	
urn:hadith:0256Bukhari.Sahih:3021	3021	3193	Fath al-Bari numbering	text match to 0256Bukhari.Sahih.Shamela0001681-ara1	0.91	
urn:hadith:0256Bukhari.Sahih:3022	3022	3194	Fath al-Bari numbering	text match to 0256Bukhari.Sahih.Shamela0001681-ara1	1.0	
urn:hadith:0256Bukhari.Sahih:3023	3023	3195	Fath al-Bari numbering	text match to 0256Bukhari.Sahih.Shamela0001681-ara1	0.92	
urn:hadith:0256Bukhari.Sahih:3024	3024	3196	Fath al-Bari numbering	text match to 0256Bukhari.Sahih.Shamela0001681-ara1	1.0	
urn:hadith:0256Bukhari.Sahih:3025	3025	3197	Fath al-Bari numbering	text match to 0256Bukhari.Sahih.Shamela0001681-ara1	0.82	
urn:hadith:0256Bukhari.Sahih:3026	3026	3198	Fath al-Bari numbering	text match to 0256Bukhari.Sahih.Shamela0001681-ara1	0.93	
urn:hadith:0256Bukhari.Sahih:3027	3027	3199	Fath al-Bari numbering	text match to 0256Bukhari.Sahih.Shamela0001681-ara1	0.93	
urn:hadith:0256Bukhari.Sahih:3028	3028	3200	Fath al-Bari numbering	text match to 0256Bukhari.Sahih.Shamela0001681-ara1	1.0	
urn:hadith:0256Bukhari.Sahih:3029	3029	3201	Fath al-Bari numbering	text match to 0256Bukhari.Sahih.Shamela0001681-ara1	0.9	
urn:hadith:0256Bukhari.Sahih:3030	3030	3202	Fath al-Bari numbering	text match to 0256Bukhari.Sahih.Shamela0001681-ara1	1.0	
urn:hadith:0256Bukhari.Sahih:3031	3031	3203	Fath al-Bari numbering	text match to 0256Bukhari.Sahih.Shamela0001681-ara1	0.93	
urn:hadith:0256Bukhari.Sahih:3032	3032	3204	Fath al-Bari numbering	text match to 0256Bukhari.Sahih.Shamela0001681-ara1	1.0	
urn:hadith:0256Bukhari.Sahih:3033	3033	3205	Fath al-Bari numbering	text match to 0256Bukhari.Sahih.Shamela0001681-ara1	0.77	
urn:hadith:0256Bukhari.Sahih:3034	3034	3206	Fath al-Bari numbering	text match to 0256Bukhari.Sahih.Shamela0001681-ara1	0.89	
urn:hadith:0256Bukhari.Sahih:3035	3035	3207	Fath al-Bari numbering	text match to 0256Bukhari.Sahih.Shamela0001681-ara1	1.0	
urn:hadith:0256Bukhari.Sahih:3036	3036	3208	Fath al-Bari numbering	text match to 0256Bukhari.Sahih.Shamela0001681-ara1	1.0	
urn:hadith:0256Bukhari.Sahih:3037	3037	3209	Fath al-Bari numbering	text match to 0256Bukhari.Sahih.Shamela0001681-ara1	0.87	
urn:hadith:0256Bukhari.Sahih:3038	3038	3210	Fath al-Bari numbering	text match to 0256Bukhari.Sahih.Shamela0001681-ara1	0.86	
urn:hadith:0256Bukhari.Sahih:3039	3039	3211	Fath al-Bari numbering	text match to 0256Bukhari.Sahih.Shamela0001681-ara1	0.83	
urn:hadith:0256Bukhari.Sahih:3040	3040	3212	Fath al-Bari numbering	text match to 0256Bukhari.Sahih.Shamela0001681-ara1	1.0	
urn:hadith:0256Bukhari.Sahih:3041	3041	3213	Fath al-Bari numbering	text match to 0256Bukhari.Sahih.Shamela0001681-ara1	1.0	
urn:hadith:0256Bukhari.Sahih:3042	3042	3214	Fath al-Bari numbering	text match to 0256Bukhari.Sahih.Shamela0001681-ara1	0.97	
urn:hadith:0256Bukhari.Sahih:3043	3043	3215	Fath al-Bari numbering	text match to 0256Bukhari.Sahih.Shamela0001681-ara1	0.91	
urn:hadith:0256Bukhari.Sahih:3044	3044	3216	Fath al-Bari numbering	text match to 0256Bukhari.Sahih.Shamela0001681-ara1	1.0	
urn:hadith:0256Bukhari.Sahih:3045	3045	3217	Fath al-Bari numbering	text match to 0256Bukhari.Sahih.Shamela0001681-ara1	1.0	
urn:hadith:0256Bukhari.Sahih:3046	3046	3218	Fath al-Bari numbering	text match to 0256Bukhari.Sahih.Shamela0001681-ara1	0.89	
urn:hadith:0256Bukhari.Sahih:3047	3047	3219	Fath al-Bari numbering	text match to 0256Bukhari.Sahih.Shamela0001681-ara1	0.76	
urn:hadith:0256Bukhari.Sahih:3048	3048	3220	Fath al-Bari numbering	text match to 0256Bukhari.Sahih.Shamela0001681-ara1	0.93	
urn:hadith:0256Bukhari.Sahih:3049	3049	3221	Fath al-Bari numbering	text match to 0256Bukhari.Sahih.Shamela0001681-ara1	0.93	
urn:hadith:0256Bukhari.Sahih:3050	3050	3222	Fath al-Bari numbering	text match to 0256Bukhari.Sahih.Shamela0001681-ara1	0.9	
urn:hadith:0256Bukhari.Sahih:3051	3051	3223	Fath al-Bari numbering	text match to 0256Bukhari.Sahih.Shamela0001681-ara1	0.9	
urn:hadith:0256Bukhari.Sahih:3052	3052	3224	Fath al-Bari numbering	text match to 0256Bukhari.Sahih.Shamela0001681-ara1	0.93	
urn:hadith:0256Bukhari.Sahih:3053	3053	3225	Fath al-Bari numbering	text match to 0256Bukhari.Sahih.Shamela0001681-ara1	0.83	
urn:hadith:0256Bukhari.Sahih:3054	3054	3226	Fath al-Bari numbering	text match to 0256Bukhari.Sahih.Shamela0001681-ara1	0.95	
urn:hadith:0256Bukhari.Sahih:3055	3055	3227	Fath al-Bari numbering	text match to 0256Bukhari.Sahih.Shamela0001681-ara1	0.68	
urn:hadith:0256Bukhari.Sahih:3056	3056	3228	Fath al-Bari numbering	text match to 0256Bukhari.Sahih.Shamela0001681-ara1	1.0	
urn:hadith:0256Bukhari.Sahih:3057	3057	3229	Fath al-Bari numbering	text match to 0256Bukhari.Sahih.Shamela0001681-ara1	1.0	
urn:hadith:0256Bukhari.Sahih:3058	3058	3230	Fath al-Bari numbering	text match to 0256Bukhari.Sahih.Shamela0001681-ara1	0.89	
urn:hadith:0256Bukhari.Sahih:3059	3059	3231	Fath al-Bari numbering	text match to 0256Bukhari.Sahih.Shamela0001681-ara1	0.76	
urn:hadith:0256Bukhari.Sahih:3060	3060	3232	Fath al-Bari numbering	text match to 0256Bukhari.Sahih.Shamela0001681-ara1	0.79	
urn:hadith:0256Bukhari.Sahih:3061	3061	3233	Fath al-Bari numbering	text match to 0256Bukhari.Sahih.Shamela0001681-ara1	0.85	
urn:hadith:0256Bukhari.Sahih:3062	3062	3234	Fath al-Bari numbering	text match to 0256Bukhari.Sahih.Shamela0001681-ara1	0.87	
urn:hadith:0256Bukhari.Sahih:3063	3063	3235	Fath al-Bari numbering	text match to 0256Bukhari.Sahih.Shamela0001681-ara1	0.82	
urn:hadith:0256Bukhari.Sahih:3064	3064	3236	Fath al-Bari numbering	text match to 0256Bukhari.Sahih.Shamela0001681-ara1	1.0	
urn:hadith:0256Bukhari.Sahih:3065	3065	3237	Fath al-Bari numbering	text match to 0256Bukhari.Sahih.Shamela0001681-ara1	0.89	
urn:hadith:0256Bukhari.Sahih:3066	3066	3238	Fath al-Bari numbering	text match to 0256Bukhari.Sahih.Shamela0001681-ara1	0.91	
urn:hadith:0256Bukhari.Sahih:3067	3067	3239	Fath al-Bari numbering	text match to 0256Bukhari.Sahih.Shamela0001681-ara1	0.88	
urn:hadith:0256Bukhari.Sahih:3068	3068	3240	Fath al-Bari numbering	text match to 0256Bukhari.Sahih.Shamela0001681-ara1	1.0	
urn:hadith:0256Bukhari.Sahih:3069	3069	3241	Fath al-Bari numbering	text match to 0256Bukhari.Sahih.Shamela0001681-ara1	1.0	
urn:hadith:0256Bukhari.Sahih:3070	3070	3242	Fath al-Bari numbering	text match to 0256Bukhari.Sahih.Shamela0001681-ara1	0.92	
urn:hadith:0256Bukhari.Sahih:3071	3071	3243	Fath al-Bari numbering	text match to 0256Bukhari.Sahih.Shamela0001681-ara1	1.0	
urn:hadith:0256Bukhari.Sahih:3072	3072	3244	Fath al-Bari numbering	text match to 0256Bukhari.Sahih.Shamela0001681-ara1	0.8	
urn:hadith:0256Bukhari.Sahih:3073	3073	3245	Fath al-Bari numbering	text match to 0256Bukhari.Sahih.Shamela0001681-ara1	0.93	
urn:hadith:0256Bukhari.Sahih:3074	3074	3246	Fath al-Bari numbering	text match to 0256Bukhari.Sahih.Shamela0001681-ara1	0.99	
urn:hadith:0256Bukhari.Sahih:3075	3075	3247	Fath al-Bari numbering	text match to 0256Bukhari.Sahih.Shamela0001681-ara1	0.88	
urn:hadith:0256Bukhari.Sahih:3076	3076	3248	Fath al-Bari numbering	text match to 0256Bukhari.Sahih.Shamela0001681-ara1	1.0	
urn:hadith:0256Bukhari.Sahih:3077	3077	3249	Fath al-Bari numbering	text match to 0256Bukhari.Sahih.Shamela0001681-ara1	1.0	
urn:hadith:0256Bukhari.Sahih:3078	3078	3250	Fath al-Bari numbering	text match to 0256Bukhari.Sahih.Shamela0001681-ara1	1.0	
urn:hadith:0256Bukhari.Sahih:3079	3079	3251	Fath al-Bari numbering	text match to 0256Bukhari.Sahih.Shamela0001681-ara1	1.0	
urn:hadith:0256Bukhari.Sahih:3080	3080	3252	Fath al-Bari numbering	text match to 0256Bukhari.Sahih.Shamela0001681-ara1	0.69	
urn:hadith:0256Bukhari.Sahih:3081	3081	3254	Fath al-Bari numbering	text match to 0256Bukhari.Sahih.Shamela0001681-ara1	1.0	
urn:hadith:0256Bukhari.Sahih:3082	3082	3255	Fath al-Bari numbering	text match to 0256Bukhari.Sahih.Shamela0001681-ara1	1.0	
urn:hadith:0256Bukhari.Sahih:3083	3083	3256	Fath al-Bari numbering	text match to 0256Bukhari.Sahih.Shamela0001681-ara1	0.93	
urn:hadith:0256Bukhari.Sahih:3084	3084	3257	Fath al-Bari numbering	text match to 0256Bukhari.Sahih.Shamela0001681-ara1	1.0	
urn:hadith:0256Bukhari.Sahih:3085	3085	3258	Fath al-Bari numbering	text match to 0256Bukhari.Sahih.Shamela0001681-ara1	1.0	
urn:hadith:0256Bukhari.Sahih:3086	3086	3259	Fath al-Bari numbering	text match to 0256Bukhari.Sahih.Shamela0001681-ara1	1.0	
urn:hadith:0256Bukhari.Sahih:3087	3087	3260	Fath al-Bari numbering	text match to 0256Bukhari.Sahih.Shamela0001681-ara1	1.0	
urn:hadith:0256Bukhari.Sahih:3088	3088	3261	Fath al-Bari numbering	text match to 0256Bukhari.Sahih.Shamela0001681-ara1	0.79	
urn:hadith:0256Bukhari.Sahih:3089	3089	3262	Fath al-Bari numbering	text match to 0256Bukhari.Sahih.Shamela0001681-ara1	0.87	
urn:hadith:0256Bukhari.Sahih:3090	3090	3263	Fath al-Bari numbering	text match to 0256Bukhari.Sahih.Shamela0001681-ara1	1.0	
urn:hadith:0256Bukhari.Sahih:3091	3091	3264	Fath al-Bari numbering	text match to 0256Bukhari.Sahih.Shamela0001681-ara1	0.8	
urn:hadith:0256Bukhari.Sahih:3092	3092	3265	Fath al-Bari numbering	text match to 0256Bukhari.Sahih.Shamela0001681-ara1	1.0	
urn:hadith:0256Bukhari.Sahih:3093	3093	3266	Fath al-Bari numbering	text match to 0256Bukhari.Sahih.Shamela0001681-ara1	1.0	
urn:hadith:0256Bukhari.Sahih:3094	3094	3267	Fath al-Bari numbering	text match to 0256Bukhari.Sahih.Shamela0001681-ara1	1.0	
urn:hadith:0256Bukhari.Sahih:3095	3095	3268	Fath al-Bari numbering	text match to 0256Bukhari.Sahih.Shamela0001681-ara1	1.0	
urn:hadith:0256Bukhari.Sahih:3096	3096	3269	Fath al-Bari numbering	text match to 0256Bukhari.Sahih.Shamela0001681-ara1	1.0	
urn:hadith:0256Bukhari.Sahih:3098	3098	3271	Fath al-Bari numbering	text match to 0256Bukhari.Sahih.Shamela0001681-ara1	0.89	
urn:hadith:0256Bukhari.Sahih:3099	3099	3272	Fath al-Bari numbering	text match to 0256Bukhari.Sahih.Shamela0001681-ara1	0.55	
urn:hadith:0256Bukhari.Sahih:3100	3100	3274	Fath al-Bari numbering	text match to 0256Bukhari.Sahih.Shamela0001681-ara1	1.0	
urn:hadith:0256Bukhari.Sahih:3101	3101	3275	Fath al-Bari numbering	text match to 0256Bukhari.Sahih.Shamela0001681-ara1	0.93	
urn:hadith:0256Bukhari.Sahih:3102	3102	3276	Fath al-Bari numbering	text match to 0256Bukhari.Sahih.Shamela0001681-ara1	0.79	
urn:hadith:0256Bukhari.Sahih:3103	3103	3277	Fath al-Bari numbering	text match to 0256Bukhari.Sahih.Shamela0001681-ara1	0.8	
urn:hadith:0256Bukhari.Sahih:3104	3104	3278	Fath al-Bari numbering	text match to 0256Bukhari.Sahih.Shamela0001681-ara1	0.86	
urn:hadith:0256Bukhari.Sahih:3105	3105	3279	Fath al-Bari numbering	text match to 0256Bukhari.Sahih.Shamela0001681-ara1	1.0	
urn:hadith:0256Bukhari.Sahih:3106	3106	3280	Fath al-Bari numbering	text match to 0256Bukhari.Sahih.Shamela0001681-ara1	0.85	
urn:hadith:0256Bukhari.Sahih:3107	3107	3281	Fath al-Bari numbering	text match to 0256Bukhari.Sahih.Shamela0001681-ara1	1.0	
urn:hadith:0256Bukhari.Sahih:3108	3108	3282	Fath al-Bari numbering	text match to 0256Bukhari.Sahih.Shamela0001681-ara1	1.0	
urn:hadith:0256Bukhari.Sahih:3109	3109	3283	Fath al-Bari numbering	text match to 0256Bukhari.Sahih.Shamela0001681-ara1	0.85	
urn:hadith:0256Bukhari.Sahih:3110	3110	3284	Fath al-Bari numbering	text match to 0256Bukhari.Sahih.Shamela0001681-ara1	1.0	
urn:hadith:0256Bukhari.Sahih:3111	3111	3285	Fath al-Bari numbering	text match to 0256Bukhari.Sahih.Shamela0001681-ara1	1.0	
urn:hadith:0256Bukhari.Sahih:3112	3112	3286	Fath al-Bari numbering	text match to 0256Bukhari.Sahih.Shamela0001681-ara1	0.87	
urn:hadith:0256Bukhari.Sahih:3113	3113	3287	Fath al-Bari numbering	text match to 0256Bukhari.Sahih.Shamela0001681-ara1	1.0	
urn:hadith:0256Bukhari.Sahih:3114	3114	3288	Fath al-Bari numbering	text match to 0256Bukhari.Sahih.Shamela0001681-ara1	1.0	
urn:hadith:0256Bukhari.Sahih:3115	3115	3289	Fath al-Bari numbering	text match to 0256Bukhari.Sahih.Shamela0001681-ara1	0.87	
urn:hadith:0256Bukhari.Sahih:3116	3116	3290	Fath al-Bari numbering	text match to 0256Bukhari.Sahih.Shamela0001681-ara1	1.0	
urn:hadith:0256Bukhari.Sahih:3117	3117	3291	Fath al-Bari numbering	text match to 0256Bukhari.Sahih.Shamela0001681-ara1	0.85	
urn:hadith:0256Bukhari.Sahih:3118	3118	3292	Fath al-Bari numbering	text match to 0256Bukhari.Sahih.Shamela0001681-ara1	1.0	
urn:hadith:0256Bukhari.Sahih:3119	3119	3293	Fath al-Bari numbering	text match to 0256Bukhari.Sahih.Shamela0001681-ara1	1.0	
urn:hadith:0256Bukhari.Sahih:3120	3120	3294	Fath al-Bari numbering	text match to 0256Bukhari.Sahih.Shamela0001681-ara1	0.93	
urn:hadith:0256Bukhari.Sahih:3121	3121	3295	Fath al-Bari numbering	text match to 0256Bukhari.Sahih.Shamela0001681-ara1	0.88	
urn:hadith:0256Bukhari.Sahih:3122	3122	3296	Fath al-Bari numbering	text match to 0256Bukhari.Sahih.Shamela0001681-ara1	1.0	
urn:hadith:0256Bukhari.Sahih:3124	3124	3300	Fath al-Bari numbering	text match to 0256Bukhari.Sahih.Shamela0001681-ara1	1.0	
urn:hadith:0256Bukhari.Sahih:3125	3125	3301	Fath al-Bari numbering	text match to 0256Bukhari.Sahih.Shamela0001681-ara1	1.0	
urn:hadith:0256Bukhari.Sahih:3126	3126	3302	Fath al-Bari numbering	text match to 0256Bukhari.Sahih.Shamela0001681-ara1	1.0	
urn:hadith:0256Bukhari.Sahih:3127	3127	3303	Fath al-Bari numbering	text match to 0256Bukhari.Sahih.Shamela0001681-ara1	1.0	
urn:hadith:0256Bukhari.Sahih:3128	3128	3304	Fath al-Bari numbering	text match to 0256Bukhari.Sahih.Shamela0001681-ara1	0.93	
urn:hadith:0256Bukhari.Sahih:3129	3129	3305	Fath al-Bari numbering	text match to 0256Bukhari.Sahih.Shamela0001681-ara1	1.0	
urn:hadith:0256Bukhari.Sahih:3130	3130	3306	Fath al-Bari numbering	text match to 0256Bukhari.Sahih.Shamela0001681-ara1	0.77	
urn:hadith:0256Bukhari.Sahih:3131	3131	3307	Fath al-Bari numbering	text match to 0256Bukhari.Sahih.Shamela0001681-ara1	0.84	
urn:hadith:0256Bukhari.Sahih:3132	3132	3308	Fath al-Bari numbering	text match to 0256Bukhari.Sahih.Shamela0001681-ara1	0.85	
urn:hadith:0256Bukhari.Sahih:3133	3133	3309	Fath al-Bari numbering	text match to 0256Bukhari.Sahih.Shamela0001681-ara1	1.0	
urn:hadith:0256Bukhari.Sahih:3136	3136	3314	Fath al-Bari numbering	text match to 0256Bukhari.Sahih.Shamela0001681-ara1	1.0	
urn:hadith:0256Bukhari.Sahih:3137	3137	3315	Fath al-Bari numbering	text match to 0256Bukhari.Sahih.Shamela0001681-ara1	1.0	
urn:hadith:0256Bukhari.Sahih:3138	3138	3316	Fath al-Bari numbering	text match to 0256Bukhari.Sahih.Shamela0001681-ara1	0.88	
urn:hadith:0256Bukhari.Sahih:3139	3139	3317	Fath al-Bari numbering	text match to 0256Bukhari.Sahih.Shamela0001681-ara1	0.93	
urn:hadith:0256Bukhari.Sahih:3140	3140	3318	Fath al-Bari numbering	text match to 0256Bukhari.Sahih.Shamela0001681-ara1	0.91	
urn:hadith:0256Bukhari.Sahih:3141	3141	3319	Fath al-Bari numbering	text match to 0256Bukhari.Sahih.Shamela0001681-ara1	1.0	
urn:hadith:0256Bukhari.Sahih:3142	3142	3320	Fath al-Bari numbering	text match to 0256Bukhari.Sahih.Shamela0001681-ara1	1.0	
urn:hadith:0256Bukhari.Sahih:3143	3143	3321	Fath al-Bari numbering	text match to 0256Bukhari.Sahih.Shamela0001681-ara1	0.89	
urn:hadith:0256Bukhari.Sahih:3144	3144	3322	Fath al-Bari numbering	text match to 0256Bukhari.Sahih.Shamela0001681-ara1	0.87	
urn:hadith:0256Bukhari.Sahih:3145	3145	3323	Fath al-Bari numbering	text match to 0256Bukhari.Sahih.Shamela0001681-ara1	1.0	
urn:hadith:0256Bukhari.Sahih:3146	3146	3324	Fath al-Bari numbering	text match to 0256Bukhari.Sahih.Shamela0001681-ara1	1.0	
urn:hadith:0256Bukhari.Sahih:3147	3147	3325	Fath al-Bari numbering	text match to 0256Bukhari.Sahih.Shamela0001681-ara1	0.94	
urn:hadith:0256Bukhari.Sahih:3148	3148	3326	Fath al-Bari numbering	text match to 0256Bukhari.Sahih.Shamela0001681-ara1	0.98	
urn:hadith:0256Bukhari.Sahih:3149	3149	3327	Fath al-Bari numbering	text match to 0256Bukhari.Sahih.Shamela0001681-ara1	0.93	
urn:hadith:0256Bukhari.Sahih:3150	3150	3328	Fath al-Bari numbering	text match to 0256Bukhari.Sahih.Shamela0001681-ara1	0.91	
urn:hadith:0256Bukhari.Sahih:3151	3151	3329	Fath al-Bari numbering	text match to 0256Bukhari.Sahih.Shamela0001681-ara1	0.93	
urn:hadith:0256Bukhari.Sahih:3152	3152	3330	Fath al-Bari numbering	text match to 0256Bukhari.Sahih.Shamela0001681-ara1	1.0	
urn:hadith:0256Bukhari.Sahih:3153	3153	3331	Fath al-Bari numbering	text match to 0256Bukhari.Sahih.Shamela0001681-ara1	1.0	
urn:hadith:0256Bukhari.Sahih:3154	3154	3332	Fath al-Bari numbering	text match to 0256Bukhari.Sahih.Shamela0001681-ara1	1.0	
urn:hadith:0256Bukhari.Sahih:3155	3155	3333	Fath al-Bari numbering	text match to 0256Bukhari.Sahih.Shamela0001681-ara1	1.0	
urn:hadith:0256Bukhari.Sahih:3156	3156	3334	Fath al-Bari numbering	text match to 0256Bukhari.Sahih.Shamela0001681-ara1	1.0	
urn:hadith:0256Bukhari.Sahih:3157	3157	3335	Fath al-Bari numbering	text match to 0256Bukhari.Sahih.Shamela0001681-ara1	0.89	
urn:hadith:0256Bukhari.Sahih:3158	3158	3336	Fath al-Bari numbering	text match to 0256Bukhari.Sahih.Shamela0001681-ara1	1.0	
urn:hadith:0256Bukhari.Sahih:3159	3159	3337	Fath al-Bari numbering	text match to 0256Bukhari.Sahih.Shamela0001681-ara1	0.92	
urn:hadith:0256Bukhari.Sahih:3160	3160	3338	Fath al-Bari numbering	text match to 0256Bukhari.Sahih.Shamela0001681-ara1	0.9	
urn:hadith:0256Bukhari.Sahih:3161	3161	3339	Fath al-Bari numbering	text match to 0256Bukhari.Sahih.Shamela0001681-ara1	1.0	
urn:hadith:0256Bukhari.Sahih:3162	3162	3340	Fath al-Bari numbering	text match to 0256Bukhari.Sahih.Shamela0001681-ara1	0.99	
urn:hadith:0256Bukhari.Sahih:3163	3163	3341	Fath al-Bari numbering	text match to 0256Bukhari.Sahih.Shamela0001681-ara1	1.0	
urn:hadith:0256Bukhari.Sahih:3164	3164	3342	Fath al-Bari numbering	text match to 0256Bukhari.Sahih.Shamela0001681-ara1	0.84	
urn:hadith:0256Bukhari.Sahih:3165	3165	3343	Fath al-Bari numbering	text match to 0256Bukhari.Sahih.Shamela0001681-ara1	0.79	
urn:hadith:0256Bukhari.Sahih:3166	3166	3344	Fath al-Bari numbering	text match to 0256Bukhari.Sahih.Shamela0001681-ara1	0.89	
urn:hadith:0256Bukhari.Sahih:3167	3167	3345	Fath al-Bari numbering	text match to 0256Bukhari.Sahih.Shamela0001681-ara1	1.0	
urn:hadith:0256Bukhari.Sahih:3168	3168	3346	Fath al-Bari numbering	text match to 0256Bukhari.Sahih.Shamela0001681-ara1	0.87	
urn:hadith:0256Bukhari.Sahih:3169	3169	3347	Fath al-Bari numbering	text match to 0256Bukhari.Sahih.Shamela0001681-ara1	0.84	
urn:hadith:0256Bukhari.Sahih:3170	3170	3348	Fath al-Bari numbering	text match to 0256Bukhari.Sahih.Shamela0001681-ara1	0.92	
urn:hadith:0256Bukhari.Sahih:3171	3171	3349	Fath al-Bari numbering	text match to 0256Bukhari.Sahih.Shamela0001681-ara1	0.87	
urn:hadith:0256Bukhari.Sahih:3172	3172	3350	Fath al-Bari numbering	text match to 0256Bukhari.Sahih.Shamela0001681-ara1	0.87	
urn:hadith:0256Bukhari.Sahih:3173	3173	3351	Fath al-Bari numbering	text match to 0256Bukhari.Sahih.Shamela0001681-ara1	0.75	
urn:hadith:0256Bukhari.Sahih:3174	3174	3352	Fath al-Bari numbering	text match to 0256Bukhari.Sahih.Shamela0001681-ara1	0.89	
urn:hadith:0256Bukhari.Sahih:3175	3175	3353	Fath al-Bari numbering	text match to 0256Bukhari.Sahih.Shamela0001681-ara1	0.86	
urn:hadith:0256Bukhari.Sahih:3176	3176	3354	Fath al-Bari numbering	text match to 0256Bukhari.Sahih.Shamela0001681-ara1	1.0	
urn:hadith:0256Bukhari.Sahih:3177	3177	3355	Fath al-Bari numbering	text match to 0256Bukhari.Sahih.Shamela0001681-ara1	0.79	
urn:hadith:0256Bukhari.Sahih:3178	3178	3356	Fath al-Bari numbering	text match to 0256Bukhari.Sahih.Shamela0001681-ara1	0.78	
urn:hadith:0256Bukhari.Sahih:3179	3179	3358	Fath al-Bari numbering	text match to 0256Bukhari.Sahih.Shamela0001681-ara1	0.54	
urn:hadith:0256Bukhari.Sahih:3180	3180	3359	Fath al-Bari numbering	text match to 0256Bukhari.Sahih.Shamela0001681-ara1	0.78	
urn:hadith:0256Bukhari.Sahih:3181	3181	3360	Fath al-Bari numbering	text match to 0256Bukhari.Sahih.Shamela0001681-ara1	0.75	
urn:hadith:0256Bukhari.Sahih:3182	3182	3361	Fath al-Bari numbering	text match to 0256Bukhari.Sahih.Shamela0001681-ara1	0.93	
urn:hadith:0256Bukhari.Sahih:3183	3183	3362	Fath al-Bari numbering	text match to 0256Bukhari.Sahih.Shamela0001681-ara1	0.8	
urn:hadith:0256Bukhari.Sahih:3184	3184	3364	Fath al-Bari numbering	text match to 0256Bukhari.Sahih.Shamela0001681-ara1	0.87	
urn:hadith:0256Bukhari.Sahih:3185	3185	3365	Fath al-Bari numbering	text match to 0256Bukhari.Sahih.Shamela0001681-ara1	0.93	
urn:hadith:0256Bukhari.Sahih:3186	3186	3366	Fath al-Bari numbering	text match to 0256Bukhari.Sahih.Shamela0001681-ara1	1.0	
urn:hadith:0256Bukhari.Sahih:3187	3187	3367	Fath al-Bari numbering	text match to 0256Bukhari.Sahih.Shamela0001681-ara1	0.91	
urn:hadith:0256Bukhari.Sahih:3188	3188	3368	Fath al-Bari numbering	text match to 0256Bukhari.Sahih.Shamela0001681-ara1	0.87	
urn:hadith:0256Bukhari.Sahih:3189	3189	3369	Fath al-Bari numbering	text match to 0256Bukhari.Sahih.Shamela0001681-ara1	1.0	
urn:hadith:0256Bukhari.Sahih:3190	3190	3370	Fath al-Bari numbering	text match to 0256Bukhari.Sahih.Shamela0001681-ara1	0.93	
urn:hadith:0256Bukhari.Sahih:3191	3191	3371	Fath al-Bari numbering	text match to 0256Bukhari.Sahih.Shamela0001681-ara1	0.89	
urn:hadith:0256Bukhari.Sahih:3192	3192	3372	Fath al-Bari numbering	text match to 0256Bukhari.Sahih.Shamela0001681-ara1	0.72	
urn:hadith:0256Bukhari.Sahih:3193	3193	3373	Fath al-Bari numbering	text match to 0256Bukhari.Sahih.Shamela0001681-ara1	1.0	
urn:hadith:0256Bukhari.Sahih:3194	3194	3374	Fath al-Bari numbering	text match to 0256Bukhari.Sahih.Shamela0001681-ara1	0.78	
urn:hadith:0256Bukhari.Sahih:3195	3195	3375	Fath al-Bari numbering	text match to 0256Bukhari.Sahih.Shamela0001681-ara1	1.0	
urn:hadith:0256Bukhari.Sahih:3196	3196	3376	Fath al-Bari numbering	text match to 0256Bukhari.Sahih.Shamela0001681-ara1	1.0	
urn:hadith:0256Bukhari.Sahih:3197	3197	3377	Fath al-Bari numbering	text match to 0256Bukhari.Sahih.Shamela0001681-ara1	1.0	
urn:hadith:0256Bukhari.Sahih:3198	3198	3378	Fath al-Bari numbering	text match to 0256Bukhari.Sahih.Shamela0001681-ara1	0.93	
urn:hadith:0256Bukhari.Sahih:3199	3199	3379	Fath al-Bari numbering	text match to 0256Bukhari.Sahih.Shamela0001681-ara1	1.0	
urn:hadith:0256Bukhari.Sahih:3200	3200	3380	Fath al-Bari numbering	text match to 0256Bukhari.Sahih.Shamela0001681-ara1	0.91	
urn:hadith:0256Bukhari.Sahih:3201	3201	3381	Fath al-Bari numbering	text match to 0256Bukhari.Sahih.Shamela0001681-ara1	0.77	
urn:hadith:0256Bukhari.Sahih:3202	3202	3390	Fath al-Bari numbering	text match to 0256Bukhari.Sahih.Shamela0001681-ara1	0.66	shared number, out of order
urn:hadith:0256Bukhari.Sahih:3203	3203	3383	Fath al-Bari numbering	text match to 0256Bukhari.Sahih.Shamela0001681-ara1	0.75	
urn:hadith:0256Bukhari.Sahih:3204	3204	3384	Fath al-Bari numbering	text match to 0256Bukhari.Sahih.Shamela0001681-ara1	1.0	
urn:hadith:0256Bukhari.Sahih:3205	3205	3385	Fath al-Bari numbering	text match to 0256Bukhari.Sahih.Shamela0001681-ara1	0.85	
urn:hadith:0256Bukhari.Sahih:3206	3206	3386	Fath al-Bari numbering	text match to 0256Bukhari.Sahih.Shamela0001681-ara1	1.0	
urn:hadith:0256Bukhari.Sahih:3207	3207	3387	Fath al-Bari numbering	text match to 0256Bukhari.Sahih.Shamela0001681-ara1	0.82	
urn:hadith:0256Bukhari.Sahih:3208	3208	3388	Fath al-Bari numbering	text match to 0256Bukhari.Sahih.Shamela0001681-ara1	0.8	
urn:hadith:0256Bukhari.Sahih:3209	3209	3389	Fath al-Bari numbering	text match to 0256Bukhari.Sahih.Shamela0001681-ara1	0.93	
urn:hadith:0256Bukhari.Sahih:3210	3210	3390	Fath al-Bari numbering	text match to 0256Bukhari.Sahih.Shamela0001681-ara1	0.6	shared number
urn:hadith:0256Bukhari.Sahih:3211	3211	3391	Fath al-Bari numbering	text match to 0256Bukhari.Sahih.Shamela0001681-ara1	1.0	
urn:hadith:0256Bukhari.Sahih:3212	3212	3392	Fath al-Bari numbering	text match to 0256Bukhari.Sahih.Shamela0001681-ara1	0.93	
urn:hadith:0256Bukhari.Sahih:3213	3213	3393	Fath al-Bari numbering	text match to 0256Bukhari.Sahih.Shamela0001681-ara1	1.0	
urn:hadith:0256Bukhari.Sahih:3214	3214	3394	Fath al-Bari numbering	text match to 0256Bukhari.Sahih.Shamela0001681-ara1	0.89	
urn:hadith:0256Bukhari.Sahih:3216	3216	3397	Fath al-Bari numbering	text match to 0256Bukhari.Sahih.Shamela0001681-ara1	0.83	
urn:hadith:0256Bukhari.Sahih:3217	3217	3398	Fath al-Bari numbering	text match to 0256Bukhari.Sahih.Shamela0001681-ara1	1.0	
urn:hadith:0256Bukhari.Sahih:3218	3218	3399	Fath al-Bari numbering	text match to 0256Bukhari.Sahih.Shamela0001681-ara1	0.97	
urn:hadith:0256Bukhari.Sahih:3219	3219	3400	Fath al-Bari numbering	text match to 0256Bukhari.Sahih.Shamela0001681-ara1	0.74	
urn:hadith:0256Bukhari.Sahih:3220	3220	3401	Fath al-Bari numbering	text match to 0256Bukhari.Sahih.Shamela0001681-ara1	1.0	
urn:hadith:0256Bukhari.Sahih:3221	3221	3402	Fath al-Bari numbering	text match to 0256Bukhari.Sahih.Shamela0001681-ara1	0.81	
urn:hadith:0256Bukhari.Sahih:3222	3222	3403	Fath al-Bari numbering	text match to 0256Bukhari.Sahih.Shamela0001681-ara1	0.78	
urn:hadith:0256Bukhari.Sahih:3223	3223	3404	Fath al-Bari numbering	text match to 0256Bukhari.Sahih.Shamela0001681-ara1	1.0	
urn:hadith:0256Bukhari.Sahih:3224	3224	3405	Fath al-Bari numbering	text match to 0256Bukhari.Sahih.Shamela0001681-ara1	1.0	
urn:hadith:0256Bukhari.Sahih:3225	3225	3406	Fath al-Bari numbering	text match to 0256Bukhari.Sahih.Shamela0001681-ara1	0.91	
urn:hadith:0256Bukhari.Sahih:3226	3226	3407	Fath al-Bari numbering	text match to 0256Bukhari.Sahih.Shamela0001681-ara1	0.93	
urn:hadith:0256Bukhari.Sahih:3227	3227	3408	Fath al-Bari numbering	text match to 0256Bukhari.Sahih.Shamela0001681-ara1	1.0	
urn:hadith:0256Bukhari.Sahih:3228	3228	3409	Fath al-Bari numbering	text match to 0256Bukhari.Sahih.Shamela0001681-ara1	0.9	
urn:hadith:0256Bukhari.Sahih:3229	3229	3410	Fath al-Bari numbering	text match to 0256Bukhari.Sahih.Shamela0001681-ara1	0.88	
urn:hadith:0256Bukhari.Sahih:3230	3230	3411	Fath al-Bari numbering	text match to 0256Bukhari.Sahih.Shamela0001681-ara1	1.0	
urn:hadith:0256Bukhari.Sahih:3231	3231	3412	Fath al-Bari numbering	text match to 0256Bukhari.Sahih.Shamela0001681-ara1	1.0	
urn:hadith:0256Bukhari.Sahih:3232	3232	3413	Fath al-Bari numbering	text match to 0256Bukhari.Sahih.Shamela0001681-ara1	0.85	
urn:hadith:0256Bukhari.Sahih:3233	3233	3414	Fath al-Bari numbering	text match to 0256Bukhari.Sahih.Shamela0001681-ara1	1.0	
urn:hadith:0256Bukhari.Sahih:3234	3234	3416	Fath al-Bari numbering	text match to 0256Bukhari.Sahih.Shamela0001681-ara1	1.0	
urn:hadith:0256Bukhari.Sahih:3235	3235	3417	Fath al-Bari numbering	text match to 0256Bukhari.Sahih.Shamela0001681-ara1	1.0	
urn:hadith:0256Bukhari.Sahih:3236	3236	3418	Fath al-Bari numbering	text match to 0256Bukhari.Sahih.Shamela0001681-ara1	0.93	
urn:hadith:0256Bukhari.Sahih:3237	3237	3419	Fath al-Bari numbering	text match to 0256Bukhari.Sahih.Shamela0001681-ara1	1.0	
urn:hadith:0256Bukhari.Sahih:3238	3238	3420	Fath al-Bari numbering	text match to 0256Bukhari.Sahih.Shamela0001681-ara1	1.0	
urn:hadith:0256Bukhari.Sahih:3239	3239	3421	Fath al-Bari numbering	text match to 0256Bukhari.Sahih.Shamela0001681-ara1	0.7	
urn:hadith:0256Bukhari.Sahih:3240	3240	3422	Fath al-Bari numbering	text match to 0256Bukhari.Sahih.Shamela0001681-ara1	0.8	
urn:hadith:0256Bukhari.Sahih:3241	3241	3423	Fath al-Bari numbering	text match to 0256Bukhari.Sahih.Shamela0001681-ara1	0.83	
urn:hadith:0256Bukhari.Sahih:3242	3242	3424	Fath al-Bari numbering	text match to 0256Bukhari.Sahih.Shamela0001681-ara1	0.93	
urn:hadith:0256Bukhari.Sahih:3243	3243	3425	Fath al-Bari numbering	text match to 0256Bukhari.Sahih.Shamela0001681-ara1	1.0	
urn:hadith:0256Bukhari.Sahih:3244	3244	3426	Fath al-Bari numbering	text match to 0256Bukhari.Sahih.Shamela0001681-ara1	0.5	
urn:hadith:0256Bukhari.Sahih:3245	3245	3428	Fath al-Bari numbering	text match to 0256Bukhari.Sahih.Shamela0001681-ara1	0.9	
urn:hadith:0256Bukhari.Sahih:3246	3246	3429	Fath al-Bari numbering	text match to 0256Bukhari.Sahih.Shamela0001681-ara1	0.93	
urn:hadith:0256Bukhari.Sahih:3247	3247	3430	Fath al-Bari numbering	text match to 0256Bukhari.Sahih.Shamela0001681-ara1	1.0	
urn:hadith:0256Bukhari.Sahih:3248	3248	3431	Fath al-Bari numbering	text match to 0256Bukhari.Sahih.Shamela0001681-ara1	1.0	
urn:hadith:0256Bukhari.Sahih:3249	3249	3432	Fath al-Bari numbering	text match to 0256Bukhari.Sahih.Shamela0001681-ara1	0.92	
urn:hadith:0256Bukhari.Sahih:3250	3250	3433	Fath al-Bari numbering	text match to 0256Bukhari.Sahih.Shamela0001681-ara1	1.0	
urn:hadith:0256Bukhari.Sahih:3251	3251	3434	Fath al-Bari numbering	text match to 0256Bukhari.Sahih.Shamela0001681-ara1	0.79	
urn:hadith:0256Bukhari.Sahih:3252	3252	3435	Fath al-Bari numbering	text match to 0256Bukhari.Sahih.Shamela0001681-ara1	0.93	
urn:hadith:0256Bukhari.Sahih:3253	3253	3436	Fath al-Bari numbering	text match to 0256Bukhari.Sahih.Shamela0001681-ara1	1.0	
urn:hadith:0256Bukhari.Sahih:3254	3254	3437	Fath al-Bari numbering	text match to 0256Bukhari.Sahih.Shamela0001681-ara1	0.93	
urn:hadith:0256Bukhari.Sahih:3255	3255	3438	Fath al-Bari numbering	text match to 0256Bukhari.Sahih.Shamela0001681-ara1	0.88	
urn:hadith:0256Bukhari.Sahih:3256	3256	3439	Fath al-Bari numbering	text match to 0256Bukhari.Sahih.Shamela0001681-ara1	0.5	
urn:hadith:0256Bukhari.Sahih:3257	3257	3441	Fath al-Bari numbering	text match to 0256Bukhari.Sahih.Shamela0001681-ara1	0.93	
urn:hadith:0256Bukhari.Sahih:3258	3258	3442	Fath al-Bari numbering	text match to 0256Bukhari.Sahih.Shamela0001681-ara1	0.88	
urn:hadith:0256Bukhari.Sahih:3259	3259	3443	Fath al-Bari numbering	text match to 0256Bukhari.Sahih.Shamela0001681-ara1	0.93	
urn:hadith:0256Bukhari.Sahih:3260	3260	3444	Fath al-Bari numbering	text match to 0256Bukhari.Sahih.Shamela0001681-ara1	0.88	
urn:hadith:0256Bukhari.Sahih:3261	3261	3445	Fath al-Bari numbering	text match to 0256Bukhari.Sahih.Shamela0001681-ara1	0.76	
urn:hadith:0256Bukhari.Sahih:3262	3262	3446	Fath al-Bari numbering	text match to 0256Bukhari.Sahih.Shamela0001681-ara1	1.0	
urn:hadith:0256Bukhari.Sahih:3263	3263	3447	Fath al-Bari numbering	text match to 0256Bukhari.Sahih.Shamela0001681-ara1	0.8	
urn:hadith:0256Bukhari.Sahih:3264	3264	3448	Fath al-Bari numbering	text match to 0256Bukhari.Sahih.Shamela0001681-ara1	0.8	
urn:hadith:0256Bukhari.Sahih:3265	3265	3449	Fath al-Bari numbering	text match to 0256Bukhari.Sahih.Shamela0001681-ara1	0.66	
urn:hadith:0256Bukhari.Sahih:3266	3266	3450	Fath al-Bari numbering	text match to 0256Bukhari.Sahih.Shamela0001681-ara1	0.88	
urn:hadith:0256Bukhari.Sahih:3267	3267	3453	Fath al-Bari numbering	text match to 0256Bukhari.Sahih.Shamela0001681-ara1	0.91	
urn:hadith:0256Bukhari.Sahih:3268	3268	3455	Fath al-Bari numbering	text match to 0256Bukhari.Sahih.Shamela0001681-ara1	1.0	
urn:hadith:0256Bukhari.Sahih:3269	3269	3456	Fath al-Bari numbering	text match to 0256Bukhari.Sahih.Shamela0001681-ara1	1.0	
urn:hadith:0256Bukhari.Sahih:3270	3270	3457	Fath al-Bari numbering	text match to 0256Bukhari.Sahih.Shamela0001681-ara1	1.0	
urn:hadith:0256Bukhari.Sahih:3271	3271	3458	Fath al-Bari numbering	text match to 0256Bukhari.Sahih.Shamela0001681-ara1	1.0	shared number
urn:hadith:0256Bukhari.Sahih:3272	3272	3458	Fath al-Bari numbering	text match to 0256Bukhari.Sahih.Shamela0001681-ara1	0.5	shared number
urn:hadith:0256Bukhari.Sahih:3273	3273	3460	Fath al-Bari numbering	text match to 0256Bukhari.Sahih.Shamela0001681-ara1	0.89	
urn:hadith:0256Bukhari.Sahih:3274	3274	3461	Fath al-Bari numbering	text match to 0256Bukhari.Sahih.Shamela0001681-ara1	1.0	
urn:hadith:0256Bukhari.Sahih:3275	3275	3462	Fath al-Bari numbering	text match to 0256Bukhari.Sahih.Shamela0001681-ara1	0.88	
urn:hadith:0256Bukhari.Sahih:3276	3276	3463	Fath al-Bari numbering	text match to 0256Bukhari.Sahih.Shamela0001681-ara1	1.0	
urn:hadith:0256Bukhari.Sahih:3277	3277	3464	Fath al-Bari numbering	text match to 0256Bukhari.Sahih.Shamela0001681-ara1	1.0	
urn:hadith:0256Bukhari.Sahih:3278	3278	3465	Fath al-Bari numbering	text match to 0256Bukhari.Sahih.Shamela0001681-ara1	0.93	
urn:hadith:0256Bukhari.Sahih:3279	3279	3466	Fath al-Bari numbering	text match to 0256Bukhari.Sahih.Shamela0001681-ara1	1.0	
urn:hadith:0256Bukhari.Sahih:3280	3280	3467	Fath al-Bari numbering	text match to 0256Bukhari.Sahih.Shamela0001681-ara1	0.89	
urn:hadith:0256Bukhari.Sahih:3281	3281	3468	Fath al-Bari numbering	text match to 0256Bukhari.Sahih.Shamela0001681-ara1	0.91	
urn:hadith:0256Bukhari.Sahih:3282	3282	3469	Fath al-Bari numbering	text match to 0256Bukhari.Sahih.Shamela0001681-ara1	1.0	
urn:hadith:0256Bukhari.Sahih:3283	3283	3470	Fath al-Bari numbering	text match to 0256Bukhari.Sahih.Shamela0001681-ara1	0.93	
urn:hadith:0256Bukhari.Sahih:3284	3284	3471	Fath al-Bari numbering	text match to 0256Bukhari.Sahih.Shamela0001681-ara1	1.0	
urn:hadith:0256Bukhari.Sahih:3285	3285	3472	Fath al-Bari numbering	text match to 0256Bukhari.Sahih.Shamela0001681-ara1	1.0	
urn:hadith:0256Bukhari.Sahih:3286	3286	3473	Fath al-Bari numbering	text match to 0256Bukhari.Sahih.Shamela0001681-ara1	1.0	
urn:hadith:0256Bukhari.Sahih:3287	3287	3474	Fath al-Bari numbering	text match to 0256Bukhari.Sahih.Shamela0001681-ara1	1.0	
urn:hadith:0256Bukhari.Sahih:3288	3288	3475	Fath al-Bari numbering	text match to 0256Bukhari.Sahih.Shamela0001681-ara1	0.89	
urn:hadith:0256Bukhari.Sahih:3289	3289	3476	Fath al-Bari numbering	text match to 0256Bukhari.Sahih.Shamela0001681-ara1	0.91	
urn:hadith:0256Bukhari.Sahih:3290	3290	3477	Fath al-Bari numbering	text match to 0256Bukhari.Sahih.Shamela0001681-ara1	1.0	
urn:hadith:0256Bukhari.Sahih:3291	3291	3478	Fath al-Bari numbering	text match to 0256Bukhari.Sahih.Shamela0001681-ara1	1.0	
urn:hadith:0256Bukhari.Sahih:3292	3292	3479	Fath al-Bari numbering	text match to 0256Bukhari.Sahih.Shamela0001681-ara1	0.93	
urn:hadith:0256Bukhari.Sahih:3293	3293	3480	Fath al-Bari numbering	text match to 0256Bukhari.Sahih.Shamela0001681-ara1	0.8	
urn:hadith:0256Bukhari.Sahih:3294	3294	3481	Fath al-Bari numbering	text match to 0256Bukhari.Sahih.Shamela0001681-ara1	1.0	
urn:hadith:0256Bukhari.Sahih:3295	3295	3482	Fath al-Bari numbering	text match to 0256Bukhari.Sahih.Shamela0001681-ara1	1.0	
urn:hadith:0256Bukhari.Sahih:3296	3296	3483	Fath al-Bari numbering	text match to 0256Bukhari.Sahih.Shamela0001681-ara1	0.67	
urn:hadith:0256Bukhari.Sahih:3297	3297	3485	Fath al-Bari numbering	text match to 0256Bukhari.Sahih.Shamela0001681-ara1	0.76	
urn:hadith:0256Bukhari.Sahih:3298	3298	3486	Fath al-Bari numbering	text match to 0256Bukhari.Sahih.Shamela0001681-ara1	0.72	
urn:hadith:0256Bukhari.Sahih:3299	3299	3488	Fath al-Bari numbering	text match to 0256Bukhari.Sahih.Shamela0001681-ara1	0.92	
urn:hadith:0256Bukhari.Sahih:3300	3300	3489	Fath al-Bari numbering	text match to 0256Bukhari.Sahih.Shamela0001681-ara1	0.65	
urn:hadith:0256Bukhari.Sahih:3301	3301	3490	Fath al-Bari numbering	text match to 0256Bukhari.Sahih.Shamela0001681-ara1	1.0	
urn:hadith:0256Bukhari.Sahih:3302	3302	3491	Fath al-Bari numbering	text match to 0256Bukhari.Sahih.Shamela0001681-ara1	1.0	
urn:hadith:0256Bukhari.Sahih:3303	3303	3492	Fath al-Bari numbering	text match to 0256Bukhari.Sahih.Shamela0001681-ara1	0.9	
urn:hadith:0256Bukhari.Sahih:3304	3304	3493	Fath al-Bari numbering	text match to 0256Bukhari.Sahih.Shamela0001681-ara1	0.77	
urn:hadith:0256Bukhari.Sahih:3305	3305	3495	Fath al-Bari numbering	text match to 0256Bukhari.Sahih.Shamela0001681-ara1	1.0	
urn:hadith:0256Bukhari.Sahih:3306	3306	3497	Fath al-Bari numbering	text match to 0256Bukhari.Sahih.Shamela0001681-ara1	0.83	
urn:hadith:0256Bukhari.Sahih:3307	3307	3498	Fath al-Bari numbering	text match to 0256Bukhari.Sahih.Shamela0001681-ara1	1.0	
urn:hadith:0256Bukhari.Sahih:3308	3308	3499	Fath al-Bari numbering	text match to 0256Bukhari.Sahih.Shamela0001681-ara1	1.0	
urn:hadith:0256Bukhari.Sahih:3309	3309	3500	Fath al-Bari numbering	text match to 0256Bukhari.Sahih.Shamela0001681-ara1	0.93	
urn:hadith:0256Bukhari.Sahih:3310	3310	3501	Fath al-Bari numbering	text match to 0256Bukhari.Sahih.Shamela0001681-ara1	0.83	
urn:hadith:0256Bukhari.Sahih:3311	3311	3502	Fath al-Bari numbering	text match to 0256Bukhari.Sahih.Shamela0001681-ara1	0.83	
urn:hadith:0256Bukhari.Sahih:3312	3312	3503	Fath al-Bari numbering	text match to 0256Bukhari.Sahih.Shamela0001681-ara1	1.0	
urn:hadith:0256Bukhari.Sahih:3313	3313	3504	Fath al-Bari numbering	text match to 0256Bukhari.Sahih.Shamela0001681-ara1	1.0	
urn:hadith:0256Bukhari.Sahih:3314	3314	3505	Fath al-Bari numbering	text match to 0256Bukhari.Sahih.Shamela0001681-ara1	0.93	
urn:hadith:0256Bukhari.Sahih:3315	3315	3506	Fath al-Bari numbering	text match to 0256Bukhari.Sahih.Shamela0001681-ara1	0.91	
urn:hadith:0256Bukhari.Sahih:3316	3316	3507	Fath al-Bari numbering	text match to 0256Bukhari.Sahih.Shamela0001681-ara1	1.0	
urn:hadith:0256Bukhari.Sahih:3317	3317	3508	Fath al-Bari numbering	text match to 0256Bukhari.Sahih.Shamela0001681-ara1	0.91	
urn:hadith:0256Bukhari.Sahih:3318	3318	3509	Fath al-Bari numbering	text match to 0256Bukhari.Sahih.Shamela0001681-ara1	0.9	
urn:hadith:0256Bukhari.Sahih:3319	3319	3510	Fath al-Bari numbering	text match to 0256Bukhari.Sahih.Shamela0001681-ara1	0.93	
urn:hadith:0256Bukhari.Sahih:3320	3320	3511	Fath al-Bari numbering	text match to 0256Bukhari.Sahih.Shamela0001681-ara1	0.88	
urn:hadith:0256Bukhari.Sahih:3321	3321	3512	Fath al-Bari numbering	text match to 0256Bukhari.Sahih.Shamela0001681-ara1	0.89	
urn:hadith:0256Bukhari.Sahih:3322	3322	3513	Fath al-Bari numbering	text match to 0256Bukhari.Sahih.Shamela0001681-ara1	1.0	
urn:hadith:0256Bukhari.Sahih:3323	3323	3514	Fath al-Bari numbering	text match to 0256Bukhari.Sahih.Shamela0001681-ara1	1.0	
urn:hadith:0256Bukhari.Sahih:3324	3324	3515	Fath al-Bari numbering	text match to 0256Bukhari.Sahih.Shamela0001681-ara1	0.93	
urn:hadith:0256Bukhari.Sahih:3326	3326	3528	Fath al-Bari numbering	text match to 0256Bukhari.Sahih.Shamela0001681-ara1	1.0	shared number
urn:hadith:0256Bukhari.Sahih:3329	3329	3528	Fath al-Bari numbering	text match to 0256Bukhari.Sahih.Shamela0001681-ara1	0.63	shared number
urn:hadith:0256Bukhari.Sahih:3331	3331	1297	Fath al-Bari numbering	text match to 0256Bukhari.Sahih.Shamela0001681-ara1	0.65	shared number
urn:hadith:0256Bukhari.Sahih:3337	3337	987	Fath al-Bari numbering	text match to 0256Bukhari.Sahih.Shamela0001681-ara1	0.57	shared number, out of order
urn:hadith:0256Bukhari.Sahih:3338	3338	3531	Fath al-Bari numbering	text match to 0256Bukhari.Sahih.Shamela0001681-ara1	1.0	
urn:hadith:0256Bukhari.Sahih:3339	3339	3532	Fath al-Bari numbering	text match to 0256Bukhari.Sahih.Shamela0001681-ara1	0.9	
urn:hadith:0256Bukhari.Sahih:3340	3340	3533	Fath al-Bari numbering	text match to 0256Bukhari.Sahih.Shamela0001681-ara1	1.0	
urn:hadith:0256Bukhari.Sahih:3341	3341	3534	Fath al-Bari numbering	text match to 0256Bukhari.Sahih.Shamela0001681-ara1	0.9	
urn:hadith:0256Bukhari.Sahih:3342	3342	3535	Fath al-Bari numbering	text match to 0256Bukhari.Sahih.Shamela0001681-ara1	1.0	
urn:hadith:0256Bukhari.Sahih:3343	3343	3536	Fath al-Bari numbering	text match to 0256Bukhari.Sahih.Shamela0001681-ara1	0.61	
urn:hadith:0256Bukhari.Sahih:3344	3344	3537	Fath al-Bari numbering	text match to 0256Bukhari.Sahih.Shamela0001681-ara1	1.0	
urn:hadith:0256Bukhari.Sahih:3345	3345	3538	Fath al-Bari numbering	text match to 0256Bukhari.Sahih.Shamela0001681-ara1	1.0	
urn:hadith:0256Bukhari.Sahih:3346	3346	3539	Fath al-Bari numbering	text match to 0256Bukhari.Sahih.Shamela0001681-ara1	0.8	
urn:hadith:0256Bukhari.Sahih:3347	3347	3540	Fath al-Bari numbering	text match to 0256Bukhari.Sahih.Shamela0001681-ara1	0.76	
urn:hadith:0256Bukhari.Sahih:3348	3348	3541	Fath al-Bari numbering	text match to 0256Bukhari.Sahih.Shamela0001681-ara1	0.85	
urn:hadith:0256Bukhari.Sahih:3349	3349	3542	Fath al-Bari numbering	text match to 0256Bukhari.Sahih.Shamela0001681-ara1	0.88	
urn:hadith:0256Bukhari.Sahih:3350	3350	3543	Fath al-Bari numbering	text match to 0256Bukhari.Sahih.Shamela0001681-ara1	1.0	
urn:hadith:0256Bukhari.Sahih:3351	3351	3544	Fath al-Bari numbering	text match to 0256Bukhari.Sahih.Shamela0001681-ara1	0.92	
urn:hadith:0256Bukhari.Sahih:3352	3352	3545	Fath al-Bari numbering	text match to 0256Bukhari.Sahih.Shamela0001681-ara1	1.0	
urn:hadith:0256Bukhari.Sahih:3353	3353	3546	Fath al-Bari numbering	text match to 0256Bukhari.Sahih.Shamela0001681-ara1	1.0	
urn:hadith:0256Bukhari.Sahih:3354	3354	3547	Fath al-Bari numbering	text match to 0256Bukhari.Sahih.Shamela0001681-ara1	0.91	
urn:hadith:0256Bukhari.Sahih:3355	3355	3548	Fath al-Bari numbering	text match to 0256Bukhari.Sahih.Shamela0001681-ara1	1.0	
urn:hadith:0256Bukhari.Sahih:3356	3356	3549	Fath al-Bari numbering	text match to 0256Bukhari.Sahih.Shamela0001681-ara1	0.86	
urn:hadith:0256Bukhari.Sahih:3357	3357	3550	Fath al-Bari numbering	text match to 0256Bukhari.Sahih.Shamela0001681-ara1	1.0	
urn:hadith:0256Bukhari.Sahih:3358	3358	3551	Fath al-Bari numbering	text match to 0256Bukhari.Sahih.Shamela0001681-ara1	0.9	
urn:hadith:0256Bukhari.Sahih:3359	3359	3552	Fath al-Bari numbering	text match to 0256Bukhari.Sahih.Shamela0001681-ara1	1.0	
urn:hadith:0256Bukhari.Sahih:3360	3360	3553	Fath al-Bari numbering	text match to 0256Bukhari.Sahih.Shamela0001681-ara1	0.81	
urn:hadith:0256Bukhari.Sahih:3361	3361	3554	Fath al-Bari numbering	text match to 0256Bukhari.Sahih.Shamela0001681-ara1	0.91	
urn:hadith:0256Bukhari.Sahih:3362	3362	3555	Fath al-Bari numbering	text match to 0256Bukhari.Sahih.Shamela0001681-ara1	0.75	
urn:hadith:0256Bukhari.Sahih:3363	3363	3556	Fath al-Bari numbering	text match to 0256Bukhari.Sahih.Shamela0001681-ara1	0.92	
urn:hadith:0256Bukhari.Sahih:3364	3364	3557	Fath al-Bari numbering	text match to 0256Bukhari.Sahih.Shamela0001681-ara1	1.0	
urn:hadith:0256Bukhari.Sahih:3365	3365	3558	Fath al-Bari numbering	text match to 0256Bukhari.Sahih.Shamela0001681-ara1	0.69	
urn:hadith:0256Bukhari.Sahih:3366	3366	3559	Fath al-Bari numbering	text match to 0256Bukhari.Sahih.Shamela0001681-ara1	1.0	
urn:hadith:0256Bukhari.Sahih:3367	3367	3560	Fath al-Bari numbering	text match to 0256Bukhari.Sahih.Shamela0001681-ara1	0.91	
urn:hadith:0256Bukhari.Sahih:3368	3368	3561	Fath al-Bari numbering	text match to 0256Bukhari.Sahih.Shamela0001681-ara1	1.0	
urn:hadith:0256Bukhari.Sahih:3369	3369	3562	Fath al-Bari numbering	text match to 0256Bukhari.Sahih.Shamela0001681-ara1	0.9	
urn:hadith:0256Bukhari.Sahih:3370	3370	3563	Fath al-Bari numbering	text match to 0256Bukhari.Sahih.Shamela0001681-ara1	0.96	
urn:hadith:0256Bukhari.Sahih:3371	3371	3564	Fath al-Bari numbering	text match to 0256Bukhari.Sahih.Shamela0001681-ara1	0.76	
urn:hadith:0256Bukhari.Sahih:3372	3372	3565	Fath al-Bari numbering	text match to 0256Bukhari.Sahih.Shamela0001681-ara1	1.0	
urn:hadith:0256Bukhari.Sahih:3373	3373	3566	Fath al-Bari numbering	text match to 0256Bukhari.Sahih.Shamela0001681-ara1	0.93	
urn:hadith:0256Bukhari.Sahih:3374	3374	3567	Fath al-Bari numbering	text match to 0256Bukhari.Sahih.Shamela0001681-ara1	0.96	
urn:hadith:0256Bukhari.Sahih:3375	3375	3568	Fath al-Bari numbering	text match to 0256Bukhari.Sahih.Shamela0001681-ara1	0.91	
urn:hadith:0256Bukhari.Sahih:3376	3376	3569	Fath al-Bari numbering	text match to 0256Bukhari.Sahih.Shamela0001681-ara1	0.95	
urn:hadith:0256Bukhari.Sahih:3377	3377	3570	Fath al-Bari numbering	text match to 0256Bukhari.Sahih.Shamela0001681-ara1	0.87	
urn:hadith:0256Bukhari.Sahih:3378	3378	3571	Fath al-Bari numbering	text match to 0256Bukhari.Sahih.Shamela0001681-ara1	1.0	
urn:hadith:0256Bukhari.Sahih:3379	3379	3572	Fath al-Bari numbering	text match to 0256Bukhari.Sahih.Shamela0001681-ara1	0.8	
urn:hadith:0256Bukhari.Sahih:3380	3380	3573	Fath al-Bari numbering	text match to 0256Bukhari.Sahih.Shamela0001681-ara1	0.87	
urn:hadith:0256Bukhari.Sahih:3381	3381	3574	Fath al-Bari numbering	text match to 0256Bukhari.Sahih.Shamela0001681-ara1	0.86	
urn:hadith:0256Bukhari.Sahih:3382	3382	3575	Fath al-Bari numbering	text match to 0256Bukhari.Sahih.Shamela0001681-ara1	1.0	
urn:hadith:0256Bukhari.Sahih:3383	3383	3576	Fath al-Bari numbering	text match to 0256Bukhari.Sahih.Shamela0001681-ara1	1.0	
urn:hadith:0256Bukhari.Sahih:3384	3384	3577	Fath al-Bari numbering	text match to 0256Bukhari.Sahih.Shamela0001681-ara1	1.0	
urn:hadith:0256Bukhari.Sahih:3385	3385	3578	Fath al-Bari numbering	text match to 0256Bukhari.Sahih.Shamela0001681-ara1	1.0	
urn:hadith:0256Bukhari.Sahih:3386	3386	3579	Fath al-Bari numbering	text match to 0256Bukhari.Sahih.Shamela0001681-ara1	0.93	
urn:hadith:0256Bukhari.Sahih:3387	3387	3580	Fath al-Bari numbering	text match to 0256Bukhari.Sahih.Shamela0001681-ara1	1.0	
urn:hadith:0256Bukhari.Sahih:3388	3388	3581	Fath al-Bari numbering	text match to 0256Bukhari.Sahih.Shamela0001681-ara1	0.93	
urn:hadith:0256Bukhari.Sahih:3389	3389	3582	Fath al-Bari numbering	text match to 0256Bukhari.Sahih.Shamela0001681-ara1	1.0	
urn:hadith:0256Bukhari.Sahih:3390	3390	3583	Fath al-Bari numbering	text match to 0256Bukhari.Sahih.Shamela0001681-ara1	0.8	
urn:hadith:0256Bukhari.Sahih:3391	3391	3584	Fath al-Bari numbering	text match to 0256Bukhari.Sahih.Shamela0001681-ara1	0.93	
urn:hadith:0256Bukhari.Sahih:3392	3392	3585	Fath al-Bari numbering	text match to 0256Bukhari.Sahih.Shamela0001681-ara1	1.0	
urn:hadith:0256Bukhari.Sahih:3393	3393	3586	Fath al-Bari numbering	text match to 0256Bukhari.Sahih.Shamela0001681-ara1	0.93	
urn:hadith:0256Bukhari.Sahih:3394	3394	3587	Fath al-Bari numbering	text match to 0256Bukhari.Sahih.Shamela0001681-ara1	0.54	
urn:hadith:0256Bukhari.Sahih:3395	3395	3590	Fath al-Bari numbering	text match to 0256Bukhari.Sahih.Shamela0001681-ara1	1.0	
urn:hadith:0256Bukhari.Sahih:3396	3396	3591	Fath al-Bari numbering	text match to 0256Bukhari.Sahih.Shamela0001681-ara1	1.0	
urn:hadith:0256Bukhari.Sahih:3397	3397	3592	Fath al-Bari numbering	text match to 0256Bukhari.Sahih.Shamela0001681-ara1	1.0	
urn:hadith:0256Bukhari.Sahih:3398	3398	3593	Fath al-Bari numbering	text match to 0256Bukhari.Sahih.Shamela0001681-ara1	1.0	
urn:hadith:0256Bukhari.Sahih:3399	3399	3594	Fath al-Bari numbering	text match to 0256Bukhari.Sahih.Shamela0001681-ara1	1.0	
urn:hadith:0256Bukhari.Sahih:3400	3400	3595	Fath al-Bari numbering	text match to 0256Bukhari.Sahih.Shamela0001681-ara1	0.93	
urn:hadith:0256Bukhari.Sahih:3401	3401	3596	Fath al-Bari numbering	text match to 0256Bukhari.Sahih.Shamela0001681-ara1	0.98	
urn:hadith:0256Bukhari.Sahih:3402	3402	3597	Fath al-Bari numbering	text match to 0256Bukhari.Sahih.Shamela0001681-ara1	0.86	
urn:hadith:0256Bukhari.Sahih:3403	3403	3598	Fath al-Bari numbering	text match to 0256Bukhari.Sahih.Shamela0001681-ara1	1.0	
urn:hadith:0256Bukhari.Sahih:3404	3404	3599	Fath al-Bari numbering	text match to 0256Bukhari.Sahih.Shamela0001681-ara1	1.0	
urn:hadith:0256Bukhari.Sahih:3405	3405	3600	Fath al-Bari numbering	text match to 0256Bukhari.Sahih.Shamela0001681-ara1	1.0	
urn:hadith:0256Bukhari.Sahih:3406	3406	3601	Fath al-Bari numbering	text match to 0256Bukhari.Sahih.Shamela0001681-ara1	0.86	
urn:hadith:0256Bukhari.Sahih:3407	3407	3602	Fath al-Bari numbering	text match to 0256Bukhari.Sahih.Shamela0001681-ara1	0.95	
urn:hadith:0256Bukhari.Sahih:3408	3408	3603	Fath al-Bari numbering	text match to 0256Bukhari.Sahih.Shamela0001681-ara1	0.86	
urn:hadith:0256Bukhari.Sahih:3409	3409	3604	Fath al-Bari numbering	text match to 0256Bukhari.Sahih.Shamela0001681-ara1	1.0	
urn:hadith:0256Bukhari.Sahih:3410	3410	3605	Fath al-Bari numbering	text match to 0256Bukhari.Sahih.Shamela0001681-ara1	1.0	
urn:hadith:0256Bukhari.Sahih:3411	3411	3606	Fath al-Bari numbering	text match to 0256Bukhari.Sahih.Shamela0001681-ara1	0.93	
urn:hadith:0256Bukhari.Sahih:3412	3412	3607	Fath al-Bari numbering	text match to 0256Bukhari.Sahih.Shamela0001681-ara1	1.0	
urn:hadith:0256Bukhari.Sahih:3413	3413	3609	Fath al-Bari numbering	text match to 0256Bukhari.Sahih.Shamela0001681-ara1	0.58	
urn:hadith:0256Bukhari.Sahih:3414	3414	3610	Fath al-Bari numbering	text match to 0256Bukhari.Sahih.Shamela0001681-ara1	1.0	
urn:hadith:0256Bukhari.Sahih:3415	3415	3611	Fath al-Bari numbering	text match to 0256Bukhari.Sahih.Shamela0001681-ara1	1.0	
urn:hadith:0256Bukhari.Sahih:3416	3416	3612	Fath al-Bari numbering	text match to 0256Bukhari.Sahih.Shamela0001681-ara1	1.0	
urn:hadith:0256Bukhari.Sahih:3417	3417	3613	Fath al-Bari numbering	text match to 0256Bukhari.Sahih.Shamela0001681-ara1	0.93	
urn:hadith:0256Bukhari.Sahih:3418	3418	3614	Fath al-Bari numbering	text match to 0256Bukhari.Sahih.Shamela0001681-ara1	1.0	
urn:hadith:0256Bukhari.Sahih:3419	3419	3615	Fath al-Bari numbering	text match to 0256Bukhari.Sahih.Shamela0001681-ara1	1.0	
urn:hadith:0256Bukhari.Sahih:3420	3420	3616	Fath al-Bari numbering	text match to 0256Bukhari.Sahih.Shamela0001681-ara1	0.93	shared number
urn:hadith:0256Bukhari.Sahih:3421	3421	3617	Fath al-Bari numbering	text match to 0256Bukhari.Sahih.Shamela0001681-ara1	1.0	
urn:hadith:0256Bukhari.Sahih:3422	3422	3618	Fath al-Bari numbering	text match to 0256Bukhari.Sahih.Shamela0001681-ara1	0.8	
urn:hadith:0256Bukhari.Sahih:3423	3423	3619	Fath al-Bari numbering	text match to 0256Bukhari.Sahih.Shamela0001681-ara1	0.7	
urn:hadith:0256Bukhari.Sahih:3424	3424	3620	Fath al-Bari numbering	text match to 0256Bukhari.Sahih.Shamela0001681-ara1	0.93	shared number
urn:hadith:0256Bukhari.Sahih:3425	3425	3622	Fath al-Bari numbering	text match to 0256Bukhari.Sahih.Shamela0001681-ara1	1.0	
urn:hadith:0256Bukhari.Sahih:3426	3426	3623	Fath al-Bari numbering	text match to 0256Bukhari.Sahih.Shamela0001681-ara1	0.93	
urn:hadith:0256Bukhari.Sahih:3427	3427	3715	Fath al-Bari numbering	text match to 0256Bukhari.Sahih.Shamela0001681-ara1	0.52	shared number, out of order
urn:hadith:0256Bukhari.Sahih:3428	3428	3627	Fath al-Bari numbering	text match to 0256Bukhari.Sahih.Shamela0001681-ara1	0.72	
urn:hadith:0256Bukhari.Sahih:3429	3429	3628	Fath al-Bari numbering	text match to 0256Bukhari.Sahih.Shamela0001681-ara1	0.93	
urn:hadith:0256Bukhari.Sahih:3430	3430	3629	Fath al-Bari numbering	text match to 0256Bukhari.Sahih.Shamela0001681-ara1	1.0	
urn:hadith:0256Bukhari.Sahih:3431	3431	3630	Fath al-Bari numbering	text match to 0256Bukhari.Sahih.Shamela0001681-ara1	1.0	
urn:hadith:0256Bukhari.Sahih:3432	3432	3631	Fath al-Bari numbering	text match to 0256Bukhari.Sahih.Shamela0001681-ara1	0.91	
urn:hadith:0256Bukhari.Sahih:3433	3433	3632	Fath al-Bari numbering	text match to 0256Bukhari.Sahih.Shamela0001681-ara1	1.0	
urn:hadith:0256Bukhari.Sahih:3434	3434	3633	Fath al-Bari numbering	text match to 0256Bukhari.Sahih.Shamela0001681-ara1	0.92	
urn:hadith:0256Bukhari.Sahih:3435	3435	3634	Fath al-Bari numbering	text match to 0256Bukhari.Sahih.Shamela0001681-ara1	0.93	
urn:hadith:0256Bukhari.Sahih:3436	3436	3635	Fath al-Bari numbering	text match to 0256Bukhari.Sahih.Shamela0001681-ara1	0.93	
urn:hadith:0256Bukhari.Sahih:3437	3437	3636	Fath al-Bari numbering	text match to 0256Bukhari.Sahih.Shamela0001681-ara1	0.79	
urn:hadith:0256Bukhari.Sahih:3438	3438	3637	Fath al-Bari numbering	text match to 0256Bukhari.Sahih.Shamela0001681-ara1	1.0	
urn:hadith:0256Bukhari.Sahih:3439	3439	3638	Fath al-Bari numbering	text match to 0256Bukhari.Sahih.Shamela0001681-ara1	0.86	
urn:hadith:0256Bukhari.Sahih:3440	3440	3639	Fath al-Bari numbering	text match to 0256Bukhari.Sahih.Shamela0001681-ara1	0.9	
urn:hadith:0256Bukhari.Sahih:3441	3441	3640	Fath al-Bari numbering	text match to 0256Bukhari.Sahih.Shamela0001681-ara1	1.0	
urn:hadith:0256Bukhari.Sahih:3442	3442	3641	Fath al-Bari numbering	text match to 0256Bukhari.Sahih.Shamela0001681-ara1	0.92	
urn:hadith:0256Bukhari.Sahih:3443	3443	3642	Fath al-Bari numbering	text match to 0256Bukhari.Sahih.Shamela0001681-ara1	0.97	
urn:hadith:0256Bukhari.Sahih:3444	3444	3644	Fath al-Bari numbering	text match to 0256Bukhari.Sahih.Shamela0001681-ara1	0.81	
urn:hadith:0256Bukhari.Sahih:3445	3445	3645	Fath al-Bari numbering	text match to 0256Bukhari.Sahih.Shamela0001681-ara1	0.79	
urn:hadith:0256Bukhari.Sahih:3446	3446	3646	Fath al-Bari numbering	text match to 0256Bukhari.Sahih.Shamela0001681-ara1	0.93	
urn:hadith:0256Bukhari.Sahih:3447	3447	3647	Fath al-Bari numbering	text match to 0256Bukhari.Sahih.Shamela0001681-ara1	0.94	
urn:hadith:0256Bukhari.Sahih:3448	3448	3648	Fath al-Bari numbering	text match to 0256Bukhari.Sahih.Shamela0001681-ara1	0.57	
urn:hadith:0256Bukhari.Sahih:3449	3449	3649	Fath al-Bari numbering	text match to 0256Bukhari.Sahih.Shamela0001681-ara1	1.0	
urn:hadith:0256Bukhari.Sahih:3450	3450	3650	Fath al-Bari numbering	text match to 0256Bukhari.Sahih.Shamela0001681-ara1	0.92	
urn:hadith:0256Bukhari.Sahih:3451	3451	3651	Fath al-Bari numbering	text match to 0256Bukhari.Sahih.Shamela0001681-ara1	1.0	
urn:hadith:0256Bukhari.Sahih:3452	3452	3652	Fath al-Bari numbering	text match to 0256Bukhari.Sahih.Shamela0001681-ara1	1.0	
urn:hadith:0256Bukhari.Sahih:3453	3453	3653	Fath al-Bari numbering	text match to 0256Bukhari.Sahih.Shamela0001681-ara1	1.0	
urn:hadith:0256Bukhari.Sahih:3454	3454	3654	Fath al-Bari numbering	text match to 0256Bukhari.Sahih.Shamela0001681-ara1	1.0	
urn:hadith:0256Bukhari.Sahih:3455	3455	3655	Fath al-Bari numbering	text match to 0256Bukhari.Sahih.Shamela0001681-ara1	0.88	
urn:hadith:0256Bukhari.Sahih:3456	3456	3656	Fath al-Bari numbering	text match to 0256Bukhari.Sahih.Shamela0001681-ara1	0.84	
urn:hadith:0256Bukhari.Sahih:3457	3457	3657	Fath al-Bari numbering	text match to 0256Bukhari.Sahih.Shamela0001681-ara1	0.84	
urn:hadith:0256Bukhari.Sahih:3458	3458	3658	Fath al-Bari numbering	text match to 0256Bukhari.Sahih.Shamela0001681-ara1	0.89	
urn:hadith:0256Bukhari.Sahih:3459	3459	3659	Fath al-Bari numbering	text match to 0256Bukhari.Sahih.Shamela0001681-ara1	0.9	
urn:hadith:0256Bukhari.Sahih:3460	3460	3660	Fath al-Bari numbering	text match to 0256Bukhari.Sahih.Shamela0001681-ara1	1.0	
urn:hadith:0256Bukhari.Sahih:3461	3461	3661	Fath al-Bari numbering	text match to 0256Bukhari.Sahih.Shamela0001681-ara1	0.93	
urn:hadith:0256Bukhari.Sahih:3462	3462	3662	Fath al-Bari numbering	text match to 0256Bukhari.Sahih.Shamela0001681-ara1	0.92	
urn:hadith:0256Bukhari.Sahih:3463	3463	3663	Fath al-Bari numbering	text match to 0256Bukhari.Sahih.Shamela0001681-ara1	0.93	
urn:hadith:0256Bukhari.Sahih:3464	3464	3664	Fath al-Bari numbering	text match to 0256Bukhari.Sahih.Shamela0001681-ara1	0.79	
urn:hadith:0256Bukhari.Sahih:3465	3465	3665	Fath al-Bari numbering	text match to 0256Bukhari.Sahih.Shamela0001681-ara1	1.0	
urn:hadith:0256Bukhari.Sahih:3466	3466	3666	Fath al-Bari numbering	text match to 0256Bukhari.Sahih.Shamela0001681-ara1	1.0	
urn:hadith:0256Bukhari.Sahih:3467	3467	3667	Fath al-Bari numbering	text match to 0256Bukhari.Sahih.Shamela0001681-ara1	0.92	
urn:hadith:0256Bukhari.Sahih:3468	3468	3671	Fath al-Bari numbering	text match to 0256Bukhari.Sahih.Shamela0001681-ara1	0.9	
urn:hadith:0256Bukhari.Sahih:3469	3469	3672	Fath al-Bari numbering	text match to 0256Bukhari.Sahih.Shamela0001681-ara1	1.0	
urn:hadith:0256Bukhari.Sahih:3470	3470	3673	Fath al-Bari numbering	text match to 0256Bukhari.Sahih.Shamela0001681-ara1	0.9	
urn:hadith:0256Bukhari.Sahih:3471	3471	3674	Fath al-Bari numbering	text match to 0256Bukhari.Sahih.Shamela0001681-ara1	1.0	
urn:hadith:0256Bukhari.Sahih:3472	3472	3675	Fath al-Bari numbering	text match to 0256Bukhari.Sahih.Shamela0001681-ara1	1.0	
urn:hadith:0256Bukhari.Sahih:3473	3473	3676	Fath al-Bari numbering	text match to 0256Bukhari.Sahih.Shamela0001681-ara1	0.93	
urn:hadith:0256Bukhari.Sahih:3474	3474	3677	Fath al-Bari numbering	text match to 0256Bukhari.Sahih.Shamela0001681-ara1	0.82	
urn:hadith:0256Bukhari.Sahih:3475	3475	3678	Fath al-Bari numbering	text match to 0256Bukhari.Sahih.Shamela0001681-ara1	1.0	
urn:hadith:0256Bukhari.Sahih:3476	3476	3679	Fath al-Bari numbering	text match to 0256Bukhari.Sahih.Shamela0001681-ara1	0.92	
urn:hadith:0256Bukhari.Sahih:3477	3477	3680	Fath al-Bari numbering	text match to 0256Bukhari.Sahih.Shamela0001681-ara1	0.92	
urn:hadith:0256Bukhari.Sahih:3478	3478	3681	Fath al-Bari numbering	text match to 0256Bukhari.Sahih.Shamela0001681-ara1	0.76	
urn:hadith:0256Bukhari.Sahih:3479	3479	3682	Fath al-Bari numbering	text match to 0256Bukhari.Sahih.Shamela0001681-ara1	0.95	
urn:hadith:0256Bukhari.Sahih:3480	3480	3683	Fath al-Bari numbering	text match to 0256Bukhari.Sahih.Shamela0001681-ara1	0.87	
urn:hadith:0256Bukhari.Sahih:3481	3481	3684	Fath al-Bari numbering	text match to 0256Bukhari.Sahih.Shamela0001681-ara1	0.62	
urn:hadith:0256Bukhari.Sahih:3482	3482	3685	Fath al-Bari numbering	text match to 0256Bukhari.Sahih.Shamela0001681-ara1	0.87	
urn:hadith:0256Bukhari.Sahih:3483	3483	3686	Fath al-Bari numbering	text match to 0256Bukhari.Sahih.Shamela0001681-ara1	0.82	
urn:hadith:0256Bukhari.Sahih:3484	3484	3687	Fath al-Bari numbering	text match to 0256Bukhari.Sahih.Shamela0001681-ara1	0.69	
urn:hadith:0256Bukhari.Sahih:3485	3485	3688	Fath al-Bari numbering	text match to 0256Bukhari.Sahih.Shamela0001681-ara1	1.0	
urn:hadith:0256Bukhari.Sahih:3486	3486	3689	Fath al-Bari numbering	text match to 0256Bukhari.Sahih.Shamela0001681-ara1	0.93	
urn:hadith:0256Bukhari.Sahih:3487	3487	3690	Fath al-Bari numbering	text match to 0256Bukhari.Sahih.Shamela0001681-ara1	0.93	
urn:hadith:0256Bukhari.Sahih:3488	3488	3691	Fath al-Bari numbering	text match to 0256Bukhari.Sahih.Shamela0001681-ara1	0.92	
urn:hadith:0256Bukhari.Sahih:3489	3489	3692	Fath al-Bari numbering	text match to 0256Bukhari.Sahih.Shamela0001681-ara1	0.8	
urn:hadith:0256Bukhari.Sahih:3490	3490	3693	Fath al-Bari numbering	text match to 0256Bukhari.Sahih.Shamela0001681-ara1	1.0	
urn:hadith:0256Bukhari.Sahih:3491	3491	6632	Fath al-Bari numbering	text match to 0256Bukhari.Sahih.Shamela0001681-ara1	0.86	shared number, out of order
urn:hadith:0256Bukhari.Sahih:3492	3492	3695	Fath al-Bari numbering	text match to 0256Bukhari.Sahih.Shamela0001681-ara1	0.92	
urn:hadith:0256Bukhari.Sahih:3493	3493	3696	Fath al-Bari numbering	text match to 0256Bukhari.Sahih.Shamela0001681-ara1	0.8	
urn:hadith:0256Bukhari.Sahih:3494	3494	3697	Fath al-Bari numbering	text match to 0256Bukhari.Sahih.Shamela0001681-ara1	0.77	
urn:hadith:0256Bukhari.Sahih:3495	3495	3698	Fath al-Bari numbering	text match to 0256Bukhari.Sahih.Shamela0001681-ara1	0.74	
urn:hadith:0256Bukhari.Sahih:3496	3496	3699	Fath al-Bari numbering	text match to 0256Bukhari.Sahih.Shamela0001681-ara1	0.86	
urn:hadith:0256Bukhari.Sahih:3497	3497	3700	Fath al-Bari numbering	text match to 0256Bukhari.Sahih.Shamela0001681-ara1	1.0	
urn:hadith:0256Bukhari.Sahih:3498	3498	3701	Fath al-Bari numbering	text match to 0256Bukhari.Sahih.Shamela0001681-ara1	1.0	
urn:hadith:0256Bukhari.Sahih:3499	3499	3702	Fath al-Bari numbering	text match to 0256Bukhari.Sahih.Shamela0001681-ara1	1.0	shared number
urn:hadith:0256Bukhari.Sahih:3500	3500	3703	Fath al-Bari numbering	text match to 0256Bukhari.Sahih.Shamela0001681-ara1	0.93	
urn:hadith:0256Bukhari.Sahih:3501	3501	3704	Fath al-Bari numbering	text match to 0256Bukhari.Sahih.Shamela0001681-ara1	0.78	
urn:hadith:0256Bukhari.Sahih:3502	3502	3705	Fath al-Bari numbering	text match to 0256Bukhari.Sahih.Shamela0001681-ara1	0.87	
urn:hadith:0256Bukhari.Sahih:3503	3503	3706	Fath al-Bari numbering	text match to 0256Bukhari.Sahih.Shamela0001681-ara1	1.0	
urn:hadith:0256Bukhari.Sahih:3504	3504	3707	Fath al-Bari numbering	text match to 0256Bukhari.Sahih.Shamela0001681-ara1	0.76	
urn:hadith:0256Bukhari.Sahih:3505	3505	3708	Fath al-Bari numbering	text match to 0256Bukhari.Sahih.Shamela0001681-ara1	0.8	
urn:hadith:0256Bukhari.Sahih:3506	3506	3709	Fath al-Bari numbering	text match to 0256Bukhari.Sahih.Shamela0001681-ara1	0.57	
urn:hadith:0256Bukhari.Sahih:3507	3507	3710	Fath al-Bari numbering	text match to 0256Bukhari.Sahih.Shamela0001681-ara1	1.0	
urn:hadith:0256Bukhari.Sahih:3508	3508	3711	Fath al-Bari numbering	text match to 0256Bukhari.Sahih.Shamela0001681-ara1	0.59	
urn:hadith:0256Bukhari.Sahih:3509	3509	3713	Fath al-Bari numbering	text match to 0256Bukhari.Sahih.Shamela0001681-ara1	0.84	
urn:hadith:0256Bukhari.Sahih:3510	3510	3714	Fath al-Bari numbering	text match to 0256Bukhari.Sahih.Shamela0001681-ara1	0.64	
urn:hadith:0256Bukhari.Sahih:3511	3511	3715	Fath al-Bari numbering	text match to 0256Bukhari.Sahih.Shamela0001681-ara1	0.62	shared number
urn:hadith:0256Bukhari.Sahih:3512	3512	3717	Fath al-Bari numbering	text match to 0256Bukhari.Sahih.Shamela0001681-ara1	1.0	
urn:hadith:0256Bukhari.Sahih:3513	3513	3718	Fath al-Bari numbering	text match to 0256Bukhari.Sahih.Shamela0001681-ara1	1.0	
urn:hadith:0256Bukhari.Sahih:3514	3514	3719	Fath al-Bari numbering	text match to 0256Bukhari.Sahih.Shamela0001681-ara1	0.84	
urn:hadith:0256Bukhari.Sahih:3515	3515	3720	Fath al-Bari numbering	text match to 0256Bukhari.Sahih.Shamela0001681-ara1	0.87	
urn:hadith:0256Bukhari.Sahih:3516	3516	3721	Fath al-Bari numbering	text match to 0256Bukhari.Sahih.Shamela0001681-ara1	0.89	
urn:hadith:0256Bukhari.Sahih:3517	3517	3722	Fath al-Bari numbering	text match to 0256Bukhari.Sahih.Shamela0001681-ara1	1.0	
urn:hadith:0256Bukhari.Sahih:3518	3518	3724	Fath al-Bari numbering	text match to 0256Bukhari.Sahih.Shamela0001681-ara1	0.78	
urn:hadith:0256Bukhari.Sahih:3519	3519	3725	Fath al-Bari numbering	text match to 0256Bukhari.Sahih.Shamela0001681-ara1	1.0	
urn:hadith:0256Bukhari.Sahih:3520	3520	3726	Fath al-Bari numbering	text match to 0256Bukhari.Sahih.Shamela0001681-ara1	1.0	
urn:hadith:0256Bukhari.Sahih:3521	3521	3727	Fath al-Bari numbering	text match to 0256Bukhari.Sahih.Shamela0001681-ara1	0.89	
urn:hadith:0256Bukhari.Sahih:3522	3522	3728	Fath al-Bari numbering	text match to 0256Bukhari.Sahih.Shamela0001681-ara1	1.0	
urn:hadith:0256Bukhari.Sahih:3523	3523	3729	Fath al-Bari numbering	text match to 0256Bukhari.Sahih.Shamela0001681-ara1	1.0	
urn:hadith:0256Bukhari.Sahih:3524	3524	3730	Fath al-Bari numbering	text match to 0256Bukhari.Sahih.Shamela0001681-ara1	1.0	
urn:hadith:0256Bukhari.Sahih:3525	3525	3731	Fath al-Bari numbering	text match to 0256Bukhari.Sahih.Shamela0001681-ara1	1.0	
urn:hadith:0256Bukhari.Sahih:3526	3526	3733	Fath al-Bari numbering	text match to 0256Bukhari.Sahih.Shamela0001681-ara1	0.62	
urn:hadith:0256Bukhari.Sahih:3527	3527	3734	Fath al-Bari numbering	text match to 0256Bukhari.Sahih.Shamela0001681-ara1	0.86	
urn:hadith:0256Bukhari.Sahih:3528	3528	3735	Fath al-Bari numbering	text match to 0256Bukhari.Sahih.Shamela0001681-ara1	1.0	
urn:hadith:0256Bukhari.Sahih:3530	3530	3738	Fath al-Bari numbering	text match to 0256Bukhari.Sahih.Shamela0001681-ara1	0.87	
urn:hadith:0256Bukhari.Sahih:3531	3531	3740	Fath al-Bari numbering	text match to 0256Bukhari.Sahih.Shamela0001681-ara1	0.64	
urn:hadith:0256Bukhari.Sahih:3532	3532	3742	Fath al-Bari numbering	text match to 0256Bukhari.Sahih.Shamela0001681-ara1	0.89	
urn:hadith:0256Bukhari.Sahih:3533	3533	3743	Fath al-Bari numbering	text match to 0256Bukhari.Sahih.Shamela0001681-ara1	1.0	
urn:hadith:0256Bukhari.Sahih:3534	3534	3744	Fath al-Bari numbering	text match to 0256Bukhari.Sahih.Shamela0001681-ara1	1.0	
urn:hadith:0256Bukhari.Sahih:3535	3535	3745	Fath al-Bari numbering	text match to 0256Bukhari.Sahih.Shamela0001681-ara1	0.89	
urn:hadith:0256Bukhari.Sahih:3536	3536	3746	Fath al-Bari numbering	text match to 0256Bukhari.Sahih.Shamela0001681-ara1	0.9	
urn:hadith:0256Bukhari.Sahih:3537	3537	3747	Fath al-Bari numbering	text match to 0256Bukhari.Sahih.Shamela0001681-ara1	1.0	
urn:hadith:0256Bukhari.Sahih:3538	3538	3748	Fath al-Bari numbering	text match to 0256Bukhari.Sahih.Shamela0001681-ara1	0.88	
urn:hadith:0256Bukhari.Sahih:3539	3539	3749	Fath al-Bari numbering	text match to 0256Bukhari.Sahih.Shamela0001681-ara1	1.0	
urn:hadith:0256Bukhari.Sahih:3540	3540	3750	Fath al-Bari numbering	text match to 0256Bukhari.Sahih.Shamela0001681-ara1	0.86	
urn:hadith:0256Bukhari.Sahih:3541	3541	3751	Fath al-Bari numbering	text match to 0256Bukhari.Sahih.Shamela0001681-ara1	0.82	
urn:hadith:0256Bukhari.Sahih:3542	3542	3752	Fath al-Bari numbering	text match to 0256Bukhari.Sahih.Shamela0001681-ara1	0.79	
urn:hadith:0256Bukhari.Sahih:3543	3543	3753	Fath al-Bari numbering	text match to 0256Bukhari.Sahih.Shamela0001681-ara1	0.81	
urn:hadith:0256Bukhari.Sahih:3544	3544	3754	Fath al-Bari numbering	text match to 0256Bukhari.Sahih.Shamela0001681-ara1	1.0	
urn:hadith:0256Bukhari.Sahih:3545	3545	3755	Fath al-Bari numbering	text match to 0256Bukhari.Sahih.Shamela0001681-ara1	0.85	
urn:hadith:0256Bukhari.Sahih:3546	3546	3756	Fath al-Bari numbering	text match to 0256Bukhari.Sahih.Shamela0001681-ara1	0.88	
urn:hadith:0256Bukhari.Sahih:3547	3547	3757	Fath al-Bari numbering	text match to 0256Bukhari.Sahih.Shamela0001681-ara1	0.65	
urn:hadith:0256Bukhari.Sahih:3548	3548	3758	Fath al-Bari numbering	text match to 0256Bukhari.Sahih.Shamela0001681-ara1	1.0	
urn:hadith:0256Bukhari.Sahih:3549	3549	3759	Fath al-Bari numbering	text match to 0256Bukhari.Sahih.Shamela0001681-ara1	0.64	
urn:hadith:0256Bukhari.Sahih:3550	3550	3761	Fath al-Bari numbering	text match to 0256Bukhari.Sahih.Shamela0001681-ara1	0.64	
urn:hadith:0256Bukhari.Sahih:3551	3551	3762	Fath al-Bari numbering	text match to 0256Bukhari.Sahih.Shamela0001681-ara1	0.93	
urn:hadith:0256Bukhari.Sahih:3552	3552	3763	Fath al-Bari numbering	text match to 0256Bukhari.Sahih.Shamela0001681-ara1	1.0	
urn:hadith:0256Bukhari.Sahih:3553	3553	3764	Fath al-Bari numbering	text match to 0256Bukhari.Sahih.Shamela0001681-ara1	0.58	
urn:hadith:0256Bukhari.Sahih:3554	3554	3765	Fath al-Bari numbering	text match to 0256Bukhari.Sahih.Shamela0001681-ara1	0.73	
urn:hadith:0256Bukhari.Sahih:3555	3555	3766	Fath al-Bari numbering	text match to 0256Bukhari.Sahih.Shamela0001681-ara1	1.0	
urn:hadith:0256Bukhari.Sahih:3556	3556	3767	Fath al-Bari numbering	text match to 0256Bukhari.Sahih.Shamela0001681-ara1	0.68	
urn:hadith:0256Bukhari.Sahih:3557	3557	3768	Fath al-Bari numbering	text match to 0256Bukhari.Sahih.Shamela0001681-ara1	0.89	
urn:hadith:0256Bukhari.Sahih:3558	3558	3769	Fath al-Bari numbering	text match to 0256Bukhari.Sahih.Shamela0001681-ara1	1.0	
urn:hadith:0256Bukhari.Sahih:3559	3559	3770	Fath al-Bari numbering	text match to 0256Bukhari.Sahih.Shamela0001681-ara1	1.0	
urn:hadith:0256Bukhari.Sahih:3560	3560	3771	Fath al-Bari numbering	text match to 0256Bukhari.Sahih.Shamela0001681-ara1	0.73	
urn:hadith:0256Bukhari.Sahih:3561	3561	3772	Fath al-Bari numbering	text match to 0256Bukhari.Sahih.Shamela0001681-ara1	1.0	
urn:hadith:0256Bukhari.Sahih:3562	3562	3773	Fath al-Bari numbering	text match to 0256Bukhari.Sahih.Shamela0001681-ara1	1.0	
urn:hadith:0256Bukhari.Sahih:3563	3563	3774	Fath al-Bari numbering	text match to 0256Bukhari.Sahih.Shamela0001681-ara1	1.0	
urn:hadith:0256Bukhari.Sahih:3564	3564	3775	Fath al-Bari numbering	text match to 0256Bukhari.Sahih.Shamela0001681-ara1	0.88	
urn:hadith:0256Bukhari.Sahih:3565	3565	3776	Fath al-Bari numbering	text match to 0256Bukhari.Sahih.Shamela0001681-ara1	0.81	
urn:hadith:0256Bukhari.Sahih:3566	3566	3777	Fath al-Bari numbering	text match to 0256Bukhari.Sahih.Shamela0001681-ara1	0.9	
urn:hadith:0256Bukhari.Sahih:3567	3567	3778	Fath al-Bari numbering	text match to 0256Bukhari.Sahih.Shamela0001681-ara1	0.92	
urn:hadith:0256Bukhari.Sahih:3568	3568	3779	Fath al-Bari numbering	text match to 0256Bukhari.Sahih.Shamela0001681-ara1	1.0	
urn:hadith:0256Bukhari.Sahih:3569	3569	3780	Fath al-Bari numbering	text match to 0256Bukhari.Sahih.Shamela0001681-ara1	1.0	
urn:hadith:0256Bukhari.Sahih:3570	3570	3781	Fath al-Bari numbering	text match to 0256Bukhari.Sahih.Shamela0001681-ara1	1.0	
urn:hadith:0256Bukhari.Sahih:3571	3571	3782	Fath al-Bari numbering	text match to 0256Bukhari.Sahih.Shamela0001681-ara1	0.81	
urn:hadith:0256Bukhari.Sahih:3572	3572	3783	Fath al-Bari numbering	text match to 0256Bukhari.Sahih.Shamela0001681-ara1	1.0	
urn:hadith:0256Bukhari.Sahih:3573	3573	3784	Fath al-Bari numbering	text match to 0256Bukhari.Sahih.Shamela0001681-ara1	0.84	
urn:hadith:0256Bukhari.Sahih:3574	3574	3785	Fath al-Bari numbering	text match to 0256Bukhari.Sahih.Shamela0001681-ara1	1.0	
urn:hadith:0256Bukhari.Sahih:3575	3575	3786	Fath al-Bari numbering	text match to 0256Bukhari.Sahih.Shamela0001681-ara1	1.0	
urn:hadith:0256Bukhari.Sahih:3576	3576	3787	Fath al-Bari numbering	text match to 0256Bukhari.Sahih.Shamela0001681-ara1	0.88	
urn:hadith:0256Bukhari.Sahih:3577	3577	3788	Fath al-Bari numbering	text match to 0256Bukhari.Sahih.Shamela0001681-ara1	1.0	
urn:hadith:0256Bukhari.Sahih:3578	3578	3789	Fath al-Bari numbering	text match to 0256Bukhari.Sahih.Shamela0001681-ara1	0.93	
urn:hadith:0256Bukhari.Sahih:3579	3579	3790	Fath al-Bari numbering	text match to 0256Bukhari.Sahih.Shamela0001681-ara1	1.0	
urn:hadith:0256Bukhari.Sahih:3580	3580	3791	Fath al-Bari numbering	text match to 0256Bukhari.Sahih.Shamela0001681-ara1	0.8	
urn:hadith:0256Bukhari.Sahih:3581	3581	3792	Fath al-Bari numbering	text match to 0256Bukhari.Sahih.Shamela0001681-ara1	1.0	
urn:hadith:0256Bukhari.Sahih:3582	3582	3793	Fath al-Bari numbering	text match to 0256Bukhari.Sahih.Shamela0001681-ara1	1.0	
urn:hadith:0256Bukhari.Sahih:3583	3583	3794	Fath al-Bari numbering	text match to 0256Bukhari.Sahih.Shamela0001681-ara1	0.94	
urn:hadith:0256Bukhari.Sahih:3584	3584	3795	Fath al-Bari numbering	text match to 0256Bukhari.Sahih.Shamela0001681-ara1	1.0	
urn:hadith:0256Bukhari.Sahih:3585	3585	3796	Fath al-Bari numbering	text match to 0256Bukhari.Sahih.Shamela0001681-ara1	1.0	
urn:hadith:0256Bukhari.Sahih:3586	3586	3797	Fath al-Bari numbering	text match to 0256Bukhari.Sahih.Shamela0001681-ara1	0.88	
urn:hadith:0256Bukhari.Sahih:3587	3587	3798	Fath al-Bari numbering	text match to 0256Bukhari.Sahih.Shamela0001681-ara1	1.0	
urn:hadith:0256Bukhari.Sahih:3588	3588	3799	Fath al-Bari numbering	text match to 0256Bukhari.Sahih.Shamela0001681-ara1	1.0	
urn:hadith:0256Bukhari.Sahih:3589	3589	3800	Fath al-Bari numbering	text match to 0256Bukhari.Sahih.Shamela0001681-ara1	0.85	
urn:hadith:0256Bukhari.Sahih:3590	3590	3801	Fath al-Bari numbering	text match to 0256Bukhari.Sahih.Shamela0001681-ara1	1.0	
urn:hadith:0256Bukhari.Sahih:3591	3591	3802	Fath al-Bari numbering	text match to 0256Bukhari.Sahih.Shamela0001681-ara1	0.9	
urn:hadith:0256Bukhari.Sahih:3592	3592	3803	Fath al-Bari numbering	text match to 0256Bukhari.Sahih.Shamela0001681-ara1	1.0	
urn:hadith:0256Bukhari.Sahih:3593	3593	3804	Fath al-Bari numbering	text match to 0256Bukhari.Sahih.Shamela0001681-ara1	1.0	
urn:hadith:0256Bukhari.Sahih:3594	3594	3805	Fath al-Bari numbering	text match to 0256Bukhari.Sahih.Shamela0001681-ara1	1.0	
urn:hadith:0256Bukhari.Sahih:3595	3595	3806	Fath al-Bari numbering	text match to 0256Bukhari.Sahih.Shamela0001681-ara1	0.88	
urn:hadith:0256Bukhari.Sahih:3596	3596	3807	Fath al-Bari numbering	text match to 0256Bukhari.Sahih.Shamela0001681-ara1	0.94	
urn:hadith:0256Bukhari.Sahih:3597	3597	3808	Fath al-Bari numbering	text match to 0256Bukhari.Sahih.Shamela0001681-ara1	1.0	
urn:hadith:0256Bukhari.Sahih:3598	3598	3809	Fath al-Bari numbering	text match to 0256Bukhari.Sahih.Shamela0001681-ara1	0.9	
urn:hadith:0256Bukhari.Sahih:3599	3599	3810	Fath al-Bari numbering	text match to 0256Bukhari.Sahih.Shamela0001681-ara1	1.0	
urn:hadith:0256Bukhari.Sahih:3600	3600	3811	Fath al-Bari numbering	text match to 0256Bukhari.Sahih.Shamela0001681-ara1	0.93	
urn:hadith:0256Bukhari.Sahih:3601	3601	3812	Fath al-Bari numbering	text match to 0256Bukhari.Sahih.Shamela0001681-ara1	0.94	
urn:hadith:0256Bukhari.Sahih:3602	3602	3813	Fath al-Bari numbering	text match to 0256Bukhari.Sahih.Shamela0001681-ara1	0.93	
urn:hadith:0256Bukhari.Sahih:3603	3603	3814	Fath al-Bari numbering	text match to 0256Bukhari.Sahih.Shamela0001681-ara1	1.0	
urn:hadith:0256Bukhari.Sahih:3604	3604	3815	Fath al-Bari numbering	text match to 0256Bukhari.Sahih.Shamela0001681-ara1	0.98	
urn:hadith:0256Bukhari.Sahih:3605	3605	3816	Fath al-Bari numbering	text match to 0256Bukhari.Sahih.Shamela0001681-ara1	1.0	
urn:hadith:0256Bukhari.Sahih:3606	3606	3817	Fath al-Bari numbering	text match to 0256Bukhari.Sahih.Shamela0001681-ara1	1.0	
urn:hadith:0256Bukhari.Sahih:3607	3607	3818	Fath al-Bari numbering	text match to 0256Bukhari.Sahih.Shamela0001681-ara1	1.0	
urn:hadith:0256Bukhari.Sahih:3608	3608	3819	Fath al-Bari numbering	text match to 0256Bukhari.Sahih.Shamela0001681-ara1	1.0	
urn:hadith:0256Bukhari.Sahih:3609	3609	3820	Fath al-Bari numbering	text match to 0256Bukhari.Sahih.Shamela0001681-ara1	1.0	
urn:hadith:0256Bukhari.Sahih:3610	3610	3821	Fath al-Bari numbering	text match to 0256Bukhari.Sahih.Shamela0001681-ara1	1.0	
urn:hadith:0256Bukhari.Sahih:3611	3611	3823	Fath al-Bari numbering	text match to 0256Bukhari.Sahih.Shamela0001681-ara1	0.58	
urn:hadith:0256Bukhari.Sahih:3612	3612	3824	Fath al-Bari numbering	text match to 0256Bukhari.Sahih.Shamela0001681-ara1	1.0	
urn:hadith:0256Bukhari.Sahih:3613	3613	3825	Fath al-Bari numbering	text match to 0256Bukhari.Sahih.Shamela0001681-ara1	1.0	
urn:hadith:0256Bukhari.Sahih:3614	3614	3826	Fath al-Bari numbering	text match to 0256Bukhari.Sahih.Shamela0001681-ara1	1.0	
urn:hadith:0256Bukhari.Sahih:3615	3615	3827	Fath al-Bari numbering	text match to 0256Bukhari.Sahih.Shamela0001681-ara1	0.93	
urn:hadith:0256Bukhari.Sahih:3616	3616	3828	Fath al-Bari numbering	text match to 0256Bukhari.Sahih.Shamela0001681-ara1	0.82	
urn:hadith:0256Bukhari.Sahih:3617	3617	3829	Fath al-Bari numbering	text match to 0256Bukhari.Sahih.Shamela0001681-ara1	0.92	
urn:hadith:0256Bukhari.Sahih:3618	3618	3830	Fath al-Bari numbering	text match to 0256Bukhari.Sahih.Shamela0001681-ara1	0.95	
urn:hadith:0256Bukhari.Sahih:3619	3619	3831	Fath al-Bari numbering	text match to 0256Bukhari.Sahih.Shamela0001681-ara1	0.76	
urn:hadith:0256Bukhari.Sahih:3620	3620	3832	Fath al-Bari numbering	text match to 0256Bukhari.Sahih.Shamela0001681-ara1	0.85	
urn:hadith:0256Bukhari.Sahih:3621	3621	3833	Fath al-Bari numbering	text match to 0256Bukhari.Sahih.Shamela0001681-ara1	1.0	
urn:hadith:0256Bukhari.Sahih:3622	3622	3834	Fath al-Bari numbering	text match to 0256Bukhari.Sahih.Shamela0001681-ara1	0.93	
urn:hadith:0256Bukhari.Sahih:3623	3623	3835	Fath al-Bari numbering	text match to 0256Bukhari.Sahih.Shamela0001681-ara1	1.0	
urn:hadith:0256Bukhari.Sahih:3624	3624	3836	Fath al-Bari numbering	text match to 0256Bukhari.Sahih.Shamela0001681-ara1	0.86	
urn:hadith:0256Bukhari.Sahih:3625	3625	3837	Fath al-Bari numbering	text match to 0256Bukhari.Sahih.Shamela0001681-ara1	0.88	
urn:hadith:0256Bukhari.Sahih:3626	3626	3838	Fath al-Bari numbering	text match to 0256Bukhari.Sahih.Shamela0001681-ara1	1.0	
urn:hadith:0256Bukhari.Sahih:3628	3628	3841	Fath al-Bari numbering	text match to 0256Bukhari.Sahih.Shamela0001681-ara1	0.9	
urn:hadith:0256Bukhari.Sahih:3629	3629	3842	Fath al-Bari numbering	text match to 0256Bukhari.Sahih.Shamela0001681-ara1	0.93	
urn:hadith:0256Bukhari.Sahih:3630	3630	3843	Fath al-Bari numbering	text match to 0256Bukhari.Sahih.Shamela0001681-ara1	0.88	
urn:hadith:0256Bukhari.Sahih:3631	3631	3844	Fath al-Bari numbering	text match to 0256Bukhari.Sahih.Shamela0001681-ara1	1.0	
urn:hadith:0256Bukhari.Sahih:3632	3632	3845	Fath al-Bari numbering	text match to 0256Bukhari.Sahih.Shamela0001681-ara1	0.93	
urn:hadith:0256Bukhari.Sahih:3633	3633	3846	Fath al-Bari numbering	text match to 0256Bukhari.Sahih.Shamela0001681-ara1	0.9	
urn:hadith:0256Bukhari.Sahih:3634	3634	3847	Fath al-Bari numbering	text match to 0256Bukhari.Sahih.Shamela0001681-ara1	0.7	
urn:hadith:0256Bukhari.Sahih:3635	3635	3848	Fath al-Bari numbering	text match to 0256Bukhari.Sahih.Shamela0001681-ara1	0.78	
urn:hadith:0256Bukhari.Sahih:3636	3636	3849	Fath al-Bari numbering	text match to 0256Bukhari.Sahih.Shamela0001681-ara1	1.0	
urn:hadith:0256Bukhari.Sahih:3637	3637	3850	Fath al-Bari numbering	text match to 0256Bukhari.Sahih.Shamela0001681-ara1	0.83	
urn:hadith:0256Bukhari.Sahih:3638	3638	3851	Fath al-Bari numbering	text match to 0256Bukhari.Sahih.Shamela0001681-ara1	0.72	
urn:hadith:0256Bukhari.Sahih:3639	3639	3852	Fath al-Bari numbering	text match to 0256Bukhari.Sahih.Shamela0001681-ara1	1.0	
urn:hadith:0256Bukhari.Sahih:3640	3640	3853	Fath al-Bari numbering	text match to 0256Bukhari.Sahih.Shamela0001681-ara1	1.0	
urn:hadith:0256Bukhari.Sahih:3641	3641	3854	Fath al-Bari numbering	text match to 0256Bukhari.Sahih.Shamela0001681-ara1	0.99	
urn:hadith:0256Bukhari.Sahih:3642	3642	3855	Fath al-Bari numbering	text match to 0256Bukhari.Sahih.Shamela0001681-ara1	0.78	
urn:hadith:0256Bukhari.Sahih:3643	3643	3856	Fath al-Bari numbering	text match to 0256Bukhari.Sahih.Shamela0001681-ara1	0.93	
urn:hadith:0256Bukhari.Sahih:3644	3644	3857	Fath al-Bari numbering	text match to 0256Bukhari.Sahih.Shamela0001681-ara1	1.0	
urn:hadith:0256Bukhari.Sahih:3645	3645	3858	Fath al-Bari numbering	text match to 0256Bukhari.Sahih.Shamela0001681-ara1	1.0	
urn:hadith:0256Bukhari.Sahih:3646	3646	3859	Fath al-Bari numbering	text match to 0256Bukhari.Sahih.Shamela0001681-ara1	1.0	
urn:hadith:0256Bukhari.Sahih:3647	3647	3860	Fath al-Bari numbering	text match to 0256Bukhari.Sahih.Shamela0001681-ara1	0.93	
urn:hadith:0256Bukhari.Sahih:3648	3648	3861	Fath al-Bari numbering	text match to 0256Bukhari.Sahih.Shamela0001681-ara1	0.93	
urn:hadith:0256Bukhari.Sahih:3649	3649	3862	Fath al-Bari numbering	text match to 0256Bukhari.Sahih.Shamela0001681-ara1	1.0	
urn:hadith:0256Bukhari.Sahih:3650	3650	3863	Fath al-Bari numbering	text match to 0256Bukhari.Sahih.Shamela0001681-ara1	1.0	
urn:hadith:0256Bukhari.Sahih:3651	3651	3864	Fath al-Bari numbering	text match to 0256Bukhari.Sahih.Shamela0001681-ara1	0.86	
urn:hadith:0256Bukhari.Sahih:3652	3652	3865	Fath al-Bari numbering	text match to 0256Bukhari.Sahih.Shamela0001681-ara1	1.0	
urn:hadith:0256Bukhari.Sahih:3653	3653	3866	Fath al-Bari numbering	text match to 0256Bukhari.Sahih.Shamela0001681-ara1	0.93	
urn:hadith:0256Bukhari.Sahih:3654	3654	3867	Fath al-Bari numbering	text match to 0256Bukhari.Sahih.Shamela0001681-ara1	1.0	
urn:hadith:0256Bukhari.Sahih:3655	3655	3868	Fath al-Bari numbering	text match to 0256Bukhari.Sahih.Shamela0001681-ara1	1.0	
urn:hadith:0256Bukhari.Sahih:3656	3656	3869	Fath al-Bari numbering	text match to 0256Bukhari.Sahih.Shamela0001681-ara1	0.91	
urn:hadith:0256Bukhari.Sahih:3657	3657	3870	Fath al-Bari numbering	text match to 0256Bukhari.Sahih.Shamela0001681-ara1	1.0	
urn:hadith:0256Bukhari.Sahih:3658	3658	3871	Fath al-Bari numbering	text match to 0256Bukhari.Sahih.Shamela0001681-ara1	0.78	
urn:hadith:0256Bukhari.Sahih:3659	3659	3872	Fath al-Bari numbering	text match to 0256Bukhari.Sahih.Shamela0001681-ara1	1.0	
urn:hadith:0256Bukhari.Sahih:3660	3660	3873	Fath al-Bari numbering	text match to 0256Bukhari.Sahih.Shamela0001681-ara1	1.0	
urn:hadith:0256Bukhari.Sahih:3661	3661	3874	Fath al-Bari numbering	text match to 0256Bukhari.Sahih.Shamela0001681-ara1	1.0	
urn:hadith:0256Bukhari.Sahih:3662	3662	3875	Fath al-Bari numbering	text match to 0256Bukhari.Sahih.Shamela0001681-ara1	1.0	
urn:hadith:0256Bukhari.Sahih:3663	3663	3876	Fath al-Bari numbering	text match to 0256Bukhari.Sahih.Shamela0001681-ara1	1.0	
urn:hadith:0256Bukhari.Sahih:3664	3664	3877	Fath al-Bari numbering	text match to 0256Bukhari.Sahih.Shamela0001681-ara1	0.73	
urn:hadith:0256Bukhari.Sahih:3665	3665	3878	Fath al-Bari numbering	text match to 0256Bukhari.Sahih.Shamela0001681-ara1	0.9	
urn:hadith:0256Bukhari.Sahih:3666	3666	3879	Fath al-Bari numbering	text match to 0256Bukhari.Sahih.Shamela0001681-ara1	1.0	
urn:hadith:0256Bukhari.Sahih:3667	3667	3880	Fath al-Bari numbering	text match to 0256Bukhari.Sahih.Shamela0001681-ara1	0.79	
urn:hadith:0256Bukhari.Sahih:3668	3668	3881	Fath al-Bari numbering	text match to 0256Bukhari.Sahih.Shamela0001681-ara1	0.61	
urn:hadith:0256Bukhari.Sahih:3669	3669	3882	Fath al-Bari numbering	text match to 0256Bukhari.Sahih.Shamela0001681-ara1	0.89	
urn:hadith:0256Bukhari.Sahih:3670	3670	3883	Fath al-Bari numbering	text match to 0256Bukhari.Sahih.Shamela0001681-ara1	1.0	
urn:hadith:0256Bukhari.Sahih:3671	3671	3884	Fath al-Bari numbering	text match to 0256Bukhari.Sahih.Shamela0001681-ara1	0.93	
urn:hadith:0256Bukhari.Sahih:3672	3672	3885	Fath al-Bari numbering	text match to 0256Bukhari.Sahih.Shamela0001681-ara1	0.84	
urn:hadith:0256Bukhari.Sahih:3673	3673	3886	Fath al-Bari numbering	text match to 0256Bukhari.Sahih.Shamela0001681-ara1	0.79	
urn:hadith:0256Bukhari.Sahih:3674	3674	3887	Fath al-Bari numbering	text match to 0256Bukhari.Sahih.Shamela0001681-ara1	1.0	
urn:hadith:0256Bukhari.Sahih:3675	3675	3888	Fath al-Bari numbering	text match to 0256Bukhari.Sahih.Shamela0001681-ara1	0.72	
urn:hadith:0256Bukhari.Sahih:3676	3676	3889	Fath al-Bari numbering	text match to 0256Bukhari.Sahih.Shamela0001681-ara1	0.78	
urn:hadith:0256Bukhari.Sahih:3677	3677	3890	Fath al-Bari numbering	text match to 0256Bukhari.Sahih.Shamela0001681-ara1	0.84	
urn:hadith:0256Bukhari.Sahih:3679	3679	3892	Fath al-Bari numbering	text match to 0256Bukhari.Sahih.Shamela0001681-ara1	0.91	
urn:hadith:0256Bukhari.Sahih:3680	3680	3893	Fath al-Bari numbering	text match to 0256Bukhari.Sahih.Shamela0001681-ara1	0.91	
urn:hadith:0256Bukhari.Sahih:3681	3681	3894	Fath al-Bari numbering	text match to 0256Bukhari.Sahih.Shamela0001681-ara1	0.93	
urn:hadith:0256Bukhari.Sahih:3682	3682	3895	Fath al-Bari numbering	text match to 0256Bukhari.Sahih.Shamela0001681-ara1	0.89	
urn:hadith:0256Bukhari.Sahih:3683	3683	3896	Fath al-Bari numbering	text match to 0256Bukhari.Sahih.Shamela0001681-ara1	1.0	
urn:hadith:0256Bukhari.Sahih:3684	3684	3897	Fath al-Bari numbering	text match to 0256Bukhari.Sahih.Shamela0001681-ara1	1.0	
urn:hadith:0256Bukhari.Sahih:3685	3685	3898	Fath al-Bari numbering	text match to 0256Bukhari.Sahih.Shamela0001681-ara1	0.91	
urn:hadith:0256Bukhari.Sahih:3686	3686	3899	Fath al-Bari numbering	text match to 0256Bukhari.Sahih.Shamela0001681-ara1	1.0	
urn:hadith:0256Bukhari.Sahih:3687	3687	3900	Fath al-Bari numbering	text match to 0256Bukhari.Sahih.Shamela0001681-ara1	0.91	
urn:hadith:0256Bukhari.Sahih:3688	3688	3901	Fath al-Bari numbering	text match to 0256Bukhari.Sahih.Shamela0001681-ara1	0.92	
urn:hadith:0256Bukhari.Sahih:3689	3689	3902	Fath al-Bari numbering	text match to 0256Bukhari.Sahih.Shamela0001681-ara1	0.81	
urn:hadith:0256Bukhari.Sahih:3690	3690	3903	Fath al-Bari numbering	text match to 0256Bukhari.Sahih.Shamela0001681-ara1	0.74	
urn:hadith:0256Bukhari.Sahih:3691	3691	3904	Fath al-Bari numbering	text match to 0256Bukhari.Sahih.Shamela0001681-ara1	0.93	
urn:hadith:0256Bukhari.Sahih:3692	3692	3905	Fath al-Bari numbering	text match to 0256Bukhari.Sahih.Shamela0001681-ara1	0.87	shared number
urn:hadith:0256Bukhari.Sahih:3693	3693	3906	Fath al-Bari numbering	text match to 0256Bukhari.Sahih.Shamela0001681-ara1	0.84	
urn:hadith:0256Bukhari.Sahih:3695	3695	3907	Fath al-Bari numbering	text match to 0256Bukhari.Sahih.Shamela0001681-ara1	0.89	
urn:hadith:0256Bukhari.Sahih:3696	3696	3908	Fath al-Bari numbering	text match to 0256Bukhari.Sahih.Shamela0001681-ara1	1.0	
urn:hadith:0256Bukhari.Sahih:3697	3697	3909	Fath al-Bari numbering	text match to 0256Bukhari.Sahih.Shamela0001681-ara1	0.95	
urn:hadith:0256Bukhari.Sahih:3698	3698	3910	Fath al-Bari numbering	text match to 0256Bukhari.Sahih.Shamela0001681-ara1	1.0	
urn:hadith:0256Bukhari.Sahih:3699	3699	3911	Fath al-Bari numbering	text match to 0256Bukhari.Sahih.Shamela0001681-ara1	0.99	
urn:hadith:0256Bukhari.Sahih:3700	3700	3912	Fath al-Bari numbering	text match to 0256Bukhari.Sahih.Shamela0001681-ara1	0.7	
urn:hadith:0256Bukhari.Sahih:3701	3701	3914	Fath al-Bari numbering	text match to 0256Bukhari.Sahih.Shamela0001681-ara1	0.79	
urn:hadith:0256Bukhari.Sahih:3702	3702	3915	Fath al-Bari numbering	text match to 0256Bukhari.Sahih.Shamela0001681-ara1	1.0	
urn:hadith:0256Bukhari.Sahih:3703	3703	3916	Fath al-Bari numbering	text match to 0256Bukhari.Sahih.Shamela0001681-ara1	0.93	
urn:hadith:0256Bukhari.Sahih:3704	3704	3917	Fath al-Bari numbering	text match to 0256Bukhari.Sahih.Shamela0001681-ara1	1.0	
urn:hadith:0256Bukhari.Sahih:3705	3705	3919	Fath al-Bari numbering	text match to 0256Bukhari.Sahih.Shamela0001681-ara1	0.57	
urn:hadith:0256Bukhari.Sahih:3706	3706	3921	Fath al-Bari numbering	text match to 0256Bukhari.Sahih.Shamela0001681-ara1	0.67	
urn:hadith:0256Bukhari.Sahih:3707	3707	3922	Fath al-Bari numbering	text match to 0256Bukhari.Sahih.Shamela0001681-ara1	1.0	
urn:hadith:0256Bukhari.Sahih:3708	3708	3923	Fath al-Bari numbering	text match to 0256Bukhari.Sahih.Shamela0001681-ara1	1.0	
urn:hadith:0256Bukhari.Sahih:3709	3709	3924	Fath al-Bari numbering	text match to 0256Bukhari.Sahih.Shamela0001681-ara1	0.83	
urn:hadith:0256Bukhari.Sahih:3710	3710	3925	Fath al-Bari numbering	text match to 0256Bukhari.Sahih.Shamela0001681-ara1	0.93	
urn:hadith:0256Bukhari.Sahih:3711	3711	3926	Fath al-Bari numbering	text match to 0256Bukhari.Sahih.Shamela0001681-ara1	0.93	
urn:hadith:0256Bukhari.Sahih:3712	3712	3927	Fath al-Bari numbering	text match to 0256Bukhari.Sahih.Shamela0001681-ara1	0.96	
urn:hadith:0256Bukhari.Sahih:3713	3713	3928	Fath al-Bari numbering	text match to 0256Bukhari.Sahih.Shamela0001681-ara1	0.87	
urn:hadith:0256Bukhari.Sahih:3714	3714	3929	Fath al-Bari numbering	text match to 0256Bukhari.Sahih.Shamela0001681-ara1	0.93	
urn:hadith:0256Bukhari.Sahih:3715	3715	3930	Fath al-Bari numbering	text match to 0256Bukhari.Sahih.Shamela0001681-ara1	0.89	
urn:hadith:0256Bukhari.Sahih:3716	3716	3931	Fath al-Bari numbering	text match to 0256Bukhari.Sahih.Shamela0001681-ara1	1.0	
urn:hadith:0256Bukhari.Sahih:3717	3717	3932	Fath al-Bari numbering	text match to 0256Bukhari.Sahih.Shamela0001681-ara1	0.93	
urn:hadith:0256Bukhari.Sahih:3718	3718	3933	Fath al-Bari numbering	text match to 0256Bukhari.Sahih.Shamela0001681-ara1	0.88	
urn:hadith:0256Bukhari.Sahih:3719	3719	3934	Fath al-Bari numbering	text match to 0256Bukhari.Sahih.Shamela0001681-ara1	1.0	
urn:hadith:0256Bukhari.Sahih:3720	3720	3935	Fath al-Bari numbering	text match to 0256Bukhari.Sahih.Shamela0001681-ara1	0.86	
urn:hadith:0256Bukhari.Sahih:3721	3721	3936	Fath al-Bari numbering	text match to 0256Bukhari.Sahih.Shamela0001681-ara1	0.86	
urn:hadith:0256Bukhari.Sahih:3722	3722	3937	Fath al-Bari numbering	text match to 0256Bukhari.Sahih.Shamela0001681-ara1	1.0	
urn:hadith:0256Bukhari.Sahih:3723	3723	3938	Fath al-Bari numbering	text match to 0256Bukhari.Sahih.Shamela0001681-ara1	0.93	
urn:hadith:0256Bukhari.Sahih:3724	3724	3939	Fath al-Bari numbering	text match to 0256Bukhari.Sahih.Shamela0001681-ara1	0.86	
urn:hadith:0256Bukhari.Sahih:3725	3725	3941	Fath al-Bari numbering	text match to 0256Bukhari.Sahih.Shamela0001681-ara1	1.0	
urn:hadith:0256Bukhari.Sahih:3726	3726	3942	Fath al-Bari numbering	text match to 0256Bukhari.Sahih.Shamela0001681-ara1	0.9	
urn:hadith:0256Bukhari.Sahih:3727	3727	3943	Fath al-Bari numbering	text match to 0256Bukhari.Sahih.Shamela0001681-ara1	0.92	
urn:hadith:0256Bukhari.Sahih:3728	3728	3944	Fath al-Bari numbering	text match to 0256Bukhari.Sahih.Shamela0001681-ara1	0.84	
urn:hadith:0256Bukhari.Sahih:3729	3729	3945	Fath al-Bari numbering	text match to 0256Bukhari.Sahih.Shamela0001681-ara1	0.7	
urn:hadith:0256Bukhari.Sahih:3730	3730	3946	Fath al-Bari numbering	text match to 0256Bukhari.Sahih.Shamela0001681-ara1	1.0	
urn:hadith:0256Bukhari.Sahih:3731	3731	3947	Fath al-Bari numbering	text match to 0256Bukhari.Sahih.Shamela0001681-ara1	1.0	
urn:hadith:0256Bukhari.Sahih:3732	3732	3948	Fath al-Bari numbering	text match to 0256Bukhari.Sahih.Shamela0001681-ara1	0.92	
urn:hadith:0256Bukhari.Sahih:3733	3733	3949	Fath al-Bari numbering	text match to 0256Bukhari.Sahih.Shamela0001681-ara1	0.85	
urn:hadith:0256Bukhari.Sahih:3734	3734	3950	Fath al-Bari numbering	text match to 0256Bukhari.Sahih.Shamela0001681-ara1	1.0	
urn:hadith:0256Bukhari.Sahih:3735	3735	3951	Fath al-Bari numbering	text match to 0256Bukhari.Sahih.Shamela0001681-ara1	0.93	
urn:hadith:0256Bukhari.Sahih:3736	3736	3952	Fath al-Bari numbering	text match to 0256Bukhari.Sahih.Shamela0001681-ara1	0.85	
urn:hadith:0256Bukhari.Sahih:3737	3737	3953	Fath al-Bari numbering	text match to 0256Bukhari.Sahih.Shamela0001681-ara1	0.8	
urn:hadith:0256Bukhari.Sahih:3738	3738	3954	Fath al-Bari numbering	text match to 0256Bukhari.Sahih.Shamela0001681-ara1	0.6	
urn:hadith:0256Bukhari.Sahih:3739	3739	3956	Fath al-Bari numbering	text match to 0256Bukhari.Sahih.Shamela0001681-ara1	0.61	
urn:hadith:0256Bukhari.Sahih:3740	3740	3957	Fath al-Bari numbering	text match to 0256Bukhari.Sahih.Shamela0001681-ara1	1.0	
urn:hadith:0256Bukhari.Sahih:3741	3741	3958	Fath al-Bari numbering	text match to 0256Bukhari.Sahih.Shamela0001681-ara1	1.0	
urn:hadith:0256Bukhari.Sahih:3742	3742	3959	Fath al-Bari numbering	text match to 0256Bukhari.Sahih.Shamela0001681-ara1	1.0	
urn:hadith:0256Bukhari.Sahih:3743	3743	3960	Fath al-Bari numbering	text match to 0256Bukhari.Sahih.Shamela0001681-ara1	1.0	
urn:hadith:0256Bukhari.Sahih:3744	3744	3961	Fath al-Bari numbering	text match to 0256Bukhari.Sahih.Shamela0001681-ara1	0.93	
urn:hadith:0256Bukhari.Sahih:3745	3745	3962	Fath al-Bari numbering	text match to 0256Bukhari.Sahih.Shamela0001681-ara1	0.92	
urn:hadith:0256Bukhari.Sahih:3746	3746	3964	Fath al-Bari numbering	text match to 0256Bukhari.Sahih.Shamela0001681-ara1	1.0	
urn:hadith:0256Bukhari.Sahih:3747	3747	3965	Fath al-Bari numbering	text match to 0256Bukhari.Sahih.Shamela0001681-ara1	0.94	
urn:hadith:0256Bukhari.Sahih:3748	3748	3966	Fath al-Bari numbering	text match to 0256Bukhari.Sahih.Shamela0001681-ara1	0.9	
urn:hadith:0256Bukhari.Sahih:3749	3749	3967	Fath al-Bari numbering	text match to 0256Bukhari.Sahih.Shamela0001681-ara1	1.0	
urn:hadith:0256Bukhari.Sahih:3750	3750	3968	Fath al-Bari numbering	text match to 0256Bukhari.Sahih.Shamela0001681-ara1	1.0	
urn:hadith:0256Bukhari.Sahih:3751	3751	3969	Fath al-Bari numbering	text match to 0256Bukhari.Sahih.Shamela0001681-ara1	0.91	
urn:hadith:0256Bukhari.Sahih:3752	3752	3970	Fath al-Bari numbering	text match to 0256Bukhari.Sahih.Shamela0001681-ara1	1.0	
urn:hadith:0256Bukhari.Sahih:3753	3753	3971	Fath al-Bari numbering	text match to 0256Bukhari.Sahih.Shamela0001681-ara1	1.0	
urn:hadith:0256Bukhari.Sahih:3754	3754	3972	Fath al-Bari numbering	text match to 0256Bukhari.Sahih.Shamela0001681-ara1	0.9	
urn:hadith:0256Bukhari.Sahih:3755	3755	3973	Fath al-Bari numbering	text match to 0256Bukhari.Sahih.Shamela0001681-ara1	0.86	
urn:hadith:0256Bukhari.Sahih:3756	3756	3975	Fath al-Bari numbering	text match to 0256Bukhari.Sahih.Shamela0001681-ara1	1.0	
urn:hadith:0256Bukhari.Sahih:3757	3757	3976	Fath al-Bari numbering	text match to 0256Bukhari.Sahih.Shamela0001681-ara1	1.0	
urn:hadith:0256Bukhari.Sahih:3758	3758	3977	Fath al-Bari numbering	text match to 0256Bukhari.Sahih.Shamela0001681-ara1	0.67	
urn:hadith:0256Bukhari.Sahih:3759	3759	3978	Fath al-Bari numbering	text match to 0256Bukhari.Sahih.Shamela0001681-ara1	0.75	
urn:hadith:0256Bukhari.Sahih:3760	3760	3980	Fath al-Bari numbering	text match to 0256Bukhari.Sahih.Shamela0001681-ara1	0.87	
urn:hadith:0256Bukhari.Sahih:3761	3761	3982	Fath al-Bari numbering	text match to 0256Bukhari.Sahih.Shamela0001681-ara1	0.81	
urn:hadith:0256Bukhari.Sahih:3762	3762	3983	Fath al-Bari numbering	text match to 0256Bukhari.Sahih.Shamela0001681-ara1	1.0	
urn:hadith:0256Bukhari.Sahih:3763	3763	3984	Fath al-Bari numbering	text match to 0256Bukhari.Sahih.Shamela0001681-ara1	0.82	
urn:hadith:0256Bukhari.Sahih:3764	3764	3986	Fath al-Bari numbering	text match to 0256Bukhari.Sahih.Shamela0001681-ara1	1.0	
urn:hadith:0256Bukhari.Sahih:3765	3765	3987	Fath al-Bari numbering	text match to 0256Bukhari.Sahih.Shamela0001681-ara1	1.0	
urn:hadith:0256Bukhari.Sahih:3766	3766	3988	Fath al-Bari numbering	text match to 0256Bukhari.Sahih.Shamela0001681-ara1	0.93	
urn:hadith:0256Bukhari.Sahih:3767	3767	3989	Fath al-Bari numbering	text match to 0256Bukhari.Sahih.Shamela0001681-ara1	0.79	
urn:hadith:0256Bukhari.Sahih:3769	3769	3990	Fath al-Bari numbering	text match to 0256Bukhari.Sahih.Shamela0001681-ara1	0.87	
urn:hadith:0256Bukhari.Sahih:3770	3770	3991	Fath al-Bari numbering	text match to 0256Bukhari.Sahih.Shamela0001681-ara1	0.79	
urn:hadith:0256Bukhari.Sahih:3771	3771	3992	Fath al-Bari numbering	text match to 0256Bukhari.Sahih.Shamela0001681-ara1	1.0	
urn:hadith:0256Bukhari.Sahih:3772	3772	3993	Fath al-Bari numbering	text match to 0256Bukhari.Sahih.Shamela0001681-ara1	0.51	
urn:hadith:0256Bukhari.Sahih:3773	3773	3995	Fath al-Bari numbering	text match to 0256Bukhari.Sahih.Shamela0001681-ara1	0.83	
urn:hadith:0256Bukhari.Sahih:3774	3774	3996	Fath al-Bari numbering	text match to 0256Bukhari.Sahih.Shamela0001681-ara1	1.0	
urn:hadith:0256Bukhari.Sahih:3775	3775	3997	Fath al-Bari numbering	text match to 0256Bukhari.Sahih.Shamela0001681-ara1	0.85	
urn:hadith:0256Bukhari.Sahih:3776	3776	3998	Fath al-Bari numbering	text match to 0256Bukhari.Sahih.Shamela0001681-ara1	1.0	
urn:hadith:0256Bukhari.Sahih:3777	3777	3999	Fath al-Bari numbering	text match to 0256Bukhari.Sahih.Shamela0001681-ara1	1.0	
urn:hadith:0256Bukhari.Sahih:3778	3778	4000	Fath al-Bari numbering	text match to 0256Bukhari.Sahih.Shamela0001681-ara1	0.93	
urn:hadith:0256Bukhari.Sahih:3780	3780	4002	Fath al-Bari numbering	text match to 0256Bukhari.Sahih.Shamela0001681-ara1	0.83	
urn:hadith:0256Bukhari.Sahih:3781	3781	4003	Fath al-Bari numbering	text match to 0256Bukhari.Sahih.Shamela0001681-ara1	1.0	
urn:hadith:0256Bukhari.Sahih:3783	3783	4005	Fath al-Bari numbering	text match to 0256Bukhari.Sahih.Shamela0001681-ara1	1.0	
urn:hadith:0256Bukhari.Sahih:3784	3784	4006	Fath al-Bari numbering	text match to 0256Bukhari.Sahih.Shamela0001681-ara1	1.0	
urn:hadith:0256Bukhari.Sahih:3785	3785	4007	Fath al-Bari numbering	text match to 0256Bukhari.Sahih.Shamela0001681-ara1	0.94	
urn:hadith:0256Bukhari.Sahih:3786	3786	4008	Fath al-Bari numbering	text match to 0256Bukhari.Sahih.Shamela0001681-ara1	1.0	
urn:hadith:0256Bukhari.Sahih:3788	3788	4011	Fath al-Bari numbering	text match to 0256Bukhari.Sahih.Shamela0001681-ara1	1.0	
urn:hadith:0256Bukhari.Sahih:3789	3789	4012	Fath al-Bari numbering	text match to 0256Bukhari.Sahih.Shamela0001681-ara1	1.0	
urn:hadith:0256Bukhari.Sahih:3790	3790	4014	Fath al-Bari numbering	text match to 0256Bukhari.Sahih.Shamela0001681-ara1	1.0	
urn:hadith:0256Bukhari.Sahih:3791	3791	4015	Fath al-Bari numbering	text match to 0256Bukhari.Sahih.Shamela0001681-ara1	1.0	
urn:hadith:0256Bukhari.Sahih:3792	3792	4016	Fath al-Bari numbering	text match to 0256Bukhari.Sahih.Shamela0001681-ara1	0.85	
urn:hadith:0256Bukhari.Sahih:3793	3793	4017	Fath al-Bari numbering	text match to 0256Bukhari.Sahih.Shamela0001681-ara1	0.85	
urn:hadith:0256Bukhari.Sahih:3794	3794	4019	Fath al-Bari numbering	text match to 0256Bukhari.Sahih.Shamela0001681-ara1	0.84	
urn:hadith:0256Bukhari.Sahih:3795	3795	4020	Fath al-Bari numbering	text match to 0256Bukhari.Sahih.Shamela0001681-ara1	0.73	
urn:hadith:0256Bukhari.Sahih:3796	3796	4021	Fath al-Bari numbering	text match to 0256Bukhari.Sahih.Shamela0001681-ara1	0.91	
urn:hadith:0256Bukhari.Sahih:3797	3797	4022	Fath al-Bari numbering	text match to 0256Bukhari.Sahih.Shamela0001681-ara1	1.0	
urn:hadith:0256Bukhari.Sahih:3798	3798	4023	Fath al-Bari numbering	text match to 0256Bukhari.Sahih.Shamela0001681-ara1	1.0	
urn:hadith:0256Bukhari.Sahih:3799	3799	4024	Fath al-Bari numbering	text match to 0256Bukhari.Sahih.Shamela0001681-ara1	1.0	shared number
urn:hadith:0256Bukhari.Sahih:3800	3800	4024	Fath al-Bari numbering	text match to 0256Bukhari.Sahih.Shamela0001681-ara1	1.0	shared number
urn:hadith:0256Bukhari.Sahih:3801	3801	4025	Fath al-Bari numbering	text match to 0256Bukhari.Sahih.Shamela0001681-ara1	1.0	
urn:hadith:0256Bukhari.Sahih:3802	3802	4026	Fath al-Bari numbering	text match to 0256Bukhari.Sahih.Shamela0001681-ara1	0.93	
urn:hadith:0256Bukhari.Sahih:3804	3804	4028	Fath al-Bari numbering	text match to 0256Bukhari.Sahih.Shamela0001681-ara1	0.85	
urn:hadith:0256Bukhari.Sahih:3805	3805	4029	Fath al-Bari numbering	text match to 0256Bukhari.Sahih.Shamela0001681-ara1	1.0	
urn:hadith:0256Bukhari.Sahih:3806	3806	4030	Fath al-Bari numbering	text match to 0256Bukhari.Sahih.Shamela0001681-ara1	1.0	
urn:hadith:0256Bukhari.Sahih:3807	3807	4031	Fath al-Bari numbering	text match to 0256Bukhari.Sahih.Shamela0001681-ara1	0.85	
urn:hadith:0256Bukhari.Sahih:3808	3808	4032	Fath al-Bari numbering	text match to 0256Bukhari.Sahih.Shamela0001681-ara1	0.78	
urn:hadith:0256Bukhari.Sahih:3809	3809	4033	Fath al-Bari numbering	text match to 0256Bukhari.Sahih.Shamela0001681-ara1	0.93	
urn:hadith:0256Bukhari.Sahih:3810	3810	4035	Fath al-Bari numbering	text match to 0256Bukhari.Sahih.Shamela0001681-ara1	1.0	
urn:hadith:0256Bukhari.Sahih:3811	3811	4037	Fath al-Bari numbering	text match to 0256Bukhari.Sahih.Shamela0001681-ara1	0.92	
urn:hadith:0256Bukhari.Sahih:3812	3812	4038	Fath al-Bari numbering	text match to 0256Bukhari.Sahih.Shamela0001681-ara1	0.88	
urn:hadith:0256Bukhari.Sahih:3813	3813	4039	Fath al-Bari numbering	text match to 0256Bukhari.Sahih.Shamela0001681-ara1	1.0	
urn:hadith:0256Bukhari.Sahih:3814	3814	4040	Fath al-Bari numbering	text match to 0256Bukhari.Sahih.Shamela0001681-ara1	0.93	
urn:hadith:0256Bukhari.Sahih:3815	3815	4041	Fath al-Bari numbering	text match to 0256Bukhari.Sahih.Shamela0001681-ara1	0.83	
urn:hadith:0256Bukhari.Sahih:3816	3816	4042	Fath al-Bari numbering	text match to 0256Bukhari.Sahih.Shamela0001681-ara1	0.88	
urn:hadith:0256Bukhari.Sahih:3817	3817	4043	Fath al-Bari numbering	text match to 0256Bukhari.Sahih.Shamela0001681-ara1	0.87	
urn:hadith:0256Bukhari.Sahih:3818	3818	4044	Fath al-Bari numbering	text match to 0256Bukhari.Sahih.Shamela0001681-ara1	1.0	
urn:hadith:0256Bukhari.Sahih:3819	3819	4045	Fath al-Bari numbering	text match to 0256Bukhari.Sahih.Shamela0001681-ara1	1.0	
urn:hadith:0256Bukhari.Sahih:3820	3820	4046	Fath al-Bari numbering	text match to 0256Bukhari.Sahih.Shamela0001681-ara1	1.0	
urn:hadith:0256Bukhari.Sahih:3821	3821	4047	Fath al-Bari numbering	text match to 0256Bukhari.Sahih.Shamela0001681-ara1	1.0	
urn:hadith:0256Bukhari.Sahih:3822	3822	4048	Fath al-Bari numbering	text match to 0256Bukhari.Sahih.Shamela0001681-ara1	1.0	
urn:hadith:0256Bukhari.Sahih:3823	3823	4049	Fath al-Bari numbering	text match to 0256Bukhari.Sahih.Shamela0001681-ara1	0.86	
urn:hadith:0256Bukhari.Sahih:3824	3824	4050	Fath al-Bari numbering	text match to 0256Bukhari.Sahih.Shamela0001681-ara1	0.94	
urn:hadith:0256Bukhari.Sahih:3825	3825	4051	Fath al-Bari numbering	text match to 0256Bukhari.Sahih.Shamela0001681-ara1	0.74	
urn:hadith:0256Bukhari.Sahih:3826	3826	4052	Fath al-Bari numbering	text match to 0256Bukhari.Sahih.Shamela0001681-ara1	1.0	
urn:hadith:0256Bukhari.Sahih:3827	3827	4053	Fath al-Bari numbering	text match to 0256Bukhari.Sahih.Shamela0001681-ara1	0.93	
urn:hadith:0256Bukhari.Sahih:3828	3828	4054	Fath al-Bari numbering	text match to 0256Bukhari.Sahih.Shamela0001681-ara1	1.0	
urn:hadith:0256Bukhari.Sahih:3829	3829	4055	Fath al-Bari numbering	text match to 0256Bukhari.Sahih.Shamela0001681-ara1	1.0	
urn:hadith:0256Bukhari.Sahih:3830	3830	4056	Fath al-Bari numbering	text match to 0256Bukhari.Sahih.Shamela0001681-ara1	1.0	
urn:hadith:0256Bukhari.Sahih:3831	3831	4057	Fath al-Bari numbering	text match to 0256Bukhari.Sahih.Shamela0001681-ara1	0.86	
urn:hadith:0256Bukhari.Sahih:3832	3832	4058	Fath al-Bari numbering	text match to 0256Bukhari.Sahih.Shamela0001681-ara1	0.8	
urn:hadith:0256Bukhari.Sahih:3833	3833	4059	Fath al-Bari numbering	text match to 0256Bukhari.Sahih.Shamela0001681-ara1	1.0	
urn:hadith:0256Bukhari.Sahih:3834	3834	4060	Fath al-Bari numbering	text match to 0256Bukhari.Sahih.Shamela0001681-ara1	1.0	
urn:hadith:0256Bukhari.Sahih:3835	3835	4062	Fath al-Bari numbering	text match to 0256Bukhari.Sahih.Shamela0001681-ara1	1.0	
urn:hadith:0256Bukhari.Sahih:3836	3836	4063	Fath al-Bari numbering	text match to 0256Bukhari.Sahih.Shamela0001681-ara1	1.0	
urn:hadith:0256Bukhari.Sahih:3837	3837	4064	Fath al-Bari numbering	text match to 0256Bukhari.Sahih.Shamela0001681-ara1	1.0	
urn:hadith:0256Bukhari.Sahih:3838	3838	4065	Fath al-Bari numbering	text match to 0256Bukhari.Sahih.Shamela0001681-ara1	0.84	
urn:hadith:0256Bukhari.Sahih:3839	3839	4066	Fath al-Bari numbering	text match to 0256Bukhari.Sahih.Shamela0001681-ara1	0.83	
urn:hadith:0256Bukhari.Sahih:3840	3840	4067	Fath al-Bari numbering	text match to 0256Bukhari.Sahih.Shamela0001681-ara1	1.0	
urn:hadith:0256Bukhari.Sahih:3841	3841	4068	Fath al-Bari numbering	text match to 0256Bukhari.Sahih.Shamela0001681-ara1	1.0	
urn:hadith:0256Bukhari.Sahih:3842	3842	4069	Fath al-Bari numbering	text match to 0256Bukhari.Sahih.Shamela0001681-ara1	0.74	
urn:hadith:0256Bukhari.Sahih:3843	3843	4071	Fath al-Bari numbering	text match to 0256Bukhari.Sahih.Shamela0001681-ara1	0.93	
urn:hadith:0256Bukhari.Sahih:3844	3844	4072	Fath al-Bari numbering	text match to 0256Bukhari.Sahih.Shamela0001681-ara1	0.93	
urn:hadith:0256Bukhari.Sahih:3845	3845	4073	Fath al-Bari numbering	text match to 0256Bukhari.Sahih.Shamela0001681-ara1	0.89	
urn:hadith:0256Bukhari.Sahih:3846	3846	4074	Fath al-Bari numbering	text match to 0256Bukhari.Sahih.Shamela0001681-ara1	0.79	
urn:hadith:0256Bukhari.Sahih:3847	3847	4075	Fath al-Bari numbering	text match to 0256Bukhari.Sahih.Shamela0001681-ara1	1.0	
urn:hadith:0256Bukhari.Sahih:3848	3848	4076	Fath al-Bari numbering	text match to 0256Bukhari.Sahih.Shamela0001681-ara1	0.72	
urn:hadith:0256Bukhari.Sahih:3849	3849	4077	Fath al-Bari numbering	text match to 0256Bukhari.Sahih.Shamela0001681-ara1	0.87	
urn:hadith:0256Bukhari.Sahih:3850	3850	4078	Fath al-Bari numbering	text match to 0256Bukhari.Sahih.Shamela0001681-ara1	1.0	
urn:hadith:0256Bukhari.Sahih:3851	3851	4079	Fath al-Bari numbering	text match to 0256Bukhari.Sahih.Shamela0001681-ara1	0.93	
urn:hadith:0256Bukhari.Sahih:3852	3852	4080	Fath al-Bari numbering	text match to 0256Bukhari.Sahih.Shamela0001681-ara1	0.81	
urn:hadith:0256Bukhari.Sahih:3853	3853	4081	Fath al-Bari numbering	text match to 0256Bukhari.Sahih.Shamela0001681-ara1	1.0	
urn:hadith:0256Bukhari.Sahih:3854	3854	4082	Fath al-Bari numbering	text match to 0256Bukhari.Sahih.Shamela0001681-ara1	0.93	
urn:hadith:0256Bukhari.Sahih:3855	3855	4083	Fath al-Bari numbering	text match to 0256Bukhari.Sahih.Shamela0001681-ara1	1.0	
urn:hadith:0256Bukhari.Sahih:3856	3856	4084	Fath al-Bari numbering	text match to 0256Bukhari.Sahih.Shamela0001681-ara1	1.0	
urn:hadith:0256Bukhari.Sahih:3857	3857	4085	Fath al-Bari numbering	text match to 0256Bukhari.Sahih.Shamela0001681-ara1	1.0	
urn:hadith:0256Bukhari.Sahih:3858	3858	4086	Fath al-Bari numbering	text match to 0256Bukhari.Sahih.Shamela0001681-ara1	1.0	
urn:hadith:0256Bukhari.Sahih:3859	3859	4087	Fath al-Bari numbering	text match to 0256Bukhari.Sahih.Shamela0001681-ara1	1.0	
urn:hadith:0256Bukhari.Sahih:3860	3860	4088	Fath al-Bari numbering	text match to 0256Bukhari.Sahih.Shamela0001681-ara1	1.0	
urn:hadith:0256Bukhari.Sahih:3861	3861	4089	Fath al-Bari numbering	text match to 0256Bukhari.Sahih.Shamela0001681-ara1	1.0	
urn:hadith:0256Bukhari.Sahih:3862	3862	4090	Fath al-Bari numbering	text match to 0256Bukhari.Sahih.Shamela0001681-ara1	1.0	
urn:hadith:0256Bukhari.Sahih:3864	3864	4091	Fath al-Bari numbering	text match to 0256Bukhari.Sahih.Shamela0001681-ara1	0.93	
urn:hadith:0256Bukhari.Sahih:3865	3865	4092	Fath al-Bari numbering	text match to 0256Bukhari.Sahih.Shamela0001681-ara1	1.0	
urn:hadith:0256Bukhari.Sahih:3866	3866	4093	Fath al-Bari numbering	text match to 0256Bukhari.Sahih.Shamela0001681-ara1	0.93	
urn:hadith:0256Bukhari.Sahih:3868	3868	4094	Fath al-Bari numbering	text match to 0256Bukhari.Sahih.Shamela0001681-ara1	1.0	
urn:hadith:0256Bukhari.Sahih:3869	3869	4095	Fath al-Bari numbering	text match to 0256Bukhari.Sahih.Shamela0001681-ara1	1.0	
urn:hadith:0256Bukhari.Sahih:3870	3870	4096	Fath al-Bari numbering	text match to 0256Bukhari.Sahih.Shamela0001681-ara1	1.0	
urn:hadith:0256Bukhari.Sahih:3871	3871	4097	Fath al-Bari numbering	text match to 0256Bukhari.Sahih.Shamela0001681-ara1	0.63	
urn:hadith:0256Bukhari.Sahih:3872	3872	4098	Fath al-Bari numbering	text match to 0256Bukhari.Sahih.Shamela0001681-ara1	1.0	
urn:hadith:0256Bukhari.Sahih:3873	3873	4099	Fath al-Bari numbering	text match to 0256Bukhari.Sahih.Shamela0001681-ara1	1.0	
urn:hadith:0256Bukhari.Sahih:3874	3874	4100	Fath al-Bari numbering	text match to 0256Bukhari.Sahih.Shamela0001681-ara1	1.0	
urn:hadith:0256Bukhari.Sahih:3875	3875	4101	Fath al-Bari numbering	text match to 0256Bukhari.Sahih.Shamela0001681-ara1	0.86	
urn:hadith:0256Bukhari.Sahih:3876	3876	4102	Fath al-Bari numbering	text match to 0256Bukhari.Sahih.Shamela0001681-ara1	1.0	
urn:hadith:0256Bukhari.Sahih:3877	3877	4103	Fath al-Bari numbering	text match to 0256Bukhari.Sahih.Shamela0001681-ara1	0.83	
urn:hadith:0256Bukhari.Sahih:3878	3878	4104	Fath al-Bari numbering	text match to 0256Bukhari.Sahih.Shamela0001681-ara1	1.0	
urn:hadith:0256Bukhari.Sahih:3879	3879	4105	Fath al-Bari numbering	text match to 0256Bukhari.Sahih.Shamela0001681-ara1	0.81	
urn:hadith:0256Bukhari.Sahih:3880	3880	4106	Fath al-Bari numbering	text match to 0256Bukhari.Sahih.Shamela0001681-ara1	0.86	
urn:hadith:0256Bukhari.Sahih:3881	3881	4107	Fath al-Bari numbering	text match to 0256Bukhari.Sahih.Shamela0001681-ara1	0.63	
urn:hadith:0256Bukhari.Sahih:3882	3882	4108	Fath al-Bari numbering	text match to 0256Bukhari.Sahih.Shamela0001681-ara1	0.82	
urn:hadith:0256Bukhari.Sahih:3883	3883	4109	Fath al-Bari numbering	text match to 0256Bukhari.Sahih.Shamela0001681-ara1	1.0	
urn:hadith:0256Bukhari.Sahih:3884	3884	4110	Fath al-Bari numbering	text match to 0256Bukhari.Sahih.Shamela0001681-ara1	1.0	
urn:hadith:0256Bukhari.Sahih:3885	3885	4111	Fath al-Bari numbering	text match to 0256Bukhari.Sahih.Shamela0001681-ara1	1.0	
urn:hadith:0256Bukhari.Sahih:3886	3886	4112	Fath al-Bari numbering	text match to 0256Bukhari.Sahih.Shamela0001681-ara1	0.92	
urn:hadith:0256Bukhari.Sahih:3887	3887	4113	Fath al-Bari numbering	text match to 0256Bukhari.Sahih.Shamela0001681-ara1	0.83	
urn:hadith:0256Bukhari.Sahih:3888	3888	4114	Fath al-Bari numbering	text match to 0256Bukhari.Sahih.Shamela0001681-ara1	1.0	
urn:hadith:0256Bukhari.Sahih:3889	3889	4115	Fath al-Bari numbering	text match to 0256Bukhari.Sahih.Shamela0001681-ara1	1.0	
urn:hadith:0256Bukhari.Sahih:3890	3890	4116	Fath al-Bari numbering	text match to 0256Bukhari.Sahih.Shamela0001681-ara1	1.0	
urn:hadith:0256Bukhari.Sahih:3891	3891	4117	Fath al-Bari numbering	text match to 0256Bukhari.Sahih.Shamela0001681-ara1	0.91	
urn:hadith:0256Bukhari.Sahih:3892	3892	4118	Fath al-Bari numbering	text match to 0256Bukhari.Sahih.Shamela0001681-ara1	0.88	
urn:hadith:0256Bukhari.Sahih:3893	3893	4119	Fath al-Bari numbering	text match to 0256Bukhari.Sahih.Shamela0001681-ara1	0.92	
urn:hadith:0256Bukhari.Sahih:3894	3894	4120	Fath al-Bari numbering	text match to 0256Bukhari.Sahih.Shamela0001681-ara1	0.97	
urn:hadith:0256Bukhari.Sahih:3895	3895	4121	Fath al-Bari numbering	text match to 0256Bukhari.Sahih.Shamela0001681-ara1	1.0	
urn:hadith:0256Bukhari.Sahih:3896	3896	4122	Fath al-Bari numbering	text match to 0256Bukhari.Sahih.Shamela0001681-ara1	0.78	
urn:hadith:0256Bukhari.Sahih:3897	3897	4124	Fath al-Bari numbering	text match to 0256Bukhari.Sahih.Shamela0001681-ara1	0.5	
urn:hadith:0256Bukhari.Sahih:3898	3898	4125	Fath al-Bari numbering	text match to 0256Bukhari.Sahih.Shamela0001681-ara1	0.59	
urn:hadith:0256Bukhari.Sahih:3899	3899	4128	Fath al-Bari numbering	text match to 0256Bukhari.Sahih.Shamela0001681-ara1	0.93	
urn:hadith:0256Bukhari.Sahih:3900	3900	4129	Fath al-Bari numbering	text match to 0256Bukhari.Sahih.Shamela0001681-ara1	0.88	
urn:hadith:0256Bukhari.Sahih:3902	3902	4131	Fath al-Bari numbering	text match to 0256Bukhari.Sahih.Shamela0001681-ara1	0.87	
urn:hadith:0256Bukhari.Sahih:3903	3903	4132	Fath al-Bari numbering	text match to 0256Bukhari.Sahih.Shamela0001681-ara1	0.81	
urn:hadith:0256Bukhari.Sahih:3904	3904	4133	Fath al-Bari numbering	text match to 0256Bukhari.Sahih.Shamela0001681-ara1	1.0	
urn:hadith:0256Bukhari.Sahih:3905	3905	4134	Fath al-Bari numbering	text match to 0256Bukhari.Sahih.Shamela0001681-ara1	1.0	
urn:hadith:0256Bukhari.Sahih:3905#3909	3905#3909	4135	Fath al-Bari numbering	text match to 0256Bukhari.Sahih.Shamela0001681-ara1	0.93	
urn:hadith:0256Bukhari.Sahih:3906	3906	4136	Fath al-Bari numbering	text match to 0256Bukhari.Sahih.Shamela0001681-ara1	1.0	
urn:hadith:0256Bukhari.Sahih:3907	3907	4138	Fath al-Bari numbering	text match to 0256Bukhari.Sahih.Shamela0001681-ara1	0.93	
urn:hadith:0256Bukhari.Sahih:3908	3908	4139	Fath al-Bari numbering	text match to 0256Bukhari.Sahih.Shamela0001681-ara1	1.0	
urn:hadith:0256Bukhari.Sahih:3909	3909	4140	Fath al-Bari numbering	text match to 0256Bukhari.Sahih.Shamela0001681-ara1	0.88	
urn:hadith:0256Bukhari.Sahih:3910	3910	4141	Fath al-Bari numbering	text match to 0256Bukhari.Sahih.Shamela0001681-ara1	0.93	
urn:hadith:0256Bukhari.Sahih:3911	3911	4142	Fath al-Bari numbering	text match to 0256Bukhari.Sahih.Shamela0001681-ara1	1.0	
urn:hadith:0256Bukhari.Sahih:3912	3912	4143	Fath al-Bari numbering	text match to 0256Bukhari.Sahih.Shamela0001681-ara1	1.0	
urn:hadith:0256Bukhari.Sahih:3913	3913	4144	Fath al-Bari numbering	text match to 0256Bukhari.Sahih.Shamela0001681-ara1	0.59	
urn:hadith:0256Bukhari.Sahih:3914	3914	4145	Fath al-Bari numbering	text match to 0256Bukhari.Sahih.Shamela0001681-ara1	0.93	
urn:hadith:0256Bukhari.Sahih:3915	3915	4146	Fath al-Bari numbering	text match to 0256Bukhari.Sahih.Shamela0001681-ara1	0.93	
urn:hadith:0256Bukhari.Sahih:3916	3916	4147	Fath al-Bari numbering	text match to 0256Bukhari.Sahih.Shamela0001681-ara1	0.93	
urn:hadith:0256Bukhari.Sahih:3917	3917	4148	Fath al-Bari numbering	text match to 0256Bukhari.Sahih.Shamela0001681-ara1	1.0	
urn:hadith:0256Bukhari.Sahih:3918	3918	1822	Fath al-Bari numbering	text match to 0256Bukhari.Sahih.Shamela0001681-ara1	1.0	shared number, out of order
urn:hadith:0256Bukhari.Sahih:3919	3919	4150	Fath al-Bari numbering	text match to 0256Bukhari.Sahih.Shamela0001681-ara1	1.0	
urn:hadith:0256Bukhari.Sahih:3920	3920	4151	Fath al-Bari numbering	text match to 0256Bukhari.Sahih.Shamela0001681-ara1	0.93	
urn:hadith:0256Bukhari.Sahih:3921	3921	4152	Fath al-Bari numbering	text match to 0256Bukhari.Sahih.Shamela0001681-ara1	0.93	
urn:hadith:0256Bukhari.Sahih:3922	3922	4153	Fath al-Bari numbering	text match to 0256Bukhari.Sahih.Shamela0001681-ara1	0.76	
urn:hadith:0256Bukhari.Sahih:3923	3923	4154	Fath al-Bari numbering	text match to 0256Bukhari.Sahih.Shamela0001681-ara1	0.86	
urn:hadith:0256Bukhari.Sahih:3924	3924	4155	Fath al-Bari numbering	text match to 0256Bukhari.Sahih.Shamela0001681-ara1	0.73	
urn:hadith:0256Bukhari.Sahih:3925	3925	4156	Fath al-Bari numbering	text match to 0256Bukhari.Sahih.Shamela0001681-ara1	1.0	
urn:hadith:0256Bukhari.Sahih:3926	3926	4157	Fath al-Bari numbering	text match to 0256Bukhari.Sahih.Shamela0001681-ara1	1.0	
urn:hadith:0256Bukhari.Sahih:3927	3927	4159	Fath al-Bari numbering	text match to 0256Bukhari.Sahih.Shamela0001681-ara1	0.93	
urn:hadith:0256Bukhari.Sahih:3928	3928	4160	Fath al-Bari numbering	text match to 0256Bukhari.Sahih.Shamela0001681-ara1	1.0	
urn:hadith:0256Bukhari.Sahih:3929	3929	4162	Fath al-Bari numbering	text match to 0256Bukhari.Sahih.Shamela0001681-ara1	0.74	
urn:hadith:0256Bukhari.Sahih:3930	3930	4163	Fath al-Bari numbering	text match to 0256Bukhari.Sahih.Shamela0001681-ara1	0.87	
urn:hadith:0256Bukhari.Sahih:3931	3931	4164	Fath al-Bari numbering	text match to 0256Bukhari.Sahih.Shamela0001681-ara1	1.0	
urn:hadith:0256Bukhari.Sahih:3932	3932	4165	Fath al-Bari numbering	text match to 0256Bukhari.Sahih.Shamela0001681-ara1	1.0	
urn:hadith:0256Bukhari.Sahih:3933	3933	4166	Fath al-Bari numbering	text match to 0256Bukhari.Sahih.Shamela0001681-ara1	1.0	
urn:hadith:0256Bukhari.Sahih:3934	3934	4167	Fath al-Bari numbering	text match to 0256Bukhari.Sahih.Shamela0001681-ara1	0.8	
urn:hadith:0256Bukhari.Sahih:3935	3935	4168	Fath al-Bari numbering	text match to 0256Bukhari.Sahih.Shamela0001681-ara1	1.0	
urn:hadith:0256Bukhari.Sahih:3936	3936	4169	Fath al-Bari numbering	text match to 0256Bukhari.Sahih.Shamela0001681-ara1	1.0	
urn:hadith:0256Bukhari.Sahih:3937	3937	4170	Fath al-Bari numbering	text match to 0256Bukhari.Sahih.Shamela0001681-ara1	0.88	
urn:hadith:0256Bukhari.Sahih:3938	3938	4171	Fath al-Bari numbering	text match to 0256Bukhari.Sahih.Shamela0001681-ara1	0.81	
urn:hadith:0256Bukhari.Sahih:3939	3939	4172	Fath al-Bari numbering	text match to 0256Bukhari.Sahih.Shamela0001681-ara1	0.81	
urn:hadith:0256Bukhari.Sahih:3940	3940	4173	Fath al-Bari numbering	text match to 0256Bukhari.Sahih.Shamela0001681-ara1	0.67	
urn:hadith:0256Bukhari.Sahih:3941	3941	4175	Fath al-Bari numbering	text match to 0256Bukhari.Sahih.Shamela0001681-ara1	0.86	
urn:hadith:0256Bukhari.Sahih:3942	3942	4176	Fath al-Bari numbering	text match to 0256Bukhari.Sahih.Shamela0001681-ara1	1.0	
urn:hadith:0256Bukhari.Sahih:3943	3943	4177	Fath al-Bari numbering	text match to 0256Bukhari.Sahih.Shamela0001681-ara1	0.93	
urn:hadith:0256Bukhari.Sahih:3944	3944	4178	Fath al-Bari numbering	text match to 0256Bukhari.Sahih.Shamela0001681-ara1	1.0	
urn:hadith:0256Bukhari.Sahih:3945	3945	4180	Fath al-Bari numbering	text match to 0256Bukhari.Sahih.Shamela0001681-ara1	0.91	
urn:hadith:0256Bukhari.Sahih:3946	3946	4182	Fath al-Bari numbering	text match to 0256Bukhari.Sahih.Shamela0001681-ara1	0.91	
urn:hadith:0256Bukhari.Sahih:3947	3947	4183	Fath al-Bari numbering	text match to 0256Bukhari.Sahih.Shamela0001681-ara1	1.0	
urn:hadith:0256Bukhari.Sahih:3948	3948	4184	Fath al-Bari numbering	text match to 0256Bukhari.Sahih.Shamela0001681-ara1	0.73	
urn:hadith:0256Bukhari.Sahih:3949	3949	4185	Fath al-Bari numbering	text match to 0256Bukhari.Sahih.Shamela0001681-ara1	1.0	
urn:hadith:0256Bukhari.Sahih:3950	3950	4186	Fath al-Bari numbering	text match to 0256Bukhari.Sahih.Shamela0001681-ara1	0.93	
urn:hadith:0256Bukhari.Sahih:3951	3951	4187	Fath al-Bari numbering	text match to 0256Bukhari.Sahih.Shamela0001681-ara1	0.92	
urn:hadith:0256Bukhari.Sahih:3952	3952	4188	Fath al-Bari numbering	text match to 0256Bukhari.Sahih.Shamela0001681-ara1	0.83	
urn:hadith:0256Bukhari.Sahih:3953	3953	4189	Fath al-Bari numbering	text match to 0256Bukhari.Sahih.Shamela0001681-ara1	1.0	
urn:hadith:0256Bukhari.Sahih:3954	3954	4190	Fath al-Bari numbering	text match to 0256Bukhari.Sahih.Shamela0001681-ara1	0.91	
urn:hadith:0256Bukhari.Sahih:3955	3955	4191	Fath al-Bari numbering	text match to 0256Bukhari.Sahih.Shamela0001681-ara1	1.0	
urn:hadith:0256Bukhari.Sahih:3956	3956	4192	Fath al-Bari numbering	text match to 0256Bukhari.Sahih.Shamela0001681-ara1	1.0	
urn:hadith:0256Bukhari.Sahih:3957	3957	4193	Fath al-Bari numbering	text match to 0256Bukhari.Sahih.Shamela0001681-ara1	0.93	
urn:hadith:0256Bukhari.Sahih:3958	3958	4194	Fath al-Bari numbering	text match to 0256Bukhari.Sahih.Shamela0001681-ara1	1.0	
urn:hadith:0256Bukhari.Sahih:3959	3959	4195	Fath al-Bari numbering	text match to 0256Bukhari.Sahih.Shamela0001681-ara1	1.0	
urn:hadith:0256Bukhari.Sahih:3960	3960	4196	Fath al-Bari numbering	text match to 0256Bukhari.Sahih.Shamela0001681-ara1	0.8	
urn:hadith:0256Bukhari.Sahih:3961	3961	4197	Fath al-Bari numbering	text match to 0256Bukhari.Sahih.Shamela0001681-ara1	1.0	
urn:hadith:0256Bukhari.Sahih:3962	3962	4198	Fath al-Bari numbering	text match to 0256Bukhari.Sahih.Shamela0001681-ara1	0.88	
urn:hadith:0256Bukhari.Sahih:3963	3963	4199	Fath al-Bari numbering	text match to 0256Bukhari.Sahih.Shamela0001681-ara1	1.0	
urn:hadith:0256Bukhari.Sahih:3964	3964	4200	Fath al-Bari numbering	text match to 0256Bukhari.Sahih.Shamela0001681-ara1	0.93	
urn:hadith:0256Bukhari.Sahih:3965	3965	4201	Fath al-Bari numbering	text match to 0256Bukhari.Sahih.Shamela0001681-ara1	1.0	
urn:hadith:0256Bukhari.Sahih:3966	3966	4202	Fath al-Bari numbering	text match to 0256Bukhari.Sahih.Shamela0001681-ara1	1.0	
urn:hadith:0256Bukhari.Sahih:3967	3967	4203	Fath al-Bari numbering	text match to 0256Bukhari.Sahih.Shamela0001681-ara1	1.0	
urn:hadith:0256Bukhari.Sahih:3968	3968	4205	Fath al-Bari numbering	text match to 0256Bukhari.Sahih.Shamela0001681-ara1	1.0	
urn:hadith:0256Bukhari.Sahih:3969	3969	4206	Fath al-Bari numbering	text match to 0256Bukhari.Sahih.Shamela0001681-ara1	1.0	
urn:hadith:0256Bukhari.Sahih:3970	3970	4207	Fath al-Bari numbering	text match to 0256Bukhari.Sahih.Shamela0001681-ara1	0.93	
urn:hadith:0256Bukhari.Sahih:3971	3971	4208	Fath al-Bari numbering	text match to 0256Bukhari.Sahih.Shamela0001681-ara1	1.0	
urn:hadith:0256Bukhari.Sahih:3972	3972	4209	Fath al-Bari numbering	text match to 0256Bukhari.Sahih.Shamela0001681-ara1	0.93	
urn:hadith:0256Bukhari.Sahih:3973	3973	4210	Fath al-Bari numbering	text match to 0256Bukhari.Sahih.Shamela0001681-ara1	1.0	
urn:hadith:0256Bukhari.Sahih:3974	3974	4211	Fath al-Bari numbering	text match to 0256Bukhari.Sahih.Shamela0001681-ara1	0.89	
urn:hadith:0256Bukhari.Sahih:3975	3975	4212	Fath al-Bari numbering	text match to 0256Bukhari.Sahih.Shamela0001681-ara1	1.0	
urn:hadith:0256Bukhari.Sahih:3976	3976	4213	Fath al-Bari numbering	text match to 0256Bukhari.Sahih.Shamela0001681-ara1	0.93	
urn:hadith:0256Bukhari.Sahih:3977	3977	4214	Fath al-Bari numbering	text match to 0256Bukhari.Sahih.Shamela0001681-ara1	1.0	
urn:hadith:0256Bukhari.Sahih:3978	3978	4215	Fath al-Bari numbering	text match to 0256Bukhari.Sahih.Shamela0001681-ara1	0.89	
urn:hadith:0256Bukhari.Sahih:3979	3979	4216	Fath al-Bari numbering	text match to 0256Bukhari.Sahih.Shamela0001681-ara1	0.88	
urn:hadith:0256Bukhari.Sahih:3980	3980	4217	Fath al-Bari numbering	text match to 0256Bukhari.Sahih.Shamela0001681-ara1	0.81	
urn:hadith:0256Bukhari.Sahih:3981	3981	4218	Fath al-Bari numbering	text match to 0256Bukhari.Sahih.Shamela0001681-ara1	0.82	
urn:hadith:0256Bukhari.Sahih:3982	3982	4219	Fath al-Bari numbering	text match to 0256Bukhari.Sahih.Shamela0001681-ara1	1.0	
urn:hadith:0256Bukhari.Sahih:3983	3983	4220	Fath al-Bari numbering	text match to 0256Bukhari.Sahih.Shamela0001681-ara1	0.71	
urn:hadith:0256Bukhari.Sahih:3984	3984	4221	Fath al-Bari numbering	text match to 0256Bukhari.Sahih.Shamela0001681-ara1	1.0	
urn:hadith:0256Bukhari.Sahih:3985	3985	4223	Fath al-Bari numbering	text match to 0256Bukhari.Sahih.Shamela0001681-ara1	0.54	
urn:hadith:0256Bukhari.Sahih:3986	3986	4226	Fath al-Bari numbering	text match to 0256Bukhari.Sahih.Shamela0001681-ara1	0.86	
urn:hadith:0256Bukhari.Sahih:3987	3987	4227	Fath al-Bari numbering	text match to 0256Bukhari.Sahih.Shamela0001681-ara1	0.89	
urn:hadith:0256Bukhari.Sahih:3988	3988	4228	Fath al-Bari numbering	text match to 0256Bukhari.Sahih.Shamela0001681-ara1	0.9	
urn:hadith:0256Bukhari.Sahih:3989	3989	4229	Fath al-Bari numbering	text match to 0256Bukhari.Sahih.Shamela0001681-ara1	0.92	
urn:hadith:0256Bukhari.Sahih:3990	3990	4230	Fath al-Bari numbering	text match to 0256Bukhari.Sahih.Shamela0001681-ara1	0.93	
urn:hadith:0256Bukhari.Sahih:3991	3991	4232	Fath al-Bari numbering	text match to 0256Bukhari.Sahih.Shamela0001681-ara1	0.98	
urn:hadith:0256Bukhari.Sahih:3992	3992	4233	Fath al-Bari numbering	text match to 0256Bukhari.Sahih.Shamela0001681-ara1	1.0	
urn:hadith:0256Bukhari.Sahih:3993	3993	4234	Fath al-Bari numbering	text match to 0256Bukhari.Sahih.Shamela0001681-ara1	0.93	
urn:hadith:0256Bukhari.Sahih:3994	3994	4235	Fath al-Bari numbering	text match to 0256Bukhari.Sahih.Shamela0001681-ara1	1.0	
urn:hadith:0256Bukhari.Sahih:3995	3995	4236	Fath al-Bari numbering	text match to 0256Bukhari.Sahih.Shamela0001681-ara1	0.86	
urn:hadith:0256Bukhari.Sahih:3996	3996	4237	Fath al-Bari numbering	text match to 0256Bukhari.Sahih.Shamela0001681-ara1	0.58	
urn:hadith:0256Bukhari.Sahih:3997	3997	4239	Fath al-Bari numbering	text match to 0256Bukhari.Sahih.Shamela0001681-ara1	0.87	
urn:hadith:0256Bukhari.Sahih:3999	3999	4242	Fath al-Bari numbering	text match to 0256Bukhari.Sahih.Shamela0001681-ara1	1.0	
urn:hadith:0256Bukhari.Sahih:4000	4000	4243	Fath al-Bari numbering	text match to 0256Bukhari.Sahih.Shamela0001681-ara1	0.79	
urn:hadith:0256Bukhari.Sahih:4001	4001	4244	Fath al-Bari numbering	text match to 0256Bukhari.Sahih.Shamela0001681-ara1	0.88	
urn:hadith:0256Bukhari.Sahih:4002	4002	4248	Fath al-Bari numbering	text match to 0256Bukhari.Sahih.Shamela0001681-ara1	1.0	shared number
urn:hadith:0256Bukhari.Sahih:4003	4003	4248	Fath al-Bari numbering	text match to 0256Bukhari.Sahih.Shamela0001681-ara1	1.0	shared number
urn:hadith:0256Bukhari.Sahih:4004	4004	4250	Fath al-Bari numbering	text match to 0256Bukhari.Sahih.Shamela0001681-ara1	0.92	
urn:hadith:0256Bukhari.Sahih:4005	4005	4251	Fath al-Bari numbering	text match to 0256Bukhari.Sahih.Shamela0001681-ara1	1.0	
urn:hadith:0256Bukhari.Sahih:4006	4006	4252	Fath al-Bari numbering	text match to 0256Bukhari.Sahih.Shamela0001681-ara1	0.83	
urn:hadith:0256Bukhari.Sahih:4007	4007	4253	Fath al-Bari numbering	text match to 0256Bukhari.Sahih.Shamela0001681-ara1	0.53	
urn:hadith:0256Bukhari.Sahih:4008	4008	4255	Fath al-Bari numbering	text match to 0256Bukhari.Sahih.Shamela0001681-ara1	0.85	
urn:hadith:0256Bukhari.Sahih:4009	4009	4256	Fath al-Bari numbering	text match to 0256Bukhari.Sahih.Shamela0001681-ara1	0.64	
urn:hadith:0256Bukhari.Sahih:4010	4010	4257	Fath al-Bari numbering	text match to 0256Bukhari.Sahih.Shamela0001681-ara1	0.81	
urn:hadith:0256Bukhari.Sahih:4012	4012	4260	Fath al-Bari numbering	text match to 0256Bukhari.Sahih.Shamela0001681-ara1	0.6	
urn:hadith:0256Bukhari.Sahih:4013	4013	4261	Fath al-Bari numbering	text match to 0256Bukhari.Sahih.Shamela0001681-ara1	1.0	
urn:hadith:0256Bukhari.Sahih:4014	4014	4262	Fath al-Bari numbering	text match to 0256Bukhari.Sahih.Shamela0001681-ara1	0.83	
urn:hadith:0256Bukhari.Sahih:4015	4015	4263	Fath al-Bari numbering	text match to 0256Bukhari.Sahih.Shamela0001681-ara1	0.87	
urn:hadith:0256Bukhari.Sahih:4016	4016	4264	Fath al-Bari numbering	text match to 0256Bukhari.Sahih.Shamela0001681-ara1	0.56	
urn:hadith:0256Bukhari.Sahih:4017	4017	4265	Fath al-Bari numbering	text match to 0256Bukhari.Sahih.Shamela0001681-ara1	1.0	
urn:hadith:0256Bukhari.Sahih:4018	4018	4266	Fath al-Bari numbering	text match to 0256Bukhari.Sahih.Shamela0001681-ara1	1.0	
urn:hadith:0256Bukhari.Sahih:4019	4019	4267	Fath al-Bari numbering	text match to 0256Bukhari.Sahih.Shamela0001681-ara1	0.82	
urn:hadith:0256Bukhari.Sahih:4020	4020	4268	Fath al-Bari numbering	text match to 0256Bukhari.Sahih.Shamela0001681-ara1	1.0	
urn:hadith:0256Bukhari.Sahih:4021	4021	4269	Fath al-Bari numbering	text match to 0256Bukhari.Sahih.Shamela0001681-ara1	0.93	
urn:hadith:0256Bukhari.Sahih:4022	4022	4270	Fath al-Bari numbering	text match to 0256Bukhari.Sahih.Shamela0001681-ara1	0.71	
urn:hadith:0256Bukhari.Sahih:4023	4023	4272	Fath al-Bari numbering	text match to 0256Bukhari.Sahih.Shamela0001681-ara1	0.87	
urn:hadith:0256Bukhari.Sahih:4024	4024	4273	Fath al-Bari numbering	text match to 0256Bukhari.Sahih.Shamela0001681-ara1	1.0	
urn:hadith:0256Bukhari.Sahih:4025	4025	4274	Fath al-Bari numbering	text match to 0256Bukhari.Sahih.Shamela0001681-ara1	0.93	
urn:hadith:0256Bukhari.Sahih:4026	4026	4275	Fath al-Bari numbering	text match to 0256Bukhari.Sahih.Shamela0001681-ara1	0.8	
urn:hadith:0256Bukhari.Sahih:4027	4027	4276	Fath al-Bari numbering	text match to 0256Bukhari.Sahih.Shamela0001681-ara1	0.93	
urn:hadith:0256Bukhari.Sahih:4028	4028	4277	Fath al-Bari numbering	text match to 0256Bukhari.Sahih.Shamela0001681-ara1	0.61	
urn:hadith:0256Bukhari.Sahih:4029	4029	4279	Fath al-Bari numbering	text match to 0256Bukhari.Sahih.Shamela0001681-ara1	0.75	
urn:hadith:0256Bukhari.Sahih:4030	4030	4280	Fath al-Bari numbering	text match to 0256Bukhari.Sahih.Shamela0001681-ara1	1.0	
urn:hadith:0256Bukhari.Sahih:4031	4031	4281	Fath al-Bari numbering	text match to 0256Bukhari.Sahih.Shamela0001681-ara1	1.0	
urn:hadith:0256Bukhari.Sahih:4032	4032	4282	Fath al-Bari numbering	text match to 0256Bukhari.Sahih.Shamela0001681-ara1	0.61	
urn:hadith:0256Bukhari.Sahih:4033	4033	4284	Fath al-Bari numbering	text match to 0256Bukhari.Sahih.Shamela0001681-ara1	1.0	
urn:hadith:0256Bukhari.Sahih:4034	4034	4285	Fath al-Bari numbering	text match to 0256Bukhari.Sahih.Shamela0001681-ara1	0.87	
urn:hadith:0256Bukhari.Sahih:4035	4035	4286	Fath al-Bari numbering	text match to 0256Bukhari.Sahih.Shamela0001681-ara1	0.75	
urn:hadith:0256Bukhari.Sahih:4036	4036	4287	Fath al-Bari numbering	text match to 0256Bukhari.Sahih.Shamela0001681-ara1	0.84	
urn:hadith:0256Bukhari.Sahih:4037	4037	4288	Fath al-Bari numbering	text match to 0256Bukhari.Sahih.Shamela0001681-ara1	0.93	
urn:hadith:0256Bukhari.Sahih:4038	4038	4289	Fath al-Bari numbering	text match to 0256Bukhari.Sahih.Shamela0001681-ara1	1.0	
urn:hadith:0256Bukhari.Sahih:4039	4039	4290	Fath al-Bari numbering	text match to 0256Bukhari.Sahih.Shamela0001681-ara1	1.0	
urn:hadith:0256Bukhari.Sahih:4040	4040	4291	Fath al-Bari numbering	text match to 0256Bukhari.Sahih.Shamela0001681-ara1	1.0	
urn:hadith:0256Bukhari.Sahih:4041	4041	4292	Fath al-Bari numbering	text match to 0256Bukhari.Sahih.Shamela0001681-ara1	0.89	
urn:hadith:0256Bukhari.Sahih:4042	4042	4293	Fath al-Bari numbering	text match to 0256Bukhari.Sahih.Shamela0001681-ara1	1.0	
urn:hadith:0256Bukhari.Sahih:4043	4043	4294	Fath al-Bari numbering	text match to 0256Bukhari.Sahih.Shamela0001681-ara1	0.87	
urn:hadith:0256Bukhari.Sahih:4044	4044	4295	Fath al-Bari numbering	text match to 0256Bukhari.Sahih.Shamela0001681-ara1	0.87	
urn:hadith:0256Bukhari.Sahih:4045	4045	2236	Fath al-Bari numbering	text match to 0256Bukhari.Sahih.Shamela0001681-ara1	1.0	shared number, out of order
urn:hadith:0256Bukhari.Sahih:4046	4046	4297	Fath al-Bari numbering	text match to 0256Bukhari.Sahih.Shamela0001681-ara1	0.81	
urn:hadith:0256Bukhari.Sahih:4047	4047	4298	Fath al-Bari numbering	text match to 0256Bukhari.Sahih.Shamela0001681-ara1	0.79	
urn:hadith:0256Bukhari.Sahih:4048	4048	4299	Fath al-Bari numbering	text match to 0256Bukhari.Sahih.Shamela0001681-ara1	0.73	
urn:hadith:0256Bukhari.Sahih:4049	4049	4300	Fath al-Bari numbering	text match to 0256Bukhari.Sahih.Shamela0001681-ara1	0.76	
urn:hadith:0256Bukhari.Sahih:4050	4050	4301	Fath al-Bari numbering	text match to 0256Bukhari.Sahih.Shamela0001681-ara1	0.84	
urn:hadith:0256Bukhari.Sahih:4051	4051	4302	Fath al-Bari numbering	text match to 0256Bukhari.Sahih.Shamela0001681-ara1	1.0	
urn:hadith:0256Bukhari.Sahih:4052	4052	4303	Fath al-Bari numbering	text match to 0256Bukhari.Sahih.Shamela0001681-ara1	0.74	
urn:hadith:0256Bukhari.Sahih:4053	4053	4304	Fath al-Bari numbering	text match to 0256Bukhari.Sahih.Shamela0001681-ara1	1.0	
urn:hadith:0256Bukhari.Sahih:4054	4054	4305	Fath al-Bari numbering	text match to 0256Bukhari.Sahih.Shamela0001681-ara1	0.89	
urn:hadith:0256Bukhari.Sahih:4055	4055	4307	Fath al-Bari numbering	text match to 0256Bukhari.Sahih.Shamela0001681-ara1	1.0	
urn:hadith:0256Bukhari.Sahih:4056	4056	4309	Fath al-Bari numbering	text match to 0256Bukhari.Sahih.Shamela0001681-ara1	0.58	
urn:hadith:0256Bukhari.Sahih:4057	4057	4311	Fath al-Bari numbering	text match to 0256Bukhari.Sahih.Shamela0001681-ara1	1.0	
urn:hadith:0256Bukhari.Sahih:4058	4058	4312	Fath al-Bari numbering	text match to 0256Bukhari.Sahih.Shamela0001681-ara1	1.0	
urn:hadith:0256Bukhari.Sahih:4059	4059	4313	Fath al-Bari numbering	text match to 0256Bukhari.Sahih.Shamela0001681-ara1	0.8	
urn:hadith:0256Bukhari.Sahih:4060	4060	4314	Fath al-Bari numbering	text match to 0256Bukhari.Sahih.Shamela0001681-ara1	0.84	
urn:hadith:0256Bukhari.Sahih:4061	4061	4315	Fath al-Bari numbering	text match to 0256Bukhari.Sahih.Shamela0001681-ara1	0.95	
urn:hadith:0256Bukhari.Sahih:4062	4062	4316	Fath al-Bari numbering	text match to 0256Bukhari.Sahih.Shamela0001681-ara1	0.92	
urn:hadith:0256Bukhari.Sahih:4063	4063	4317	Fath al-Bari numbering	text match to 0256Bukhari.Sahih.Shamela0001681-ara1	1.0	
urn:hadith:0256Bukhari.Sahih:4064	4064	4318	Fath al-Bari numbering	text match to 0256Bukhari.Sahih.Shamela0001681-ara1	0.79	
urn:hadith:0256Bukhari.Sahih:4065	4065	4320	Fath al-Bari numbering	text match to 0256Bukhari.Sahih.Shamela0001681-ara1	0.8	
urn:hadith:0256Bukhari.Sahih:4066	4066	4321	Fath al-Bari numbering	text match to 0256Bukhari.Sahih.Shamela0001681-ara1	1.0	
urn:hadith:0256Bukhari.Sahih:4067	4067	4322	Fath al-Bari numbering	text match to 0256Bukhari.Sahih.Shamela0001681-ara1	1.0	
urn:hadith:0256Bukhari.Sahih:4068	4068	4323	Fath al-Bari numbering	text match to 0256Bukhari.Sahih.Shamela0001681-ara1	1.0	
urn:hadith:0256Bukhari.Sahih:4069	4069	4324	Fath al-Bari numbering	text match to 0256Bukhari.Sahih.Shamela0001681-ara1	0.76	
urn:hadith:0256Bukhari.Sahih:4070	4070	4325	Fath al-Bari numbering	text match to 0256Bukhari.Sahih.Shamela0001681-ara1	1.0	
urn:hadith:0256Bukhari.Sahih:4071	4071	4326	Fath al-Bari numbering	text match to 0256Bukhari.Sahih.Shamela0001681-ara1	1.0	
urn:hadith:0256Bukhari.Sahih:4073	4073	4328	Fath al-Bari numbering	text match to 0256Bukhari.Sahih.Shamela0001681-ara1	1.0	
urn:hadith:0256Bukhari.Sahih:4074	4074	4329	Fath al-Bari numbering	text match to 0256Bukhari.Sahih.Shamela0001681-ara1	0.8	
urn:hadith:0256Bukhari.Sahih:4075	4075	4330	Fath al-Bari numbering	text match to 0256Bukhari.Sahih.Shamela0001681-ara1	0.92	
urn:hadith:0256Bukhari.Sahih:4076	4076	4331	Fath al-Bari numbering	text match to 0256Bukhari.Sahih.Shamela0001681-ara1	1.0	
urn:hadith:0256Bukhari.Sahih:4077	4077	4332	Fath al-Bari numbering	text match to 0256Bukhari.Sahih.Shamela0001681-ara1	1.0	
urn:hadith:0256Bukhari.Sahih:4078	4078	4333	Fath al-Bari numbering	text match to 0256Bukhari.Sahih.Shamela0001681-ara1	0.93	
urn:hadith:0256Bukhari.Sahih:4079	4079	4334	Fath al-Bari numbering	text match to 0256Bukhari.Sahih.Shamela0001681-ara1	1.0	
urn:hadith:0256Bukhari.Sahih:4080	4080	4335	Fath al-Bari numbering	text match to 0256Bukhari.Sahih.Shamela0001681-ara1	1.0	
urn:hadith:0256Bukhari.Sahih:4081	4081	4336	Fath al-Bari numbering	text match to 0256Bukhari.Sahih.Shamela0001681-ara1	1.0	
urn:hadith:0256Bukhari.Sahih:4082	4082	4337	Fath al-Bari numbering	text match to 0256Bukhari.Sahih.Shamela0001681-ara1	0.93	
urn:hadith:0256Bukhari.Sahih:4083	4083	4338	Fath al-Bari numbering	text match to 0256Bukhari.Sahih.Shamela0001681-ara1	0.86	
urn:hadith:0256Bukhari.Sahih:4084	4084	4339	Fath al-Bari numbering	text match to 0256Bukhari.Sahih.Shamela0001681-ara1	1.0	
urn:hadith:0256Bukhari.Sahih:4085	4085	4340	Fath al-Bari numbering	text match to 0256Bukhari.Sahih.Shamela0001681-ara1	0.93	
urn:hadith:0256Bukhari.Sahih:4086	4086	4341	Fath al-Bari numbering	text match to 0256Bukhari.Sahih.Shamela0001681-ara1	0.93	
urn:hadith:0256Bukhari.Sahih:4087	4087	4343	Fath al-Bari numbering	text match to 0256Bukhari.Sahih.Shamela0001681-ara1	1.0	
urn:hadith:0256Bukhari.Sahih:4089	4089	4346	Fath al-Bari numbering	text match to 0256Bukhari.Sahih.Shamela0001681-ara1	1.0	
urn:hadith:0256Bukhari.Sahih:4090	4090	4347	Fath al-Bari numbering	text match to 0256Bukhari.Sahih.Shamela0001681-ara1	0.76	
urn:hadith:0256Bukhari.Sahih:4091	4091	4348	Fath al-Bari numbering	text match to 0256Bukhari.Sahih.Shamela0001681-ara1	0.91	
urn:hadith:0256Bukhari.Sahih:4092	4092	4349	Fath al-Bari numbering	text match to 0256Bukhari.Sahih.Shamela0001681-ara1	0.88	
urn:hadith:0256Bukhari.Sahih:4093	4093	4350	Fath al-Bari numbering	text match to 0256Bukhari.Sahih.Shamela0001681-ara1	1.0	
urn:hadith:0256Bukhari.Sahih:4094	4094	4351	Fath al-Bari numbering	text match to 0256Bukhari.Sahih.Shamela0001681-ara1	1.0	
urn:hadith:0256Bukhari.Sahih:4095	4095	4352	Fath al-Bari numbering	text match to 0256Bukhari.Sahih.Shamela0001681-ara1	0.78	
urn:hadith:0256Bukhari.Sahih:4096	4096	4353	Fath al-Bari numbering	text match to 0256Bukhari.Sahih.Shamela0001681-ara1	1.0	
urn:hadith:0256Bukhari.Sahih:4097	4097	4355	Fath al-Bari numbering	text match to 0256Bukhari.Sahih.Shamela0001681-ara1	1.0	
urn:hadith:0256Bukhari.Sahih:4098	4098	4356	Fath al-Bari numbering	text match to 0256Bukhari.Sahih.Shamela0001681-ara1	1.0	
urn:hadith:0256Bukhari.Sahih:4099	4099	4357	Fath al-Bari numbering	text match to 0256Bukhari.Sahih.Shamela0001681-ara1	1.0	
urn:hadith:0256Bukhari.Sahih:4100	4100	4358	Fath al-Bari numbering	text match to 0256Bukhari.Sahih.Shamela0001681-ara1	1.0	
urn:hadith:0256Bukhari.Sahih:4101	4101	4359	Fath al-Bari numbering	text match to 0256Bukhari.Sahih.Shamela0001681-ara1	0.87	
urn:hadith:0256Bukhari.Sahih:4102	4102	4360	Fath al-Bari numbering	text match to 0256Bukhari.Sahih.Shamela0001681-ara1	0.79	
urn:hadith:0256Bukhari.Sahih:4103	4103	4361	Fath al-Bari numbering	text match to 0256Bukhari.Sahih.Shamela0001681-ara1	0.92	
urn:hadith:0256Bukhari.Sahih:4104	4104	4362	Fath al-Bari numbering	text match to 0256Bukhari.Sahih.Shamela0001681-ara1	0.87	
urn:hadith:0256Bukhari.Sahih:4105	4105	4363	Fath al-Bari numbering	text match to 0256Bukhari.Sahih.Shamela0001681-ara1	0.85	
urn:hadith:0256Bukhari.Sahih:4106	4106	4364	Fath al-Bari numbering	text match to 0256Bukhari.Sahih.Shamela0001681-ara1	1.0	
urn:hadith:0256Bukhari.Sahih:4107	4107	4365	Fath al-Bari numbering	text match to 0256Bukhari.Sahih.Shamela0001681-ara1	0.91	
urn:hadith:0256Bukhari.Sahih:4108	4108	4366	Fath al-Bari numbering	text match to 0256Bukhari.Sahih.Shamela0001681-ara1	0.82	
urn:hadith:0256Bukhari.Sahih:4109	4109	4367	Fath al-Bari numbering	text match to 0256Bukhari.Sahih.Shamela0001681-ara1	0.85	
urn:hadith:0256Bukhari.Sahih:4110	4110	4368	Fath al-Bari numbering	text match to 0256Bukhari.Sahih.Shamela0001681-ara1	0.93	
urn:hadith:0256Bukhari.Sahih:4111	4111	4369	Fath al-Bari numbering	text match to 0256Bukhari.Sahih.Shamela0001681-ara1	0.93	
urn:hadith:0256Bukhari.Sahih:4112	4112	4370	Fath al-Bari numbering	text match to 0256Bukhari.Sahih.Shamela0001681-ara1	0.62	
urn:hadith:0256Bukhari.Sahih:4113	4113	4371	Fath al-Bari numbering	text match to 0256Bukhari.Sahih.Shamela0001681-ara1	0.78	
urn:hadith:0256Bukhari.Sahih:4114	4114	4372	Fath al-Bari numbering	text match to 0256Bukhari.Sahih.Shamela0001681-ara1	1.0	
urn:hadith:0256Bukhari.Sahih:4115	4115	3620	Fath al-Bari numbering	text match to 0256Bukhari.Sahih.Shamela0001681-ara1	0.93	shared number, out of order
urn:hadith:0256Bukhari.Sahih:4116	4116	4374	Fath al-Bari numbering	text match to 0256Bukhari.Sahih.Shamela0001681-ara1	0.92	
urn:hadith:0256Bukhari.Sahih:4117	4117	4376	Fath al-Bari numbering	text match to 0256Bukhari.Sahih.Shamela0001681-ara1	0.72	
urn:hadith:0256Bukhari.Sahih:4118	4118	4378	Fath al-Bari numbering	text match to 0256Bukhari.Sahih.Shamela0001681-ara1	0.93	
urn:hadith:0256Bukhari.Sahih:4119	4119	4380	Fath al-Bari numbering	text match to 0256Bukhari.Sahih.Shamela0001681-ara1	0.93	
urn:hadith:0256Bukhari.Sahih:4120	4120	4381	Fath al-Bari numbering	text match to 0256Bukhari.Sahih.Shamela0001681-ara1	0.9	
urn:hadith:0256Bukhari.Sahih:4121	4121	4382	Fath al-Bari numbering	text match to 0256Bukhari.Sahih.Shamela0001681-ara1	1.0	
urn:hadith:0256Bukhari.Sahih:4122	4122	4383	Fath al-Bari numbering	text match to 0256Bukhari.Sahih.Shamela0001681-ara1	0.93	
urn:hadith:0256Bukhari.Sahih:4123	4123	4384	Fath al-Bari numbering	text match to 0256Bukhari.Sahih.Shamela0001681-ara1	0.8	
urn:hadith:0256Bukhari.Sahih:4124	4124	4385	Fath al-Bari numbering	text match to 0256Bukhari.Sahih.Shamela0001681-ara1	1.0	
urn:hadith:0256Bukhari.Sahih:4125	4125	4386	Fath al-Bari numbering	text match to 0256Bukhari.Sahih.Shamela0001681-ara1	1.0	
urn:hadith:0256Bukhari.Sahih:4126	4126	4387	Fath al-Bari numbering	text match to 0256Bukhari.Sahih.Shamela0001681-ara1	1.0	
urn:hadith:0256Bukhari.Sahih:4127	4127	4388	Fath al-Bari numbering	text match to 0256Bukhari.Sahih.Shamela0001681-ara1	0.92	
urn:hadith:0256Bukhari.Sahih:4128	4128	4389	Fath al-Bari numbering	text match to 0256Bukhari.Sahih.Shamela0001681-ara1	1.0	
urn:hadith:0256Bukhari.Sahih:4129	4129	4390	Fath al-Bari numbering	text match to 0256Bukhari.Sahih.Shamela0001681-ara1	1.0	
urn:hadith:0256Bukhari.Sahih:4130	4130	4391	Fath al-Bari numbering	text match to 0256Bukhari.Sahih.Shamela0001681-ara1	0.87	
urn:hadith:0256Bukhari.Sahih:4131	4131	4392	Fath al-Bari numbering	text match to 0256Bukhari.Sahih.Shamela0001681-ara1	0.88	
urn:hadith:0256Bukhari.Sahih:4132	4132	4393	Fath al-Bari numbering	text match to 0256Bukhari.Sahih.Shamela0001681-ara1	0.94	
urn:hadith:0256Bukhari.Sahih:4133	4133	4394	Fath al-Bari numbering	text match to 0256Bukhari.Sahih.Shamela0001681-ara1	1.0	
urn:hadith:0256Bukhari.Sahih:4134	4134	4395	Fath al-Bari numbering	text match to 0256Bukhari.Sahih.Shamela0001681-ara1	0.93	
urn:hadith:0256Bukhari.Sahih:4135	4135	4396	Fath al-Bari numbering	text match to 0256Bukhari.Sahih.Shamela0001681-ara1	0.61	
urn:hadith:0256Bukhari.Sahih:4136	4136	4397	Fath al-Bari numbering	text match to 0256Bukhari.Sahih.Shamela0001681-ara1	1.0	
urn:hadith:0256Bukhari.Sahih:4137	4137	4398	Fath al-Bari numbering	text match to 0256Bukhari.Sahih.Shamela0001681-ara1	0.91	
urn:hadith:0256Bukhari.Sahih:4138	4138	4399	Fath al-Bari numbering	text match to 0256Bukhari.Sahih.Shamela0001681-ara1	0.86	
urn:hadith:0256Bukhari.Sahih:4139	4139	4400	Fath al-Bari numbering	text match to 0256Bukhari.Sahih.Shamela0001681-ara1	0.93	
urn:hadith:0256Bukhari.Sahih:4140	4140	4401	Fath al-Bari numbering	text match to 0256Bukhari.Sahih.Shamela0001681-ara1	1.0	
urn:hadith:0256Bukhari.Sahih:4141	4141	4402	Fath al-Bari numbering	text match to 0256Bukhari.Sahih.Shamela0001681-ara1	0.8	
urn:hadith:0256Bukhari.Sahih:4142	4142	4404	Fath al-Bari numbering	text match to 0256Bukhari.Sahih.Shamela0001681-ara1	1.0	
urn:hadith:0256Bukhari.Sahih:4143	4143	4405	Fath al-Bari numbering	text match to 0256Bukhari.Sahih.Shamela0001681-ara1	1.0	
urn:hadith:0256Bukhari.Sahih:4144	4144	4406	Fath al-Bari numbering	text match to 0256Bukhari.Sahih.Shamela0001681-ara1	0.76	
urn:hadith:0256Bukhari.Sahih:4145	4145	4407	Fath al-Bari numbering	text match to 0256Bukhari.Sahih.Shamela0001681-ara1	0.93	
urn:hadith:0256Bukhari.Sahih:4146	4146	4408	Fath al-Bari numbering	text match to 0256Bukhari.Sahih.Shamela0001681-ara1	1.0	
urn:hadith:0256Bukhari.Sahih:4147	4147	4409	Fath al-Bari numbering	text match to 0256Bukhari.Sahih.Shamela0001681-ara1	0.89	
urn:hadith:0256Bukhari.Sahih:4148	4148	4410	Fath al-Bari numbering	text match to 0256Bukhari.Sahih.Shamela0001681-ara1	0.82	
urn:hadith:0256Bukhari.Sahih:4149	4149	4411	Fath al-Bari numbering	text match to 0256Bukhari.Sahih.Shamela0001681-ara1	0.69	
urn:hadith:0256Bukhari.Sahih:4150	4150	4412	Fath al-Bari numbering	text match to 0256Bukhari.Sahih.Shamela0001681-ara1	0.82	
urn:hadith:0256Bukhari.Sahih:4151	4151	4413	Fath al-Bari numbering	text match to 0256Bukhari.Sahih.Shamela0001681-ara1	1.0	
urn:hadith:0256Bukhari.Sahih:4152	4152	4414	Fath al-Bari numbering	text match to 0256Bukhari.Sahih.Shamela0001681-ara1	1.0	
urn:hadith:0256Bukhari.Sahih:4153	4153	4415	Fath al-Bari numbering	text match to 0256Bukhari.Sahih.Shamela0001681-ara1	0.96	
urn:hadith:0256Bukhari.Sahih:4154	4154	4416	Fath al-Bari numbering	text match to 0256Bukhari.Sahih.Shamela0001681-ara1	1.0	
urn:hadith:0256Bukhari.Sahih:4155	4155	4417	Fath al-Bari numbering	text match to 0256Bukhari.Sahih.Shamela0001681-ara1	0.93	
urn:hadith:0256Bukhari.Sahih:4156	4156	4418	Fath al-Bari numbering	text match to 0256Bukhari.Sahih.Shamela0001681-ara1	0.93	
urn:hadith:0256Bukhari.Sahih:4157	4157	4419	Fath al-Bari numbering	text match to 0256Bukhari.Sahih.Shamela0001681-ara1	0.9	
urn:hadith:0256Bukhari.Sahih:4158	4158	4420	Fath al-Bari numbering	text match to 0256Bukhari.Sahih.Shamela0001681-ara1	0.86	
urn:hadith:0256Bukhari.Sahih:4159	4159	4421	Fath al-Bari numbering	text match to 0256Bukhari.Sahih.Shamela0001681-ara1	0.92	
urn:hadith:0256Bukhari.Sahih:4160	4160	4422	Fath al-Bari numbering	text match to 0256Bukhari.Sahih.Shamela0001681-ara1	1.0	
urn:hadith:0256Bukhari.Sahih:4161	4161	4423	Fath al-Bari numbering	text match to 0256Bukhari.Sahih.Shamela0001681-ara1	1.0	
urn:hadith:0256Bukhari.Sahih:4162	4162	4424	Fath al-Bari numbering	text match to 0256Bukhari.Sahih.Shamela0001681-ara1	0.78	
urn:hadith:0256Bukhari.Sahih:4163	4163	4425	Fath al-Bari numbering	text match to 0256Bukhari.Sahih.Shamela0001681-ara1	1.0	
urn:hadith:0256Bukhari.Sahih:4164	4164	4426	Fath al-Bari numbering	text match to 0256Bukhari.Sahih.Shamela0001681-ara1	0.52	
urn:hadith:0256Bukhari.Sahih:4165	4165	4428	Fath al-Bari numbering	text match to 0256Bukhari.Sahih.Shamela0001681-ara1	1.0	
urn:hadith:0256Bukhari.Sahih:4166	4166	4429	Fath al-Bari numbering	text match to 0256Bukhari.Sahih.Shamela0001681-ara1	0.89	
urn:hadith:0256Bukhari.Sahih:4167	4167	4430	Fath al-Bari numbering	text match to 0256Bukhari.Sahih.Shamela0001681-ara1	0.64	
urn:hadith:0256Bukhari.Sahih:4168	4168	4431	Fath al-Bari numbering	text match to 0256Bukhari.Sahih.Shamela0001681-ara1	0.87	
urn:hadith:0256Bukhari.Sahih:4169	4169	4432	Fath al-Bari numbering	text match to 0256Bukhari.Sahih.Shamela0001681-ara1	0.87	
urn:hadith:0256Bukhari.Sahih:4170	4170	4433	Fath al-Bari numbering	text match to 0256Bukhari.Sahih.Shamela0001681-ara1	0.86	
urn:hadith:0256Bukhari.Sahih:4171	4171	4435	Fath al-Bari numbering	text match to 0256Bukhari.Sahih.Shamela0001681-ara1	0.91	
urn:hadith:0256Bukhari.Sahih:4172	4172	4436	Fath al-Bari numbering	text match to 0256Bukhari.Sahih.Shamela0001681-ara1	1.0	
urn:hadith:0256Bukhari.Sahih:4173	4173	4437	Fath al-Bari numbering	text match to 0256Bukhari.Sahih.Shamela0001681-ara1	0.94	
urn:hadith:0256Bukhari.Sahih:4174	4174	4438	Fath al-Bari numbering	text match to 0256Bukhari.Sahih.Shamela0001681-ara1	0.93	
urn:hadith:0256Bukhari.Sahih:4175	4175	4439	Fath al-Bari numbering	text match to 0256Bukhari.Sahih.Shamela0001681-ara1	0.91	
urn:hadith:0256Bukhari.Sahih:4176	4176	4440	Fath al-Bari numbering	text match to 0256Bukhari.Sahih.Shamela0001681-ara1	0.98	
urn:hadith:0256Bukhari.Sahih:4177	4177	4441	Fath al-Bari numbering	text match to 0256Bukhari.Sahih.Shamela0001681-ara1	1.0	
urn:hadith:0256Bukhari.Sahih:4178	4178	4442	Fath al-Bari numbering	text match to 0256Bukhari.Sahih.Shamela0001681-ara1	0.93	
urn:hadith:0256Bukhari.Sahih:4179	4179	4443	Fath al-Bari numbering	text match to 0256Bukhari.Sahih.Shamela0001681-ara1	1.0	
urn:hadith:0256Bukhari.Sahih:4180	4180	4445	Fath al-Bari numbering	text match to 0256Bukhari.Sahih.Shamela0001681-ara1	0.88	
urn:hadith:0256Bukhari.Sahih:4181	4181	4446	Fath al-Bari numbering	text match to 0256Bukhari.Sahih.Shamela0001681-ara1	0.87	
urn:hadith:0256Bukhari.Sahih:4182	4182	4447	Fath al-Bari numbering	text match to 0256Bukhari.Sahih.Shamela0001681-ara1	0.93	
urn:hadith:0256Bukhari.Sahih:4183	4183	4448	Fath al-Bari numbering	text match to 0256Bukhari.Sahih.Shamela0001681-ara1	0.87	
urn:hadith:0256Bukhari.Sahih:4184	4184	4449	Fath al-Bari numbering	text match to 0256Bukhari.Sahih.Shamela0001681-ara1	0.93	
urn:hadith:0256Bukhari.Sahih:4185	4185	4450	Fath al-Bari numbering	text match to 0256Bukhari.Sahih.Shamela0001681-ara1	1.0	
urn:hadith:0256Bukhari.Sahih:4186	4186	4451	Fath al-Bari numbering	text match to 0256Bukhari.Sahih.Shamela0001681-ara1	0.93	
urn:hadith:0256Bukhari.Sahih:4187	4187	4452	Fath al-Bari numbering	text match to 0256Bukhari.Sahih.Shamela0001681-ara1	0.91	
urn:hadith:0256Bukhari.Sahih:4188	4188	4455	Fath al-Bari numbering	text match to 0256Bukhari.Sahih.Shamela0001681-ara1	0.87	
urn:hadith:0256Bukhari.Sahih:4189	4189	4458	Fath al-Bari numbering	text match to 0256Bukhari.Sahih.Shamela0001681-ara1	0.91	
urn:hadith:0256Bukhari.Sahih:4190	4190	4459	Fath al-Bari numbering	text match to 0256Bukhari.Sahih.Shamela0001681-ara1	0.89	
urn:hadith:0256Bukhari.Sahih:4191	4191	4460	Fath al-Bari numbering	text match to 0256Bukhari.Sahih.Shamela0001681-ara1	1.0	
urn:hadith:0256Bukhari.Sahih:4192	4192	4461	Fath al-Bari numbering	text match to 0256Bukhari.Sahih.Shamela0001681-ara1	1.0	
urn:hadith:0256Bukhari.Sahih:4193	4193	4462	Fath al-Bari numbering	text match to 0256Bukhari.Sahih.Shamela0001681-ara1	0.93	
urn:hadith:0256Bukhari.Sahih:4194	4194	4463	Fath al-Bari numbering	text match to 0256Bukhari.Sahih.Shamela0001681-ara1	1.0	
urn:hadith:0256Bukhari.Sahih:4195	4195	4464	Fath al-Bari numbering	text match to 0256Bukhari.Sahih.Shamela0001681-ara1	0.82	
urn:hadith:0256Bukhari.Sahih:4196	4196	4466	Fath al-Bari numbering	text match to 0256Bukhari.Sahih.Shamela0001681-ara1	0.62	
urn:hadith:0256Bukhari.Sahih:4197	4197	4467	Fath al-Bari numbering	text match to 0256Bukhari.Sahih.Shamela0001681-ara1	0.85	
urn:hadith:0256Bukhari.Sahih:4198	4198	4468	Fath al-Bari numbering	text match to 0256Bukhari.Sahih.Shamela0001681-ara1	1.0	
urn:hadith:0256Bukhari.Sahih:4199	4199	4469	Fath al-Bari numbering	text match to 0256Bukhari.Sahih.Shamela0001681-ara1	1.0	
urn:hadith:0256Bukhari.Sahih:4200	4200	4470	Fath al-Bari numbering	text match to 0256Bukhari.Sahih.Shamela0001681-ara1	0.85	
urn:hadith:0256Bukhari.Sahih:4201	4201	4471	Fath al-Bari numbering	text match to 0256Bukhari.Sahih.Shamela0001681-ara1	1.0	
urn:hadith:0256Bukhari.Sahih:4202	4202	4472	Fath al-Bari numbering	text match to 0256Bukhari.Sahih.Shamela0001681-ara1	1.0	
urn:hadith:0256Bukhari.Sahih:4203	4203	4473	Fath al-Bari numbering	text match to 0256Bukhari.Sahih.Shamela0001681-ara1	0.74	
urn:hadith:0256Bukhari.Sahih:4204	4204	4474	Fath al-Bari numbering	text match to 0256Bukhari.Sahih.Shamela0001681-ara1	0.93	
urn:hadith:0256Bukhari.Sahih:4205	4205	4475	Fath al-Bari numbering	text match to 0256Bukhari.Sahih.Shamela0001681-ara1	0.91	
urn:hadith:0256Bukhari.Sahih:4206	4206	4476	Fath al-Bari numbering	text match to 0256Bukhari.Sahih.Shamela0001681-ara1	1.0	
urn:hadith:0256Bukhari.Sahih:4207	4207	4477	Fath al-Bari numbering	text match to 0256Bukhari.Sahih.Shamela0001681-ara1	1.0	
urn:hadith:0256Bukhari.Sahih:4208	4208	4478	Fath al-Bari numbering	text match to 0256Bukhari.Sahih.Shamela0001681-ara1	1.0	
urn:hadith:0256Bukhari.Sahih:4209	4209	4479	Fath al-Bari numbering	text match to 0256Bukhari.Sahih.Shamela0001681-ara1	0.67	
urn:hadith:0256Bukhari.Sahih:4210	4210	4480	Fath al-Bari numbering	text match to 0256Bukhari.Sahih.Shamela0001681-ara1	1.0	
urn:hadith:0256Bukhari.Sahih:4211	4211	4481	Fath al-Bari numbering	text match to 0256Bukhari.Sahih.Shamela0001681-ara1	0.91	
urn:hadith:0256Bukhari.Sahih:4212	4212	4482	Fath al-Bari numbering	text match to 0256Bukhari.Sahih.Shamela0001681-ara1	0.84	
urn:hadith:0256Bukhari.Sahih:4213	4213	4483	Fath al-Bari numbering	text match to 0256Bukhari.Sahih.Shamela0001681-ara1	0.93	
urn:hadith:0256Bukhari.Sahih:4214	4214	4484	Fath al-Bari numbering	text match to 0256Bukhari.Sahih.Shamela0001681-ara1	0.93	
urn:hadith:0256Bukhari.Sahih:4215	4215	4485	Fath al-Bari numbering	text match to 0256Bukhari.Sahih.Shamela0001681-ara1	0.89	
urn:hadith:0256Bukhari.Sahih:4216	4216	4486	Fath al-Bari numbering	text match to 0256Bukhari.Sahih.Shamela0001681-ara1	1.0	
urn:hadith:0256Bukhari.Sahih:4217	4217	4487	Fath al-Bari numbering	text match to 0256Bukhari.Sahih.Shamela0001681-ara1	0.87	
urn:hadith:0256Bukhari.Sahih:4218	4218	4488	Fath al-Bari numbering	text match to 0256Bukhari.Sahih.Shamela0001681-ara1	0.88	
urn:hadith:0256Bukhari.Sahih:4219	4219	4489	Fath al-Bari numbering	text match to 0256Bukhari.Sahih.Shamela0001681-ara1	1.0	
urn:hadith:0256Bukhari.Sahih:4220	4220	4490	Fath al-Bari numbering	text match to 0256Bukhari.Sahih.Shamela0001681-ara1	0.9	
urn:hadith:0256Bukhari.Sahih:4221	4221	4491	Fath al-Bari numbering	text match to 0256Bukhari.Sahih.Shamela0001681-ara1	0.89	
urn:hadith:0256Bukhari.Sahih:4222	4222	4492	Fath al-Bari numbering	text match to 0256Bukhari.Sahih.Shamela0001681-ara1	1.0	
urn:hadith:0256Bukhari.Sahih:4223	4223	4493	Fath al-Bari numbering	text match to 0256Bukhari.Sahih.Shamela0001681-ara1	0.78	
urn:hadith:0256Bukhari.Sahih:4224	4224	4494	Fath al-Bari numbering	text match to 0256Bukhari.Sahih.Shamela0001681-ara1	0.87	
urn:hadith:0256Bukhari.Sahih:4225	4225	4495	Fath al-Bari numbering	text match to 0256Bukhari.Sahih.Shamela0001681-ara1	0.93	
urn:hadith:0256Bukhari.Sahih:4226	4226	4496	Fath al-Bari numbering	text match to 0256Bukhari.Sahih.Shamela0001681-ara1	0.92	
urn:hadith:0256Bukhari.Sahih:4227	4227	4497	Fath al-Bari numbering	text match to 0256Bukhari.Sahih.Shamela0001681-ara1	1.0	
urn:hadith:0256Bukhari.Sahih:4228	4228	4498	Fath al-Bari numbering	text match to 0256Bukhari.Sahih.Shamela0001681-ara1	0.74	
urn:hadith:0256Bukhari.Sahih:4229	4229	4499	Fath al-Bari numbering	text match to 0256Bukhari.Sahih.Shamela0001681-ara1	1.0	
urn:hadith:0256Bukhari.Sahih:4230	4230	4500	Fath al-Bari numbering	text match to 0256Bukhari.Sahih.Shamela0001681-ara1	1.0	
urn:hadith:0256Bukhari.Sahih:4231	4231	4501	Fath al-Bari numbering	text match to 0256Bukhari.Sahih.Shamela0001681-ara1	0.83	
urn:hadith:0256Bukhari.Sahih:4232	4232	4502	Fath al-Bari numbering	text match to 0256Bukhari.Sahih.Shamela0001681-ara1	0.82	
urn:hadith:0256Bukhari.Sahih:4233	4233	4503	Fath al-Bari numbering	text match to 0256Bukhari.Sahih.Shamela0001681-ara1	1.0	
urn:hadith:0256Bukhari.Sahih:4234	4234	4504	Fath al-Bari numbering	text match to 0256Bukhari.Sahih.Shamela0001681-ara1	1.0	
urn:hadith:0256Bukhari.Sahih:4235	4235	4505	Fath al-Bari numbering	text match to 0256Bukhari.Sahih.Shamela0001681-ara1	0.51	
urn:hadith:0256Bukhari.Sahih:4236	4236	4506	Fath al-Bari numbering	text match to 0256Bukhari.Sahih.Shamela0001681-ara1	0.77	
urn:hadith:0256Bukhari.Sahih:4237	4237	4507	Fath al-Bari numbering	text match to 0256Bukhari.Sahih.Shamela0001681-ara1	0.92	
urn:hadith:0256Bukhari.Sahih:4238	4238	4508	Fath al-Bari numbering	text match to 0256Bukhari.Sahih.Shamela0001681-ara1	1.0	
urn:hadith:0256Bukhari.Sahih:4239	4239	4509	Fath al-Bari numbering	text match to 0256Bukhari.Sahih.Shamela0001681-ara1	0.91	
urn:hadith:0256Bukhari.Sahih:4240	4240	4510	Fath al-Bari numbering	text match to 0256Bukhari.Sahih.Shamela0001681-ara1	1.0	
urn:hadith:0256Bukhari.Sahih:4241	4241	4511	Fath al-Bari numbering	text match to 0256Bukhari.Sahih.Shamela0001681-ara1	0.77	
urn:hadith:0256Bukhari.Sahih:4242	4242	4512	Fath al-Bari numbering	text match to 0256Bukhari.Sahih.Shamela0001681-ara1	1.0	
urn:hadith:0256Bukhari.Sahih:4243	4243	4513	Fath al-Bari numbering	text match to 0256Bukhari.Sahih.Shamela0001681-ara1	0.68	
urn:hadith:0256Bukhari.Sahih:4244	4244	4516	Fath al-Bari numbering	text match to 0256Bukhari.Sahih.Shamela0001681-ara1	0.83	
urn:hadith:0256Bukhari.Sahih:4245	4245	4517	Fath al-Bari numbering	text match to 0256Bukhari.Sahih.Shamela0001681-ara1	1.0	
urn:hadith:0256Bukhari.Sahih:4246	4246	4518	Fath al-Bari numbering	text match to 0256Bukhari.Sahih.Shamela0001681-ara1	1.0	
urn:hadith:0256Bukhari.Sahih:4247	4247	4519	Fath al-Bari numbering	text match to 0256Bukhari.Sahih.Shamela0001681-ara1	0.64	
urn:hadith:0256Bukhari.Sahih:4248	4248	4520	Fath al-Bari numbering	text match to 0256Bukhari.Sahih.Shamela0001681-ara1	0.91	
urn:hadith:0256Bukhari.Sahih:4249	4249	4521	Fath al-Bari numbering	text match to 0256Bukhari.Sahih.Shamela0001681-ara1	0.93	
urn:hadith:0256Bukhari.Sahih:4250	4250	4522	Fath al-Bari numbering	text match to 0256Bukhari.Sahih.Shamela0001681-ara1	1.0	
urn:hadith:0256Bukhari.Sahih:4251	4251	4523	Fath al-Bari numbering	text match to 0256Bukhari.Sahih.Shamela0001681-ara1	0.6	
urn:hadith:0256Bukhari.Sahih:4254	4254	4528	Fath al-Bari numbering	text match to 0256Bukhari.Sahih.Shamela0001681-ara1	0.82	
urn:hadith:0256Bukhari.Sahih:4255	4255	4529	Fath al-Bari numbering	text match to 0256Bukhari.Sahih.Shamela0001681-ara1	1.0	
urn:hadith:0256Bukhari.Sahih:4256	4256	4530	Fath al-Bari numbering	text match to 0256Bukhari.Sahih.Shamela0001681-ara1	0.56	
urn:hadith:0256Bukhari.Sahih:4257	4257	4531	Fath al-Bari numbering	text match to 0256Bukhari.Sahih.Shamela0001681-ara1	0.8	
urn:hadith:0256Bukhari.Sahih:4258	4258	4532	Fath al-Bari numbering	text match to 0256Bukhari.Sahih.Shamela0001681-ara1	0.93	
urn:hadith:0256Bukhari.Sahih:4259	4259	4533	Fath al-Bari numbering	text match to 0256Bukhari.Sahih.Shamela0001681-ara1	0.86	
urn:hadith:0256Bukhari.Sahih:4260	4260	4534	Fath al-Bari numbering	text match to 0256Bukhari.Sahih.Shamela0001681-ara1	0.95	
urn:hadith:0256Bukhari.Sahih:4261	4261	4535	Fath al-Bari numbering	text match to 0256Bukhari.Sahih.Shamela0001681-ara1	1.0	
urn:hadith:0256Bukhari.Sahih:4262	4262	4536	Fath al-Bari numbering	text match to 0256Bukhari.Sahih.Shamela0001681-ara1	0.57	
urn:hadith:0256Bukhari.Sahih:4263	4263	4537	Fath al-Bari numbering	text match to 0256Bukhari.Sahih.Shamela0001681-ara1	0.66	
urn:hadith:0256Bukhari.Sahih:4264	4264	4538	Fath al-Bari numbering	text match to 0256Bukhari.Sahih.Shamela0001681-ara1	0.72	
urn:hadith:0256Bukhari.Sahih:4265	4265	4539	Fath al-Bari numbering	text match to 0256Bukhari.Sahih.Shamela0001681-ara1	0.88	
urn:hadith:0256Bukhari.Sahih:4266	4266	4540	Fath al-Bari numbering	text match to 0256Bukhari.Sahih.Shamela0001681-ara1	1.0	
urn:hadith:0256Bukhari.Sahih:4267	4267	4541	Fath al-Bari numbering	text match to 0256Bukhari.Sahih.Shamela0001681-ara1	0.9	
urn:hadith:0256Bukhari.Sahih:4268	4268	4542	Fath al-Bari numbering	text match to 0256Bukhari.Sahih.Shamela0001681-ara1	0.88	
urn:hadith:0256Bukhari.Sahih:4269	4269	4543	Fath al-Bari numbering	text match to 0256Bukhari.Sahih.Shamela0001681-ara1	1.0	
urn:hadith:0256Bukhari.Sahih:4270	4270	4544	Fath al-Bari numbering	text match to 0256Bukhari.Sahih.Shamela0001681-ara1	0.79	
urn:hadith:0256Bukhari.Sahih:4271	4271	4545	Fath al-Bari numbering	text match to 0256Bukhari.Sahih.Shamela0001681-ara1	0.82	
urn:hadith:0256Bukhari.Sahih:4272	4272	4546	Fath al-Bari numbering	text match to 0256Bukhari.Sahih.Shamela0001681-ara1	0.69	
urn:hadith:0256Bukhari.Sahih:4273	4273	4547	Fath al-Bari numbering	text match to 0256Bukhari.Sahih.Shamela0001681-ara1	0.89	
urn:hadith:0256Bukhari.Sahih:4274	4274	4548	Fath al-Bari numbering	text match to 0256Bukhari.Sahih.Shamela0001681-ara1	0.91	
urn:hadith:0256Bukhari.Sahih:4275	4275	4549	Fath al-Bari numbering	text match to 0256Bukhari.Sahih.Shamela0001681-ara1	1.0	
urn:hadith:0256Bukhari.Sahih:4276	4276	4551	Fath al-Bari numbering	text match to 0256Bukhari.Sahih.Shamela0001681-ara1	0.87	
urn:hadith:0256Bukhari.Sahih:4277	4277	4552	Fath al-Bari numbering	text match to 0256Bukhari.Sahih.Shamela0001681-ara1	0.58	
urn:hadith:0256Bukhari.Sahih:4278	4278	4553	Fath al-Bari numbering	text match to 0256Bukhari.Sahih.Shamela0001681-ara1	0.93	
urn:hadith:0256Bukhari.Sahih:4279	4279	4554	Fath al-Bari numbering	text match to 0256Bukhari.Sahih.Shamela0001681-ara1	0.89	
urn:hadith:0256Bukhari.Sahih:4280	4280	4556	Fath al-Bari numbering	text match to 0256Bukhari.Sahih.Shamela0001681-ara1	0.93	
urn:hadith:0256Bukhari.Sahih:4281	4281	4557	Fath al-Bari numbering	text match to 0256Bukhari.Sahih.Shamela0001681-ara1	1.0	
urn:hadith:0256Bukhari.Sahih:4282	4282	4558	Fath al-Bari numbering	text match to 0256Bukhari.Sahih.Shamela0001681-ara1	0.91	
urn:hadith:0256Bukhari.Sahih:4283	4283	4559	Fath al-Bari numbering	text match to 0256Bukhari.Sahih.Shamela0001681-ara1	0.87	
urn:hadith:0256Bukhari.Sahih:4284	4284	4560	Fath al-Bari numbering	text match to 0256Bukhari.Sahih.Shamela0001681-ara1	0.93	
urn:hadith:0256Bukhari.Sahih:4285	4285	4561	Fath al-Bari numbering	text match to 0256Bukhari.Sahih.Shamela0001681-ara1	1.0	
urn:hadith:0256Bukhari.Sahih:4286	4286	4562	Fath al-Bari numbering	text match to 0256Bukhari.Sahih.Shamela0001681-ara1	1.0	
urn:hadith:0256Bukhari.Sahih:4287	4287	4563	Fath al-Bari numbering	text match to 0256Bukhari.Sahih.Shamela0001681-ara1	0.89	
urn:hadith:0256Bukhari.Sahih:4288	4288	4564	Fath al-Bari numbering	text match to 0256Bukhari.Sahih.Shamela0001681-ara1	0.79	
urn:hadith:0256Bukhari.Sahih:4289	4289	4565	Fath al-Bari numbering	text match to 0256Bukhari.Sahih.Shamela0001681-ara1	0.93	
urn:hadith:0256Bukhari.Sahih:4290	4290	4566	Fath al-Bari numbering	text match to 0256Bukhari.Sahih.Shamela0001681-ara1	0.93	
urn:hadith:0256Bukhari.Sahih:4291	4291	4567	Fath al-Bari numbering	text match to 0256Bukhari.Sahih.Shamela0001681-ara1	0.97	
urn:hadith:0256Bukhari.Sahih:4292	4292	4568	Fath al-Bari numbering	text match to 0256Bukhari.Sahih.Shamela0001681-ara1	0.74	
urn:hadith:0256Bukhari.Sahih:4293	4293	4569	Fath al-Bari numbering	text match to 0256Bukhari.Sahih.Shamela0001681-ara1	0.87	
urn:hadith:0256Bukhari.Sahih:4294	4294	4570	Fath al-Bari numbering	text match to 0256Bukhari.Sahih.Shamela0001681-ara1	0.93	
urn:hadith:0256Bukhari.Sahih:4295	4295	4571	Fath al-Bari numbering	text match to 0256Bukhari.Sahih.Shamela0001681-ara1	1.0	
urn:hadith:0256Bukhari.Sahih:4296	4296	4572	Fath al-Bari numbering	text match to 0256Bukhari.Sahih.Shamela0001681-ara1	0.89	
urn:hadith:0256Bukhari.Sahih:4297	4297	4573	Fath al-Bari numbering	text match to 0256Bukhari.Sahih.Shamela0001681-ara1	0.81	
urn:hadith:0256Bukhari.Sahih:4298	4298	4574	Fath al-Bari numbering	text match to 0256Bukhari.Sahih.Shamela0001681-ara1	0.79	
urn:hadith:0256Bukhari.Sahih:4299	4299	4575	Fath al-Bari numbering	text match to 0256Bukhari.Sahih.Shamela0001681-ara1	0.9	
urn:hadith:0256Bukhari.Sahih:4300	4300	4576	Fath al-Bari numbering	text match to 0256Bukhari.Sahih.Shamela0001681-ara1	0.64	
urn:hadith:0256Bukhari.Sahih:4301	4301	4577	Fath al-Bari numbering	text match to 0256Bukhari.Sahih.Shamela0001681-ara1	0.75	
urn:hadith:0256Bukhari.Sahih:4302	4302	4578	Fath al-Bari numbering	text match to 0256Bukhari.Sahih.Shamela0001681-ara1	0.69	
urn:hadith:0256Bukhari.Sahih:4303	4303	4579	Fath al-Bari numbering	text match to 0256Bukhari.Sahih.Shamela0001681-ara1	0.69	
urn:hadith:0256Bukhari.Sahih:4304	4304	4580	Fath al-Bari numbering	text match to 0256Bukhari.Sahih.Shamela0001681-ara1	0.64	
urn:hadith:0256Bukhari.Sahih:4305	4305	4581	Fath al-Bari numbering	text match to 0256Bukhari.Sahih.Shamela0001681-ara1	1.0	
urn:hadith:0256Bukhari.Sahih:4306	4306	4582	Fath al-Bari numbering	text match to 0256Bukhari.Sahih.Shamela0001681-ara1	0.94	
urn:hadith:0256Bukhari.Sahih:4307	4307	5882	Fath al-Bari numbering	text match to 0256Bukhari.Sahih.Shamela0001681-ara1	0.78	shared number, out of order
urn:hadith:0256Bukhari.Sahih:4308	4308	4584	Fath al-Bari numbering	text match to 0256Bukhari.Sahih.Shamela0001681-ara1	0.71	
urn:hadith:0256Bukhari.Sahih:4309	4309	4585	Fath al-Bari numbering	text match to 0256Bukhari.Sahih.Shamela0001681-ara1	0.82	
urn:hadith:0256Bukhari.Sahih:4310	4310	4586	Fath al-Bari numbering	text match to 0256Bukhari.Sahih.Shamela0001681-ara1	0.95	
urn:hadith:0256Bukhari.Sahih:4311	4311	4587	Fath al-Bari numbering	text match to 0256Bukhari.Sahih.Shamela0001681-ara1	0.69	
urn:hadith:0256Bukhari.Sahih:4313	4313	4589	Fath al-Bari numbering	text match to 0256Bukhari.Sahih.Shamela0001681-ara1	0.87	
urn:hadith:0256Bukhari.Sahih:4314	4314	4590	Fath al-Bari numbering	text match to 0256Bukhari.Sahih.Shamela0001681-ara1	0.79	
urn:hadith:0256Bukhari.Sahih:4315	4315	4591	Fath al-Bari numbering	text match to 0256Bukhari.Sahih.Shamela0001681-ara1	0.65	
urn:hadith:0256Bukhari.Sahih:4316	4316	4592	Fath al-Bari numbering	text match to 0256Bukhari.Sahih.Shamela0001681-ara1	0.78	
urn:hadith:0256Bukhari.Sahih:4317	4317	4593	Fath al-Bari numbering	text match to 0256Bukhari.Sahih.Shamela0001681-ara1	0.76	
urn:hadith:0256Bukhari.Sahih:4318	4318	4594	Fath al-Bari numbering	text match to 0256Bukhari.Sahih.Shamela0001681-ara1	0.75	
urn:hadith:0256Bukhari.Sahih:4319	4319	4595	Fath al-Bari numbering	text match to 0256Bukhari.Sahih.Shamela0001681-ara1	0.55	
urn:hadith:0256Bukhari.Sahih:4320	4320	4596	Fath al-Bari numbering	text match to 0256Bukhari.Sahih.Shamela0001681-ara1	0.83	
urn:hadith:0256Bukhari.Sahih:4322	4322	4598	Fath al-Bari numbering	text match to 0256Bukhari.Sahih.Shamela0001681-ara1	1.0	
urn:hadith:0256Bukhari.Sahih:4323	4323	4599	Fath al-Bari numbering	text match to 0256Bukhari.Sahih.Shamela0001681-ara1	0.61	
urn:hadith:0256Bukhari.Sahih:4324	4324	4600	Fath al-Bari numbering	text match to 0256Bukhari.Sahih.Shamela0001681-ara1	0.58	
urn:hadith:0256Bukhari.Sahih:4325	4325	4601	Fath al-Bari numbering	text match to 0256Bukhari.Sahih.Shamela0001681-ara1	0.91	shared number
urn:hadith:0256Bukhari.Sahih:4326	4326	4602	Fath al-Bari numbering	text match to 0256Bukhari.Sahih.Shamela0001681-ara1	0.99	
urn:hadith:0256Bukhari.Sahih:4327	4327	4603	Fath al-Bari numbering	text match to 0256Bukhari.Sahih.Shamela0001681-ara1	1.0	
urn:hadith:0256Bukhari.Sahih:4328	4328	4604	Fath al-Bari numbering	text match to 0256Bukhari.Sahih.Shamela0001681-ara1	1.0	
urn:hadith:0256Bukhari.Sahih:4329	4329	4605	Fath al-Bari numbering	text match to 0256Bukhari.Sahih.Shamela0001681-ara1	1.0	
urn:hadith:0256Bukhari.Sahih:4330	4330	4606	Fath al-Bari numbering	text match to 0256Bukhari.Sahih.Shamela0001681-ara1	0.91	
urn:hadith:0256Bukhari.Sahih:4331	4331	4607	Fath al-Bari numbering	text match to 0256Bukhari.Sahih.Shamela0001681-ara1	1.0	
urn:hadith:0256Bukhari.Sahih:4332	4332	4608	Fath al-Bari numbering	text match to 0256Bukhari.Sahih.Shamela0001681-ara1	0.93	
urn:hadith:0256Bukhari.Sahih:4333	4333	4609	Fath al-Bari numbering	text match to 0256Bukhari.Sahih.Shamela0001681-ara1	0.93	
urn:hadith:0256Bukhari.Sahih:4334	4334	4610	Fath al-Bari numbering	text match to 0256Bukhari.Sahih.Shamela0001681-ara1	0.93	
urn:hadith:0256Bukhari.Sahih:4335	4335	4611	Fath al-Bari numbering	text match to 0256Bukhari.Sahih.Shamela0001681-ara1	1.0	
urn:hadith:0256Bukhari.Sahih:4336	4336	4612	Fath al-Bari numbering	text match to 0256Bukhari.Sahih.Shamela0001681-ara1	0.87	
urn:hadith:0256Bukhari.Sahih:4337	4337	4613	Fath al-Bari numbering	text match to 0256Bukhari.Sahih.Shamela0001681-ara1	0.86	
urn:hadith:0256Bukhari.Sahih:4338	4338	4614	Fath al-Bari numbering	text match to 0256Bukhari.Sahih.Shamela0001681-ara1	0.93	
urn:hadith:0256Bukhari.Sahih:4339	4339	4615	Fath al-Bari numbering	text match to 0256Bukhari.Sahih.Shamela0001681-ara1	1.0	
urn:hadith:0256Bukhari.Sahih:4340	4340	4616	Fath al-Bari numbering	text match to 0256Bukhari.Sahih.Shamela0001681-ara1	0.86	
urn:hadith:0256Bukhari.Sahih:4341	4341	4617	Fath al-Bari numbering	text match to 0256Bukhari.Sahih.Shamela0001681-ara1	0.92	
urn:hadith:0256Bukhari.Sahih:4342	4342	4618	Fath al-Bari numbering	text match to 0256Bukhari.Sahih.Shamela0001681-ara1	0.76	
urn:hadith:0256Bukhari.Sahih:4343	4343	4619	Fath al-Bari numbering	text match to 0256Bukhari.Sahih.Shamela0001681-ara1	0.79	
urn:hadith:0256Bukhari.Sahih:4344	4344	4620	Fath al-Bari numbering	text match to 0256Bukhari.Sahih.Shamela0001681-ara1	0.93	
urn:hadith:0256Bukhari.Sahih:4345	4345	4621	Fath al-Bari numbering	text match to 0256Bukhari.Sahih.Shamela0001681-ara1	0.95	
urn:hadith:0256Bukhari.Sahih:4346	4346	4622	Fath al-Bari numbering	text match to 0256Bukhari.Sahih.Shamela0001681-ara1	0.84	
urn:hadith:0256Bukhari.Sahih:4347	4347	4623	Fath al-Bari numbering	text match to 0256Bukhari.Sahih.Shamela0001681-ara1	0.93	
urn:hadith:0256Bukhari.Sahih:4348	4348	4624	Fath al-Bari numbering	text match to 0256Bukhari.Sahih.Shamela0001681-ara1	1.0	
urn:hadith:0256Bukhari.Sahih:4349	4349	4625	Fath al-Bari numbering	text match to 0256Bukhari.Sahih.Shamela0001681-ara1	0.87	
urn:hadith:0256Bukhari.Sahih:4350	4350	4626	Fath al-Bari numbering	text match to 0256Bukhari.Sahih.Shamela0001681-ara1	0.8	
urn:hadith:0256Bukhari.Sahih:4351	4351	4627	Fath al-Bari numbering	text match to 0256Bukhari.Sahih.Shamela0001681-ara1	0.83	
urn:hadith:0256Bukhari.Sahih:4352	4352	4628	Fath al-Bari numbering	text match to 0256Bukhari.Sahih.Shamela0001681-ara1	0.81	
urn:hadith:0256Bukhari.Sahih:4353	4353	4629	Fath al-Bari numbering	text match to 0256Bukhari.Sahih.Shamela0001681-ara1	0.69	
urn:hadith:0256Bukhari.Sahih:4354	4354	4630	Fath al-Bari numbering	text match to 0256Bukhari.Sahih.Shamela0001681-ara1	0.64	
urn:hadith:0256Bukhari.Sahih:4355	4355	4631	Fath al-Bari numbering	text match to 0256Bukhari.Sahih.Shamela0001681-ara1	1.0	
urn:hadith:0256Bukhari.Sahih:4356	4356	4632	Fath al-Bari numbering	text match to 0256Bukhari.Sahih.Shamela0001681-ara1	0.71	
urn:hadith:0256Bukhari.Sahih:4357	4357	4633	Fath al-Bari numbering	text match to 0256Bukhari.Sahih.Shamela0001681-ara1	0.87	
urn:hadith:0256Bukhari.Sahih:4358	4358	4634	Fath al-Bari numbering	text match to 0256Bukhari.Sahih.Shamela0001681-ara1	0.8	
urn:hadith:0256Bukhari.Sahih:4359	4359	4635	Fath al-Bari numbering	text match to 0256Bukhari.Sahih.Shamela0001681-ara1	1.0	
urn:hadith:0256Bukhari.Sahih:4360	4360	4636	Fath al-Bari numbering	text match to 0256Bukhari.Sahih.Shamela0001681-ara1	1.0	
urn:hadith:0256Bukhari.Sahih:4361	4361	4637	Fath al-Bari numbering	text match to 0256Bukhari.Sahih.Shamela0001681-ara1	1.0	
urn:hadith:0256Bukhari.Sahih:4362	4362	4638	Fath al-Bari numbering	text match to 0256Bukhari.Sahih.Shamela0001681-ara1	1.0	
urn:hadith:0256Bukhari.Sahih:4363	4363	4639	Fath al-Bari numbering	text match to 0256Bukhari.Sahih.Shamela0001681-ara1	1.0	
urn:hadith:0256Bukhari.Sahih:4364	4364	4640	Fath al-Bari numbering	text match to 0256Bukhari.Sahih.Shamela0001681-ara1	1.0	
urn:hadith:0256Bukhari.Sahih:4365	4365	4641	Fath al-Bari numbering	text match to 0256Bukhari.Sahih.Shamela0001681-ara1	0.79	
urn:hadith:0256Bukhari.Sahih:4366	4366	4642	Fath al-Bari numbering	text match to 0256Bukhari.Sahih.Shamela0001681-ara1	0.71	
urn:hadith:0256Bukhari.Sahih:4367	4367	4644	Fath al-Bari numbering	text match to 0256Bukhari.Sahih.Shamela0001681-ara1	0.62	
urn:hadith:0256Bukhari.Sahih:4368	4368	4645	Fath al-Bari numbering	text match to 0256Bukhari.Sahih.Shamela0001681-ara1	0.67	
urn:hadith:0256Bukhari.Sahih:4369	4369	4646	Fath al-Bari numbering	text match to 0256Bukhari.Sahih.Shamela0001681-ara1	0.5	
urn:hadith:0256Bukhari.Sahih:4370	4370	4647	Fath al-Bari numbering	text match to 0256Bukhari.Sahih.Shamela0001681-ara1	0.87	
urn:hadith:0256Bukhari.Sahih:4371	4371	4648	Fath al-Bari numbering	text match to 0256Bukhari.Sahih.Shamela0001681-ara1	0.91	
urn:hadith:0256Bukhari.Sahih:4372	4372	4649	Fath al-Bari numbering	text match to 0256Bukhari.Sahih.Shamela0001681-ara1	0.92	
urn:hadith:0256Bukhari.Sahih:4373	4373	4650	Fath al-Bari numbering	text match to 0256Bukhari.Sahih.Shamela0001681-ara1	0.8	
urn:hadith:0256Bukhari.Sahih:4374	4374	4651	Fath al-Bari numbering	text match to 0256Bukhari.Sahih.Shamela0001681-ara1	0.89	
urn:hadith:0256Bukhari.Sahih:4375	4375	4652	Fath al-Bari numbering	text match to 0256Bukhari.Sahih.Shamela0001681-ara1	0.62	
urn:hadith:0256Bukhari.Sahih:4376	4376	4653	Fath al-Bari numbering	text match to 0256Bukhari.Sahih.Shamela0001681-ara1	0.93	
urn:hadith:0256Bukhari.Sahih:4377	4377	4654	Fath al-Bari numbering	text match to 0256Bukhari.Sahih.Shamela0001681-ara1	0.83	
urn:hadith:0256Bukhari.Sahih:4378	4378	4655	Fath al-Bari numbering	text match to 0256Bukhari.Sahih.Shamela0001681-ara1	0.93	
urn:hadith:0256Bukhari.Sahih:4379	4379	4656	Fath al-Bari numbering	text match to 0256Bukhari.Sahih.Shamela0001681-ara1	0.93	
urn:hadith:0256Bukhari.Sahih:4380	4380	4657	Fath al-Bari numbering	text match to 0256Bukhari.Sahih.Shamela0001681-ara1	0.85	
urn:hadith:0256Bukhari.Sahih:4381	4381	4658	Fath al-Bari numbering	text match to 0256Bukhari.Sahih.Shamela0001681-ara1	0.92	
urn:hadith:0256Bukhari.Sahih:4382	4382	4659	Fath al-Bari numbering	text match to 0256Bukhari.Sahih.Shamela0001681-ara1	1.0	
urn:hadith:0256Bukhari.Sahih:4383	4383	4660	Fath al-Bari numbering	text match to 0256Bukhari.Sahih.Shamela0001681-ara1	0.92	
urn:hadith:0256Bukhari.Sahih:4384	4384	4661	Fath al-Bari numbering	text match to 0256Bukhari.Sahih.Shamela0001681-ara1	0.84	
urn:hadith:0256Bukhari.Sahih:4385	4385	4662	Fath al-Bari numbering	text match to 0256Bukhari.Sahih.Shamela0001681-ara1	0.81	
urn:hadith:0256Bukhari.Sahih:4386	4386	4663	Fath al-Bari numbering	text match to 0256Bukhari.Sahih.Shamela0001681-ara1	1.0	
urn:hadith:0256Bukhari.Sahih:4387	4387	4664	Fath al-Bari numbering	text match to 0256Bukhari.Sahih.Shamela0001681-ara1	0.54	
urn:hadith:0256Bukhari.Sahih:4388	4388	4665	Fath al-Bari numbering	text match to 0256Bukhari.Sahih.Shamela0001681-ara1	0.68	
urn:hadith:0256Bukhari.Sahih:4389	4389	4666	Fath al-Bari numbering	text match to 0256Bukhari.Sahih.Shamela0001681-ara1	0.63	
urn:hadith:0256Bukhari.Sahih:4390	4390	4667	Fath al-Bari numbering	text match to 0256Bukhari.Sahih.Shamela0001681-ara1	0.88	
urn:hadith:0256Bukhari.Sahih:4391	4391	4668	Fath al-Bari numbering	text match to 0256Bukhari.Sahih.Shamela0001681-ara1	0.98	
urn:hadith:0256Bukhari.Sahih:4392	4392	4669	Fath al-Bari numbering	text match to 0256Bukhari.Sahih.Shamela0001681-ara1	1.0	
urn:hadith:0256Bukhari.Sahih:4393	4393	4670	Fath al-Bari numbering	text match to 0256Bukhari.Sahih.Shamela0001681-ara1	0.86	
urn:hadith:0256Bukhari.Sahih:4394	4394	4671	Fath al-Bari numbering	text match to 0256Bukhari.Sahih.Shamela0001681-ara1	0.66	
urn:hadith:0256Bukhari.Sahih:4395	4395	4672	Fath al-Bari numbering	text match to 0256Bukhari.Sahih.Shamela0001681-ara1	0.87	
urn:hadith:0256Bukhari.Sahih:4396	4396	4673	Fath al-Bari numbering	text match to 0256Bukhari.Sahih.Shamela0001681-ara1	0.88	
urn:hadith:0256Bukhari.Sahih:4397	4397	4674	Fath al-Bari numbering	text match to 0256Bukhari.Sahih.Shamela0001681-ara1	0.87	
urn:hadith:0256Bukhari.Sahih:4398	4398	4675	Fath al-Bari numbering	text match to 0256Bukhari.Sahih.Shamela0001681-ara1	1.0	
urn:hadith:0256Bukhari.Sahih:4399	4399	4676	Fath al-Bari numbering	text match to 0256Bukhari.Sahih.Shamela0001681-ara1	0.67	
urn:hadith:0256Bukhari.Sahih:4400	4400	4677	Fath al-Bari numbering	text match to 0256Bukhari.Sahih.Shamela0001681-ara1	0.87	
urn:hadith:0256Bukhari.Sahih:4401	4401	4678	Fath al-Bari numbering	text match to 0256Bukhari.Sahih.Shamela0001681-ara1	0.87	
urn:hadith:0256Bukhari.Sahih:4402	4402	4679	Fath al-Bari numbering	text match to 0256Bukhari.Sahih.Shamela0001681-ara1	0.93	
urn:hadith:0256Bukhari.Sahih:4403	4403	4680	Fath al-Bari numbering	text match to 0256Bukhari.Sahih.Shamela0001681-ara1	0.89	
urn:hadith:0256Bukhari.Sahih:4404	4404	4681	Fath al-Bari numbering	text match to 0256Bukhari.Sahih.Shamela0001681-ara1	0.77	
urn:hadith:0256Bukhari.Sahih:4405	4405	4682	Fath al-Bari numbering	text match to 0256Bukhari.Sahih.Shamela0001681-ara1	0.75	
urn:hadith:0256Bukhari.Sahih:4407	4407	4684	Fath al-Bari numbering	text match to 0256Bukhari.Sahih.Shamela0001681-ara1	0.87	
urn:hadith:0256Bukhari.Sahih:4408	4408	4685	Fath al-Bari numbering	text match to 0256Bukhari.Sahih.Shamela0001681-ara1	0.87	
urn:hadith:0256Bukhari.Sahih:4409	4409	4686	Fath al-Bari numbering	text match to 0256Bukhari.Sahih.Shamela0001681-ara1	1.0	
urn:hadith:0256Bukhari.Sahih:4410	4410	4687	Fath al-Bari numbering	text match to 0256Bukhari.Sahih.Shamela0001681-ara1	0.75	
urn:hadith:0256Bukhari.Sahih:4411	4411	4688	Fath al-Bari numbering	text match to 0256Bukhari.Sahih.Shamela0001681-ara1	0.79	
urn:hadith:0256Bukhari.Sahih:4412	4412	4689	Fath al-Bari numbering	text match to 0256Bukhari.Sahih.Shamela0001681-ara1	0.79	
urn:hadith:0256Bukhari.Sahih:4413	4413	4690	Fath al-Bari numbering	text match to 0256Bukhari.Sahih.Shamela0001681-ara1	0.93	
urn:hadith:0256Bukhari.Sahih:4414	4414	4691	Fath al-Bari numbering	text match to 0256Bukhari.Sahih.Shamela0001681-ara1	0.92	
urn:hadith:0256Bukhari.Sahih:4415	4415	4692	Fath al-Bari numbering	text match to 0256Bukhari.Sahih.Shamela0001681-ara1	0.57	
urn:hadith:0256Bukhari.Sahih:4416	4416	4693	Fath al-Bari numbering	text match to 0256Bukhari.Sahih.Shamela0001681-ara1	0.82	
urn:hadith:0256Bukhari.Sahih:4417	4417	4694	Fath al-Bari numbering	text match to 0256Bukhari.Sahih.Shamela0001681-ara1	0.86	
urn:hadith:0256Bukhari.Sahih:4418	4418	4695	Fath al-Bari numbering	text match to 0256Bukhari.Sahih.Shamela0001681-ara1	0.87	
urn:hadith:0256Bukhari.Sahih:4419	4419	4696	Fath al-Bari numbering	text match to 0256Bukhari.Sahih.Shamela0001681-ara1	1.0	
urn:hadith:0256Bukhari.Sahih:4420	4420	4697	Fath al-Bari numbering	text match to 0256Bukhari.Sahih.Shamela0001681-ara1	0.85	
urn:hadith:0256Bukhari.Sahih:4421	4421	4698	Fath al-Bari numbering	text match to 0256Bukhari.Sahih.Shamela0001681-ara1	0.87	
urn:hadith:0256Bukhari.Sahih:4422	4422	4699	Fath al-Bari numbering	text match to 0256Bukhari.Sahih.Shamela0001681-ara1	1.0	
urn:hadith:0256Bukhari.Sahih:4423	4423	4700	Fath al-Bari numbering	text match to 0256Bukhari.Sahih.Shamela0001681-ara1	0.61	
urn:hadith:0256Bukhari.Sahih:4424	4424	4701	Fath al-Bari numbering	text match to 0256Bukhari.Sahih.Shamela0001681-ara1	1.0	
urn:hadith:0256Bukhari.Sahih:4425	4425	4702	Fath al-Bari numbering	text match to 0256Bukhari.Sahih.Shamela0001681-ara1	1.0	
urn:hadith:0256Bukhari.Sahih:4426	4426	4703	Fath al-Bari numbering	text match to 0256Bukhari.Sahih.Shamela0001681-ara1	0.87	
urn:hadith:0256Bukhari.Sahih:4427	4427	4704	Fath al-Bari numbering	text match to 0256Bukhari.Sahih.Shamela0001681-ara1	0.85	
urn:hadith:0256Bukhari.Sahih:4428	4428	4705	Fath al-Bari numbering	text match to 0256Bukhari.Sahih.Shamela0001681-ara1	0.52	
urn:hadith:0256Bukhari.Sahih:4429	4429	4706	Fath al-Bari numbering	text match to 0256Bukhari.Sahih.Shamela0001681-ara1	0.57	
urn:hadith:0256Bukhari.Sahih:4430	4430	4707	Fath al-Bari numbering	text match to 0256Bukhari.Sahih.Shamela0001681-ara1	1.0	
urn:hadith:0256Bukhari.Sahih:4431	4431	4708	Fath al-Bari numbering	text match to 0256Bukhari.Sahih.Shamela0001681-ara1	0.51	
urn:hadith:0256Bukhari.Sahih:4432	4432	4709	Fath al-Bari numbering	text match to 0256Bukhari.Sahih.Shamela0001681-ara1	0.84	
urn:hadith:0256Bukhari.Sahih:4433	4433	4710	Fath al-Bari numbering	text match to 0256Bukhari.Sahih.Shamela0001681-ara1	0.57	
urn:hadith:0256Bukhari.Sahih:4434	4434	4711	Fath al-Bari numbering	text match to 0256Bukhari.Sahih.Shamela0001681-ara1	1.0	
urn:hadith:0256Bukhari.Sahih:4435	4435	4712	Fath al-Bari numbering	text match to 0256Bukhari.Sahih.Shamela0001681-ara1	0.7	
urn:hadith:0256Bukhari.Sahih:4436	4436	4713	Fath al-Bari numbering	text match to 0256Bukhari.Sahih.Shamela0001681-ara1	0.89	
urn:hadith:0256Bukhari.Sahih:4437	4437	4714	Fath al-Bari numbering	text match to 0256Bukhari.Sahih.Shamela0001681-ara1	0.9	
urn:hadith:0256Bukhari.Sahih:4438	4438	4715	Fath al-Bari numbering	text match to 0256Bukhari.Sahih.Shamela0001681-ara1	0.89	
urn:hadith:0256Bukhari.Sahih:4439	4439	4716	Fath al-Bari numbering	text match to 0256Bukhari.Sahih.Shamela0001681-ara1	0.72	
urn:hadith:0256Bukhari.Sahih:4440	4440	4717	Fath al-Bari numbering	text match to 0256Bukhari.Sahih.Shamela0001681-ara1	0.82	
urn:hadith:0256Bukhari.Sahih:4441	4441	4718	Fath al-Bari numbering	text match to 0256Bukhari.Sahih.Shamela0001681-ara1	0.89	
urn:hadith:0256Bukhari.Sahih:4442	4442	4719	Fath al-Bari numbering	text match to 0256Bukhari.Sahih.Shamela0001681-ara1	1.0	
urn:hadith:0256Bukhari.Sahih:4443	4443	4720	Fath al-Bari numbering	text match to 0256Bukhari.Sahih.Shamela0001681-ara1	0.73	
urn:hadith:0256Bukhari.Sahih:4444	4444	4721	Fath al-Bari numbering	text match to 0256Bukhari.Sahih.Shamela0001681-ara1	0.93	
urn:hadith:0256Bukhari.Sahih:4445	4445	4722	Fath al-Bari numbering	text match to 0256Bukhari.Sahih.Shamela0001681-ara1	0.76	
urn:hadith:0256Bukhari.Sahih:4446	4446	4723	Fath al-Bari numbering	text match to 0256Bukhari.Sahih.Shamela0001681-ara1	1.0	
urn:hadith:0256Bukhari.Sahih:4447	4447	4724	Fath al-Bari numbering	text match to 0256Bukhari.Sahih.Shamela0001681-ara1	0.61	
urn:hadith:0256Bukhari.Sahih:4448	4448	4725	Fath al-Bari numbering	text match to 0256Bukhari.Sahih.Shamela0001681-ara1	0.93	
urn:hadith:0256Bukhari.Sahih:4449	4449	4726	Fath al-Bari numbering	text match to 0256Bukhari.Sahih.Shamela0001681-ara1	0.79	
urn:hadith:0256Bukhari.Sahih:4450	4450	4727	Fath al-Bari numbering	text match to 0256Bukhari.Sahih.Shamela0001681-ara1	1.0	
urn:hadith:0256Bukhari.Sahih:4451	4451	4728	Fath al-Bari numbering	text match to 0256Bukhari.Sahih.Shamela0001681-ara1	0.85	
urn:hadith:0256Bukhari.Sahih:4452	4452	4729	Fath al-Bari numbering	text match to 0256Bukhari.Sahih.Shamela0001681-ara1	0.77	
urn:hadith:0256Bukhari.Sahih:4453	4453	4730	Fath al-Bari numbering	text match to 0256Bukhari.Sahih.Shamela0001681-ara1	0.99	
urn:hadith:0256Bukhari.Sahih:4454	4454	4731	Fath al-Bari numbering	text match to 0256Bukhari.Sahih.Shamela0001681-ara1	0.89	
urn:hadith:0256Bukhari.Sahih:4455	4455	4732	Fath al-Bari numbering	text match to 0256Bukhari.Sahih.Shamela0001681-ara1	0.87	
urn:hadith:0256Bukhari.Sahih:4456	4456	4733	Fath al-Bari numbering	text match to 0256Bukhari.Sahih.Shamela0001681-ara1	0.93	
urn:hadith:0256Bukhari.Sahih:4457	4457	4734	Fath al-Bari numbering	text match to 0256Bukhari.Sahih.Shamela0001681-ara1	0.79	
urn:hadith:0256Bukhari.Sahih:4458	4458	4735	Fath al-Bari numbering	text match to 0256Bukhari.Sahih.Shamela0001681-ara1	0.93	
urn:hadith:0256Bukhari.Sahih:4459	4459	4736	Fath al-Bari numbering	text match to 0256Bukhari.Sahih.Shamela0001681-ara1	0.85	
urn:hadith:0256Bukhari.Sahih:4460	4460	4737	Fath al-Bari numbering	text match to 0256Bukhari.Sahih.Shamela0001681-ara1	0.82	
urn:hadith:0256Bukhari.Sahih:4461	4461	4738	Fath al-Bari numbering	text match to 0256Bukhari.Sahih.Shamela0001681-ara1	0.96	
urn:hadith:0256Bukhari.Sahih:4462	4462	4739	Fath al-Bari numbering	text match to 0256Bukhari.Sahih.Shamela0001681-ara1	0.5	
urn:hadith:0256Bukhari.Sahih:4463	4463	4740	Fath al-Bari numbering	text match to 0256Bukhari.Sahih.Shamela0001681-ara1	0.87	
urn:hadith:0256Bukhari.Sahih:4464	4464	4741	Fath al-Bari numbering	text match to 0256Bukhari.Sahih.Shamela0001681-ara1	0.92	
urn:hadith:0256Bukhari.Sahih:4465	4465	4742	Fath al-Bari numbering	text match to 0256Bukhari.Sahih.Shamela0001681-ara1	0.83	
urn:hadith:0256Bukhari.Sahih:4466	4466	4743	Fath al-Bari numbering	text match to 0256Bukhari.Sahih.Shamela0001681-ara1	0.85	
urn:hadith:0256Bukhari.Sahih:4467	4467	4744	Fath al-Bari numbering	text match to 0256Bukhari.Sahih.Shamela0001681-ara1	0.93	
urn:hadith:0256Bukhari.Sahih:4468	4468	4745	Fath al-Bari numbering	text match to 0256Bukhari.Sahih.Shamela0001681-ara1	1.0	
urn:hadith:0256Bukhari.Sahih:4469	4469	4746	Fath al-Bari numbering	text match to 0256Bukhari.Sahih.Shamela0001681-ara1	1.0	
urn:hadith:0256Bukhari.Sahih:4470	4470	4747	Fath al-Bari numbering	text match to 0256Bukhari.Sahih.Shamela0001681-ara1	0.8	
urn:hadith:0256Bukhari.Sahih:4471	4471	4748	Fath al-Bari numbering	text match to 0256Bukhari.Sahih.Shamela0001681-ara1	0.91	
urn:hadith:0256Bukhari.Sahih:4472	4472	4749	Fath al-Bari numbering	text match to 0256Bukhari.Sahih.Shamela0001681-ara1	0.73	
urn:hadith:0256Bukhari.Sahih:4473	4473	4750	Fath al-Bari numbering	text match to 0256Bukhari.Sahih.Shamela0001681-ara1	0.93	
urn:hadith:0256Bukhari.Sahih:4474	4474	4751	Fath al-Bari numbering	text match to 0256Bukhari.Sahih.Shamela0001681-ara1	1.0	
urn:hadith:0256Bukhari.Sahih:4476	4476	4753	Fath al-Bari numbering	text match to 0256Bukhari.Sahih.Shamela0001681-ara1	0.76	
urn:hadith:0256Bukhari.Sahih:4477	4477	4755	Fath al-Bari numbering	text match to 0256Bukhari.Sahih.Shamela0001681-ara1	0.88	
urn:hadith:0256Bukhari.Sahih:4478	4478	4756	Fath al-Bari numbering	text match to 0256Bukhari.Sahih.Shamela0001681-ara1	0.86	
urn:hadith:0256Bukhari.Sahih:4479	4479	4757	Fath al-Bari numbering	text match to 0256Bukhari.Sahih.Shamela0001681-ara1	1.0	
urn:hadith:0256Bukhari.Sahih:4480	4480	4758	Fath al-Bari numbering	text match to 0256Bukhari.Sahih.Shamela0001681-ara1	0.71	
urn:hadith:0256Bukhari.Sahih:4481	4481	4759	Fath al-Bari numbering	text match to 0256Bukhari.Sahih.Shamela0001681-ara1	0.88	
urn:hadith:0256Bukhari.Sahih:4482	4482	4760	Fath al-Bari numbering	text match to 0256Bukhari.Sahih.Shamela0001681-ara1	0.9	
urn:hadith:0256Bukhari.Sahih:4483	4483	4761	Fath al-Bari numbering	text match to 0256Bukhari.Sahih.Shamela0001681-ara1	1.0	
urn:hadith:0256Bukhari.Sahih:4484	4484	4762	Fath al-Bari numbering	text match to 0256Bukhari.Sahih.Shamela0001681-ara1	0.75	
urn:hadith:0256Bukhari.Sahih:4485	4485	4763	Fath al-Bari numbering	text match to 0256Bukhari.Sahih.Shamela0001681-ara1	0.85	
urn:hadith:0256Bukhari.Sahih:4486	4486	4764	Fath al-Bari numbering	text match to 0256Bukhari.Sahih.Shamela0001681-ara1	0.65	
urn:hadith:0256Bukhari.Sahih:4487	4487	4765	Fath al-Bari numbering	text match to 0256Bukhari.Sahih.Shamela0001681-ara1	0.59	
urn:hadith:0256Bukhari.Sahih:4488	4488	4766	Fath al-Bari numbering	text match to 0256Bukhari.Sahih.Shamela0001681-ara1	0.7	
urn:hadith:0256Bukhari.Sahih:4489	4489	4767	Fath al-Bari numbering	text match to 0256Bukhari.Sahih.Shamela0001681-ara1	1.0	
urn:hadith:0256Bukhari.Sahih:4490	4490	4768	Fath al-Bari numbering	text match to 0256Bukhari.Sahih.Shamela0001681-ara1	0.74	
urn:hadith:0256Bukhari.Sahih:4491	4491	4769	Fath al-Bari numbering	text match to 0256Bukhari.Sahih.Shamela0001681-ara1	0.75	
urn:hadith:0256Bukhari.Sahih:4492	4492	4770	Fath al-Bari numbering	text match to 0256Bukhari.Sahih.Shamela0001681-ara1	0.87	
urn:hadith:0256Bukhari.Sahih:4493	4493	4771	Fath al-Bari numbering	text match to 0256Bukhari.Sahih.Shamela0001681-ara1	0.95	
urn:hadith:0256Bukhari.Sahih:4494	4494	4772	Fath al-Bari numbering	text match to 0256Bukhari.Sahih.Shamela0001681-ara1	1.0	
urn:hadith:0256Bukhari.Sahih:4495	4495	4773	Fath al-Bari numbering	text match to 0256Bukhari.Sahih.Shamela0001681-ara1	0.5	
urn:hadith:0256Bukhari.Sahih:4496	4496	4774	Fath al-Bari numbering	text match to 0256Bukhari.Sahih.Shamela0001681-ara1	0.83	
urn:hadith:0256Bukhari.Sahih:4497	4497	4775	Fath al-Bari numbering	text match to 0256Bukhari.Sahih.Shamela0001681-ara1	1.0	
urn:hadith:0256Bukhari.Sahih:4498	4498	4776	Fath al-Bari numbering	text match to 0256Bukhari.Sahih.Shamela0001681-ara1	0.9	shared number
urn:hadith:0256Bukhari.Sahih:4499	4499	4777	Fath al-Bari numbering	text match to 0256Bukhari.Sahih.Shamela0001681-ara1	0.93	
urn:hadith:0256Bukhari.Sahih:4500	4500	4778	Fath al-Bari numbering	text match to 0256Bukhari.Sahih.Shamela0001681-ara1	0.89	
urn:hadith:0256Bukhari.Sahih:4501	4501	4779	Fath al-Bari numbering	text match to 0256Bukhari.Sahih.Shamela0001681-ara1	0.82	
urn:hadith:0256Bukhari.Sahih:4502	4502	4780	Fath al-Bari numbering	text match to 0256Bukhari.Sahih.Shamela0001681-ara1	1.0	
urn:hadith:0256Bukhari.Sahih:4503	4503	4781	Fath al-Bari numbering	text match to 0256Bukhari.Sahih.Shamela0001681-ara1	0.81	
urn:hadith:0256Bukhari.Sahih:4504	4504	4782	Fath al-Bari numbering	text match to 0256Bukhari.Sahih.Shamela0001681-ara1	1.0	
urn:hadith:0256Bukhari.Sahih:4505	4505	4783	Fath al-Bari numbering	text match to 0256Bukhari.Sahih.Shamela0001681-ara1	1.0	
urn:hadith:0256Bukhari.Sahih:4506	4506	4784	Fath al-Bari numbering	text match to 0256Bukhari.Sahih.Shamela0001681-ara1	0.93	
urn:hadith:0256Bukhari.Sahih:4507	4507	4785	Fath al-Bari numbering	text match to 0256Bukhari.Sahih.Shamela0001681-ara1	0.93	
urn:hadith:0256Bukhari.Sahih:4508	4508	4786	Fath al-Bari numbering	text match to 0256Bukhari.Sahih.Shamela0001681-ara1	0.88	
urn:hadith:0256Bukhari.Sahih:4509	4509	4787	Fath al-Bari numbering	text match to 0256Bukhari.Sahih.Shamela0001681-ara1	0.89	
urn:hadith:0256Bukhari.Sahih:4510	4510	4788	Fath al-Bari numbering	text match to 0256Bukhari.Sahih.Shamela0001681-ara1	0.96	
urn:hadith:0256Bukhari.Sahih:4511	4511	4789	Fath al-Bari numbering	text match to 0256Bukhari.Sahih.Shamela0001681-ara1	1.0	
urn:hadith:0256Bukhari.Sahih:4512	4512	4790	Fath al-Bari numbering	text match to 0256Bukhari.Sahih.Shamela0001681-ara1	0.89	
urn:hadith:0256Bukhari.Sahih:4513	4513	4791	Fath al-Bari numbering	text match to 0256Bukhari.Sahih.Shamela0001681-ara1	1.0	
urn:hadith:0256Bukhari.Sahih:4514	4514	4792	Fath al-Bari numbering	text match to 0256Bukhari.Sahih.Shamela0001681-ara1	1.0	
urn:hadith:0256Bukhari.Sahih:4515	4515	4793	Fath al-Bari numbering	text match to 0256Bukhari.Sahih.Shamela0001681-ara1	1.0	
urn:hadith:0256Bukhari.Sahih:4516	4516	4794	Fath al-Bari numbering	text match to 0256Bukhari.Sahih.Shamela0001681-ara1	1.0	
urn:hadith:0256Bukhari.Sahih:4517	4517	4795	Fath al-Bari numbering	text match to 0256Bukhari.Sahih.Shamela0001681-ara1	0.89	
urn:hadith:0256Bukhari.Sahih:4518	4518	4796	Fath al-Bari numbering	text match to 0256Bukhari.Sahih.Shamela0001681-ara1	0.92	
urn:hadith:0256Bukhari.Sahih:4519	4519	4797	Fath al-Bari numbering	text match to 0256Bukhari.Sahih.Shamela0001681-ara1	0.78	
urn:hadith:0256Bukhari.Sahih:4520	4520	4798	Fath al-Bari numbering	text match to 0256Bukhari.Sahih.Shamela0001681-ara1	0.87	
urn:hadith:0256Bukhari.Sahih:4521	4521	4799	Fath al-Bari numbering	text match to 0256Bukhari.Sahih.Shamela0001681-ara1	1.0	
urn:hadith:0256Bukhari.Sahih:4522	4522	4800	Fath al-Bari numbering	text match to 0256Bukhari.Sahih.Shamela0001681-ara1	1.0	
urn:hadith:0256Bukhari.Sahih:4523	4523	4801	Fath al-Bari numbering	text match to 0256Bukhari.Sahih.Shamela0001681-ara1	0.73	
urn:hadith:0256Bukhari.Sahih:4524	4524	4802	Fath al-Bari numbering	text match to 0256Bukhari.Sahih.Shamela0001681-ara1	0.93	
urn:hadith:0256Bukhari.Sahih:4525	4525	4803	Fath al-Bari numbering	text match to 0256Bukhari.Sahih.Shamela0001681-ara1	0.86	
urn:hadith:0256Bukhari.Sahih:4526	4526	4804	Fath al-Bari numbering	text match to 0256Bukhari.Sahih.Shamela0001681-ara1	1.0	
urn:hadith:0256Bukhari.Sahih:4527	4527	4805	Fath al-Bari numbering	text match to 0256Bukhari.Sahih.Shamela0001681-ara1	1.0	
urn:hadith:0256Bukhari.Sahih:4528	4528	4806	Fath al-Bari numbering	text match to 0256Bukhari.Sahih.Shamela0001681-ara1	0.64	
urn:hadith:0256Bukhari.Sahih:4529	4529	4807	Fath al-Bari numbering	text match to 0256Bukhari.Sahih.Shamela0001681-ara1	0.7	
urn:hadith:0256Bukhari.Sahih:4530	4530	4808	Fath al-Bari numbering	text match to 0256Bukhari.Sahih.Shamela0001681-ara1	0.9	
urn:hadith:0256Bukhari.Sahih:4531	4531	4809	Fath al-Bari numbering	text match to 0256Bukhari.Sahih.Shamela0001681-ara1	0.92	
urn:hadith:0256Bukhari.Sahih:4532	4532	4810	Fath al-Bari numbering	text match to 0256Bukhari.Sahih.Shamela0001681-ara1	0.72	
urn:hadith:0256Bukhari.Sahih:4533	4533	4811	Fath al-Bari numbering	text match to 0256Bukhari.Sahih.Shamela0001681-ara1	0.93	
urn:hadith:0256Bukhari.Sahih:4534	4534	4812	Fath al-Bari numbering	text match to 0256Bukhari.Sahih.Shamela0001681-ara1	0.76	
urn:hadith:0256Bukhari.Sahih:4535	4535	4813	Fath al-Bari numbering	text match to 0256Bukhari.Sahih.Shamela0001681-ara1	0.89	
urn:hadith:0256Bukhari.Sahih:4536	4536	4814	Fath al-Bari numbering	text match to 0256Bukhari.Sahih.Shamela0001681-ara1	1.0	
urn:hadith:0256Bukhari.Sahih:4537	4537	4815	Fath al-Bari numbering	text match to 0256Bukhari.Sahih.Shamela0001681-ara1	0.96	
urn:hadith:0256Bukhari.Sahih:4538	4538	4816	Fath al-Bari numbering	text match to 0256Bukhari.Sahih.Shamela0001681-ara1	0.86	
urn:hadith:0256Bukhari.Sahih:4539	4539	4817	Fath al-Bari numbering	text match to 0256Bukhari.Sahih.Shamela0001681-ara1	0.93	
urn:hadith:0256Bukhari.Sahih:4541	4541	4818	Fath al-Bari numbering	text match to 0256Bukhari.Sahih.Shamela0001681-ara1	0.79	
urn:hadith:0256Bukhari.Sahih:4542	4542	4819	Fath al-Bari numbering	text match to 0256Bukhari.Sahih.Shamela0001681-ara1	0.74	
urn:hadith:0256Bukhari.Sahih:4543	4543	4820	Fath al-Bari numbering	text match to 0256Bukhari.Sahih.Shamela0001681-ara1	1.0	
urn:hadith:0256Bukhari.Sahih:4544	4544	4821	Fath al-Bari numbering	text match to 0256Bukhari.Sahih.Shamela0001681-ara1	0.88	
urn:hadith:0256Bukhari.Sahih:4545	4545	4822	Fath al-Bari numbering	text match to 0256Bukhari.Sahih.Shamela0001681-ara1	1.0	
urn:hadith:0256Bukhari.Sahih:4546	4546	4823	Fath al-Bari numbering	text match to 0256Bukhari.Sahih.Shamela0001681-ara1	0.97	
urn:hadith:0256Bukhari.Sahih:4547	4547	4824	Fath al-Bari numbering	text match to 0256Bukhari.Sahih.Shamela0001681-ara1	0.87	
urn:hadith:0256Bukhari.Sahih:4548	4548	4825	Fath al-Bari numbering	text match to 0256Bukhari.Sahih.Shamela0001681-ara1	1.0	
urn:hadith:0256Bukhari.Sahih:4549	4549	4826	Fath al-Bari numbering	text match to 0256Bukhari.Sahih.Shamela0001681-ara1	0.86	
urn:hadith:0256Bukhari.Sahih:4550	4550	4827	Fath al-Bari numbering	text match to 0256Bukhari.Sahih.Shamela0001681-ara1	0.95	
urn:hadith:0256Bukhari.Sahih:4552	4552	4830	Fath al-Bari numbering	text match to 0256Bukhari.Sahih.Shamela0001681-ara1	0.93	
urn:hadith:0256Bukhari.Sahih:4553	4553	4833	Fath al-Bari numbering	text match to 0256Bukhari.Sahih.Shamela0001681-ara1	1.0	
urn:hadith:0256Bukhari.Sahih:4554	4554	4834	Fath al-Bari numbering	text match to 0256Bukhari.Sahih.Shamela0001681-ara1	0.89	shared number
urn:hadith:0256Bukhari.Sahih:4555	4555	4834	Fath al-Bari numbering	text match to 0256Bukhari.Sahih.Shamela0001681-ara1	1.0	shared number
urn:hadith:0256Bukhari.Sahih:4556	4556	4836	Fath al-Bari numbering	text match to 0256Bukhari.Sahih.Shamela0001681-ara1	0.73	
urn:hadith:0256Bukhari.Sahih:4557	4557	4837	Fath al-Bari numbering	text match to 0256Bukhari.Sahih.Shamela0001681-ara1	1.0	
urn:hadith:0256Bukhari.Sahih:4558	4558	4838	Fath al-Bari numbering	text match to 0256Bukhari.Sahih.Shamela0001681-ara1	0.93	
urn:hadith:0256Bukhari.Sahih:4559	4559	4839	Fath al-Bari numbering	text match to 0256Bukhari.Sahih.Shamela0001681-ara1	1.0	
urn:hadith:0256Bukhari.Sahih:4560	4560	4840	Fath al-Bari numbering	text match to 0256Bukhari.Sahih.Shamela0001681-ara1	0.92	
urn:hadith:0256Bukhari.Sahih:4561	4561	4841	Fath al-Bari numbering	text match to 0256Bukhari.Sahih.Shamela0001681-ara1	0.67	
urn:hadith:0256Bukhari.Sahih:4562	4562	4843	Fath al-Bari numbering	text match to 0256Bukhari.Sahih.Shamela0001681-ara1	1.0	
urn:hadith:0256Bukhari.Sahih:4563	4563	4844	Fath al-Bari numbering	text match to 0256Bukhari.Sahih.Shamela0001681-ara1	1.0	
urn:hadith:0256Bukhari.Sahih:4564	4564	4845	Fath al-Bari numbering	text match to 0256Bukhari.Sahih.Shamela0001681-ara1	0.93	
urn:hadith:0256Bukhari.Sahih:4565	4565	4846	Fath al-Bari numbering	text match to 0256Bukhari.Sahih.Shamela0001681-ara1	0.93	
urn:hadith:0256Bukhari.Sahih:4566	4566	4847	Fath al-Bari numbering	text match to 0256Bukhari.Sahih.Shamela0001681-ara1	0.84	
urn:hadith:0256Bukhari.Sahih:4567	4567	4848	Fath al-Bari numbering	text match to 0256Bukhari.Sahih.Shamela0001681-ara1	1.0	
urn:hadith:0256Bukhari.Sahih:4568	4568	4849	Fath al-Bari numbering	text match to 0256Bukhari.Sahih.Shamela0001681-ara1	1.0	
urn:hadith:0256Bukhari.Sahih:4569	4569	4850	Fath al-Bari numbering	text match to 0256Bukhari.Sahih.Shamela0001681-ara1	1.0	
urn:hadith:0256Bukhari.Sahih:4570	4570	4851	Fath al-Bari numbering	text match to 0256Bukhari.Sahih.Shamela0001681-ara1	0.92	
urn:hadith:0256Bukhari.Sahih:4571	4571	4852	Fath al-Bari numbering	text match to 0256Bukhari.Sahih.Shamela0001681-ara1	0.5	
urn:hadith:0256Bukhari.Sahih:4572	4572	4853	Fath al-Bari numbering	text match to 0256Bukhari.Sahih.Shamela0001681-ara1	1.0	
urn:hadith:0256Bukhari.Sahih:4573	4573	4854	Fath al-Bari numbering	text match to 0256Bukhari.Sahih.Shamela0001681-ara1	0.86	
urn:hadith:0256Bukhari.Sahih:4574	4574	4855	Fath al-Bari numbering	text match to 0256Bukhari.Sahih.Shamela0001681-ara1	0.92	
urn:hadith:0256Bukhari.Sahih:4575	4575	4856	Fath al-Bari numbering	text match to 0256Bukhari.Sahih.Shamela0001681-ara1	0.7	
urn:hadith:0256Bukhari.Sahih:4576	4576	4857	Fath al-Bari numbering	text match to 0256Bukhari.Sahih.Shamela0001681-ara1	0.83	
urn:hadith:0256Bukhari.Sahih:4577	4577	4858	Fath al-Bari numbering	text match to 0256Bukhari.Sahih.Shamela0001681-ara1	0.84	
urn:hadith:0256Bukhari.Sahih:4578	4578	4859	Fath al-Bari numbering	text match to 0256Bukhari.Sahih.Shamela0001681-ara1	0.59	
urn:hadith:0256Bukhari.Sahih:4579	4579	4860	Fath al-Bari numbering	text match to 0256Bukhari.Sahih.Shamela0001681-ara1	1.0	
urn:hadith:0256Bukhari.Sahih:4580	4580	4861	Fath al-Bari numbering	text match to 0256Bukhari.Sahih.Shamela0001681-ara1	0.87	
urn:hadith:0256Bukhari.Sahih:4581	4581	4862	Fath al-Bari numbering	text match to 0256Bukhari.Sahih.Shamela0001681-ara1	0.65	
urn:hadith:0256Bukhari.Sahih:4582	4582	4863	Fath al-Bari numbering	text match to 0256Bukhari.Sahih.Shamela0001681-ara1	1.0	
urn:hadith:0256Bukhari.Sahih:4583	4583	4864	Fath al-Bari numbering	text match to 0256Bukhari.Sahih.Shamela0001681-ara1	0.87	
urn:hadith:0256Bukhari.Sahih:4584	4584	4865	Fath al-Bari numbering	text match to 0256Bukhari.Sahih.Shamela0001681-ara1	0.84	
urn:hadith:0256Bukhari.Sahih:4585	4585	4866	Fath al-Bari numbering	text match to 0256Bukhari.Sahih.Shamela0001681-ara1	0.86	
urn:hadith:0256Bukhari.Sahih:4586	4586	4867	Fath al-Bari numbering	text match to 0256Bukhari.Sahih.Shamela0001681-ara1	1.0	
urn:hadith:0256Bukhari.Sahih:4587	4587	5059	Fath al-Bari numbering	text match to 0256Bukhari.Sahih.Shamela0001681-ara1	0.6	shared number, out of order
urn:hadith:0256Bukhari.Sahih:4588	4588	4869	Fath al-Bari numbering	text match to 0256Bukhari.Sahih.Shamela0001681-ara1	1.0	
urn:hadith:0256Bukhari.Sahih:4589	4589	4870	Fath al-Bari numbering	text match to 0256Bukhari.Sahih.Shamela0001681-ara1	1.0	
urn:hadith:0256Bukhari.Sahih:4590	4590	4871	Fath al-Bari numbering	text match to 0256Bukhari.Sahih.Shamela0001681-ara1	0.76	
urn:hadith:0256Bukhari.Sahih:4591	4591	4872	Fath al-Bari numbering	text match to 0256Bukhari.Sahih.Shamela0001681-ara1	0.96	
urn:hadith:0256Bukhari.Sahih:4592	4592	4873	Fath al-Bari numbering	text match to 0256Bukhari.Sahih.Shamela0001681-ara1	0.8	
urn:hadith:0256Bukhari.Sahih:4593	4593	4874	Fath al-Bari numbering	text match to 0256Bukhari.Sahih.Shamela0001681-ara1	1.0	
urn:hadith:0256Bukhari.Sahih:4594	4594	4875	Fath al-Bari numbering	text match to 0256Bukhari.Sahih.Shamela0001681-ara1	0.87	
urn:hadith:0256Bukhari.Sahih:4595	4595	4876	Fath al-Bari numbering	text match to 0256Bukhari.Sahih.Shamela0001681-ara1	0.87	
urn:hadith:0256Bukhari.Sahih:4596	4596	4877	Fath al-Bari numbering	text match to 0256Bukhari.Sahih.Shamela0001681-ara1	0.92	
urn:hadith:0256Bukhari.Sahih:4597	4597	4878	Fath al-Bari numbering	text match to 0256Bukhari.Sahih.Shamela0001681-ara1	1.0	
urn:hadith:0256Bukhari.Sahih:4598	4598	4879	Fath al-Bari numbering	text match to 0256Bukhari.Sahih.Shamela0001681-ara1	1.0	
urn:hadith:0256Bukhari.Sahih:4599	4599	4881	Fath al-Bari numbering	text match to 0256Bukhari.Sahih.Shamela0001681-ara1	0.87	
urn:hadith:0256Bukhari.Sahih:4600	4600	4882	Fath al-Bari numbering	text match to 0256Bukhari.Sahih.Shamela0001681-ara1	1.0	
urn:hadith:0256Bukhari.Sahih:4601	4601	4883	Fath al-Bari numbering	text match to 0256Bukhari.Sahih.Shamela0001681-ara1	1.0	
urn:hadith:0256Bukhari.Sahih:4602	4602	4884	Fath al-Bari numbering	text match to 0256Bukhari.Sahih.Shamela0001681-ara1	0.87	
urn:hadith:0256Bukhari.Sahih:4603	4603	4885	Fath al-Bari numbering	text match to 0256Bukhari.Sahih.Shamela0001681-ara1	1.0	
urn:hadith:0256Bukhari.Sahih:4604	4604	4886	Fath al-Bari numbering	text match to 0256Bukhari.Sahih.Shamela0001681-ara1	0.86	
urn:hadith:0256Bukhari.Sahih:4605	4605	4887	Fath al-Bari numbering	text match to 0256Bukhari.Sahih.Shamela0001681-ara1	0.77	
urn:hadith:0256Bukhari.Sahih:4606	4606	4888	Fath al-Bari numbering	text match to 0256Bukhari.Sahih.Shamela0001681-ara1	0.73	
urn:hadith:0256Bukhari.Sahih:4607	4607	4889	Fath al-Bari numbering	text match to 0256Bukhari.Sahih.Shamela0001681-ara1	1.0	
urn:hadith:0256Bukhari.Sahih:4608	4608	4890	Fath al-Bari numbering	text match to 0256Bukhari.Sahih.Shamela0001681-ara1	1.0	
urn:hadith:0256Bukhari.Sahih:4609	4609	4891	Fath al-Bari numbering	text match to 0256Bukhari.Sahih.Shamela0001681-ara1	0.78	
urn:hadith:0256Bukhari.Sahih:4610	4610	4892	Fath al-Bari numbering	text match to 0256Bukhari.Sahih.Shamela0001681-ara1	0.92	
urn:hadith:0256Bukhari.Sahih:4611	4611	4893	Fath al-Bari numbering	text match to 0256Bukhari.Sahih.Shamela0001681-ara1	0.7	
urn:hadith:0256Bukhari.Sahih:4612	4612	4894	Fath al-Bari numbering	text match to 0256Bukhari.Sahih.Shamela0001681-ara1	0.93	
urn:hadith:0256Bukhari.Sahih:4613	4613	4895	Fath al-Bari numbering	text match to 0256Bukhari.Sahih.Shamela0001681-ara1	0.87	
urn:hadith:0256Bukhari.Sahih:4614	4614	4896	Fath al-Bari numbering	text match to 0256Bukhari.Sahih.Shamela0001681-ara1	1.0	
urn:hadith:0256Bukhari.Sahih:4615	4615	4897	Fath al-Bari numbering	text match to 0256Bukhari.Sahih.Shamela0001681-ara1	0.92	
urn:hadith:0256Bukhari.Sahih:4616	4616	4899	Fath al-Bari numbering	text match to 0256Bukhari.Sahih.Shamela0001681-ara1	0.96	
urn:hadith:0256Bukhari.Sahih:4617	4617	4900	Fath al-Bari numbering	text match to 0256Bukhari.Sahih.Shamela0001681-ara1	0.92	
urn:hadith:0256Bukhari.Sahih:4618	4618	4901	Fath al-Bari numbering	text match to 0256Bukhari.Sahih.Shamela0001681-ara1	0.93	
urn:hadith:0256Bukhari.Sahih:4619	4619	4902	Fath al-Bari numbering	text match to 0256Bukhari.Sahih.Shamela0001681-ara1	1.0	
urn:hadith:0256Bukhari.Sahih:4620	4620	4903	Fath al-Bari numbering	text match to 0256Bukhari.Sahih.Shamela0001681-ara1	1.0	
urn:hadith:0256Bukhari.Sahih:4621	4621	4904	Fath al-Bari numbering	text match to 0256Bukhari.Sahih.Shamela0001681-ara1	0.93	
urn:hadith:0256Bukhari.Sahih:4622	4622	4905	Fath al-Bari numbering	text match to 0256Bukhari.Sahih.Shamela0001681-ara1	0.87	
urn:hadith:0256Bukhari.Sahih:4623	4623	4906	Fath al-Bari numbering	text match to 0256Bukhari.Sahih.Shamela0001681-ara1	0.93	
urn:hadith:0256Bukhari.Sahih:4624	4624	4907	Fath al-Bari numbering	text match to 0256Bukhari.Sahih.Shamela0001681-ara1	1.0	
urn:hadith:0256Bukhari.Sahih:4625	4625	4908	Fath al-Bari numbering	text match to 0256Bukhari.Sahih.Shamela0001681-ara1	0.89	
urn:hadith:0256Bukhari.Sahih:4626	4626	4909	Fath al-Bari numbering	text match to 0256Bukhari.Sahih.Shamela0001681-ara1	0.67	
urn:hadith:0256Bukhari.Sahih:4626#4634	4626#4634	4910	Fath al-Bari numbering	text match to 0256Bukhari.Sahih.Shamela0001681-ara1	0.92	
urn:hadith:0256Bukhari.Sahih:4627	4627	4911	Fath al-Bari numbering	text match to 0256Bukhari.Sahih.Shamela0001681-ara1	0.59	
urn:hadith:0256Bukhari.Sahih:4628	4628	4912	Fath al-Bari numbering	text match to 0256Bukhari.Sahih.Shamela0001681-ara1	0.93	
urn:hadith:0256Bukhari.Sahih:4629	4629	4913	Fath al-Bari numbering	text match to 0256Bukhari.Sahih.Shamela0001681-ara1	0.87	
urn:hadith:0256Bukhari.Sahih:4630	4630	4914	Fath al-Bari numbering	text match to 0256Bukhari.Sahih.Shamela0001681-ara1	0.79	
urn:hadith:0256Bukhari.Sahih:4631	4631	4915	Fath al-Bari numbering	text match to 0256Bukhari.Sahih.Shamela0001681-ara1	0.82	
urn:hadith:0256Bukhari.Sahih:4632	4632	4916	Fath al-Bari numbering	text match to 0256Bukhari.Sahih.Shamela0001681-ara1	1.0	
urn:hadith:0256Bukhari.Sahih:4633	4633	4917	Fath al-Bari numbering	text match to 0256Bukhari.Sahih.Shamela0001681-ara1	0.69	
urn:hadith:0256Bukhari.Sahih:4634	4634	4918	Fath al-Bari numbering	text match to 0256Bukhari.Sahih.Shamela0001681-ara1	1.0	
urn:hadith:0256Bukhari.Sahih:4635	4635	4919	Fath al-Bari numbering	text match to 0256Bukhari.Sahih.Shamela0001681-ara1	0.91	
urn:hadith:0256Bukhari.Sahih:4636	4636	4920	Fath al-Bari numbering	text match to 0256Bukhari.Sahih.Shamela0001681-ara1	0.87	
urn:hadith:0256Bukhari.Sahih:4637	4637	4921	Fath al-Bari numbering	text match to 0256Bukhari.Sahih.Shamela0001681-ara1	0.93	
urn:hadith:0256Bukhari.Sahih:4638	4638	4922	Fath al-Bari numbering	text match to 0256Bukhari.Sahih.Shamela0001681-ara1	0.88	
urn:hadith:0256Bukhari.Sahih:4639	4639	4923	Fath al-Bari numbering	text match to 0256Bukhari.Sahih.Shamela0001681-ara1	1.0	
urn:hadith:0256Bukhari.Sahih:4640	4640	4924	Fath al-Bari numbering	text match to 0256Bukhari.Sahih.Shamela0001681-ara1	0.74	
urn:hadith:0256Bukhari.Sahih:4641	4641	4925	Fath al-Bari numbering	text match to 0256Bukhari.Sahih.Shamela0001681-ara1	0.87	
urn:hadith:0256Bukhari.Sahih:4642	4642	4926	Fath al-Bari numbering	text match to 0256Bukhari.Sahih.Shamela0001681-ara1	0.87	
urn:hadith:0256Bukhari.Sahih:4643	4643	4927	Fath al-Bari numbering	text match to 0256Bukhari.Sahih.Shamela0001681-ara1	0.89	
urn:hadith:0256Bukhari.Sahih:4644	4644	4928	Fath al-Bari numbering	text match to 0256Bukhari.Sahih.Shamela0001681-ara1	0.65	
urn:hadith:0256Bukhari.Sahih:4645	4645	4929	Fath al-Bari numbering	text match to 0256Bukhari.Sahih.Shamela0001681-ara1	0.8	shared number
urn:hadith:0256Bukhari.Sahih:4646	4646	4930	Fath al-Bari numbering	text match to 0256Bukhari.Sahih.Shamela0001681-ara1	1.0	
urn:hadith:0256Bukhari.Sahih:4647	4647	4931	Fath al-Bari numbering	text match to 0256Bukhari.Sahih.Shamela0001681-ara1	1.0	
urn:hadith:0256Bukhari.Sahih:4648	4648	4932	Fath al-Bari numbering	text match to 0256Bukhari.Sahih.Shamela0001681-ara1	0.68	
urn:hadith:0256Bukhari.Sahih:4649	4649	4933	Fath al-Bari numbering	text match to 0256Bukhari.Sahih.Shamela0001681-ara1	0.65	
urn:hadith:0256Bukhari.Sahih:4650	4650	4934	Fath al-Bari numbering	text match to 0256Bukhari.Sahih.Shamela0001681-ara1	1.0	
urn:hadith:0256Bukhari.Sahih:4651	4651	4935	Fath al-Bari numbering	text match to 0256Bukhari.Sahih.Shamela0001681-ara1	1.0	
urn:hadith:0256Bukhari.Sahih:4652	4652	4936	Fath al-Bari numbering	text match to 0256Bukhari.Sahih.Shamela0001681-ara1	0.71	
urn:hadith:0256Bukhari.Sahih:4653	4653	4937	Fath al-Bari numbering	text match to 0256Bukhari.Sahih.Shamela0001681-ara1	1.0	
urn:hadith:0256Bukhari.Sahih:4654	4654	4938	Fath al-Bari numbering	text match to 0256Bukhari.Sahih.Shamela0001681-ara1	0.89	
urn:hadith:0256Bukhari.Sahih:4655	4655	4939	Fath al-Bari numbering	text match to 0256Bukhari.Sahih.Shamela0001681-ara1	0.67	
urn:hadith:0256Bukhari.Sahih:4656	4656	4940	Fath al-Bari numbering	text match to 0256Bukhari.Sahih.Shamela0001681-ara1	0.64	
urn:hadith:0256Bukhari.Sahih:4657	4657	4941	Fath al-Bari numbering	text match to 0256Bukhari.Sahih.Shamela0001681-ara1	0.83	
urn:hadith:0256Bukhari.Sahih:4658	4658	4942	Fath al-Bari numbering	text match to 0256Bukhari.Sahih.Shamela0001681-ara1	0.87	
urn:hadith:0256Bukhari.Sahih:4659	4659	4943	Fath al-Bari numbering	text match to 0256Bukhari.Sahih.Shamela0001681-ara1	0.94	
urn:hadith:0256Bukhari.Sahih:4660	4660	4944	Fath al-Bari numbering	text match to 0256Bukhari.Sahih.Shamela0001681-ara1	0.7	
urn:hadith:0256Bukhari.Sahih:4661	4661	4945	Fath al-Bari numbering	text match to 0256Bukhari.Sahih.Shamela0001681-ara1	0.95	shared number
urn:hadith:0256Bukhari.Sahih:4662	4662	4945	Fath al-Bari numbering	text match to 0256Bukhari.Sahih.Shamela0001681-ara1	0.52	shared number
urn:hadith:0256Bukhari.Sahih:4663	4663	4946	Fath al-Bari numbering	text match to 0256Bukhari.Sahih.Shamela0001681-ara1	0.93	
urn:hadith:0256Bukhari.Sahih:4664	4664	4947	Fath al-Bari numbering	text match to 0256Bukhari.Sahih.Shamela0001681-ara1	0.87	
urn:hadith:0256Bukhari.Sahih:4665	4665	4948	Fath al-Bari numbering	text match to 0256Bukhari.Sahih.Shamela0001681-ara1	1.0	
urn:hadith:0256Bukhari.Sahih:4666	4666	4949	Fath al-Bari numbering	text match to 0256Bukhari.Sahih.Shamela0001681-ara1	1.0	
urn:hadith:0256Bukhari.Sahih:4667	4667	4950	Fath al-Bari numbering	text match to 0256Bukhari.Sahih.Shamela0001681-ara1	0.92	
urn:hadith:0256Bukhari.Sahih:4668	4668	4951	Fath al-Bari numbering	text match to 0256Bukhari.Sahih.Shamela0001681-ara1	1.0	
urn:hadith:0256Bukhari.Sahih:4669	4669	4952	Fath al-Bari numbering	text match to 0256Bukhari.Sahih.Shamela0001681-ara1	0.87	
urn:hadith:0256Bukhari.Sahih:4670	4670	4953	Fath al-Bari numbering	text match to 0256Bukhari.Sahih.Shamela0001681-ara1	0.79	
urn:hadith:0256Bukhari.Sahih:4671	4671	4954	Fath al-Bari numbering	text match to 0256Bukhari.Sahih.Shamela0001681-ara1	0.91	
urn:hadith:0256Bukhari.Sahih:4672	4672	4955	Fath al-Bari numbering	text match to 0256Bukhari.Sahih.Shamela0001681-ara1	0.83	
urn:hadith:0256Bukhari.Sahih:4673	4673	4956	Fath al-Bari numbering	text match to 0256Bukhari.Sahih.Shamela0001681-ara1	1.0	
urn:hadith:0256Bukhari.Sahih:4674	4674	4957	Fath al-Bari numbering	text match to 0256Bukhari.Sahih.Shamela0001681-ara1	0.83	shared number
urn:hadith:0256Bukhari.Sahih:4675	4675	4957	Fath al-Bari numbering	text match to 0256Bukhari.Sahih.Shamela0001681-ara1	0.62	shared number
urn:hadith:0256Bukhari.Sahih:4676	4676	4960	Fath al-Bari numbering	text match to 0256Bukhari.Sahih.Shamela0001681-ara1	0.61	
urn:hadith:0256Bukhari.Sahih:4677	4677	4961	Fath al-Bari numbering	text match to 0256Bukhari.Sahih.Shamela0001681-ara1	0.9	
urn:hadith:0256Bukhari.Sahih:4678	4678	4962	Fath al-Bari numbering	text match to 0256Bukhari.Sahih.Shamela0001681-ara1	1.0	
urn:hadith:0256Bukhari.Sahih:4679	4679	4963	Fath al-Bari numbering	text match to 0256Bukhari.Sahih.Shamela0001681-ara1	0.9	
urn:hadith:0256Bukhari.Sahih:4680	4680	4964	Fath al-Bari numbering	text match to 0256Bukhari.Sahih.Shamela0001681-ara1	1.0	
urn:hadith:0256Bukhari.Sahih:4681	4681	4965	Fath al-Bari numbering	text match to 0256Bukhari.Sahih.Shamela0001681-ara1	0.82	
urn:hadith:0256Bukhari.Sahih:4682	4682	4966	Fath al-Bari numbering	text match to 0256Bukhari.Sahih.Shamela0001681-ara1	0.9	
urn:hadith:0256Bukhari.Sahih:4683	4683	4967	Fath al-Bari numbering	text match to 0256Bukhari.Sahih.Shamela0001681-ara1	0.9	
urn:hadith:0256Bukhari.Sahih:4684	4684	4968	Fath al-Bari numbering	text match to 0256Bukhari.Sahih.Shamela0001681-ara1	1.0	
urn:hadith:0256Bukhari.Sahih:4685	4685	4969	Fath al-Bari numbering	text match to 0256Bukhari.Sahih.Shamela0001681-ara1	0.66	
urn:hadith:0256Bukhari.Sahih:4686	4686	4970	Fath al-Bari numbering	text match to 0256Bukhari.Sahih.Shamela0001681-ara1	0.75	
urn:hadith:0256Bukhari.Sahih:4687	4687	4971	Fath al-Bari numbering	text match to 0256Bukhari.Sahih.Shamela0001681-ara1	0.87	
urn:hadith:0256Bukhari.Sahih:4688	4688	4972	Fath al-Bari numbering	text match to 0256Bukhari.Sahih.Shamela0001681-ara1	0.83	
urn:hadith:0256Bukhari.Sahih:4689	4689	4973	Fath al-Bari numbering	text match to 0256Bukhari.Sahih.Shamela0001681-ara1	0.83	
urn:hadith:0256Bukhari.Sahih:4690	4690	4974	Fath al-Bari numbering	text match to 0256Bukhari.Sahih.Shamela0001681-ara1	0.9	
urn:hadith:0256Bukhari.Sahih:4691	4691	4975	Fath al-Bari numbering	text match to 0256Bukhari.Sahih.Shamela0001681-ara1	0.92	
urn:hadith:0256Bukhari.Sahih:4692	4692	4976	Fath al-Bari numbering	text match to 0256Bukhari.Sahih.Shamela0001681-ara1	1.0	
urn:hadith:0256Bukhari.Sahih:4693	4693	4977	Fath al-Bari numbering	text match to 0256Bukhari.Sahih.Shamela0001681-ara1	0.85	
urn:hadith:0256Bukhari.Sahih:4694	4694	4978	Fath al-Bari numbering	text match to 0256Bukhari.Sahih.Shamela0001681-ara1	0.84	
urn:hadith:0256Bukhari.Sahih:4695	4695	4980	Fath al-Bari numbering	text match to 0256Bukhari.Sahih.Shamela0001681-ara1	1.0	
urn:hadith:0256Bukhari.Sahih:4696	4696	4981	Fath al-Bari numbering	text match to 0256Bukhari.Sahih.Shamela0001681-ara1	0.89	
urn:hadith:0256Bukhari.Sahih:4697	4697	4982	Fath al-Bari numbering	text match to 0256Bukhari.Sahih.Shamela0001681-ara1	0.9	
urn:hadith:0256Bukhari.Sahih:4698	4698	4983	Fath al-Bari numbering	text match to 0256Bukhari.Sahih.Shamela0001681-ara1	1.0	
urn:hadith:0256Bukhari.Sahih:4699	4699	4984	Fath al-Bari numbering	text match to 0256Bukhari.Sahih.Shamela0001681-ara1	0.88	
urn:hadith:0256Bukhari.Sahih:4700	4700	4985	Fath al-Bari numbering	text match to 0256Bukhari.Sahih.Shamela0001681-ara1	0.88	
urn:hadith:0256Bukhari.Sahih:4701	4701	4986	Fath al-Bari numbering	text match to 0256Bukhari.Sahih.Shamela0001681-ara1	0.93	
urn:hadith:0256Bukhari.Sahih:4702	4702	4987	Fath al-Bari numbering	text match to 0256Bukhari.Sahih.Shamela0001681-ara1	0.93	
urn:hadith:0256Bukhari.Sahih:4703	4703	4989	Fath al-Bari numbering	text match to 0256Bukhari.Sahih.Shamela0001681-ara1	0.84	
urn:hadith:0256Bukhari.Sahih:4704	4704	4990	Fath al-Bari numbering	text match to 0256Bukhari.Sahih.Shamela0001681-ara1	0.83	
urn:hadith:0256Bukhari.Sahih:4705	4705	4991	Fath al-Bari numbering	text match to 0256Bukhari.Sahih.Shamela0001681-ara1	0.8	
urn:hadith:0256Bukhari.Sahih:4706	4706	4992	Fath al-Bari numbering	text match to 0256Bukhari.Sahih.Shamela0001681-ara1	0.79	
urn:hadith:0256Bukhari.Sahih:4707	4707	4993	Fath al-Bari numbering	text match to 0256Bukhari.Sahih.Shamela0001681-ara1	0.93	
urn:hadith:0256Bukhari.Sahih:4708	4708	4994	Fath al-Bari numbering	text match to 0256Bukhari.Sahih.Shamela0001681-ara1	0.78	
urn:hadith:0256Bukhari.Sahih:4709	4709	4995	Fath al-Bari numbering	text match to 0256Bukhari.Sahih.Shamela0001681-ara1	0.83	
urn:hadith:0256Bukhari.Sahih:4710	4710	4996	Fath al-Bari numbering	text match to 0256Bukhari.Sahih.Shamela0001681-ara1	0.78	
urn:hadith:0256Bukhari.Sahih:4711	4711	4997	Fath al-Bari numbering	text match to 0256Bukhari.Sahih.Shamela0001681-ara1	0.92	
urn:hadith:0256Bukhari.Sahih:4712	4712	4998	Fath al-Bari numbering	text match to 0256Bukhari.Sahih.Shamela0001681-ara1	1.0	
urn:hadith:0256Bukhari.Sahih:4713	4713	4999	Fath al-Bari numbering	text match to 0256Bukhari.Sahih.Shamela0001681-ara1	0.93	
urn:hadith:0256Bukhari.Sahih:4714	4714	5000	Fath al-Bari numbering	text match to 0256Bukhari.Sahih.Shamela0001681-ara1	1.0	
urn:hadith:0256Bukhari.Sahih:4715	4715	5001	Fath al-Bari numbering	text match to 0256Bukhari.Sahih.Shamela0001681-ara1	0.89	
urn:hadith:0256Bukhari.Sahih:4716	4716	5002	Fath al-Bari numbering	text match to 0256Bukhari.Sahih.Shamela0001681-ara1	0.91	
urn:hadith:0256Bukhari.Sahih:4717	4717	5003	Fath al-Bari numbering	text match to 0256Bukhari.Sahih.Shamela0001681-ara1	1.0	
urn:hadith:0256Bukhari.Sahih:4718	4718	5004	Fath al-Bari numbering	text match to 0256Bukhari.Sahih.Shamela0001681-ara1	1.0	
urn:hadith:0256Bukhari.Sahih:4719	4719	5005	Fath al-Bari numbering	text match to 0256Bukhari.Sahih.Shamela0001681-ara1	0.91	
urn:hadith:0256Bukhari.Sahih:4720	4720	5006	Fath al-Bari numbering	text match to 0256Bukhari.Sahih.Shamela0001681-ara1	1.0	
urn:hadith:0256Bukhari.Sahih:4721	4721	5007	Fath al-Bari numbering	text match to 0256Bukhari.Sahih.Shamela0001681-ara1	1.0	
urn:hadith:0256Bukhari.Sahih:4722	4722	5009	Fath al-Bari numbering	text match to 0256Bukhari.Sahih.Shamela0001681-ara1	0.59	
urn:hadith:0256Bukhari.Sahih:4723	4723	5010	Fath al-Bari numbering	text match to 0256Bukhari.Sahih.Shamela0001681-ara1	1.0	
urn:hadith:0256Bukhari.Sahih:4724	4724	5011	Fath al-Bari numbering	text match to 0256Bukhari.Sahih.Shamela0001681-ara1	1.0	
urn:hadith:0256Bukhari.Sahih:4725	4725	5012	Fath al-Bari numbering	text match to 0256Bukhari.Sahih.Shamela0001681-ara1	1.0	
urn:hadith:0256Bukhari.Sahih:4726	4726	5013	Fath al-Bari numbering	text match to 0256Bukhari.Sahih.Shamela0001681-ara1	0.8	
urn:hadith:0256Bukhari.Sahih:4727	4727	5015	Fath al-Bari numbering	text match to 0256Bukhari.Sahih.Shamela0001681-ara1	0.81	
urn:hadith:0256Bukhari.Sahih:4728	4728	5016	Fath al-Bari numbering	text match to 0256Bukhari.Sahih.Shamela0001681-ara1	0.87	
urn:hadith:0256Bukhari.Sahih:4729	4729	5017	Fath al-Bari numbering	text match to 0256Bukhari.Sahih.Shamela0001681-ara1	0.73	
urn:hadith:0256Bukhari.Sahih:4730	4730	5018	Fath al-Bari numbering	text match to 0256Bukhari.Sahih.Shamela0001681-ara1	0.82	
urn:hadith:0256Bukhari.Sahih:4731	4731	5019	Fath al-Bari numbering	text match to 0256Bukhari.Sahih.Shamela0001681-ara1	0.81	
urn:hadith:0256Bukhari.Sahih:4732	4732	5020	Fath al-Bari numbering	text match to 0256Bukhari.Sahih.Shamela0001681-ara1	1.0	
urn:hadith:0256Bukhari.Sahih:4733	4733	5021	Fath al-Bari numbering	text match to 0256Bukhari.Sahih.Shamela0001681-ara1	0.86	
urn:hadith:0256Bukhari.Sahih:4734	4734	5022	Fath al-Bari numbering	text match to 0256Bukhari.Sahih.Shamela0001681-ara1	1.0	
urn:hadith:0256Bukhari.Sahih:4735	4735	5023	Fath al-Bari numbering	text match to 0256Bukhari.Sahih.Shamela0001681-ara1	0.74	
urn:hadith:0256Bukhari.Sahih:4736	4736	5024	Fath al-Bari numbering	text match to 0256Bukhari.Sahih.Shamela0001681-ara1	1.0	
urn:hadith:0256Bukhari.Sahih:4737	4737	5025	Fath al-Bari numbering	text match to 0256Bukhari.Sahih.Shamela0001681-ara1	1.0	
urn:hadith:0256Bukhari.Sahih:4738	4738	5026	Fath al-Bari numbering	text match to 0256Bukhari.Sahih.Shamela0001681-ara1	1.0	
urn:hadith:0256Bukhari.Sahih:4739	4739	5027	Fath al-Bari numbering	text match to 0256Bukhari.Sahih.Shamela0001681-ara1	1.0	
urn:hadith:0256Bukhari.Sahih:4740	4740	5028	Fath al-Bari numbering	text match to 0256Bukhari.Sahih.Shamela0001681-ara1	1.0	
urn:hadith:0256Bukhari.Sahih:4741	4741	5029	Fath al-Bari numbering	text match to 0256Bukhari.Sahih.Shamela0001681-ara1	1.0	
urn:hadith:0256Bukhari.Sahih:4742	4742	5030	Fath al-Bari numbering	text match to 0256Bukhari.Sahih.Shamela0001681-ara1	1.0	
urn:hadith:0256Bukhari.Sahih:4743	4743	5031	Fath al-Bari numbering	text match to 0256Bukhari.Sahih.Shamela0001681-ara1	0.85	
urn:hadith:0256Bukhari.Sahih:4744	4744	5032	Fath al-Bari numbering	text match to 0256Bukhari.Sahih.Shamela0001681-ara1	1.0	shared number
urn:hadith:0256Bukhari.Sahih:4745	4745	5032	Fath al-Bari numbering	text match to 0256Bukhari.Sahih.Shamela0001681-ara1	0.62	shared number
urn:hadith:0256Bukhari.Sahih:4746	4746	5033	Fath al-Bari numbering	text match to 0256Bukhari.Sahih.Shamela0001681-ara1	0.93	
urn:hadith:0256Bukhari.Sahih:4747	4747	5034	Fath al-Bari numbering	text match to 0256Bukhari.Sahih.Shamela0001681-ara1	1.0	
urn:hadith:0256Bukhari.Sahih:4748	4748	5035	Fath al-Bari numbering	text match to 0256Bukhari.Sahih.Shamela0001681-ara1	0.71	
urn:hadith:0256Bukhari.Sahih:4749	4749	5036	Fath al-Bari numbering	text match to 0256Bukhari.Sahih.Shamela0001681-ara1	0.84	
urn:hadith:0256Bukhari.Sahih:4750	4750	5037	Fath al-Bari numbering	text match to 0256Bukhari.Sahih.Shamela0001681-ara1	1.0	
urn:hadith:0256Bukhari.Sahih:4751	4751	5038	Fath al-Bari numbering	text match to 0256Bukhari.Sahih.Shamela0001681-ara1	0.79	
urn:hadith:0256Bukhari.Sahih:4752	4752	5039	Fath al-Bari numbering	text match to 0256Bukhari.Sahih.Shamela0001681-ara1	1.0	
urn:hadith:0256Bukhari.Sahih:4753	4753	5040	Fath al-Bari numbering	text match to 0256Bukhari.Sahih.Shamela0001681-ara1	1.0	
urn:hadith:0256Bukhari.Sahih:4754	4754	5041	Fath al-Bari numbering	text match to 0256Bukhari.Sahih.Shamela0001681-ara1	0.93	
urn:hadith:0256Bukhari.Sahih:4755	4755	5042	Fath al-Bari numbering	text match to 0256Bukhari.Sahih.Shamela0001681-ara1	1.0	
urn:hadith:0256Bukhari.Sahih:4756	4756	5043	Fath al-Bari numbering	text match to 0256Bukhari.Sahih.Shamela0001681-ara1	1.0	
urn:hadith:0256Bukhari.Sahih:4757	4757	4929	Fath al-Bari numbering	text match to 0256Bukhari.Sahih.Shamela0001681-ara1	0.76	shared number, out of order
urn:hadith:0256Bukhari.Sahih:4758	4758	5045	Fath al-Bari numbering	text match to 0256Bukhari.Sahih.Shamela0001681-ara1	1.0	
urn:hadith:0256Bukhari.Sahih:4759	4759	5046	Fath al-Bari numbering	text match to 0256Bukhari.Sahih.Shamela0001681-ara1	0.87	
urn:hadith:0256Bukhari.Sahih:4760	4760	5047	Fath al-Bari numbering	text match to 0256Bukhari.Sahih.Shamela0001681-ara1	1.0	
urn:hadith:0256Bukhari.Sahih:4761	4761	5048	Fath al-Bari numbering	text match to 0256Bukhari.Sahih.Shamela0001681-ara1	1.0	
urn:hadith:0256Bukhari.Sahih:4762	4762	5049	Fath al-Bari numbering	text match to 0256Bukhari.Sahih.Shamela0001681-ara1	1.0	
urn:hadith:0256Bukhari.Sahih:4763	4763	5050	Fath al-Bari numbering	text match to 0256Bukhari.Sahih.Shamela0001681-ara1	0.93	
urn:hadith:0256Bukhari.Sahih:4764	4764	5051	Fath al-Bari numbering	text match to 0256Bukhari.Sahih.Shamela0001681-ara1	0.78	
urn:hadith:0256Bukhari.Sahih:4765	4765	5052	Fath al-Bari numbering	text match to 0256Bukhari.Sahih.Shamela0001681-ara1	0.8	
urn:hadith:0256Bukhari.Sahih:4766	4766	5053	Fath al-Bari numbering	text match to 0256Bukhari.Sahih.Shamela0001681-ara1	1.0	
urn:hadith:0256Bukhari.Sahih:4767	4767	5054	Fath al-Bari numbering	text match to 0256Bukhari.Sahih.Shamela0001681-ara1	1.0	
urn:hadith:0256Bukhari.Sahih:4768	4768	5055	Fath al-Bari numbering	text match to 0256Bukhari.Sahih.Shamela0001681-ara1	0.93	
urn:hadith:0256Bukhari.Sahih:4769	4769	5056	Fath al-Bari numbering	text match to 0256Bukhari.Sahih.Shamela0001681-ara1	0.89	
urn:hadith:0256Bukhari.Sahih:4770	4770	5057	Fath al-Bari numbering	text match to 0256Bukhari.Sahih.Shamela0001681-ara1	1.0	
urn:hadith:0256Bukhari.Sahih:4771	4771	5058	Fath al-Bari numbering	text match to 0256Bukhari.Sahih.Shamela0001681-ara1	0.93	
urn:hadith:0256Bukhari.Sahih:4772	4772	5059	Fath al-Bari numbering	text match to 0256Bukhari.Sahih.Shamela0001681-ara1	1.0	shared number
urn:hadith:0256Bukhari.Sahih:4773	4773	5060	Fath al-Bari numbering	text match to 0256Bukhari.Sahih.Shamela0001681-ara1	0.81	
urn:hadith:0256Bukhari.Sahih:4774	4774	5061	Fath al-Bari numbering	text match to 0256Bukhari.Sahih.Shamela0001681-ara1	0.87	
urn:hadith:0256Bukhari.Sahih:4775	4775	5062	Fath al-Bari numbering	text match to 0256Bukhari.Sahih.Shamela0001681-ara1	0.83	
urn:hadith:0256Bukhari.Sahih:4776	4776	5063	Fath al-Bari numbering	text match to 0256Bukhari.Sahih.Shamela0001681-ara1	0.93	
urn:hadith:0256Bukhari.Sahih:4777	4777	5064	Fath al-Bari numbering	text match to 0256Bukhari.Sahih.Shamela0001681-ara1	0.89	
urn:hadith:0256Bukhari.Sahih:4778	4778	5065	Fath al-Bari numbering	text match to 0256Bukhari.Sahih.Shamela0001681-ara1	1.0	
urn:hadith:0256Bukhari.Sahih:4779	4779	5066	Fath al-Bari numbering	text match to 0256Bukhari.Sahih.Shamela0001681-ara1	1.0	
urn:hadith:0256Bukhari.Sahih:4780	4780	5067	Fath al-Bari numbering	text match to 0256Bukhari.Sahih.Shamela0001681-ara1	0.71	
urn:hadith:0256Bukhari.Sahih:4781	4781	5068	Fath al-Bari numbering	text match to 0256Bukhari.Sahih.Shamela0001681-ara1	1.0	
urn:hadith:0256Bukhari.Sahih:4782	4782	5069	Fath al-Bari numbering	text match to 0256Bukhari.Sahih.Shamela0001681-ara1	0.83	
urn:hadith:0256Bukhari.Sahih:4783	4783	5070	Fath al-Bari numbering	text match to 0256Bukhari.Sahih.Shamela0001681-ara1	1.0	
urn:hadith:0256Bukhari.Sahih:4784	4784	5071	Fath al-Bari numbering	text match to 0256Bukhari.Sahih.Shamela0001681-ara1	0.85	
urn:hadith:0256Bukhari.Sahih:4785	4785	5072	Fath al-Bari numbering	text match to 0256Bukhari.Sahih.Shamela0001681-ara1	1.0	
urn:hadith:0256Bukhari.Sahih:4786	4786	5074	Fath al-Bari numbering	text match to 0256Bukhari.Sahih.Shamela0001681-ara1	0.54	
urn:hadith:0256Bukhari.Sahih:4787	4787	5075	Fath al-Bari numbering	text match to 0256Bukhari.Sahih.Shamela0001681-ara1	1.0	
urn:hadith:0256Bukhari.Sahih:4788	4788	5076	Fath al-Bari numbering	text match to 0256Bukhari.Sahih.Shamela0001681-ara1	0.88	
urn:hadith:0256Bukhari.Sahih:4789	4789	5077	Fath al-Bari numbering	text match to 0256Bukhari.Sahih.Shamela0001681-ara1	0.92	
urn:hadith:0256Bukhari.Sahih:4790	4790	5078	Fath al-Bari numbering	text match to 0256Bukhari.Sahih.Shamela0001681-ara1	1.0	
urn:hadith:0256Bukhari.Sahih:4791	4791	5079	Fath al-Bari numbering	text match to 0256Bukhari.Sahih.Shamela0001681-ara1	1.0	
urn:hadith:0256Bukhari.Sahih:4792	4792	5080	Fath al-Bari numbering	text match to 0256Bukhari.Sahih.Shamela0001681-ara1	1.0	
urn:hadith:0256Bukhari.Sahih:4793	4793	5081	Fath al-Bari numbering	text match to 0256Bukhari.Sahih.Shamela0001681-ara1	1.0	
urn:hadith:0256Bukhari.Sahih:4794	4794	5082	Fath al-Bari numbering	text match to 0256Bukhari.Sahih.Shamela0001681-ara1	1.0	
urn:hadith:0256Bukhari.Sahih:4795	4795	5083	Fath al-Bari numbering	text match to 0256Bukhari.Sahih.Shamela0001681-ara1	1.0	
urn:hadith:0256Bukhari.Sahih:4796	4796	5084	Fath al-Bari numbering	text match to 0256Bukhari.Sahih.Shamela0001681-ara1	0.87	
urn:hadith:0256Bukhari.Sahih:4797	4797	5085	Fath al-Bari numbering	text match to 0256Bukhari.Sahih.Shamela0001681-ara1	1.0	
urn:hadith:0256Bukhari.Sahih:4798	4798	5086	Fath al-Bari numbering	text match to 0256Bukhari.Sahih.Shamela0001681-ara1	1.0	
urn:hadith:0256Bukhari.Sahih:4799	4799	5087	Fath al-Bari numbering	text match to 0256Bukhari.Sahih.Shamela0001681-ara1	1.0	
urn:hadith:0256Bukhari.Sahih:4800	4800	5088	Fath al-Bari numbering	text match to 0256Bukhari.Sahih.Shamela0001681-ara1	0.99	
urn:hadith:0256Bukhari.Sahih:4801	4801	5089	Fath al-Bari numbering	text match to 0256Bukhari.Sahih.Shamela0001681-ara1	0.89	
urn:hadith:0256Bukhari.Sahih:4802	4802	5090	Fath al-Bari numbering	text match to 0256Bukhari.Sahih.Shamela0001681-ara1	1.0	
urn:hadith:0256Bukhari.Sahih:4803	4803	5091	Fath al-Bari numbering	text match to 0256Bukhari.Sahih.Shamela0001681-ara1	0.93	
urn:hadith:0256Bukhari.Sahih:4804	4804	5092	Fath al-Bari numbering	text match to 0256Bukhari.Sahih.Shamela0001681-ara1	0.76	
urn:hadith:0256Bukhari.Sahih:4805	4805	5093	Fath al-Bari numbering	text match to 0256Bukhari.Sahih.Shamela0001681-ara1	0.85	
urn:hadith:0256Bukhari.Sahih:4806	4806	5094	Fath al-Bari numbering	text match to 0256Bukhari.Sahih.Shamela0001681-ara1	0.87	
urn:hadith:0256Bukhari.Sahih:4807	4807	5095	Fath al-Bari numbering	text match to 0256Bukhari.Sahih.Shamela0001681-ara1	1.0	
urn:hadith:0256Bukhari.Sahih:4808	4808	5096	Fath al-Bari numbering	text match to 0256Bukhari.Sahih.Shamela0001681-ara1	1.0	
urn:hadith:0256Bukhari.Sahih:4809	4809	5097	Fath al-Bari numbering	text match to 0256Bukhari.Sahih.Shamela0001681-ara1	1.0	
urn:hadith:0256Bukhari.Sahih:4810	4810	5098	Fath al-Bari numbering	text match to 0256Bukhari.Sahih.Shamela0001681-ara1	0.89	
urn:hadith:0256Bukhari.Sahih:4811	4811	5099	Fath al-Bari numbering	text match to 0256Bukhari.Sahih.Shamela0001681-ara1	1.0	
urn:hadith:0256Bukhari.Sahih:4812	4812	5100	Fath al-Bari numbering	text match to 0256Bukhari.Sahih.Shamela0001681-ara1	0.88	
urn:hadith:0256Bukhari.Sahih:4813	4813	5101	Fath al-Bari numbering	text match to 0256Bukhari.Sahih.Shamela0001681-ara1	0.92	
urn:hadith:0256Bukhari.Sahih:4814	4814	5102	Fath al-Bari numbering	text match to 0256Bukhari.Sahih.Shamela0001681-ara1	1.0	
urn:hadith:0256Bukhari.Sahih:4815	4815	5103	Fath al-Bari numbering	text match to 0256Bukhari.Sahih.Shamela0001681-ara1	0.89	
urn:hadith:0256Bukhari.Sahih:4816	4816	5104	Fath al-Bari numbering	text match to 0256Bukhari.Sahih.Shamela0001681-ara1	1.0	
urn:hadith:0256Bukhari.Sahih:4817	4817	5106	Fath al-Bari numbering	text match to 0256Bukhari.Sahih.Shamela0001681-ara1	1.0	
urn:hadith:0256Bukhari.Sahih:4818	4818	5107	Fath al-Bari numbering	text match to 0256Bukhari.Sahih.Shamela0001681-ara1	0.93	
urn:hadith:0256Bukhari.Sahih:4819	4819	5108	Fath al-Bari numbering	text match to 0256Bukhari.Sahih.Shamela0001681-ara1	0.85	
urn:hadith:0256Bukhari.Sahih:4820	4820	5109	Fath al-Bari numbering	text match to 0256Bukhari.Sahih.Shamela0001681-ara1	1.0	
urn:hadith:0256Bukhari.Sahih:4821	4821	5110	Fath al-Bari numbering	text match to 0256Bukhari.Sahih.Shamela0001681-ara1	1.0	
urn:hadith:0256Bukhari.Sahih:4822	4822	5112	Fath al-Bari numbering	text match to 0256Bukhari.Sahih.Shamela0001681-ara1	0.85	
urn:hadith:0256Bukhari.Sahih:4823	4823	5113	Fath al-Bari numbering	text match to 0256Bukhari.Sahih.Shamela0001681-ara1	0.92	
urn:hadith:0256Bukhari.Sahih:4824	4824	5114	Fath al-Bari numbering	text match to 0256Bukhari.Sahih.Shamela0001681-ara1	0.58	
urn:hadith:0256Bukhari.Sahih:4825	4825	5115	Fath al-Bari numbering	text match to 0256Bukhari.Sahih.Shamela0001681-ara1	0.78	
urn:hadith:0256Bukhari.Sahih:4826	4826	5116	Fath al-Bari numbering	text match to 0256Bukhari.Sahih.Shamela0001681-ara1	0.71	
urn:hadith:0256Bukhari.Sahih:4827	4827	5119	Fath al-Bari numbering	text match to 0256Bukhari.Sahih.Shamela0001681-ara1	0.5	
urn:hadith:0256Bukhari.Sahih:4828	4828	5120	Fath al-Bari numbering	text match to 0256Bukhari.Sahih.Shamela0001681-ara1	0.82	
urn:hadith:0256Bukhari.Sahih:4829	4829	5121	Fath al-Bari numbering	text match to 0256Bukhari.Sahih.Shamela0001681-ara1	0.92	
urn:hadith:0256Bukhari.Sahih:4830	4830	5122	Fath al-Bari numbering	text match to 0256Bukhari.Sahih.Shamela0001681-ara1	0.93	
urn:hadith:0256Bukhari.Sahih:4831	4831	5123	Fath al-Bari numbering	text match to 0256Bukhari.Sahih.Shamela0001681-ara1	1.0	
urn:hadith:0256Bukhari.Sahih:4832	4832	5125	Fath al-Bari numbering	text match to 0256Bukhari.Sahih.Shamela0001681-ara1	0.88	
urn:hadith:0256Bukhari.Sahih:4833	4833	5126	Fath al-Bari numbering	text match to 0256Bukhari.Sahih.Shamela0001681-ara1	1.0	
urn:hadith:0256Bukhari.Sahih:4834	4834	5127	Fath al-Bari numbering	text match to 0256Bukhari.Sahih.Shamela0001681-ara1	0.87	
urn:hadith:0256Bukhari.Sahih:4835	4835	5128	Fath al-Bari numbering	text match to 0256Bukhari.Sahih.Shamela0001681-ara1	0.93	
urn:hadith:0256Bukhari.Sahih:4836	4836	5129	Fath al-Bari numbering	text match to 0256Bukhari.Sahih.Shamela0001681-ara1	0.87	
urn:hadith:0256Bukhari.Sahih:4837	4837	5130	Fath al-Bari numbering	text match to 0256Bukhari.Sahih.Shamela0001681-ara1	0.84	
urn:hadith:0256Bukhari.Sahih:4838	4838	5131	Fath al-Bari numbering	text match to 0256Bukhari.Sahih.Shamela0001681-ara1	0.88	
urn:hadith:0256Bukhari.Sahih:4839	4839	5132	Fath al-Bari numbering	text match to 0256Bukhari.Sahih.Shamela0001681-ara1	0.87	
urn:hadith:0256Bukhari.Sahih:4840	4840	5133	Fath al-Bari numbering	text match to 0256Bukhari.Sahih.Shamela0001681-ara1	1.0	
urn:hadith:0256Bukhari.Sahih:4841	4841	5134	Fath al-Bari numbering	text match to 0256Bukhari.Sahih.Shamela0001681-ara1	1.0	
urn:hadith:0256Bukhari.Sahih:4842	4842	5135	Fath al-Bari numbering	text match to 0256Bukhari.Sahih.Shamela0001681-ara1	0.93	
urn:hadith:0256Bukhari.Sahih:4843	4843	5136	Fath al-Bari numbering	text match to 0256Bukhari.Sahih.Shamela0001681-ara1	1.0	
urn:hadith:0256Bukhari.Sahih:4844	4844	5137	Fath al-Bari numbering	text match to 0256Bukhari.Sahih.Shamela0001681-ara1	0.81	
urn:hadith:0256Bukhari.Sahih:4845	4845	5138	Fath al-Bari numbering	text match to 0256Bukhari.Sahih.Shamela0001681-ara1	0.57	
urn:hadith:0256Bukhari.Sahih:4846	4846	5140	Fath al-Bari numbering	text match to 0256Bukhari.Sahih.Shamela0001681-ara1	0.74	
urn:hadith:0256Bukhari.Sahih:4847	4847	5141	Fath al-Bari numbering	text match to 0256Bukhari.Sahih.Shamela0001681-ara1	1.0	
urn:hadith:0256Bukhari.Sahih:4848	4848	5142	Fath al-Bari numbering	text match to 0256Bukhari.Sahih.Shamela0001681-ara1	0.76	
urn:hadith:0256Bukhari.Sahih:4849	4849	5143	Fath al-Bari numbering	text match to 0256Bukhari.Sahih.Shamela0001681-ara1	0.77	
urn:hadith:0256Bukhari.Sahih:4850	4850	5145	Fath al-Bari numbering	text match to 0256Bukhari.Sahih.Shamela0001681-ara1	1.0	
urn:hadith:0256Bukhari.Sahih:4851	4851	5146	Fath al-Bari numbering	text match to 0256Bukhari.Sahih.Shamela0001681-ara1	0.79	
urn:hadith:0256Bukhari.Sahih:4852	4852	5147	Fath al-Bari numbering	text match to 0256Bukhari.Sahih.Shamela0001681-ara1	0.91	
urn:hadith:0256Bukhari.Sahih:4853	4853	5148	Fath al-Bari numbering	text match to 0256Bukhari.Sahih.Shamela0001681-ara1	1.0	
urn:hadith:0256Bukhari.Sahih:4854	4854	5149	Fath al-Bari numbering	text match to 0256Bukhari.Sahih.Shamela0001681-ara1	1.0	
urn:hadith:0256Bukhari.Sahih:4855	4855	5150	Fath al-Bari numbering	text match to 0256Bukhari.Sahih.Shamela0001681-ara1	1.0	
urn:hadith:0256Bukhari.Sahih:4856	4856	5151	Fath al-Bari numbering	text match to 0256Bukhari.Sahih.Shamela0001681-ara1	1.0	
urn:hadith:0256Bukhari.Sahih:4857	4857	5152	Fath al-Bari numbering	text match to 0256Bukhari.Sahih.Shamela0001681-ara1	0.82	
urn:hadith:0256Bukhari.Sahih:4858	4858	5153	Fath al-Bari numbering	text match to 0256Bukhari.Sahih.Shamela0001681-ara1	1.0	
urn:hadith:0256Bukhari.Sahih:4859	4859	5154	Fath al-Bari numbering	text match to 0256Bukhari.Sahih.Shamela0001681-ara1	1.0	
urn:hadith:0256Bukhari.Sahih:4860	4860	5155	Fath al-Bari numbering	text match to 0256Bukhari.Sahih.Shamela0001681-ara1	0.89	
urn:hadith:0256Bukhari.Sahih:4861	4861	5156	Fath al-Bari numbering	text match to 0256Bukhari.Sahih.Shamela0001681-ara1	1.0	
urn:hadith:0256Bukhari.Sahih:4862	4862	5157	Fath al-Bari numbering	text match to 0256Bukhari.Sahih.Shamela0001681-ara1	1.0	
urn:hadith:0256Bukhari.Sahih:4863	4863	5158	Fath al-Bari numbering	text match to 0256Bukhari.Sahih.Shamela0001681-ara1	0.63	
urn:hadith:0256Bukhari.Sahih:4864	4864	5159	Fath al-Bari numbering	text match to 0256Bukhari.Sahih.Shamela0001681-ara1	1.0	
urn:hadith:0256Bukhari.Sahih:4865	4865	5160	Fath al-Bari numbering	text match to 0256Bukhari.Sahih.Shamela0001681-ara1	1.0	
urn:hadith:0256Bukhari.Sahih:4866	4866	5161	Fath al-Bari numbering	text match to 0256Bukhari.Sahih.Shamela0001681-ara1	1.0	
urn:hadith:0256Bukhari.Sahih:4867	4867	5162	Fath al-Bari numbering	text match to 0256Bukhari.Sahih.Shamela0001681-ara1	1.0	
urn:hadith:0256Bukhari.Sahih:4868	4868	5163	Fath al-Bari numbering	text match to 0256Bukhari.Sahih.Shamela0001681-ara1	1.0	
urn:hadith:0256Bukhari.Sahih:4869	4869	5164	Fath al-Bari numbering	text match to 0256Bukhari.Sahih.Shamela0001681-ara1	0.92	
urn:hadith:0256Bukhari.Sahih:4870	4870	5165	Fath al-Bari numbering	text match to 0256Bukhari.Sahih.Shamela0001681-ara1	0.9	
urn:hadith:0256Bukhari.Sahih:4871	4871	5166	Fath al-Bari numbering	text match to 0256Bukhari.Sahih.Shamela0001681-ara1	0.8	
urn:hadith:0256Bukhari.Sahih:4872	4872	5167	Fath al-Bari numbering	text match to 0256Bukhari.Sahih.Shamela0001681-ara1	1.0	
urn:hadith:0256Bukhari.Sahih:4873	4873	5168	Fath al-Bari numbering	text match to 0256Bukhari.Sahih.Shamela0001681-ara1	1.0	
urn:hadith:0256Bukhari.Sahih:4874	4874	5169	Fath al-Bari numbering	text match to 0256Bukhari.Sahih.Shamela0001681-ara1	0.86	
urn:hadith:0256Bukhari.Sahih:4875	4875	5170	Fath al-Bari numbering	text match to 0256Bukhari.Sahih.Shamela0001681-ara1	1.0	
urn:hadith:0256Bukhari.Sahih:4876	4876	5171	Fath al-Bari numbering	text match to 0256Bukhari.Sahih.Shamela0001681-ara1	1.0	
urn:hadith:0256Bukhari.Sahih:4877	4877	5172	Fath al-Bari numbering	text match to 0256Bukhari.Sahih.Shamela0001681-ara1	1.0	
urn:hadith:0256Bukhari.Sahih:4878	4878	5173	Fath al-Bari numbering	text match to 0256Bukhari.Sahih.Shamela0001681-ara1	1.0	shared number
urn:hadith:0256Bukhari.Sahih:4879	4879	5174	Fath al-Bari numbering	text match to 0256Bukhari.Sahih.Shamela0001681-ara1	1.0	
urn:hadith:0256Bukhari.Sahih:4880	4880	5175	Fath al-Bari numbering	text match to 0256Bukhari.Sahih.Shamela0001681-ara1	1.0	
urn:hadith:0256Bukhari.Sahih:4881	4881	5176	Fath al-Bari numbering	text match to 0256Bukhari.Sahih.Shamela0001681-ara1	1.0	
urn:hadith:0256Bukhari.Sahih:4882	4882	5177	Fath al-Bari numbering	text match to 0256Bukhari.Sahih.Shamela0001681-ara1	0.74	
urn:hadith:0256Bukhari.Sahih:4883	4883	5178	Fath al-Bari numbering	text match to 0256Bukhari.Sahih.Shamela0001681-ara1	1.0	
urn:hadith:0256Bukhari.Sahih:4884	4884	5179	Fath al-Bari numbering	text match to 0256Bukhari.Sahih.Shamela0001681-ara1	0.9	
urn:hadith:0256Bukhari.Sahih:4885	4885	5180	Fath al-Bari numbering	text match to 0256Bukhari.Sahih.Shamela0001681-ara1	1.0	
urn:hadith:0256Bukhari.Sahih:4886	4886	5181	Fath al-Bari numbering	text match to 0256Bukhari.Sahih.Shamela0001681-ara1	1.0	
urn:hadith:0256Bukhari.Sahih:4887	4887	5182	Fath al-Bari numbering	text match to 0256Bukhari.Sahih.Shamela0001681-ara1	1.0	
urn:hadith:0256Bukhari.Sahih:4888	4888	5183	Fath al-Bari numbering	text match to 0256Bukhari.Sahih.Shamela0001681-ara1	0.9	
urn:hadith:0256Bukhari.Sahih:4889	4889	5184	Fath al-Bari numbering	text match to 0256Bukhari.Sahih.Shamela0001681-ara1	1.0	
urn:hadith:0256Bukhari.Sahih:4890	4890	5185	Fath al-Bari numbering	text match to 0256Bukhari.Sahih.Shamela0001681-ara1	0.54	
urn:hadith:0256Bukhari.Sahih:4891	4891	5187	Fath al-Bari numbering	text match to 0256Bukhari.Sahih.Shamela0001681-ara1	0.88	
urn:hadith:0256Bukhari.Sahih:4892	4892	5188	Fath al-Bari numbering	text match to 0256Bukhari.Sahih.Shamela0001681-ara1	0.59	
urn:hadith:0256Bukhari.Sahih:4893	4893	5189	Fath al-Bari numbering	text match to 0256Bukhari.Sahih.Shamela0001681-ara1	1.0	
urn:hadith:0256Bukhari.Sahih:4894	4894	5190	Fath al-Bari numbering	text match to 0256Bukhari.Sahih.Shamela0001681-ara1	1.0	
urn:hadith:0256Bukhari.Sahih:4895	4895	5191	Fath al-Bari numbering	text match to 0256Bukhari.Sahih.Shamela0001681-ara1	0.93	
urn:hadith:0256Bukhari.Sahih:4896	4896	5192	Fath al-Bari numbering	text match to 0256Bukhari.Sahih.Shamela0001681-ara1	1.0	
urn:hadith:0256Bukhari.Sahih:4897	4897	5193	Fath al-Bari numbering	text match to 0256Bukhari.Sahih.Shamela0001681-ara1	0.86	
urn:hadith:0256Bukhari.Sahih:4898	4898	5194	Fath al-Bari numbering	text match to 0256Bukhari.Sahih.Shamela0001681-ara1	1.0	
urn:hadith:0256Bukhari.Sahih:4899	4899	5195	Fath al-Bari numbering	text match to 0256Bukhari.Sahih.Shamela0001681-ara1	1.0	
urn:hadith:0256Bukhari.Sahih:4900	4900	5196	Fath al-Bari numbering	text match to 0256Bukhari.Sahih.Shamela0001681-ara1	1.0	
urn:hadith:0256Bukhari.Sahih:4901	4901	5197	Fath al-Bari numbering	text match to 0256Bukhari.Sahih.Shamela0001681-ara1	1.0	
urn:hadith:0256Bukhari.Sahih:4902	4902	5198	Fath al-Bari numbering	text match to 0256Bukhari.Sahih.Shamela0001681-ara1	1.0	
urn:hadith:0256Bukhari.Sahih:4903	4903	5199	Fath al-Bari numbering	text match to 0256Bukhari.Sahih.Shamela0001681-ara1	1.0	
urn:hadith:0256Bukhari.Sahih:4904	4904	5200	Fath al-Bari numbering	text match to 0256Bukhari.Sahih.Shamela0001681-ara1	0.71	
urn:hadith:0256Bukhari.Sahih:4905	4905	5201	Fath al-Bari numbering	text match to 0256Bukhari.Sahih.Shamela0001681-ara1	1.0	
urn:hadith:0256Bukhari.Sahih:4906	4906	5202	Fath al-Bari numbering	text match to 0256Bukhari.Sahih.Shamela0001681-ara1	0.86	
urn:hadith:0256Bukhari.Sahih:4907	4907	5203	Fath al-Bari numbering	text match to 0256Bukhari.Sahih.Shamela0001681-ara1	0.93	
urn:hadith:0256Bukhari.Sahih:4908	4908	5204	Fath al-Bari numbering	text match to 0256Bukhari.Sahih.Shamela0001681-ara1	1.0	
urn:hadith:0256Bukhari.Sahih:4909	4909	5205	Fath al-Bari numbering	text match to 0256Bukhari.Sahih.Shamela0001681-ara1	0.89	
urn:hadith:0256Bukhari.Sahih:4910	4910	5206	Fath al-Bari numbering	text match to 0256Bukhari.Sahih.Shamela0001681-ara1	0.85	
urn:hadith:0256Bukhari.Sahih:4912	4912	5210	Fath al-Bari numbering	text match to 0256Bukhari.Sahih.Shamela0001681-ara1	0.76	
urn:hadith:0256Bukhari.Sahih:4913	4913	5211	Fath al-Bari numbering	text match to 0256Bukhari.Sahih.Shamela0001681-ara1	0.93	
urn:hadith:0256Bukhari.Sahih:4914	4914	5212	Fath al-Bari numbering	text match to 0256Bukhari.Sahih.Shamela0001681-ara1	1.0	
urn:hadith:0256Bukhari.Sahih:4915	4915	5213	Fath al-Bari numbering	text match to 0256Bukhari.Sahih.Shamela0001681-ara1	1.0	
urn:hadith:0256Bukhari.Sahih:4916	4916	5214	Fath al-Bari numbering	text match to 0256Bukhari.Sahih.Shamela0001681-ara1	1.0	
urn:hadith:0256Bukhari.Sahih:4917	4917	284	Fath al-Bari numbering	text match to 0256Bukhari.Sahih.Shamela0001681-ara1	0.75	shared number, out of order
urn:hadith:0256Bukhari.Sahih:4918	4918	5216	Fath al-Bari numbering	text match to 0256Bukhari.Sahih.Shamela0001681-ara1	0.92	
urn:hadith:0256Bukhari.Sahih:4919	4919	5217	Fath al-Bari numbering	text match to 0256Bukhari.Sahih.Shamela0001681-ara1	0.94	
urn:hadith:0256Bukhari.Sahih:4920	4920	5218	Fath al-Bari numbering	text match to 0256Bukhari.Sahih.Shamela0001681-ara1	0.8	
urn:hadith:0256Bukhari.Sahih:4921	4921	5219	Fath al-Bari numbering	text match to 0256Bukhari.Sahih.Shamela0001681-ara1	0.92	
urn:hadith:0256Bukhari.Sahih:4922	4922	5220	Fath al-Bari numbering	text match to 0256Bukhari.Sahih.Shamela0001681-ara1	1.0	
urn:hadith:0256Bukhari.Sahih:4923	4923	5221	Fath al-Bari numbering	text match to 0256Bukhari.Sahih.Shamela0001681-ara1	1.0	
urn:hadith:0256Bukhari.Sahih:4924	4924	5222	Fath al-Bari numbering	text match to 0256Bukhari.Sahih.Shamela0001681-ara1	0.63	
urn:hadith:0256Bukhari.Sahih:4925	4925	5223	Fath al-Bari numbering	text match to 0256Bukhari.Sahih.Shamela0001681-ara1	1.0	
urn:hadith:0256Bukhari.Sahih:4926	4926	5224	Fath al-Bari numbering	text match to 0256Bukhari.Sahih.Shamela0001681-ara1	1.0	
urn:hadith:0256Bukhari.Sahih:4927	4927	5225	Fath al-Bari numbering	text match to 0256Bukhari.Sahih.Shamela0001681-ara1	0.95	
urn:hadith:0256Bukhari.Sahih:4928	4928	5226	Fath al-Bari numbering	text match to 0256Bukhari.Sahih.Shamela0001681-ara1	0.95	
urn:hadith:0256Bukhari.Sahih:4929	4929	5227	Fath al-Bari numbering	text match to 0256Bukhari.Sahih.Shamela0001681-ara1	0.75	
urn:hadith:0256Bukhari.Sahih:4930	4930	5228	Fath al-Bari numbering	text match to 0256Bukhari.Sahih.Shamela0001681-ara1	0.94	
urn:hadith:0256Bukhari.Sahih:4931	4931	5229	Fath al-Bari numbering	text match to 0256Bukhari.Sahih.Shamela0001681-ara1	0.94	
urn:hadith:0256Bukhari.Sahih:4932	4932	5230	Fath al-Bari numbering	text match to 0256Bukhari.Sahih.Shamela0001681-ara1	0.85	
urn:hadith:0256Bukhari.Sahih:4933	4933	5231	Fath al-Bari numbering	text match to 0256Bukhari.Sahih.Shamela0001681-ara1	1.0	
urn:hadith:0256Bukhari.Sahih:4934	4934	5232	Fath al-Bari numbering	text match to 0256Bukhari.Sahih.Shamela0001681-ara1	0.87	
urn:hadith:0256Bukhari.Sahih:4935	4935	5233	Fath al-Bari numbering	text match to 0256Bukhari.Sahih.Shamela0001681-ara1	0.89	
urn:hadith:0256Bukhari.Sahih:4936	4936	5234	Fath al-Bari numbering	text match to 0256Bukhari.Sahih.Shamela0001681-ara1	0.88	
urn:hadith:0256Bukhari.Sahih:4937	4937	5235	Fath al-Bari numbering	text match to 0256Bukhari.Sahih.Shamela0001681-ara1	0.92	
urn:hadith:0256Bukhari.Sahih:4938	4938	5236	Fath al-Bari numbering	text match to 0256Bukhari.Sahih.Shamela0001681-ara1	0.88	
urn:hadith:0256Bukhari.Sahih:4939	4939	5237	Fath al-Bari numbering	text match to 0256Bukhari.Sahih.Shamela0001681-ara1	0.93	
urn:hadith:0256Bukhari.Sahih:4940	4940	5238	Fath al-Bari numbering	text match to 0256Bukhari.Sahih.Shamela0001681-ara1	1.0	
urn:hadith:0256Bukhari.Sahih:4941	4941	5239	Fath al-Bari numbering	text match to 0256Bukhari.Sahih.Shamela0001681-ara1	1.0	
urn:hadith:0256Bukhari.Sahih:4942	4942	5240	Fath al-Bari numbering	text match to 0256Bukhari.Sahih.Shamela0001681-ara1	1.0	
urn:hadith:0256Bukhari.Sahih:4943	4943	5241	Fath al-Bari numbering	text match to 0256Bukhari.Sahih.Shamela0001681-ara1	1.0	
urn:hadith:0256Bukhari.Sahih:4944	4944	5242	Fath al-Bari numbering	text match to 0256Bukhari.Sahih.Shamela0001681-ara1	0.92	
urn:hadith:0256Bukhari.Sahih:4945	4945	5243	Fath al-Bari numbering	text match to 0256Bukhari.Sahih.Shamela0001681-ara1	1.0	
urn:hadith:0256Bukhari.Sahih:4946	4946	5244	Fath al-Bari numbering	text match to 0256Bukhari.Sahih.Shamela0001681-ara1	1.0	
urn:hadith:0256Bukhari.Sahih:4947	4947	5245	Fath al-Bari numbering	text match to 0256Bukhari.Sahih.Shamela0001681-ara1	1.0	
urn:hadith:0256Bukhari.Sahih:4948	4948	5246	Fath al-Bari numbering	text match to 0256Bukhari.Sahih.Shamela0001681-ara1	1.0	
urn:hadith:0256Bukhari.Sahih:4949	4949	5247	Fath al-Bari numbering	text match to 0256Bukhari.Sahih.Shamela0001681-ara1	1.0	
urn:hadith:0256Bukhari.Sahih:4950	4950	5248	Fath al-Bari numbering	text match to 0256Bukhari.Sahih.Shamela0001681-ara1	0.94	
urn:hadith:0256Bukhari.Sahih:4951	4951	5249	Fath al-Bari numbering	text match to 0256Bukhari.Sahih.Shamela0001681-ara1	0.93	
urn:hadith:0256Bukhari.Sahih:4952	4952	5250	Fath al-Bari numbering	text match to 0256Bukhari.Sahih.Shamela0001681-ara1	0.9	
urn:hadith:0256Bukhari.Sahih:4953	4953	5251	Fath al-Bari numbering	text match to 0256Bukhari.Sahih.Shamela0001681-ara1	1.0	
urn:hadith:0256Bukhari.Sahih:4954	4954	5252	Fath al-Bari numbering	text match to 0256Bukhari.Sahih.Shamela0001681-ara1	0.51	
urn:hadith:0256Bukhari.Sahih:4955	4955	5254	Fath al-Bari numbering	text match to 0256Bukhari.Sahih.Shamela0001681-ara1	1.0	
urn:hadith:0256Bukhari.Sahih:4956	4956	5255	Fath al-Bari numbering	text match to 0256Bukhari.Sahih.Shamela0001681-ara1	1.0	
urn:hadith:0256Bukhari.Sahih:4957	4957	5256	Fath al-Bari numbering	text match to 0256Bukhari.Sahih.Shamela0001681-ara1	1.0	
urn:hadith:0256Bukhari.Sahih:4958	4958	5258	Fath al-Bari numbering	text match to 0256Bukhari.Sahih.Shamela0001681-ara1	0.87	
urn:hadith:0256Bukhari.Sahih:4959	4959	5259	Fath al-Bari numbering	text match to 0256Bukhari.Sahih.Shamela0001681-ara1	0.93	
urn:hadith:0256Bukhari.Sahih:4960	4960	5260	Fath al-Bari numbering	text match to 0256Bukhari.Sahih.Shamela0001681-ara1	0.93	
urn:hadith:0256Bukhari.Sahih:4961	4961	5261	Fath al-Bari numbering	text match to 0256Bukhari.Sahih.Shamela0001681-ara1	1.0	
urn:hadith:0256Bukhari.Sahih:4962	4962	5262	Fath al-Bari numbering	text match to 0256Bukhari.Sahih.Shamela0001681-ara1	1.0	
urn:hadith:0256Bukhari.Sahih:4963	4963	5263	Fath al-Bari numbering	text match to 0256Bukhari.Sahih.Shamela0001681-ara1	1.0	
urn:hadith:0256Bukhari.Sahih:4964	4964	5265	Fath al-Bari numbering	text match to 0256Bukhari.Sahih.Shamela0001681-ara1	1.0	
urn:hadith:0256Bukhari.Sahih:4965	4965	5266	Fath al-Bari numbering	text match to 0256Bukhari.Sahih.Shamela0001681-ara1	0.88	
urn:hadith:0256Bukhari.Sahih:4966	4966	5267	Fath al-Bari numbering	text match to 0256Bukhari.Sahih.Shamela0001681-ara1	0.93	
urn:hadith:0256Bukhari.Sahih:4967	4967	5268	Fath al-Bari numbering	text match to 0256Bukhari.Sahih.Shamela0001681-ara1	1.0	
urn:hadith:0256Bukhari.Sahih:4968	4968	5269	Fath al-Bari numbering	text match to 0256Bukhari.Sahih.Shamela0001681-ara1	1.0	
urn:hadith:0256Bukhari.Sahih:4969	4969	5270	Fath al-Bari numbering	text match to 0256Bukhari.Sahih.Shamela0001681-ara1	0.79	
urn:hadith:0256Bukhari.Sahih:4970	4970	5271	Fath al-Bari numbering	text match to 0256Bukhari.Sahih.Shamela0001681-ara1	1.0	
urn:hadith:0256Bukhari.Sahih:4971	4971	5273	Fath al-Bari numbering	text match to 0256Bukhari.Sahih.Shamela0001681-ara1	0.91	
urn:hadith:0256Bukhari.Sahih:4973	4973	5276	Fath al-Bari numbering	text match to 0256Bukhari.Sahih.Shamela0001681-ara1	0.83	
urn:hadith:0256Bukhari.Sahih:4974	4974	5278	Fath al-Bari numbering	text match to 0256Bukhari.Sahih.Shamela0001681-ara1	0.68	
urn:hadith:0256Bukhari.Sahih:4975	4975	5279	Fath al-Bari numbering	text match to 0256Bukhari.Sahih.Shamela0001681-ara1	1.0	
urn:hadith:0256Bukhari.Sahih:4976	4976	5280	Fath al-Bari numbering	text match to 0256Bukhari.Sahih.Shamela0001681-ara1	0.67	
urn:hadith:0256Bukhari.Sahih:4977	4977	5281	Fath al-Bari numbering	text match to 0256Bukhari.Sahih.Shamela0001681-ara1	0.82	
urn:hadith:0256Bukhari.Sahih:4978	4978	5282	Fath al-Bari numbering	text match to 0256Bukhari.Sahih.Shamela0001681-ara1	0.85	
urn:hadith:0256Bukhari.Sahih:4979	4979	5283	Fath al-Bari numbering	text match to 0256Bukhari.Sahih.Shamela0001681-ara1	0.93	
urn:hadith:0256Bukhari.Sahih:4980	4980	5284	Fath al-Bari numbering	text match to 0256Bukhari.Sahih.Shamela0001681-ara1	1.0	
urn:hadith:0256Bukhari.Sahih:4981	4981	5285	Fath al-Bari numbering	text match to 0256Bukhari.Sahih.Shamela0001681-ara1	0.86	
urn:hadith:0256Bukhari.Sahih:4982	4982	5286	Fath al-Bari numbering	text match to 0256Bukhari.Sahih.Shamela0001681-ara1	0.87	
urn:hadith:0256Bukhari.Sahih:4983	4983	5288	Fath al-Bari numbering	text match to 0256Bukhari.Sahih.Shamela0001681-ara1	0.71	
urn:hadith:0256Bukhari.Sahih:4984	4984	5289	Fath al-Bari numbering	text match to 0256Bukhari.Sahih.Shamela0001681-ara1	1.0	
urn:hadith:0256Bukhari.Sahih:4985	4985	5290	Fath al-Bari numbering	text match to 0256Bukhari.Sahih.Shamela0001681-ara1	0.79	
urn:hadith:0256Bukhari.Sahih:4986	4986	5292	Fath al-Bari numbering	text match to 0256Bukhari.Sahih.Shamela0001681-ara1	1.0	
urn:hadith:0256Bukhari.Sahih:4987	4987	5293	Fath al-Bari numbering	text match to 0256Bukhari.Sahih.Shamela0001681-ara1	0.9	
urn:hadith:0256Bukhari.Sahih:4988	4988	5294	Fath al-Bari numbering	text match to 0256Bukhari.Sahih.Shamela0001681-ara1	0.82	
urn:hadith:0256Bukhari.Sahih:4989	4989	5295	Fath al-Bari numbering	text match to 0256Bukhari.Sahih.Shamela0001681-ara1	0.99	
urn:hadith:0256Bukhari.Sahih:4990	4990	5296	Fath al-Bari numbering	text match to 0256Bukhari.Sahih.Shamela0001681-ara1	0.81	
urn:hadith:0256Bukhari.Sahih:4991	4991	5297	Fath al-Bari numbering	text match to 0256Bukhari.Sahih.Shamela0001681-ara1	1.0	
urn:hadith:0256Bukhari.Sahih:4992	4992	5298	Fath al-Bari numbering	text match to 0256Bukhari.Sahih.Shamela0001681-ara1	1.0	
urn:hadith:0256Bukhari.Sahih:4993	4993	5299	Fath al-Bari numbering	text match to 0256Bukhari.Sahih.Shamela0001681-ara1	1.0	
urn:hadith:0256Bukhari.Sahih:4994	4994	5300	Fath al-Bari numbering	text match to 0256Bukhari.Sahih.Shamela0001681-ara1	0.94	
urn:hadith:0256Bukhari.Sahih:4995	4995	5301	Fath al-Bari numbering	text match to 0256Bukhari.Sahih.Shamela0001681-ara1	1.0	
urn:hadith:0256Bukhari.Sahih:4996	4996	5302	Fath al-Bari numbering	text match to 0256Bukhari.Sahih.Shamela0001681-ara1	0.85	
urn:hadith:0256Bukhari.Sahih:4997	4997	5303	Fath al-Bari numbering	text match to 0256Bukhari.Sahih.Shamela0001681-ara1	1.0	
urn:hadith:0256Bukhari.Sahih:4998	4998	5304	Fath al-Bari numbering	text match to 0256Bukhari.Sahih.Shamela0001681-ara1	0.83	
urn:hadith:0256Bukhari.Sahih:4999	4999	5305	Fath al-Bari numbering	text match to 0256Bukhari.Sahih.Shamela0001681-ara1	0.92	
urn:hadith:0256Bukhari.Sahih:5000	5000	5306	Fath al-Bari numbering	text match to 0256Bukhari.Sahih.Shamela0001681-ara1	1.0	
urn:hadith:0256Bukhari.Sahih:5001	5001	5307	Fath al-Bari numbering	text match to 0256Bukhari.Sahih.Shamela0001681-ara1	0.76	
urn:hadith:0256Bukhari.Sahih:5002	5002	5308	Fath al-Bari numbering	text match to 0256Bukhari.Sahih.Shamela0001681-ara1	0.93	
urn:hadith:0256Bukhari.Sahih:5003	5003	5309	Fath al-Bari numbering	text match to 0256Bukhari.Sahih.Shamela0001681-ara1	0.88	
urn:hadith:0256Bukhari.Sahih:5004	5004	5310	Fath al-Bari numbering	text match to 0256Bukhari.Sahih.Shamela0001681-ara1	0.87	
urn:hadith:0256Bukhari.Sahih:5005	5005	5311	Fath al-Bari numbering	text match to 0256Bukhari.Sahih.Shamela0001681-ara1	1.0	
urn:hadith:0256Bukhari.Sahih:5006	5006	5312	Fath al-Bari numbering	text match to 0256Bukhari.Sahih.Shamela0001681-ara1	0.89	
urn:hadith:0256Bukhari.Sahih:5007	5007	5313	Fath al-Bari numbering	text match to 0256Bukhari.Sahih.Shamela0001681-ara1	0.83	
urn:hadith:0256Bukhari.Sahih:5008	5008	5314	Fath al-Bari numbering	text match to 0256Bukhari.Sahih.Shamela0001681-ara1	0.77	
urn:hadith:0256Bukhari.Sahih:5009	5009	5315	Fath al-Bari numbering	text match to 0256Bukhari.Sahih.Shamela0001681-ara1	0.81	
urn:hadith:0256Bukhari.Sahih:5010	5010	5316	Fath al-Bari numbering	text match to 0256Bukhari.Sahih.Shamela0001681-ara1	0.93	
urn:hadith:0256Bukhari.Sahih:5011	5011	5317	Fath al-Bari numbering	text match to 0256Bukhari.Sahih.Shamela0001681-ara1	1.0	
urn:hadith:0256Bukhari.Sahih:5012	5012	5318	Fath al-Bari numbering	text match to 0256Bukhari.Sahih.Shamela0001681-ara1	1.0	
urn:hadith:0256Bukhari.Sahih:5013	5013	5319	Fath al-Bari numbering	text match to 0256Bukhari.Sahih.Shamela0001681-ara1	0.75	
urn:hadith:0256Bukhari.Sahih:5014	5014	5320	Fath al-Bari numbering	text match to 0256Bukhari.Sahih.Shamela0001681-ara1	1.0	
urn:hadith:0256Bukhari.Sahih:5015	5015	5321	Fath al-Bari numbering	text match to 0256Bukhari.Sahih.Shamela0001681-ara1	0.92	
urn:hadith:0256Bukhari.Sahih:5016	5016	5323	Fath al-Bari numbering	text match to 0256Bukhari.Sahih.Shamela0001681-ara1	1.0	
urn:hadith:0256Bukhari.Sahih:5017	5017	5325	Fath al-Bari numbering	text match to 0256Bukhari.Sahih.Shamela0001681-ara1	0.87	
urn:hadith:0256Bukhari.Sahih:5019	5019	5329	Fath al-Bari numbering	text match to 0256Bukhari.Sahih.Shamela0001681-ara1	0.91	
urn:hadith:0256Bukhari.Sahih:5020	5020	5330	Fath al-Bari numbering	text match to 0256Bukhari.Sahih.Shamela0001681-ara1	1.0	
urn:hadith:0256Bukhari.Sahih:5021	5021	5331	Fath al-Bari numbering	text match to 0256Bukhari.Sahih.Shamela0001681-ara1	0.94	
urn:hadith:0256Bukhari.Sahih:5022	5022	5332	Fath al-Bari numbering	text match to 0256Bukhari.Sahih.Shamela0001681-ara1	0.93	
urn:hadith:0256Bukhari.Sahih:5023	5023	5333	Fath al-Bari numbering	text match to 0256Bukhari.Sahih.Shamela0001681-ara1	0.8	
urn:hadith:0256Bukhari.Sahih:5024	5024	5334	Fath al-Bari numbering	text match to 0256Bukhari.Sahih.Shamela0001681-ara1	1.0	
urn:hadith:0256Bukhari.Sahih:5025	5025	5338	Fath al-Bari numbering	text match to 0256Bukhari.Sahih.Shamela0001681-ara1	0.68	
urn:hadith:0256Bukhari.Sahih:5026	5026	5340	Fath al-Bari numbering	text match to 0256Bukhari.Sahih.Shamela0001681-ara1	0.9	
urn:hadith:0256Bukhari.Sahih:5027	5027	5341	Fath al-Bari numbering	text match to 0256Bukhari.Sahih.Shamela0001681-ara1	1.0	
urn:hadith:0256Bukhari.Sahih:5028	5028	5342	Fath al-Bari numbering	text match to 0256Bukhari.Sahih.Shamela0001681-ara1	0.53	
urn:hadith:0256Bukhari.Sahih:5029	5029	5344	Fath al-Bari numbering	text match to 0256Bukhari.Sahih.Shamela0001681-ara1	0.8	
urn:hadith:0256Bukhari.Sahih:5030	5030	5345	Fath al-Bari numbering	text match to 0256Bukhari.Sahih.Shamela0001681-ara1	1.0	
urn:hadith:0256Bukhari.Sahih:5031	5031	5346	Fath al-Bari numbering	text match to 0256Bukhari.Sahih.Shamela0001681-ara1	1.0	
urn:hadith:0256Bukhari.Sahih:5032	5032	5347	Fath al-Bari numbering	text match to 0256Bukhari.Sahih.Shamela0001681-ara1	1.0	
urn:hadith:0256Bukhari.Sahih:5033	5033	5348	Fath al-Bari numbering	text match to 0256Bukhari.Sahih.Shamela0001681-ara1	1.0	
urn:hadith:0256Bukhari.Sahih:5034	5034	5349	Fath al-Bari numbering	text match to 0256Bukhari.Sahih.Shamela0001681-ara1	1.0	
urn:hadith:0256Bukhari.Sahih:5035	5035	5350	Fath al-Bari numbering	text match to 0256Bukhari.Sahih.Shamela0001681-ara1	0.85	
urn:hadith:0256Bukhari.Sahih:5036	5036	5351	Fath al-Bari numbering	text match to 0256Bukhari.Sahih.Shamela0001681-ara1	1.0	
urn:hadith:0256Bukhari.Sahih:5037	5037	5352	Fath al-Bari numbering	text match to 0256Bukhari.Sahih.Shamela0001681-ara1	0.86	
urn:hadith:0256Bukhari.Sahih:5038	5038	5353	Fath al-Bari numbering	text match to 0256Bukhari.Sahih.Shamela0001681-ara1	1.0	
urn:hadith:0256Bukhari.Sahih:5039	5039	5354	Fath al-Bari numbering	text match to 0256Bukhari.Sahih.Shamela0001681-ara1	0.95	
urn:hadith:0256Bukhari.Sahih:5040	5040	5355	Fath al-Bari numbering	text match to 0256Bukhari.Sahih.Shamela0001681-ara1	1.0	
urn:hadith:0256Bukhari.Sahih:5041	5041	5356	Fath al-Bari numbering	text match to 0256Bukhari.Sahih.Shamela0001681-ara1	0.79	
urn:hadith:0256Bukhari.Sahih:5042	5042	5357	Fath al-Bari numbering	text match to 0256Bukhari.Sahih.Shamela0001681-ara1	0.83	
urn:hadith:0256Bukhari.Sahih:5043	5043	5358	Fath al-Bari numbering	text match to 0256Bukhari.Sahih.Shamela0001681-ara1	0.93	
urn:hadith:0256Bukhari.Sahih:5044	5044	5359	Fath al-Bari numbering	text match to 0256Bukhari.Sahih.Shamela0001681-ara1	0.83	
urn:hadith:0256Bukhari.Sahih:5045	5045	5360	Fath al-Bari numbering	text match to 0256Bukhari.Sahih.Shamela0001681-ara1	1.0	
urn:hadith:0256Bukhari.Sahih:5046	5046	5361	Fath al-Bari numbering	text match to 0256Bukhari.Sahih.Shamela0001681-ara1	0.87	
urn:hadith:0256Bukhari.Sahih:5047	5047	5362	Fath al-Bari numbering	text match to 0256Bukhari.Sahih.Shamela0001681-ara1	1.0	
urn:hadith:0256Bukhari.Sahih:5048	5048	5363	Fath al-Bari numbering	text match to 0256Bukhari.Sahih.Shamela0001681-ara1	1.0	
urn:hadith:0256Bukhari.Sahih:5049	5049	5364	Fath al-Bari numbering	text match to 0256Bukhari.Sahih.Shamela0001681-ara1	1.0	
urn:hadith:0256Bukhari.Sahih:5050	5050	5365	Fath al-Bari numbering	text match to 0256Bukhari.Sahih.Shamela0001681-ara1	0.82	
urn:hadith:0256Bukhari.Sahih:5051	5051	5366	Fath al-Bari numbering	text match to 0256Bukhari.Sahih.Shamela0001681-ara1	1.0	
urn:hadith:0256Bukhari.Sahih:5052	5052	5367	Fath al-Bari numbering	text match to 0256Bukhari.Sahih.Shamela0001681-ara1	1.0	
urn:hadith:0256Bukhari.Sahih:5053	5053	5368	Fath al-Bari numbering	text match to 0256Bukhari.Sahih.Shamela0001681-ara1	0.93	
urn:hadith:0256Bukhari.Sahih:5054	5054	5369	Fath al-Bari numbering	text match to 0256Bukhari.Sahih.Shamela0001681-ara1	1.0	
urn:hadith:0256Bukhari.Sahih:5055	5055	5370	Fath al-Bari numbering	text match to 0256Bukhari.Sahih.Shamela0001681-ara1	1.0	
urn:hadith:0256Bukhari.Sahih:5056	5056	5371	Fath al-Bari numbering	text match to 0256Bukhari.Sahih.Shamela0001681-ara1	0.93	
urn:hadith:0256Bukhari.Sahih:5057	5057	5372	Fath al-Bari numbering	text match to 0256Bukhari.Sahih.Shamela0001681-ara1	0.8	
urn:hadith:0256Bukhari.Sahih:5058	5058	5373	Fath al-Bari numbering	text match to 0256Bukhari.Sahih.Shamela0001681-ara1	1.0	
urn:hadith:0256Bukhari.Sahih:5059	5059	5374	Fath al-Bari numbering	text match to 0256Bukhari.Sahih.Shamela0001681-ara1	1.0	
urn:hadith:0256Bukhari.Sahih:5060	5060	5375	Fath al-Bari numbering	text match to 0256Bukhari.Sahih.Shamela0001681-ara1	0.87	
urn:hadith:0256Bukhari.Sahih:5061	5061	5376	Fath al-Bari numbering	text match to 0256Bukhari.Sahih.Shamela0001681-ara1	1.0	
urn:hadith:0256Bukhari.Sahih:5062	5062	5377	Fath al-Bari numbering	text match to 0256Bukhari.Sahih.Shamela0001681-ara1	0.92	
urn:hadith:0256Bukhari.Sahih:5063	5063	5378	Fath al-Bari numbering	text match to 0256Bukhari.Sahih.Shamela0001681-ara1	1.0	
urn:hadith:0256Bukhari.Sahih:5064	5064	5379	Fath al-Bari numbering	text match to 0256Bukhari.Sahih.Shamela0001681-ara1	1.0	
urn:hadith:0256Bukhari.Sahih:5065	5065	5380	Fath al-Bari numbering	text match to 0256Bukhari.Sahih.Shamela0001681-ara1	1.0	
urn:hadith:0256Bukhari.Sahih:5066	5066	5381	Fath al-Bari numbering	text match to 0256Bukhari.Sahih.Shamela0001681-ara1	1.0	
urn:hadith:0256Bukhari.Sahih:5067	5067	5382	Fath al-Bari numbering	text match to 0256Bukhari.Sahih.Shamela0001681-ara1	1.0	
urn:hadith:0256Bukhari.Sahih:5068	5068	5383	Fath al-Bari numbering	text match to 0256Bukhari.Sahih.Shamela0001681-ara1	1.0	
urn:hadith:0256Bukhari.Sahih:5069	5069	5384	Fath al-Bari numbering	text match to 0256Bukhari.Sahih.Shamela0001681-ara1	1.0	
urn:hadith:0256Bukhari.Sahih:5070	5070	5385	Fath al-Bari numbering	text match to 0256Bukhari.Sahih.Shamela0001681-ara1	1.0	
urn:hadith:0256Bukhari.Sahih:5071	5071	5386	Fath al-Bari numbering	text match to 0256Bukhari.Sahih.Shamela0001681-ara1	0.88	
urn:hadith:0256Bukhari.Sahih:5072	5072	5387	Fath al-Bari numbering	text match to 0256Bukhari.Sahih.Shamela0001681-ara1	0.96	
urn:hadith:0256Bukhari.Sahih:5073	5073	5388	Fath al-Bari numbering	text match to 0256Bukhari.Sahih.Shamela0001681-ara1	0.81	
urn:hadith:0256Bukhari.Sahih:5074	5074	5389	Fath al-Bari numbering	text match to 0256Bukhari.Sahih.Shamela0001681-ara1	0.83	
urn:hadith:0256Bukhari.Sahih:5075	5075	5390	Fath al-Bari numbering	text match to 0256Bukhari.Sahih.Shamela0001681-ara1	1.0	
urn:hadith:0256Bukhari.Sahih:5076	5076	5391	Fath al-Bari numbering	text match to 0256Bukhari.Sahih.Shamela0001681-ara1	0.8	
urn:hadith:0256Bukhari.Sahih:5077	5077	5392	Fath al-Bari numbering	text match to 0256Bukhari.Sahih.Shamela0001681-ara1	1.0	
urn:hadith:0256Bukhari.Sahih:5078	5078	5393	Fath al-Bari numbering	text match to 0256Bukhari.Sahih.Shamela0001681-ara1	0.9	
urn:hadith:0256Bukhari.Sahih:5079	5079	5394	Fath al-Bari numbering	text match to 0256Bukhari.Sahih.Shamela0001681-ara1	0.74	
urn:hadith:0256Bukhari.Sahih:5080	5080	5395	Fath al-Bari numbering	text match to 0256Bukhari.Sahih.Shamela0001681-ara1	0.85	
urn:hadith:0256Bukhari.Sahih:5081	5081	5396	Fath al-Bari numbering	text match to 0256Bukhari.Sahih.Shamela0001681-ara1	1.0	
urn:hadith:0256Bukhari.Sahih:5082	5082	5397	Fath al-Bari numbering	text match to 0256Bukhari.Sahih.Shamela0001681-ara1	1.0	
urn:hadith:0256Bukhari.Sahih:5083	5083	5398	Fath al-Bari numbering	text match to 0256Bukhari.Sahih.Shamela0001681-ara1	1.0	
urn:hadith:0256Bukhari.Sahih:5084	5084	5399	Fath al-Bari numbering	text match to 0256Bukhari.Sahih.Shamela0001681-ara1	1.0	
urn:hadith:0256Bukhari.Sahih:5085	5085	5400	Fath al-Bari numbering	text match to 0256Bukhari.Sahih.Shamela0001681-ara1	0.87	
urn:hadith:0256Bukhari.Sahih:5086	5086	5401	Fath al-Bari numbering	text match to 0256Bukhari.Sahih.Shamela0001681-ara1	0.92	
urn:hadith:0256Bukhari.Sahih:5087	5087	5402	Fath al-Bari numbering	text match to 0256Bukhari.Sahih.Shamela0001681-ara1	0.87	
urn:hadith:0256Bukhari.Sahih:5088	5088	5403	Fath al-Bari numbering	text match to 0256Bukhari.Sahih.Shamela0001681-ara1	1.0	
urn:hadith:0256Bukhari.Sahih:5090	5090	5406	Fath al-Bari numbering	text match to 0256Bukhari.Sahih.Shamela0001681-ara1	1.0	
urn:hadith:0256Bukhari.Sahih:5091	5091	5407	Fath al-Bari numbering	text match to 0256Bukhari.Sahih.Shamela0001681-ara1	0.93	
urn:hadith:0256Bukhari.Sahih:5092	5092	5408	Fath al-Bari numbering	text match to 0256Bukhari.Sahih.Shamela0001681-ara1	1.0	
urn:hadith:0256Bukhari.Sahih:5093	5093	5409	Fath al-Bari numbering	text match to 0256Bukhari.Sahih.Shamela0001681-ara1	1.0	
urn:hadith:0256Bukhari.Sahih:5094	5094	5410	Fath al-Bari numbering	text match to 0256Bukhari.Sahih.Shamela0001681-ara1	0.88	
urn:hadith:0256Bukhari.Sahih:5095	5095	5411	Fath al-Bari numbering	text match to 0256Bukhari.Sahih.Shamela0001681-ara1	1.0	
urn:hadith:0256Bukhari.Sahih:5096	5096	5412	Fath al-Bari numbering	text match to 0256Bukhari.Sahih.Shamela0001681-ara1	1.0	
urn:hadith:0256Bukhari.Sahih:5097	5097	5413	Fath al-Bari numbering	text match to 0256Bukhari.Sahih.Shamela0001681-ara1	0.93	
urn:hadith:0256Bukhari.Sahih:5098	5098	5414	Fath al-Bari numbering	text match to 0256Bukhari.Sahih.Shamela0001681-ara1	0.88	
urn:hadith:0256Bukhari.Sahih:5099	5099	5415	Fath al-Bari numbering	text match to 0256Bukhari.Sahih.Shamela0001681-ara1	0.85	
urn:hadith:0256Bukhari.Sahih:5100	5100	5416	Fath al-Bari numbering	text match to 0256Bukhari.Sahih.Shamela0001681-ara1	1.0	shared number
urn:hadith:0256Bukhari.Sahih:5101	5101	5416	Fath al-Bari numbering	text match to 0256Bukhari.Sahih.Shamela0001681-ara1	0.54	shared number
urn:hadith:0256Bukhari.Sahih:5102	5102	5418	Fath al-Bari numbering	text match to 0256Bukhari.Sahih.Shamela0001681-ara1	1.0	
urn:hadith:0256Bukhari.Sahih:5103	5103	5419	Fath al-Bari numbering	text match to 0256Bukhari.Sahih.Shamela0001681-ara1	1.0	
urn:hadith:0256Bukhari.Sahih:5104	5104	5420	Fath al-Bari numbering	text match to 0256Bukhari.Sahih.Shamela0001681-ara1	0.92	
urn:hadith:0256Bukhari.Sahih:5105	5105	5421	Fath al-Bari numbering	text match to 0256Bukhari.Sahih.Shamela0001681-ara1	1.0	
urn:hadith:0256Bukhari.Sahih:5106	5106	5422	Fath al-Bari numbering	text match to 0256Bukhari.Sahih.Shamela0001681-ara1	0.87	
urn:hadith:0256Bukhari.Sahih:5107	5107	5423	Fath al-Bari numbering	text match to 0256Bukhari.Sahih.Shamela0001681-ara1	0.93	
urn:hadith:0256Bukhari.Sahih:5108	5108	5424	Fath al-Bari numbering	text match to 0256Bukhari.Sahih.Shamela0001681-ara1	0.79	
urn:hadith:0256Bukhari.Sahih:5109	5109	5425	Fath al-Bari numbering	text match to 0256Bukhari.Sahih.Shamela0001681-ara1	1.0	
urn:hadith:0256Bukhari.Sahih:5110	5110	5426	Fath al-Bari numbering	text match to 0256Bukhari.Sahih.Shamela0001681-ara1	1.0	
urn:hadith:0256Bukhari.Sahih:5111	5111	5427	Fath al-Bari numbering	text match to 0256Bukhari.Sahih.Shamela0001681-ara1	1.0	
urn:hadith:0256Bukhari.Sahih:5112	5112	5428	Fath al-Bari numbering	text match to 0256Bukhari.Sahih.Shamela0001681-ara1	1.0	
urn:hadith:0256Bukhari.Sahih:5113	5113	5429	Fath al-Bari numbering	text match to 0256Bukhari.Sahih.Shamela0001681-ara1	1.0	
urn:hadith:0256Bukhari.Sahih:5114	5114	5430	Fath al-Bari numbering	text match to 0256Bukhari.Sahih.Shamela0001681-ara1	1.0	
urn:hadith:0256Bukhari.Sahih:5115	5115	5431	Fath al-Bari numbering	text match to 0256Bukhari.Sahih.Shamela0001681-ara1	1.0	
urn:hadith:0256Bukhari.Sahih:5116	5116	5432	Fath al-Bari numbering	text match to 0256Bukhari.Sahih.Shamela0001681-ara1	0.88	
urn:hadith:0256Bukhari.Sahih:5117	5117	5433	Fath al-Bari numbering	text match to 0256Bukhari.Sahih.Shamela0001681-ara1	0.88	
urn:hadith:0256Bukhari.Sahih:5118	5118	5434	Fath al-Bari numbering	text match to 0256Bukhari.Sahih.Shamela0001681-ara1	1.0	
urn:hadith:0256Bukhari.Sahih:5119	5119	5435	Fath al-Bari numbering	text match to 0256Bukhari.Sahih.Shamela0001681-ara1	0.93	
urn:hadith:0256Bukhari.Sahih:5120	5120	5436	Fath al-Bari numbering	text match to 0256Bukhari.Sahih.Shamela0001681-ara1	0.91	
urn:hadith:0256Bukhari.Sahih:5121	5121	5437	Fath al-Bari numbering	text match to 0256Bukhari.Sahih.Shamela0001681-ara1	1.0	
urn:hadith:0256Bukhari.Sahih:5122	5122	5438	Fath al-Bari numbering	text match to 0256Bukhari.Sahih.Shamela0001681-ara1	1.0	
urn:hadith:0256Bukhari.Sahih:5123	5123	5439	Fath al-Bari numbering	text match to 0256Bukhari.Sahih.Shamela0001681-ara1	0.89	
urn:hadith:0256Bukhari.Sahih:5124	5124	5440	Fath al-Bari numbering	text match to 0256Bukhari.Sahih.Shamela0001681-ara1	1.0	
urn:hadith:0256Bukhari.Sahih:5125	5125	5441	Fath al-Bari numbering	text match to 0256Bukhari.Sahih.Shamela0001681-ara1	1.0	
urn:hadith:0256Bukhari.Sahih:5126	5126	5442	Fath al-Bari numbering	text match to 0256Bukhari.Sahih.Shamela0001681-ara1	0.86	shared number
urn:hadith:0256Bukhari.Sahih:5127	5127	5442	Fath al-Bari numbering	text match to 0256Bukhari.Sahih.Shamela0001681-ara1	0.85	shared number
urn:hadith:0256Bukhari.Sahih:5128	5128	5443	Fath al-Bari numbering	text match to 0256Bukhari.Sahih.Shamela0001681-ara1	1.0	
urn:hadith:0256Bukhari.Sahih:5129	5129	5444	Fath al-Bari numbering	text match to 0256Bukhari.Sahih.Shamela0001681-ara1	0.93	
urn:hadith:0256Bukhari.Sahih:5130	5130	5445	Fath al-Bari numbering	text match to 0256Bukhari.Sahih.Shamela0001681-ara1	1.0	
urn:hadith:0256Bukhari.Sahih:5131	5131	5446	Fath al-Bari numbering	text match to 0256Bukhari.Sahih.Shamela0001681-ara1	0.85	
urn:hadith:0256Bukhari.Sahih:5132	5132	5447	Fath al-Bari numbering	text match to 0256Bukhari.Sahih.Shamela0001681-ara1	1.0	
urn:hadith:0256Bukhari.Sahih:5133	5133	5448	Fath al-Bari numbering	text match to 0256Bukhari.Sahih.Shamela0001681-ara1	0.65	
urn:hadith:0256Bukhari.Sahih:5134	5134	5449	Fath al-Bari numbering	text match to 0256Bukhari.Sahih.Shamela0001681-ara1	0.93	
urn:hadith:0256Bukhari.Sahih:5135	5135	5450	Fath al-Bari numbering	text match to 0256Bukhari.Sahih.Shamela0001681-ara1	1.0	
urn:hadith:0256Bukhari.Sahih:5136	5136	5451	Fath al-Bari numbering	text match to 0256Bukhari.Sahih.Shamela0001681-ara1	1.0	
urn:hadith:0256Bukhari.Sahih:5137	5137	5452	Fath al-Bari numbering	text match to 0256Bukhari.Sahih.Shamela0001681-ara1	0.76	
urn:hadith:0256Bukhari.Sahih:5138	5138	5453	Fath al-Bari numbering	text match to 0256Bukhari.Sahih.Shamela0001681-ara1	0.69	
urn:hadith:0256Bukhari.Sahih:5139	5139	5454	Fath al-Bari numbering	text match to 0256Bukhari.Sahih.Shamela0001681-ara1	1.0	
urn:hadith:0256Bukhari.Sahih:5140	5140	5456	Fath al-Bari numbering	text match to 0256Bukhari.Sahih.Shamela0001681-ara1	0.83	
urn:hadith:0256Bukhari.Sahih:5141	5141	5457	Fath al-Bari numbering	text match to 0256Bukhari.Sahih.Shamela0001681-ara1	1.0	
urn:hadith:0256Bukhari.Sahih:5142	5142	5458	Fath al-Bari numbering	text match to 0256Bukhari.Sahih.Shamela0001681-ara1	1.0	
urn:hadith:0256Bukhari.Sahih:5143	5143	5459	Fath al-Bari numbering	text match to 0256Bukhari.Sahih.Shamela0001681-ara1	1.0	
urn:hadith:0256Bukhari.Sahih:5144	5144	5460	Fath al-Bari numbering	text match to 0256Bukhari.Sahih.Shamela0001681-ara1	0.87	
urn:hadith:0256Bukhari.Sahih:5145	5145	5461	Fath al-Bari numbering	text match to 0256Bukhari.Sahih.Shamela0001681-ara1	1.0	
urn:hadith:0256Bukhari.Sahih:5146	5146	5462	Fath al-Bari numbering	text match to 0256Bukhari.Sahih.Shamela0001681-ara1	0.9	
urn:hadith:0256Bukhari.Sahih:5147	5147	5463	Fath al-Bari numbering	text match to 0256Bukhari.Sahih.Shamela0001681-ara1	0.5	
urn:hadith:0256Bukhari.Sahih:5148	5148	5465	Fath al-Bari numbering	text match to 0256Bukhari.Sahih.Shamela0001681-ara1	0.85	
urn:hadith:0256Bukhari.Sahih:5149	5149	5466	Fath al-Bari numbering	text match to 0256Bukhari.Sahih.Shamela0001681-ara1	0.93	
urn:hadith:0256Bukhari.Sahih:5150	5150	5467	Fath al-Bari numbering	text match to 0256Bukhari.Sahih.Shamela0001681-ara1	1.0	
urn:hadith:0256Bukhari.Sahih:5151	5151	5468	Fath al-Bari numbering	text match to 0256Bukhari.Sahih.Shamela0001681-ara1	1.0	
urn:hadith:0256Bukhari.Sahih:5152	5152	5469	Fath al-Bari numbering	text match to 0256Bukhari.Sahih.Shamela0001681-ara1	0.95	
urn:hadith:0256Bukhari.Sahih:5153	5153	5470	Fath al-Bari numbering	text match to 0256Bukhari.Sahih.Shamela0001681-ara1	0.87	
urn:hadith:0256Bukhari.Sahih:5154	5154	5471	Fath al-Bari numbering	text match to 0256Bukhari.Sahih.Shamela0001681-ara1	0.8	
urn:hadith:0256Bukhari.Sahih:5156	5156	5473	Fath al-Bari numbering	text match to 0256Bukhari.Sahih.Shamela0001681-ara1	0.85	
urn:hadith:0256Bukhari.Sahih:5157	5157	5474	Fath al-Bari numbering	text match to 0256Bukhari.Sahih.Shamela0001681-ara1	0.9	
urn:hadith:0256Bukhari.Sahih:5158	5158	5475	Fath al-Bari numbering	text match to 0256Bukhari.Sahih.Shamela0001681-ara1	0.93	
urn:hadith:0256Bukhari.Sahih:5159	5159	5476	Fath al-Bari numbering	text match to 0256Bukhari.Sahih.Shamela0001681-ara1	1.0	
urn:hadith:0256Bukhari.Sahih:5160	5160	5477	Fath al-Bari numbering	text match to 0256Bukhari.Sahih.Shamela0001681-ara1	1.0	
urn:hadith:0256Bukhari.Sahih:5161	5161	5478	Fath al-Bari numbering	text match to 0256Bukhari.Sahih.Shamela0001681-ara1	0.93	
urn:hadith:0256Bukhari.Sahih:5162	5162	5479	Fath al-Bari numbering	text match to 0256Bukhari.Sahih.Shamela0001681-ara1	0.93	
urn:hadith:0256Bukhari.Sahih:5163	5163	5480	Fath al-Bari numbering	text match to 0256Bukhari.Sahih.Shamela0001681-ara1	0.87	
urn:hadith:0256Bukhari.Sahih:5164	5164	5481	Fath al-Bari numbering	text match to 0256Bukhari.Sahih.Shamela0001681-ara1	1.0	
urn:hadith:0256Bukhari.Sahih:5165	5165	5482	Fath al-Bari numbering	text match to 0256Bukhari.Sahih.Shamela0001681-ara1	1.0	
urn:hadith:0256Bukhari.Sahih:5166	5166	5483	Fath al-Bari numbering	text match to 0256Bukhari.Sahih.Shamela0001681-ara1	1.0	
urn:hadith:0256Bukhari.Sahih:5167	5167	5484	Fath al-Bari numbering	text match to 0256Bukhari.Sahih.Shamela0001681-ara1	0.97	
urn:hadith:0256Bukhari.Sahih:5168	5168	5486	Fath al-Bari numbering	text match to 0256Bukhari.Sahih.Shamela0001681-ara1	0.93	
urn:hadith:0256Bukhari.Sahih:5169	5169	5487	Fath al-Bari numbering	text match to 0256Bukhari.Sahih.Shamela0001681-ara1	0.93	
urn:hadith:0256Bukhari.Sahih:5170	5170	5488	Fath al-Bari numbering	text match to 0256Bukhari.Sahih.Shamela0001681-ara1	0.87	
urn:hadith:0256Bukhari.Sahih:5171	5171	5489	Fath al-Bari numbering	text match to 0256Bukhari.Sahih.Shamela0001681-ara1	0.93	
urn:hadith:0256Bukhari.Sahih:5172	5172	5490	Fath al-Bari numbering	text match to 0256Bukhari.Sahih.Shamela0001681-ara1	1.0	
urn:hadith:0256Bukhari.Sahih:5173	5173	5492	Fath al-Bari numbering	text match to 0256Bukhari.Sahih.Shamela0001681-ara1	0.93	
urn:hadith:0256Bukhari.Sahih:5174	5174	5493	Fath al-Bari numbering	text match to 0256Bukhari.Sahih.Shamela0001681-ara1	0.73	
urn:hadith:0256Bukhari.Sahih:5175	5175	5494	Fath al-Bari numbering	text match to 0256Bukhari.Sahih.Shamela0001681-ara1	0.93	
urn:hadith:0256Bukhari.Sahih:5176	5176	5495	Fath al-Bari numbering	text match to 0256Bukhari.Sahih.Shamela0001681-ara1	0.76	
urn:hadith:0256Bukhari.Sahih:5177	5177	5496	Fath al-Bari numbering	text match to 0256Bukhari.Sahih.Shamela0001681-ara1	1.0	
urn:hadith:0256Bukhari.Sahih:5178	5178	5497	Fath al-Bari numbering	text match to 0256Bukhari.Sahih.Shamela0001681-ara1	1.0	
urn:hadith:0256Bukhari.Sahih:5179	5179	5498	Fath al-Bari numbering	text match to 0256Bukhari.Sahih.Shamela0001681-ara1	1.0	
urn:hadith:0256Bukhari.Sahih:5180	5180	5499	Fath al-Bari numbering	text match to 0256Bukhari.Sahih.Shamela0001681-ara1	0.8	
urn:hadith:0256Bukhari.Sahih:5181	5181	5500	Fath al-Bari numbering	text match to 0256Bukhari.Sahih.Shamela0001681-ara1	1.0	
urn:hadith:0256Bukhari.Sahih:5182	5182	5501	Fath al-Bari numbering	text match to 0256Bukhari.Sahih.Shamela0001681-ara1	0.86	
urn:hadith:0256Bukhari.Sahih:5183	5183	5502	Fath al-Bari numbering	text match to 0256Bukhari.Sahih.Shamela0001681-ara1	1.0	
urn:hadith:0256Bukhari.Sahih:5184	5184	5503	Fath al-Bari numbering	text match to 0256Bukhari.Sahih.Shamela0001681-ara1	0.89	
urn:hadith:0256Bukhari.Sahih:5185	5185	5504	Fath al-Bari numbering	text match to 0256Bukhari.Sahih.Shamela0001681-ara1	0.88	
urn:hadith:0256Bukhari.Sahih:5186	5186	5505	Fath al-Bari numbering	text match to 0256Bukhari.Sahih.Shamela0001681-ara1	1.0	
urn:hadith:0256Bukhari.Sahih:5187	5187	5506	Fath al-Bari numbering	text match to 0256Bukhari.Sahih.Shamela0001681-ara1	1.0	
urn:hadith:0256Bukhari.Sahih:5188	5188	5507	Fath al-Bari numbering	text match to 0256Bukhari.Sahih.Shamela0001681-ara1	0.91	
urn:hadith:0256Bukhari.Sahih:5189	5189	5508	Fath al-Bari numbering	text match to 0256Bukhari.Sahih.Shamela0001681-ara1	1.0	shared number
urn:hadith:0256Bukhari.Sahih:5190	5190	5509	Fath al-Bari numbering	text match to 0256Bukhari.Sahih.Shamela0001681-ara1	1.0	
urn:hadith:0256Bukhari.Sahih:5191	5191	5510	Fath al-Bari numbering	text match to 0256Bukhari.Sahih.Shamela0001681-ara1	0.84	
urn:hadith:0256Bukhari.Sahih:5192	5192	5511	Fath al-Bari numbering	text match to 0256Bukhari.Sahih.Shamela0001681-ara1	1.0	
urn:hadith:0256Bukhari.Sahih:5193	5193	5512	Fath al-Bari numbering	text match to 0256Bukhari.Sahih.Shamela0001681-ara1	0.84	
urn:hadith:0256Bukhari.Sahih:5194	5194	5513	Fath al-Bari numbering	text match to 0256Bukhari.Sahih.Shamela0001681-ara1	1.0	
urn:hadith:0256Bukhari.Sahih:5195	5195	5514	Fath al-Bari numbering	text match to 0256Bukhari.Sahih.Shamela0001681-ara1	0.84	
urn:hadith:0256Bukhari.Sahih:5196	5196	5515	Fath al-Bari numbering	text match to 0256Bukhari.Sahih.Shamela0001681-ara1	0.67	
urn:hadith:0256Bukhari.Sahih:5197	5197	5516	Fath al-Bari numbering	text match to 0256Bukhari.Sahih.Shamela0001681-ara1	1.0	
urn:hadith:0256Bukhari.Sahih:5198	5198	5517	Fath al-Bari numbering	text match to 0256Bukhari.Sahih.Shamela0001681-ara1	1.0	
urn:hadith:0256Bukhari.Sahih:5199	5199	5518	Fath al-Bari numbering	text match to 0256Bukhari.Sahih.Shamela0001681-ara1	1.0	
urn:hadith:0256Bukhari.Sahih:5200	5200	5519	Fath al-Bari numbering	text match to 0256Bukhari.Sahih.Shamela0001681-ara1	1.0	
urn:hadith:0256Bukhari.Sahih:5201	5201	5520	Fath al-Bari numbering	text match to 0256Bukhari.Sahih.Shamela0001681-ara1	1.0	
urn:hadith:0256Bukhari.Sahih:5202	5202	5522	Fath al-Bari numbering	text match to 0256Bukhari.Sahih.Shamela0001681-ara1	0.59	
urn:hadith:0256Bukhari.Sahih:5203	5203	5523	Fath al-Bari numbering	text match to 0256Bukhari.Sahih.Shamela0001681-ara1	0.86	
urn:hadith:0256Bukhari.Sahih:5204	5204	5524	Fath al-Bari numbering	text match to 0256Bukhari.Sahih.Shamela0001681-ara1	1.0	
urn:hadith:0256Bukhari.Sahih:5205	5205	5525	Fath al-Bari numbering	text match to 0256Bukhari.Sahih.Shamela0001681-ara1	0.78	
urn:hadith:0256Bukhari.Sahih:5206	5206	5527	Fath al-Bari numbering	text match to 0256Bukhari.Sahih.Shamela0001681-ara1	0.79	shared number
urn:hadith:0256Bukhari.Sahih:5207	5207	5527	Fath al-Bari numbering	text match to 0256Bukhari.Sahih.Shamela0001681-ara1	0.71	shared number
urn:hadith:0256Bukhari.Sahih:5208	5208	5528	Fath al-Bari numbering	text match to 0256Bukhari.Sahih.Shamela0001681-ara1	1.0	
urn:hadith:0256Bukhari.Sahih:5209	5209	5529	Fath al-Bari numbering	text match to 0256Bukhari.Sahih.Shamela0001681-ara1	0.89	
urn:hadith:0256Bukhari.Sahih:5210	5210	5530	Fath al-Bari numbering	text match to 0256Bukhari.Sahih.Shamela0001681-ara1	0.74	
urn:hadith:0256Bukhari.Sahih:5211	5211	2221	Fath al-Bari numbering	text match to 0256Bukhari.Sahih.Shamela0001681-ara1	0.9	shared number, out of order
urn:hadith:0256Bukhari.Sahih:5212	5212	5532	Fath al-Bari numbering	text match to 0256Bukhari.Sahih.Shamela0001681-ara1	0.86	
urn:hadith:0256Bukhari.Sahih:5213	5213	5533	Fath al-Bari numbering	text match to 0256Bukhari.Sahih.Shamela0001681-ara1	0.93	
urn:hadith:0256Bukhari.Sahih:5214	5214	5534	Fath al-Bari numbering	text match to 0256Bukhari.Sahih.Shamela0001681-ara1	1.0	
urn:hadith:0256Bukhari.Sahih:5215	5215	5535	Fath al-Bari numbering	text match to 0256Bukhari.Sahih.Shamela0001681-ara1	1.0	
urn:hadith:0256Bukhari.Sahih:5216	5216	5536	Fath al-Bari numbering	text match to 0256Bukhari.Sahih.Shamela0001681-ara1	0.82	
urn:hadith:0256Bukhari.Sahih:5217	5217	5537	Fath al-Bari numbering	text match to 0256Bukhari.Sahih.Shamela0001681-ara1	0.83	
urn:hadith:0256Bukhari.Sahih:5218	5218	5538	Fath al-Bari numbering	text match to 0256Bukhari.Sahih.Shamela0001681-ara1	0.86	
urn:hadith:0256Bukhari.Sahih:5219	5219	5539	Fath al-Bari numbering	text match to 0256Bukhari.Sahih.Shamela0001681-ara1	1.0	
urn:hadith:0256Bukhari.Sahih:5220	5220	5540	Fath al-Bari numbering	text match to 0256Bukhari.Sahih.Shamela0001681-ara1	0.74	
urn:hadith:0256Bukhari.Sahih:5221	5221	5541	Fath al-Bari numbering	text match to 0256Bukhari.Sahih.Shamela0001681-ara1	0.7	
urn:hadith:0256Bukhari.Sahih:5222	5222	5542	Fath al-Bari numbering	text match to 0256Bukhari.Sahih.Shamela0001681-ara1	1.0	
urn:hadith:0256Bukhari.Sahih:5223	5223	5543	Fath al-Bari numbering	text match to 0256Bukhari.Sahih.Shamela0001681-ara1	0.93	
urn:hadith:0256Bukhari.Sahih:5224	5224	5544	Fath al-Bari numbering	text match to 0256Bukhari.Sahih.Shamela0001681-ara1	1.0	
urn:hadith:0256Bukhari.Sahih:5225	5225	5545	Fath al-Bari numbering	text match to 0256Bukhari.Sahih.Shamela0001681-ara1	1.0	
urn:hadith:0256Bukhari.Sahih:5226	5226	5546	Fath al-Bari numbering	text match to 0256Bukhari.Sahih.Shamela0001681-ara1	1.0	
urn:hadith:0256Bukhari.Sahih:5227	5227	5547	Fath al-Bari numbering	text match to 0256Bukhari.Sahih.Shamela0001681-ara1	0.88	
urn:hadith:0256Bukhari.Sahih:5228	5228	5548	Fath al-Bari numbering	text match to 0256Bukhari.Sahih.Shamela0001681-ara1	0.93	
urn:hadith:0256Bukhari.Sahih:5229	5229	5549	Fath al-Bari numbering	text match to 0256Bukhari.Sahih.Shamela0001681-ara1	0.88	
urn:hadith:0256Bukhari.Sahih:5230	5230	5550	Fath al-Bari numbering	text match to 0256Bukhari.Sahih.Shamela0001681-ara1	0.87	
urn:hadith:0256Bukhari.Sahih:5231	5231	5551	Fath al-Bari numbering	text match to 0256Bukhari.Sahih.Shamela0001681-ara1	1.0	
urn:hadith:0256Bukhari.Sahih:5232	5232	5552	Fath al-Bari numbering	text match to 0256Bukhari.Sahih.Shamela0001681-ara1	0.81	
urn:hadith:0256Bukhari.Sahih:5233	5233	5553	Fath al-Bari numbering	text match to 0256Bukhari.Sahih.Shamela0001681-ara1	1.0	
urn:hadith:0256Bukhari.Sahih:5234	5234	5554	Fath al-Bari numbering	text match to 0256Bukhari.Sahih.Shamela0001681-ara1	0.78	
urn:hadith:0256Bukhari.Sahih:5235	5235	5555	Fath al-Bari numbering	text match to 0256Bukhari.Sahih.Shamela0001681-ara1	1.0	
urn:hadith:0256Bukhari.Sahih:5236	5236	5556	Fath al-Bari numbering	text match to 0256Bukhari.Sahih.Shamela0001681-ara1	1.0	
urn:hadith:0256Bukhari.Sahih:5237	5237	5557	Fath al-Bari numbering	text match to 0256Bukhari.Sahih.Shamela0001681-ara1	1.0	
urn:hadith:0256Bukhari.Sahih:5238	5238	5558	Fath al-Bari numbering	text match to 0256Bukhari.Sahih.Shamela0001681-ara1	1.0	
urn:hadith:0256Bukhari.Sahih:5239	5239	5559	Fath al-Bari numbering	text match to 0256Bukhari.Sahih.Shamela0001681-ara1	0.82	
urn:hadith:0256Bukhari.Sahih:5240	5240	5560	Fath al-Bari numbering	text match to 0256Bukhari.Sahih.Shamela0001681-ara1	1.0	
urn:hadith:0256Bukhari.Sahih:5241	5241	5561	Fath al-Bari numbering	text match to 0256Bukhari.Sahih.Shamela0001681-ara1	0.94	
urn:hadith:0256Bukhari.Sahih:5242	5242	5562	Fath al-Bari numbering	text match to 0256Bukhari.Sahih.Shamela0001681-ara1	1.0	
urn:hadith:0256Bukhari.Sahih:5243	5243	5563	Fath al-Bari numbering	text match to 0256Bukhari.Sahih.Shamela0001681-ara1	1.0	
urn:hadith:0256Bukhari.Sahih:5244	5244	5564	Fath al-Bari numbering	text match to 0256Bukhari.Sahih.Shamela0001681-ara1	0.81	shared number
urn:hadith:0256Bukhari.Sahih:5245	5245	5565	Fath al-Bari numbering	text match to 0256Bukhari.Sahih.Shamela0001681-ara1	1.0	
urn:hadith:0256Bukhari.Sahih:5246	5246	5566	Fath al-Bari numbering	text match to 0256Bukhari.Sahih.Shamela0001681-ara1	0.93	
urn:hadith:0256Bukhari.Sahih:5247	5247	5567	Fath al-Bari numbering	text match to 0256Bukhari.Sahih.Shamela0001681-ara1	1.0	
urn:hadith:0256Bukhari.Sahih:5248	5248	5568	Fath al-Bari numbering	text match to 0256Bukhari.Sahih.Shamela0001681-ara1	0.91	
urn:hadith:0256Bukhari.Sahih:5249	5249	5569	Fath al-Bari numbering	text match to 0256Bukhari.Sahih.Shamela0001681-ara1	0.91	
urn:hadith:0256Bukhari.Sahih:5250	5250	5570	Fath al-Bari numbering	text match to 0256Bukhari.Sahih.Shamela0001681-ara1	0.9	
urn:hadith:0256Bukhari.Sahih:5251	5251	5571	Fath al-Bari numbering	text match to 0256Bukhari.Sahih.Shamela0001681-ara1	0.72	
urn:hadith:0256Bukhari.Sahih:5252	5252	5574	Fath al-Bari numbering	text match to 0256Bukhari.Sahih.Shamela0001681-ara1	0.72	
urn:hadith:0256Bukhari.Sahih:5253	5253	5575	Fath al-Bari numbering	text match to 0256Bukhari.Sahih.Shamela0001681-ara1	1.0	
urn:hadith:0256Bukhari.Sahih:5254	5254	5576	Fath al-Bari numbering	text match to 0256Bukhari.Sahih.Shamela0001681-ara1	0.91	
urn:hadith:0256Bukhari.Sahih:5255	5255	5577	Fath al-Bari numbering	text match to 0256Bukhari.Sahih.Shamela0001681-ara1	1.0	
urn:hadith:0256Bukhari.Sahih:5256	5256	5578	Fath al-Bari numbering	text match to 0256Bukhari.Sahih.Shamela0001681-ara1	0.74	
urn:hadith:0256Bukhari.Sahih:5257	5257	5579	Fath al-Bari numbering	text match to 0256Bukhari.Sahih.Shamela0001681-ara1	0.6	
urn:hadith:0256Bukhari.Sahih:5258	5258	5580	Fath al-Bari numbering	text match to 0256Bukhari.Sahih.Shamela0001681-ara1	1.0	
urn:hadith:0256Bukhari.Sahih:5259	5259	5581	Fath al-Bari numbering	text match to 0256Bukhari.Sahih.Shamela0001681-ara1	0.85	
urn:hadith:0256Bukhari.Sahih:5260	5260	5582	Fath al-Bari numbering	text match to 0256Bukhari.Sahih.Shamela0001681-ara1	1.0	
urn:hadith:0256Bukhari.Sahih:5261	5261	5583	Fath al-Bari numbering	text match to 0256Bukhari.Sahih.Shamela0001681-ara1	1.0	
urn:hadith:0256Bukhari.Sahih:5262	5262	5584	Fath al-Bari numbering	text match to 0256Bukhari.Sahih.Shamela0001681-ara1	1.0	
urn:hadith:0256Bukhari.Sahih:5263	5263	5585	Fath al-Bari numbering	text match to 0256Bukhari.Sahih.Shamela0001681-ara1	0.83	
urn:hadith:0256Bukhari.Sahih:5264	5264	5586	Fath al-Bari numbering	text match to 0256Bukhari.Sahih.Shamela0001681-ara1	1.0	shared number
urn:hadith:0256Bukhari.Sahih:5265	5265	5586	Fath al-Bari numbering	text match to 0256Bukhari.Sahih.Shamela0001681-ara1	1.0	shared number
urn:hadith:0256Bukhari.Sahih:5266	5266	5588	Fath al-Bari numbering	text match to 0256Bukhari.Sahih.Shamela0001681-ara1	0.88	
urn:hadith:0256Bukhari.Sahih:5267	5267	5589	Fath al-Bari numbering	text match to 0256Bukhari.Sahih.Shamela0001681-ara1	0.81	
urn:hadith:0256Bukhari.Sahih:5268	5268	5590	Fath al-Bari numbering	text match to 0256Bukhari.Sahih.Shamela0001681-ara1	0.93	
urn:hadith:0256Bukhari.Sahih:5269	5269	5591	Fath al-Bari numbering	text match to 0256Bukhari.Sahih.Shamela0001681-ara1	0.89	
urn:hadith:0256Bukhari.Sahih:5270	5270	5592	Fath al-Bari numbering	text match to 0256Bukhari.Sahih.Shamela0001681-ara1	0.95	
urn:hadith:0256Bukhari.Sahih:5271	5271	5593	Fath al-Bari numbering	text match to 0256Bukhari.Sahih.Shamela0001681-ara1	1.0	
urn:hadith:0256Bukhari.Sahih:5272	5272	5594	Fath al-Bari numbering	text match to 0256Bukhari.Sahih.Shamela0001681-ara1	1.0	
urn:hadith:0256Bukhari.Sahih:5273	5273	5595	Fath al-Bari numbering	text match to 0256Bukhari.Sahih.Shamela0001681-ara1	1.0	
urn:hadith:0256Bukhari.Sahih:5274	5274	5596	Fath al-Bari numbering	text match to 0256Bukhari.Sahih.Shamela0001681-ara1	1.0	
urn:hadith:0256Bukhari.Sahih:5275	5275	5597	Fath al-Bari numbering	text match to 0256Bukhari.Sahih.Shamela0001681-ara1	0.8	
urn:hadith:0256Bukhari.Sahih:5276	5276	5598	Fath al-Bari numbering	text match to 0256Bukhari.Sahih.Shamela0001681-ara1	0.86	
urn:hadith:0256Bukhari.Sahih:5277	5277	5599	Fath al-Bari numbering	text match to 0256Bukhari.Sahih.Shamela0001681-ara1	0.88	
urn:hadith:0256Bukhari.Sahih:5278	5278	5600	Fath al-Bari numbering	text match to 0256Bukhari.Sahih.Shamela0001681-ara1	1.0	
urn:hadith:0256Bukhari.Sahih:5279	5279	5601	Fath al-Bari numbering	text match to 0256Bukhari.Sahih.Shamela0001681-ara1	0.77	
urn:hadith:0256Bukhari.Sahih:5280	5280	5602	Fath al-Bari numbering	text match to 0256Bukhari.Sahih.Shamela0001681-ara1	1.0	
urn:hadith:0256Bukhari.Sahih:5281	5281	5603	Fath al-Bari numbering	text match to 0256Bukhari.Sahih.Shamela0001681-ara1	1.0	
urn:hadith:0256Bukhari.Sahih:5282	5282	5604	Fath al-Bari numbering	text match to 0256Bukhari.Sahih.Shamela0001681-ara1	1.0	
urn:hadith:0256Bukhari.Sahih:5283	5283	5606	Fath al-Bari numbering	text match to 0256Bukhari.Sahih.Shamela0001681-ara1	0.57	
urn:hadith:0256Bukhari.Sahih:5284	5284	5607	Fath al-Bari numbering	text match to 0256Bukhari.Sahih.Shamela0001681-ara1	1.0	
urn:hadith:0256Bukhari.Sahih:5285	5285	5608	Fath al-Bari numbering	text match to 0256Bukhari.Sahih.Shamela0001681-ara1	1.0	
urn:hadith:0256Bukhari.Sahih:5286	5286	5609	Fath al-Bari numbering	text match to 0256Bukhari.Sahih.Shamela0001681-ara1	0.67	
urn:hadith:0256Bukhari.Sahih:5287	5287	5610	Fath al-Bari numbering	text match to 0256Bukhari.Sahih.Shamela0001681-ara1	1.0	
urn:hadith:0256Bukhari.Sahih:5288	5288	5611	Fath al-Bari numbering	text match to 0256Bukhari.Sahih.Shamela0001681-ara1	0.89	
urn:hadith:0256Bukhari.Sahih:5289	5289	5612	Fath al-Bari numbering	text match to 0256Bukhari.Sahih.Shamela0001681-ara1	1.0	
urn:hadith:0256Bukhari.Sahih:5290	5290	5613	Fath al-Bari numbering	text match to 0256Bukhari.Sahih.Shamela0001681-ara1	1.0	
urn:hadith:0256Bukhari.Sahih:5291	5291	5682	Fath al-Bari numbering	text match to 0256Bukhari.Sahih.Shamela0001681-ara1	1.0	shared number, out of order
urn:hadith:0256Bukhari.Sahih:5292	5292	5615	Fath al-Bari numbering	text match to 0256Bukhari.Sahih.Shamela0001681-ara1	0.88	
urn:hadith:0256Bukhari.Sahih:5293	5293	5616	Fath al-Bari numbering	text match to 0256Bukhari.Sahih.Shamela0001681-ara1	1.0	
urn:hadith:0256Bukhari.Sahih:5294	5294	5617	Fath al-Bari numbering	text match to 0256Bukhari.Sahih.Shamela0001681-ara1	0.74	
urn:hadith:0256Bukhari.Sahih:5295	5295	5618	Fath al-Bari numbering	text match to 0256Bukhari.Sahih.Shamela0001681-ara1	0.77	
urn:hadith:0256Bukhari.Sahih:5296	5296	5619	Fath al-Bari numbering	text match to 0256Bukhari.Sahih.Shamela0001681-ara1	0.84	
urn:hadith:0256Bukhari.Sahih:5297	5297	5620	Fath al-Bari numbering	text match to 0256Bukhari.Sahih.Shamela0001681-ara1	1.0	
urn:hadith:0256Bukhari.Sahih:5298	5298	5621	Fath al-Bari numbering	text match to 0256Bukhari.Sahih.Shamela0001681-ara1	1.0	
urn:hadith:0256Bukhari.Sahih:5299	5299	5622	Fath al-Bari numbering	text match to 0256Bukhari.Sahih.Shamela0001681-ara1	1.0	
urn:hadith:0256Bukhari.Sahih:5300	5300	5623	Fath al-Bari numbering	text match to 0256Bukhari.Sahih.Shamela0001681-ara1	0.93	
urn:hadith:0256Bukhari.Sahih:5301	5301	5624	Fath al-Bari numbering	text match to 0256Bukhari.Sahih.Shamela0001681-ara1	1.0	
urn:hadith:0256Bukhari.Sahih:5302	5302	5625	Fath al-Bari numbering	text match to 0256Bukhari.Sahih.Shamela0001681-ara1	0.89	
urn:hadith:0256Bukhari.Sahih:5303	5303	5626	Fath al-Bari numbering	text match to 0256Bukhari.Sahih.Shamela0001681-ara1	1.0	
urn:hadith:0256Bukhari.Sahih:5304	5304	5627	Fath al-Bari numbering	text match to 0256Bukhari.Sahih.Shamela0001681-ara1	1.0	
urn:hadith:0256Bukhari.Sahih:5305	5305	5628	Fath al-Bari numbering	text match to 0256Bukhari.Sahih.Shamela0001681-ara1	1.0	
urn:hadith:0256Bukhari.Sahih:5306	5306	5629	Fath al-Bari numbering	text match to 0256Bukhari.Sahih.Shamela0001681-ara1	0.79	
urn:hadith:0256Bukhari.Sahih:5307	5307	5630	Fath al-Bari numbering	text match to 0256Bukhari.Sahih.Shamela0001681-ara1	1.0	
urn:hadith:0256Bukhari.Sahih:5308	5308	5631	Fath al-Bari numbering	text match to 0256Bukhari.Sahih.Shamela0001681-ara1	1.0	
urn:hadith:0256Bukhari.Sahih:5309	5309	5632	Fath al-Bari numbering	text match to 0256Bukhari.Sahih.Shamela0001681-ara1	0.9	
urn:hadith:0256Bukhari.Sahih:5310	5310	5633	Fath al-Bari numbering	text match to 0256Bukhari.Sahih.Shamela0001681-ara1	0.51	
urn:hadith:0256Bukhari.Sahih:5311	5311	5634	Fath al-Bari numbering	text match to 0256Bukhari.Sahih.Shamela0001681-ara1	0.9	
urn:hadith:0256Bukhari.Sahih:5312	5312	5635	Fath al-Bari numbering	text match to 0256Bukhari.Sahih.Shamela0001681-ara1	1.0	
urn:hadith:0256Bukhari.Sahih:5313	5313	5636	Fath al-Bari numbering	text match to 0256Bukhari.Sahih.Shamela0001681-ara1	0.85	
urn:hadith:0256Bukhari.Sahih:5314	5314	5637	Fath al-Bari numbering	text match to 0256Bukhari.Sahih.Shamela0001681-ara1	1.0	
urn:hadith:0256Bukhari.Sahih:5315	5315	5638	Fath al-Bari numbering	text match to 0256Bukhari.Sahih.Shamela0001681-ara1	0.93	
urn:hadith:0256Bukhari.Sahih:5316	5316	5639	Fath al-Bari numbering	text match to 0256Bukhari.Sahih.Shamela0001681-ara1	1.0	
urn:hadith:0256Bukhari.Sahih:5317	5317	5640	Fath al-Bari numbering	text match to 0256Bukhari.Sahih.Shamela0001681-ara1	1.0	
urn:hadith:0256Bukhari.Sahih:5318	5318	5641	Fath al-Bari numbering	text match to 0256Bukhari.Sahih.Shamela0001681-ara1	1.0	
urn:hadith:0256Bukhari.Sahih:5319	5319	5643	Fath al-Bari numbering	text match to 0256Bukhari.Sahih.Shamela0001681-ara1	0.83	
urn:hadith:0256Bukhari.Sahih:5320	5320	5644	Fath al-Bari numbering	text match to 0256Bukhari.Sahih.Shamela0001681-ara1	1.0	
urn:hadith:0256Bukhari.Sahih:5321	5321	5645	Fath al-Bari numbering	text match to 0256Bukhari.Sahih.Shamela0001681-ara1	1.0	
urn:hadith:0256Bukhari.Sahih:5322	5322	5646	Fath al-Bari numbering	text match to 0256Bukhari.Sahih.Shamela0001681-ara1	1.0	
urn:hadith:0256Bukhari.Sahih:5323	5323	5647	Fath al-Bari numbering	text match to 0256Bukhari.Sahih.Shamela0001681-ara1	1.0	
urn:hadith:0256Bukhari.Sahih:5324	5324	5648	Fath al-Bari numbering	text match to 0256Bukhari.Sahih.Shamela0001681-ara1	0.92	
urn:hadith:0256Bukhari.Sahih:5325	5325	5649	Fath al-Bari numbering	text match to 0256Bukhari.Sahih.Shamela0001681-ara1	1.0	
urn:hadith:0256Bukhari.Sahih:5326	5326	5650	Fath al-Bari numbering	text match to 0256Bukhari.Sahih.Shamela0001681-ara1	1.0	
urn:hadith:0256Bukhari.Sahih:5327	5327	5651	Fath al-Bari numbering	text match to 0256Bukhari.Sahih.Shamela0001681-ara1	0.93	
urn:hadith:0256Bukhari.Sahih:5328	5328	5652	Fath al-Bari numbering	text match to 0256Bukhari.Sahih.Shamela0001681-ara1	0.8	
urn:hadith:0256Bukhari.Sahih:5329	5329	5653	Fath al-Bari numbering	text match to 0256Bukhari.Sahih.Shamela0001681-ara1	0.82	
urn:hadith:0256Bukhari.Sahih:5330	5330	5654	Fath al-Bari numbering	text match to 0256Bukhari.Sahih.Shamela0001681-ara1	0.84	
urn:hadith:0256Bukhari.Sahih:5331	5331	5655	Fath al-Bari numbering	text match to 0256Bukhari.Sahih.Shamela0001681-ara1	1.0	
urn:hadith:0256Bukhari.Sahih:5332	5332	3616	Fath al-Bari numbering	text match to 0256Bukhari.Sahih.Shamela0001681-ara1	0.87	shared number, out of order
urn:hadith:0256Bukhari.Sahih:5333	5333	5657	Fath al-Bari numbering	text match to 0256Bukhari.Sahih.Shamela0001681-ara1	1.0	
urn:hadith:0256Bukhari.Sahih:5334	5334	5658	Fath al-Bari numbering	text match to 0256Bukhari.Sahih.Shamela0001681-ara1	1.0	
urn:hadith:0256Bukhari.Sahih:5335	5335	5659	Fath al-Bari numbering	text match to 0256Bukhari.Sahih.Shamela0001681-ara1	0.86	
urn:hadith:0256Bukhari.Sahih:5336	5336	5660	Fath al-Bari numbering	text match to 0256Bukhari.Sahih.Shamela0001681-ara1	1.0	
urn:hadith:0256Bukhari.Sahih:5337	5337	5661	Fath al-Bari numbering	text match to 0256Bukhari.Sahih.Shamela0001681-ara1	1.0	
urn:hadith:0256Bukhari.Sahih:5338	5338	5662	Fath al-Bari numbering	text match to 0256Bukhari.Sahih.Shamela0001681-ara1	0.9	
urn:hadith:0256Bukhari.Sahih:5339	5339	5663	Fath al-Bari numbering	text match to 0256Bukhari.Sahih.Shamela0001681-ara1	0.87	
urn:hadith:0256Bukhari.Sahih:5340	5340	5664	Fath al-Bari numbering	text match to 0256Bukhari.Sahih.Shamela0001681-ara1	0.82	
urn:hadith:0256Bukhari.Sahih:5341	5341	5665	Fath al-Bari numbering	text match to 0256Bukhari.Sahih.Shamela0001681-ara1	0.88	
urn:hadith:0256Bukhari.Sahih:5342	5342	5666	Fath al-Bari numbering	text match to 0256Bukhari.Sahih.Shamela0001681-ara1	0.63	
urn:hadith:0256Bukhari.Sahih:5343	5343	5667	Fath al-Bari numbering	text match to 0256Bukhari.Sahih.Shamela0001681-ara1	0.92	
urn:hadith:0256Bukhari.Sahih:5344	5344	5668	Fath al-Bari numbering	text match to 0256Bukhari.Sahih.Shamela0001681-ara1	1.0	
urn:hadith:0256Bukhari.Sahih:5345	5345	5669	Fath al-Bari numbering	text match to 0256Bukhari.Sahih.Shamela0001681-ara1	0.93	
urn:hadith:0256Bukhari.Sahih:5346	5346	5670	Fath al-Bari numbering	text match to 0256Bukhari.Sahih.Shamela0001681-ara1	0.8	
urn:hadith:0256Bukhari.Sahih:5347	5347	5671	Fath al-Bari numbering	text match to 0256Bukhari.Sahih.Shamela0001681-ara1	1.0	
urn:hadith:0256Bukhari.Sahih:5348	5348	5672	Fath al-Bari numbering	text match to 0256Bukhari.Sahih.Shamela0001681-ara1	1.0	
urn:hadith:0256Bukhari.Sahih:5349	5349	5673	Fath al-Bari numbering	text match to 0256Bukhari.Sahih.Shamela0001681-ara1	1.0	
urn:hadith:0256Bukhari.Sahih:5350	5350	5674	Fath al-Bari numbering	text match to 0256Bukhari.Sahih.Shamela0001681-ara1	1.0	
urn:hadith:0256Bukhari.Sahih:5351	5351	5675	Fath al-Bari numbering	text match to 0256Bukhari.Sahih.Shamela0001681-ara1	1.0	
urn:hadith:0256Bukhari.Sahih:5352	5352	5676	Fath al-Bari numbering	text match to 0256Bukhari.Sahih.Shamela0001681-ara1	1.0	
urn:hadith:0256Bukhari.Sahih:5353	5353	5677	Fath al-Bari numbering	text match to 0256Bukhari.Sahih.Shamela0001681-ara1	0.78	
urn:hadith:0256Bukhari.Sahih:5354	5354	5678	Fath al-Bari numbering	text match to 0256Bukhari.Sahih.Shamela0001681-ara1	1.0	
urn:hadith:0256Bukhari.Sahih:5355	5355	5679	Fath al-Bari numbering	text match to 0256Bukhari.Sahih.Shamela0001681-ara1	0.84	
urn:hadith:0256Bukhari.Sahih:5356	5356	5680	Fath al-Bari numbering	text match to 0256Bukhari.Sahih.Shamela0001681-ara1	0.81	
urn:hadith:0256Bukhari.Sahih:5357	5357	5681	Fath al-Bari numbering	text match to 0256Bukhari.Sahih.Shamela0001681-ara1	0.89	
urn:hadith:0256Bukhari.Sahih:5358	5358	5682	Fath al-Bari numbering	text match to 0256Bukhari.Sahih.Shamela0001681-ara1	1.0	shared number
urn:hadith:0256Bukhari.Sahih:5359	5359	5683	Fath al-Bari numbering	text match to 0256Bukhari.Sahih.Shamela0001681-ara1	1.0	
urn:hadith:0256Bukhari.Sahih:5360	5360	5684	Fath al-Bari numbering	text match to 0256Bukhari.Sahih.Shamela0001681-ara1	0.93	
urn:hadith:0256Bukhari.Sahih:5361	5361	5685	Fath al-Bari numbering	text match to 0256Bukhari.Sahih.Shamela0001681-ara1	1.0	
urn:hadith:0256Bukhari.Sahih:5362	5362	5686	Fath al-Bari numbering	text match to 0256Bukhari.Sahih.Shamela0001681-ara1	1.0	
urn:hadith:0256Bukhari.Sahih:5363	5363	5687	Fath al-Bari numbering	text match to 0256Bukhari.Sahih.Shamela0001681-ara1	0.93	
urn:hadith:0256Bukhari.Sahih:5364	5364	5688	Fath al-Bari numbering	text match to 0256Bukhari.Sahih.Shamela0001681-ara1	0.77	
urn:hadith:0256Bukhari.Sahih:5365	5365	5689	Fath al-Bari numbering	text match to 0256Bukhari.Sahih.Shamela0001681-ara1	0.89	
urn:hadith:0256Bukhari.Sahih:5366	5366	5690	Fath al-Bari numbering	text match to 0256Bukhari.Sahih.Shamela0001681-ara1	0.74	
urn:hadith:0256Bukhari.Sahih:5367	5367	5691	Fath al-Bari numbering	text match to 0256Bukhari.Sahih.Shamela0001681-ara1	0.58	
urn:hadith:0256Bukhari.Sahih:5368	5368	5692	Fath al-Bari numbering	text match to 0256Bukhari.Sahih.Shamela0001681-ara1	0.61	
urn:hadith:0256Bukhari.Sahih:5369	5369	5694	Fath al-Bari numbering	text match to 0256Bukhari.Sahih.Shamela0001681-ara1	0.72	
urn:hadith:0256Bukhari.Sahih:5370	5370	5695	Fath al-Bari numbering	text match to 0256Bukhari.Sahih.Shamela0001681-ara1	0.71	
urn:hadith:0256Bukhari.Sahih:5371	5371	5696	Fath al-Bari numbering	text match to 0256Bukhari.Sahih.Shamela0001681-ara1	1.0	
urn:hadith:0256Bukhari.Sahih:5372	5372	5697	Fath al-Bari numbering	text match to 0256Bukhari.Sahih.Shamela0001681-ara1	0.78	
urn:hadith:0256Bukhari.Sahih:5373	5373	5698	Fath al-Bari numbering	text match to 0256Bukhari.Sahih.Shamela0001681-ara1	0.56	
urn:hadith:0256Bukhari.Sahih:5374	5374	5700	Fath al-Bari numbering	text match to 0256Bukhari.Sahih.Shamela0001681-ara1	0.74	
urn:hadith:0256Bukhari.Sahih:5375	5375	5702	Fath al-Bari numbering	text match to 0256Bukhari.Sahih.Shamela0001681-ara1	0.88	
urn:hadith:0256Bukhari.Sahih:5376	5376	5703	Fath al-Bari numbering	text match to 0256Bukhari.Sahih.Shamela0001681-ara1	0.81	
urn:hadith:0256Bukhari.Sahih:5377	5377	5704	Fath al-Bari numbering	text match to 0256Bukhari.Sahih.Shamela0001681-ara1	1.0	
urn:hadith:0256Bukhari.Sahih:5378	5378	5705	Fath al-Bari numbering	text match to 0256Bukhari.Sahih.Shamela0001681-ara1	0.8	
urn:hadith:0256Bukhari.Sahih:5379	5379	5706	Fath al-Bari numbering	text match to 0256Bukhari.Sahih.Shamela0001681-ara1	0.93	
urn:hadith:0256Bukhari.Sahih:5380	5380	5707	Fath al-Bari numbering	text match to 0256Bukhari.Sahih.Shamela0001681-ara1	1.0	
urn:hadith:0256Bukhari.Sahih:5381	5381	5708	Fath al-Bari numbering	text match to 0256Bukhari.Sahih.Shamela0001681-ara1	1.0	
urn:hadith:0256Bukhari.Sahih:5383	5383	5713	Fath al-Bari numbering	text match to 0256Bukhari.Sahih.Shamela0001681-ara1	0.92	
urn:hadith:0256Bukhari.Sahih:5384	5384	5714	Fath al-Bari numbering	text match to 0256Bukhari.Sahih.Shamela0001681-ara1	0.93	
urn:hadith:0256Bukhari.Sahih:5385	5385	5715	Fath al-Bari numbering	text match to 0256Bukhari.Sahih.Shamela0001681-ara1	0.93	
urn:hadith:0256Bukhari.Sahih:5386	5386	5716	Fath al-Bari numbering	text match to 0256Bukhari.Sahih.Shamela0001681-ara1	1.0	
urn:hadith:0256Bukhari.Sahih:5387	5387	5717	Fath al-Bari numbering	text match to 0256Bukhari.Sahih.Shamela0001681-ara1	0.93	
urn:hadith:0256Bukhari.Sahih:5388	5388	5718	Fath al-Bari numbering	text match to 0256Bukhari.Sahih.Shamela0001681-ara1	0.92	
urn:hadith:0256Bukhari.Sahih:5389	5389	5719	Fath al-Bari numbering	text match to 0256Bukhari.Sahih.Shamela0001681-ara1	0.93	
urn:hadith:0256Bukhari.Sahih:5390	5390	5722	Fath al-Bari numbering	text match to 0256Bukhari.Sahih.Shamela0001681-ara1	0.93	
urn:hadith:0256Bukhari.Sahih:5391	5391	5723	Fath al-Bari numbering	text match to 0256Bukhari.Sahih.Shamela0001681-ara1	0.72	
urn:hadith:0256Bukhari.Sahih:5392	5392	5724	Fath al-Bari numbering	text match to 0256Bukhari.Sahih.Shamela0001681-ara1	0.86	
urn:hadith:0256Bukhari.Sahih:5393	5393	5725	Fath al-Bari numbering	text match to 0256Bukhari.Sahih.Shamela0001681-ara1	1.0	shared number
urn:hadith:0256Bukhari.Sahih:5394	5394	5725	Fath al-Bari numbering	text match to 0256Bukhari.Sahih.Shamela0001681-ara1	1.0	shared number
urn:hadith:0256Bukhari.Sahih:5395	5395	5727	Fath al-Bari numbering	text match to 0256Bukhari.Sahih.Shamela0001681-ara1	1.0	
urn:hadith:0256Bukhari.Sahih:5396	5396	5728	Fath al-Bari numbering	text match to 0256Bukhari.Sahih.Shamela0001681-ara1	0.92	
urn:hadith:0256Bukhari.Sahih:5397	5397	5729	Fath al-Bari numbering	text match to 0256Bukhari.Sahih.Shamela0001681-ara1	0.79	
urn:hadith:0256Bukhari.Sahih:5398	5398	5730	Fath al-Bari numbering	text match to 0256Bukhari.Sahih.Shamela0001681-ara1	0.91	
urn:hadith:0256Bukhari.Sahih:5399	5399	5731	Fath al-Bari numbering	text match to 0256Bukhari.Sahih.Shamela0001681-ara1	1.0	
urn:hadith:0256Bukhari.Sahih:5400	5400	5732	Fath al-Bari numbering	text match to 0256Bukhari.Sahih.Shamela0001681-ara1	1.0	
urn:hadith:0256Bukhari.Sahih:5401	5401	5733	Fath al-Bari numbering	text match to 0256Bukhari.Sahih.Shamela0001681-ara1	1.0	
urn:hadith:0256Bukhari.Sahih:5402	5402	5734	Fath al-Bari numbering	text match to 0256Bukhari.Sahih.Shamela0001681-ara1	0.93	
urn:hadith:0256Bukhari.Sahih:5403	5403	5735	Fath al-Bari numbering	text match to 0256Bukhari.Sahih.Shamela0001681-ara1	1.0	
urn:hadith:0256Bukhari.Sahih:5404	5404	5736	Fath al-Bari numbering	text match to 0256Bukhari.Sahih.Shamela0001681-ara1	1.0	
urn:hadith:0256Bukhari.Sahih:5405	5405	5737	Fath al-Bari numbering	text match to 0256Bukhari.Sahih.Shamela0001681-ara1	0.88	
urn:hadith:0256Bukhari.Sahih:5406	5406	5738	Fath al-Bari numbering	text match to 0256Bukhari.Sahih.Shamela0001681-ara1	1.0	
urn:hadith:0256Bukhari.Sahih:5407	5407	5739	Fath al-Bari numbering	text match to 0256Bukhari.Sahih.Shamela0001681-ara1	0.82	
urn:hadith:0256Bukhari.Sahih:5408	5408	5740	Fath al-Bari numbering	text match to 0256Bukhari.Sahih.Shamela0001681-ara1	1.0	
urn:hadith:0256Bukhari.Sahih:5409	5409	5741	Fath al-Bari numbering	text match to 0256Bukhari.Sahih.Shamela0001681-ara1	0.85	
urn:hadith:0256Bukhari.Sahih:5410	5410	5742	Fath al-Bari numbering	text match to 0256Bukhari.Sahih.Shamela0001681-ara1	1.0	
urn:hadith:0256Bukhari.Sahih:5411	5411	5743	Fath al-Bari numbering	text match to 0256Bukhari.Sahih.Shamela0001681-ara1	1.0	
urn:hadith:0256Bukhari.Sahih:5412	5412	5744	Fath al-Bari numbering	text match to 0256Bukhari.Sahih.Shamela0001681-ara1	0.91	
urn:hadith:0256Bukhari.Sahih:5413	5413	5745	Fath al-Bari numbering	text match to 0256Bukhari.Sahih.Shamela0001681-ara1	1.0	
urn:hadith:0256Bukhari.Sahih:5414	5414	5746	Fath al-Bari numbering	text match to 0256Bukhari.Sahih.Shamela0001681-ara1	0.83	
urn:hadith:0256Bukhari.Sahih:5415	5415	5747	Fath al-Bari numbering	text match to 0256Bukhari.Sahih.Shamela0001681-ara1	1.0	
urn:hadith:0256Bukhari.Sahih:5416	5416	5748	Fath al-Bari numbering	text match to 0256Bukhari.Sahih.Shamela0001681-ara1	0.79	
urn:hadith:0256Bukhari.Sahih:5417	5417	5749	Fath al-Bari numbering	text match to 0256Bukhari.Sahih.Shamela0001681-ara1	1.0	
urn:hadith:0256Bukhari.Sahih:5418	5418	5750	Fath al-Bari numbering	text match to 0256Bukhari.Sahih.Shamela0001681-ara1	1.0	
urn:hadith:0256Bukhari.Sahih:5419	5419	5751	Fath al-Bari numbering	text match to 0256Bukhari.Sahih.Shamela0001681-ara1	0.91	
urn:hadith:0256Bukhari.Sahih:5420	5420	5752	Fath al-Bari numbering	text match to 0256Bukhari.Sahih.Shamela0001681-ara1	0.87	
urn:hadith:0256Bukhari.Sahih:5421	5421	5753	Fath al-Bari numbering	text match to 0256Bukhari.Sahih.Shamela0001681-ara1	0.86	
urn:hadith:0256Bukhari.Sahih:5422	5422	5754	Fath al-Bari numbering	text match to 0256Bukhari.Sahih.Shamela0001681-ara1	1.0	
urn:hadith:0256Bukhari.Sahih:5423	5423	5755	Fath al-Bari numbering	text match to 0256Bukhari.Sahih.Shamela0001681-ara1	1.0	
urn:hadith:0256Bukhari.Sahih:5424	5424	5756	Fath al-Bari numbering	text match to 0256Bukhari.Sahih.Shamela0001681-ara1	0.8	
urn:hadith:0256Bukhari.Sahih:5425	5425	5757	Fath al-Bari numbering	text match to 0256Bukhari.Sahih.Shamela0001681-ara1	1.0	
urn:hadith:0256Bukhari.Sahih:5426	5426	5758	Fath al-Bari numbering	text match to 0256Bukhari.Sahih.Shamela0001681-ara1	0.93	
urn:hadith:0256Bukhari.Sahih:5428	5428	5761	Fath al-Bari numbering	text match to 0256Bukhari.Sahih.Shamela0001681-ara1	0.84	
urn:hadith:0256Bukhari.Sahih:5429	5429	5762	Fath al-Bari numbering	text match to 0256Bukhari.Sahih.Shamela0001681-ara1	0.87	
urn:hadith:0256Bukhari.Sahih:5430	5430	5763	Fath al-Bari numbering	text match to 0256Bukhari.Sahih.Shamela0001681-ara1	0.93	
urn:hadith:0256Bukhari.Sahih:5431	5431	5764	Fath al-Bari numbering	text match to 0256Bukhari.Sahih.Shamela0001681-ara1	1.0	
urn:hadith:0256Bukhari.Sahih:5432	5432	5765	Fath al-Bari numbering	text match to 0256Bukhari.Sahih.Shamela0001681-ara1	0.87	
urn:hadith:0256Bukhari.Sahih:5433	5433	5766	Fath al-Bari numbering	text match to 0256Bukhari.Sahih.Shamela0001681-ara1	1.0	
urn:hadith:0256Bukhari.Sahih:5434	5434	5767	Fath al-Bari numbering	text match to 0256Bukhari.Sahih.Shamela0001681-ara1	1.0	
urn:hadith:0256Bukhari.Sahih:5435	5435	5768	Fath al-Bari numbering	text match to 0256Bukhari.Sahih.Shamela0001681-ara1	1.0	
urn:hadith:0256Bukhari.Sahih:5436	5436	5769	Fath al-Bari numbering	text match to 0256Bukhari.Sahih.Shamela0001681-ara1	1.0	
urn:hadith:0256Bukhari.Sahih:5437	5437	5770	Fath al-Bari numbering	text match to 0256Bukhari.Sahih.Shamela0001681-ara1	0.8	
urn:hadith:0256Bukhari.Sahih:5438	5438	5772	Fath al-Bari numbering	text match to 0256Bukhari.Sahih.Shamela0001681-ara1	0.77	
urn:hadith:0256Bukhari.Sahih:5440	5440	5776	Fath al-Bari numbering	text match to 0256Bukhari.Sahih.Shamela0001681-ara1	1.0	
urn:hadith:0256Bukhari.Sahih:5441	5441	5777	Fath al-Bari numbering	text match to 0256Bukhari.Sahih.Shamela0001681-ara1	1.0	
urn:hadith:0256Bukhari.Sahih:5442	5442	5778	Fath al-Bari numbering	text match to 0256Bukhari.Sahih.Shamela0001681-ara1	1.0	
urn:hadith:0256Bukhari.Sahih:5443	5443	5779	Fath al-Bari numbering	text match to 0256Bukhari.Sahih.Shamela0001681-ara1	0.87	
urn:hadith:0256Bukhari.Sahih:5445	5445	5782	Fath al-Bari numbering	text match to 0256Bukhari.Sahih.Shamela0001681-ara1	0.92	
urn:hadith:0256Bukhari.Sahih:5446	5446	5783	Fath al-Bari numbering	text match to 0256Bukhari.Sahih.Shamela0001681-ara1	0.85	
urn:hadith:0256Bukhari.Sahih:5447	5447	5784	Fath al-Bari numbering	text match to 0256Bukhari.Sahih.Shamela0001681-ara1	1.0	
urn:hadith:0256Bukhari.Sahih:5448	5448	5785	Fath al-Bari numbering	text match to 0256Bukhari.Sahih.Shamela0001681-ara1	1.0	
urn:hadith:0256Bukhari.Sahih:5449	5449	5786	Fath al-Bari numbering	text match to 0256Bukhari.Sahih.Shamela0001681-ara1	0.92	
urn:hadith:0256Bukhari.Sahih:5450	5450	5787	Fath al-Bari numbering	text match to 0256Bukhari.Sahih.Shamela0001681-ara1	1.0	
urn:hadith:0256Bukhari.Sahih:5451	5451	5788	Fath al-Bari numbering	text match to 0256Bukhari.Sahih.Shamela0001681-ara1	1.0	
urn:hadith:0256Bukhari.Sahih:5452	5452	5789	Fath al-Bari numbering	text match to 0256Bukhari.Sahih.Shamela0001681-ara1	0.89	
urn:hadith:0256Bukhari.Sahih:5453	5453	5790	Fath al-Bari numbering	text match to 0256Bukhari.Sahih.Shamela0001681-ara1	0.9	shared number
urn:hadith:0256Bukhari.Sahih:5454	5454	5790	Fath al-Bari numbering	text match to 0256Bukhari.Sahih.Shamela0001681-ara1	0.6	shared number
urn:hadith:0256Bukhari.Sahih:5455	5455	5791	Fath al-Bari numbering	text match to 0256Bukhari.Sahih.Shamela0001681-ara1	0.93	
urn:hadith:0256Bukhari.Sahih:5456	5456	5792	Fath al-Bari numbering	text match to 0256Bukhari.Sahih.Shamela0001681-ara1	1.0	
urn:hadith:0256Bukhari.Sahih:5457	5457	5793	Fath al-Bari numbering	text match to 0256Bukhari.Sahih.Shamela0001681-ara1	0.8	
urn:hadith:0256Bukhari.Sahih:5458	5458	5794	Fath al-Bari numbering	text match to 0256Bukhari.Sahih.Shamela0001681-ara1	0.9	
urn:hadith:0256Bukhari.Sahih:5459	5459	5795	Fath al-Bari numbering	text match to 0256Bukhari.Sahih.Shamela0001681-ara1	0.79	
urn:hadith:0256Bukhari.Sahih:5460	5460	5796	Fath al-Bari numbering	text match to 0256Bukhari.Sahih.Shamela0001681-ara1	1.0	
urn:hadith:0256Bukhari.Sahih:5461	5461	5797	Fath al-Bari numbering	text match to 0256Bukhari.Sahih.Shamela0001681-ara1	1.0	
urn:hadith:0256Bukhari.Sahih:5462	5462	5798	Fath al-Bari numbering	text match to 0256Bukhari.Sahih.Shamela0001681-ara1	1.0	
urn:hadith:0256Bukhari.Sahih:5463	5463	5799	Fath al-Bari numbering	text match to 0256Bukhari.Sahih.Shamela0001681-ara1	0.93	
urn:hadith:0256Bukhari.Sahih:5464	5464	5800	Fath al-Bari numbering	text match to 0256Bukhari.Sahih.Shamela0001681-ara1	0.92	
urn:hadith:0256Bukhari.Sahih:5465	5465	5801	Fath al-Bari numbering	text match to 0256Bukhari.Sahih.Shamela0001681-ara1	1.0	
urn:hadith:0256Bukhari.Sahih:5466	5466	5803	Fath al-Bari numbering	text match to 0256Bukhari.Sahih.Shamela0001681-ara1	0.95	
urn:hadith:0256Bukhari.Sahih:5467	5467	5804	Fath al-Bari numbering	text match to 0256Bukhari.Sahih.Shamela0001681-ara1	0.83	
urn:hadith:0256Bukhari.Sahih:5468	5468	5805	Fath al-Bari numbering	text match to 0256Bukhari.Sahih.Shamela0001681-ara1	1.0	
urn:hadith:0256Bukhari.Sahih:5469	5469	5806	Fath al-Bari numbering	text match to 0256Bukhari.Sahih.Shamela0001681-ara1	1.0	
urn:hadith:0256Bukhari.Sahih:5470	5470	5807	Fath al-Bari numbering	text match to 0256Bukhari.Sahih.Shamela0001681-ara1	1.0	
urn:hadith:0256Bukhari.Sahih:5471	5471	5808	Fath al-Bari numbering	text match to 0256Bukhari.Sahih.Shamela0001681-ara1	0.8	
urn:hadith:0256Bukhari.Sahih:5472	5472	5809	Fath al-Bari numbering	text match to 0256Bukhari.Sahih.Shamela0001681-ara1	1.0	
urn:hadith:0256Bukhari.Sahih:5473	5473	5810	Fath al-Bari numbering	text match to 0256Bukhari.Sahih.Shamela0001681-ara1	1.0	
urn:hadith:0256Bukhari.Sahih:5474	5474	5811	Fath al-Bari numbering	text match to 0256Bukhari.Sahih.Shamela0001681-ara1	1.0	
urn:hadith:0256Bukhari.Sahih:5475	5475	5812	Fath al-Bari numbering	text match to 0256Bukhari.Sahih.Shamela0001681-ara1	1.0	
urn:hadith:0256Bukhari.Sahih:5476	5476	5813	Fath al-Bari numbering	text match to 0256Bukhari.Sahih.Shamela0001681-ara1	1.0	
urn:hadith:0256Bukhari.Sahih:5477	5477	5814	Fath al-Bari numbering	text match to 0256Bukhari.Sahih.Shamela0001681-ara1	1.0	
urn:hadith:0256Bukhari.Sahih:5478	5478	5815	Fath al-Bari numbering	text match to 0256Bukhari.Sahih.Shamela0001681-ara1	0.92	
urn:hadith:0256Bukhari.Sahih:5479	5479	5817	Fath al-Bari numbering	text match to 0256Bukhari.Sahih.Shamela0001681-ara1	0.82	
urn:hadith:0256Bukhari.Sahih:5480	5480	5818	Fath al-Bari numbering	text match to 0256Bukhari.Sahih.Shamela0001681-ara1	1.0	
urn:hadith:0256Bukhari.Sahih:5481	5481	5819	Fath al-Bari numbering	text match to 0256Bukhari.Sahih.Shamela0001681-ara1	1.0	
urn:hadith:0256Bukhari.Sahih:5482	5482	5820	Fath al-Bari numbering	text match to 0256Bukhari.Sahih.Shamela0001681-ara1	0.87	
urn:hadith:0256Bukhari.Sahih:5483	5483	5821	Fath al-Bari numbering	text match to 0256Bukhari.Sahih.Shamela0001681-ara1	1.0	
urn:hadith:0256Bukhari.Sahih:5484	5484	5822	Fath al-Bari numbering	text match to 0256Bukhari.Sahih.Shamela0001681-ara1	0.79	
urn:hadith:0256Bukhari.Sahih:5485	5485	5823	Fath al-Bari numbering	text match to 0256Bukhari.Sahih.Shamela0001681-ara1	0.93	
urn:hadith:0256Bukhari.Sahih:5486	5486	5824	Fath al-Bari numbering	text match to 0256Bukhari.Sahih.Shamela0001681-ara1	0.84	
urn:hadith:0256Bukhari.Sahih:5487	5487	5825	Fath al-Bari numbering	text match to 0256Bukhari.Sahih.Shamela0001681-ara1	1.0	
urn:hadith:0256Bukhari.Sahih:5488	5488	5826	Fath al-Bari numbering	text match to 0256Bukhari.Sahih.Shamela0001681-ara1	1.0	
urn:hadith:0256Bukhari.Sahih:5489	5489	5827	Fath al-Bari numbering	text match to 0256Bukhari.Sahih.Shamela0001681-ara1	0.93	
urn:hadith:0256Bukhari.Sahih:5490	5490	5828	Fath al-Bari numbering	text match to 0256Bukhari.Sahih.Shamela0001681-ara1	1.0	
urn:hadith:0256Bukhari.Sahih:5491	5491	5829	Fath al-Bari numbering	text match to 0256Bukhari.Sahih.Shamela0001681-ara1	1.0	
urn:hadith:0256Bukhari.Sahih:5492	5492	5830	Fath al-Bari numbering	text match to 0256Bukhari.Sahih.Shamela0001681-ara1	0.79	
urn:hadith:0256Bukhari.Sahih:5493	5493	5831	Fath al-Bari numbering	text match to 0256Bukhari.Sahih.Shamela0001681-ara1	0.9	
urn:hadith:0256Bukhari.Sahih:5494	5494	5832	Fath al-Bari numbering	text match to 0256Bukhari.Sahih.Shamela0001681-ara1	0.86	
urn:hadith:0256Bukhari.Sahih:5495	5495	5833	Fath al-Bari numbering	text match to 0256Bukhari.Sahih.Shamela0001681-ara1	0.81	
urn:hadith:0256Bukhari.Sahih:5496	5496	5834	Fath al-Bari numbering	text match to 0256Bukhari.Sahih.Shamela0001681-ara1	0.84	
urn:hadith:0256Bukhari.Sahih:5497	5497	5835	Fath al-Bari numbering	text match to 0256Bukhari.Sahih.Shamela0001681-ara1	0.82	
urn:hadith:0256Bukhari.Sahih:5498	5498	5836	Fath al-Bari numbering	text match to 0256Bukhari.Sahih.Shamela0001681-ara1	1.0	
urn:hadith:0256Bukhari.Sahih:5499	5499	5837	Fath al-Bari numbering	text match to 0256Bukhari.Sahih.Shamela0001681-ara1	0.77	
urn:hadith:0256Bukhari.Sahih:5500	5500	5838	Fath al-Bari numbering	text match to 0256Bukhari.Sahih.Shamela0001681-ara1	1.0	
urn:hadith:0256Bukhari.Sahih:5501	5501	5839	Fath al-Bari numbering	text match to 0256Bukhari.Sahih.Shamela0001681-ara1	1.0	
urn:hadith:0256Bukhari.Sahih:5502	5502	5840	Fath al-Bari numbering	text match to 0256Bukhari.Sahih.Shamela0001681-ara1	1.0	
urn:hadith:0256Bukhari.Sahih:5503	5503	5841	Fath al-Bari numbering	text match to 0256Bukhari.Sahih.Shamela0001681-ara1	0.85	
urn:hadith:0256Bukhari.Sahih:5504	5504	5842	Fath al-Bari numbering	text match to 0256Bukhari.Sahih.Shamela0001681-ara1	1.0	
urn:hadith:0256Bukhari.Sahih:5505	5505	5843	Fath al-Bari numbering	text match to 0256Bukhari.Sahih.Shamela0001681-ara1	0.87	
urn:hadith:0256Bukhari.Sahih:5506	5506	5844	Fath al-Bari numbering	text match to 0256Bukhari.Sahih.Shamela0001681-ara1	1.0	
urn:hadith:0256Bukhari.Sahih:5507	5507	5845	Fath al-Bari numbering	text match to 0256Bukhari.Sahih.Shamela0001681-ara1	0.93	
urn:hadith:0256Bukhari.Sahih:5508	5508	5846	Fath al-Bari numbering	text match to 0256Bukhari.Sahih.Shamela0001681-ara1	1.0	
urn:hadith:0256Bukhari.Sahih:5509	5509	5847	Fath al-Bari numbering	text match to 0256Bukhari.Sahih.Shamela0001681-ara1	0.81	
urn:hadith:0256Bukhari.Sahih:5510	5510	5848	Fath al-Bari numbering	text match to 0256Bukhari.Sahih.Shamela0001681-ara1	1.0	
urn:hadith:0256Bukhari.Sahih:5511	5511	5849	Fath al-Bari numbering	text match to 0256Bukhari.Sahih.Shamela0001681-ara1	0.92	
urn:hadith:0256Bukhari.Sahih:5512	5512	5850	Fath al-Bari numbering	text match to 0256Bukhari.Sahih.Shamela0001681-ara1	0.8	
urn:hadith:0256Bukhari.Sahih:5513	5513	5851	Fath al-Bari numbering	text match to 0256Bukhari.Sahih.Shamela0001681-ara1	0.93	
urn:hadith:0256Bukhari.Sahih:5514	5514	5852	Fath al-Bari numbering	text match to 0256Bukhari.Sahih.Shamela0001681-ara1	1.0	
urn:hadith:0256Bukhari.Sahih:5515	5515	5853	Fath al-Bari numbering	text match to 0256Bukhari.Sahih.Shamela0001681-ara1	0.86	
urn:hadith:0256Bukhari.Sahih:5516	5516	5854	Fath al-Bari numbering	text match to 0256Bukhari.Sahih.Shamela0001681-ara1	1.0	
urn:hadith:0256Bukhari.Sahih:5517	5517	5855	Fath al-Bari numbering	text match to 0256Bukhari.Sahih.Shamela0001681-ara1	0.86	
urn:hadith:0256Bukhari.Sahih:5518	5518	5856	Fath al-Bari numbering	text match to 0256Bukhari.Sahih.Shamela0001681-ara1	1.0	
urn:hadith:0256Bukhari.Sahih:5519	5519	5564	Fath al-Bari numbering	text match to 0256Bukhari.Sahih.Shamela0001681-ara1	0.63	shared number, out of order
urn:hadith:0256Bukhari.Sahih:5520	5520	5858	Fath al-Bari numbering	text match to 0256Bukhari.Sahih.Shamela0001681-ara1	0.58	
urn:hadith:0256Bukhari.Sahih:5521	5521	5859	Fath al-Bari numbering	text match to 0256Bukhari.Sahih.Shamela0001681-ara1	1.0	
urn:hadith:0256Bukhari.Sahih:5522	5522	5860	Fath al-Bari numbering	text match to 0256Bukhari.Sahih.Shamela0001681-ara1	0.86	
urn:hadith:0256Bukhari.Sahih:5523	5523	5861	Fath al-Bari numbering	text match to 0256Bukhari.Sahih.Shamela0001681-ara1	0.95	
urn:hadith:0256Bukhari.Sahih:5524	5524	5862	Fath al-Bari numbering	text match to 0256Bukhari.Sahih.Shamela0001681-ara1	0.95	
urn:hadith:0256Bukhari.Sahih:5525	5525	5863	Fath al-Bari numbering	text match to 0256Bukhari.Sahih.Shamela0001681-ara1	0.92	
urn:hadith:0256Bukhari.Sahih:5526	5526	5864	Fath al-Bari numbering	text match to 0256Bukhari.Sahih.Shamela0001681-ara1	1.0	
urn:hadith:0256Bukhari.Sahih:5527	5527	5865	Fath al-Bari numbering	text match to 0256Bukhari.Sahih.Shamela0001681-ara1	1.0	
urn:hadith:0256Bukhari.Sahih:5528	5528	5866	Fath al-Bari numbering	text match to 0256Bukhari.Sahih.Shamela0001681-ara1	0.8	
urn:hadith:0256Bukhari.Sahih:5529	5529	5867	Fath al-Bari numbering	text match to 0256Bukhari.Sahih.Shamela0001681-ara1	1.0	
urn:hadith:0256Bukhari.Sahih:5530	5530	5868	Fath al-Bari numbering	text match to 0256Bukhari.Sahih.Shamela0001681-ara1	0.85	
urn:hadith:0256Bukhari.Sahih:5531	5531	5869	Fath al-Bari numbering	text match to 0256Bukhari.Sahih.Shamela0001681-ara1	1.0	
urn:hadith:0256Bukhari.Sahih:5532	5532	5870	Fath al-Bari numbering	text match to 0256Bukhari.Sahih.Shamela0001681-ara1	1.0	
urn:hadith:0256Bukhari.Sahih:5533	5533	5871	Fath al-Bari numbering	text match to 0256Bukhari.Sahih.Shamela0001681-ara1	0.93	
urn:hadith:0256Bukhari.Sahih:5534	5534	5872	Fath al-Bari numbering	text match to 0256Bukhari.Sahih.Shamela0001681-ara1	1.0	
urn:hadith:0256Bukhari.Sahih:5535	5535	5873	Fath al-Bari numbering	text match to 0256Bukhari.Sahih.Shamela0001681-ara1	0.84	
urn:hadith:0256Bukhari.Sahih:5536	5536	5874	Fath al-Bari numbering	text match to 0256Bukhari.Sahih.Shamela0001681-ara1	0.86	
urn:hadith:0256Bukhari.Sahih:5537	5537	5875	Fath al-Bari numbering	text match to 0256Bukhari.Sahih.Shamela0001681-ara1	0.9	
urn:hadith:0256Bukhari.Sahih:5538	5538	5876	Fath al-Bari numbering	text match to 0256Bukhari.Sahih.Shamela0001681-ara1	1.0	
urn:hadith:0256Bukhari.Sahih:5539	5539	5877	Fath al-Bari numbering	text match to 0256Bukhari.Sahih.Shamela0001681-ara1	1.0	
urn:hadith:0256Bukhari.Sahih:5540	5540	5879	Fath al-Bari numbering	text match to 0256Bukhari.Sahih.Shamela0001681-ara1	0.61	
urn:hadith:0256Bukhari.Sahih:5541	5541	5880	Fath al-Bari numbering	text match to 0256Bukhari.Sahih.Shamela0001681-ara1	0.59	
urn:hadith:0256Bukhari.Sahih:5542	5542	5881	Fath al-Bari numbering	text match to 0256Bukhari.Sahih.Shamela0001681-ara1	0.88	
urn:hadith:0256Bukhari.Sahih:5543	5543	5882	Fath al-Bari numbering	text match to 0256Bukhari.Sahih.Shamela0001681-ara1	0.92	shared number
urn:hadith:0256Bukhari.Sahih:5544	5544	5883	Fath al-Bari numbering	text match to 0256Bukhari.Sahih.Shamela0001681-ara1	0.88	
urn:hadith:0256Bukhari.Sahih:5545	5545	5884	Fath al-Bari numbering	text match to 0256Bukhari.Sahih.Shamela0001681-ara1	0.99	
urn:hadith:0256Bukhari.Sahih:5546	5546	5885	Fath al-Bari numbering	text match to 0256Bukhari.Sahih.Shamela0001681-ara1	0.67	
urn:hadith:0256Bukhari.Sahih:5547	5547	5886	Fath al-Bari numbering	text match to 0256Bukhari.Sahih.Shamela0001681-ara1	0.86	
urn:hadith:0256Bukhari.Sahih:5548	5548	5887	Fath al-Bari numbering	text match to 0256Bukhari.Sahih.Shamela0001681-ara1	0.93	
urn:hadith:0256Bukhari.Sahih:5549	5549	5888	Fath al-Bari numbering	text match to 0256Bukhari.Sahih.Shamela0001681-ara1	0.8	
urn:hadith:0256Bukhari.Sahih:5550	5550	5889	Fath al-Bari numbering	text match to 0256Bukhari.Sahih.Shamela0001681-ara1	1.0	
urn:hadith:0256Bukhari.Sahih:5551	5551	5890	Fath al-Bari numbering	text match to 0256Bukhari.Sahih.Shamela0001681-ara1	0.75	
urn:hadith:0256Bukhari.Sahih:5552	5552	5891	Fath al-Bari numbering	text match to 0256Bukhari.Sahih.Shamela0001681-ara1	0.85	
urn:hadith:0256Bukhari.Sahih:5553	5553	5892	Fath al-Bari numbering	text match to 0256Bukhari.Sahih.Shamela0001681-ara1	0.76	
urn:hadith:0256Bukhari.Sahih:5554	5554	5893	Fath al-Bari numbering	text match to 0256Bukhari.Sahih.Shamela0001681-ara1	0.8	
urn:hadith:0256Bukhari.Sahih:5555	5555	5894	Fath al-Bari numbering	text match to 0256Bukhari.Sahih.Shamela0001681-ara1	1.0	
urn:hadith:0256Bukhari.Sahih:5556	5556	5895	Fath al-Bari numbering	text match to 0256Bukhari.Sahih.Shamela0001681-ara1	1.0	
urn:hadith:0256Bukhari.Sahih:5557	5557	5896	Fath al-Bari numbering	text match to 0256Bukhari.Sahih.Shamela0001681-ara1	0.82	
urn:hadith:0256Bukhari.Sahih:5558	5558	5897	Fath al-Bari numbering	text match to 0256Bukhari.Sahih.Shamela0001681-ara1	0.9	
urn:hadith:0256Bukhari.Sahih:5559	5559	5899	Fath al-Bari numbering	text match to 0256Bukhari.Sahih.Shamela0001681-ara1	1.0	
urn:hadith:0256Bukhari.Sahih:5560	5560	5900	Fath al-Bari numbering	text match to 0256Bukhari.Sahih.Shamela0001681-ara1	1.0	
urn:hadith:0256Bukhari.Sahih:5561	5561	5901	Fath al-Bari numbering	text match to 0256Bukhari.Sahih.Shamela0001681-ara1	1.0	
urn:hadith:0256Bukhari.Sahih:5562	5562	5902	Fath al-Bari numbering	text match to 0256Bukhari.Sahih.Shamela0001681-ara1	0.93	
urn:hadith:0256Bukhari.Sahih:5563	5563	5903	Fath al-Bari numbering	text match to 0256Bukhari.Sahih.Shamela0001681-ara1	1.0	
urn:hadith:0256Bukhari.Sahih:5564	5564	5904	Fath al-Bari numbering	text match to 0256Bukhari.Sahih.Shamela0001681-ara1	1.0	
urn:hadith:0256Bukhari.Sahih:5565	5565	5905	Fath al-Bari numbering	text match to 0256Bukhari.Sahih.Shamela0001681-ara1	1.0	
urn:hadith:0256Bukhari.Sahih:5566	5566	5906	Fath al-Bari numbering	text match to 0256Bukhari.Sahih.Shamela0001681-ara1	1.0	
urn:hadith:0256Bukhari.Sahih:5567	5567	5907	Fath al-Bari numbering	text match to 0256Bukhari.Sahih.Shamela0001681-ara1	1.0	
urn:hadith:0256Bukhari.Sahih:5568	5568	5908	Fath al-Bari numbering	text match to 0256Bukhari.Sahih.Shamela0001681-ara1	0.5	
urn:hadith:0256Bukhari.Sahih:5569	5569	5913	Fath al-Bari numbering	text match to 0256Bukhari.Sahih.Shamela0001681-ara1	0.67	
urn:hadith:0256Bukhari.Sahih:5570	5570	5914	Fath al-Bari numbering	text match to 0256Bukhari.Sahih.Shamela0001681-ara1	0.88	
urn:hadith:0256Bukhari.Sahih:5571	5571	5915	Fath al-Bari numbering	text match to 0256Bukhari.Sahih.Shamela0001681-ara1	0.9	
urn:hadith:0256Bukhari.Sahih:5572	5572	5916	Fath al-Bari numbering	text match to 0256Bukhari.Sahih.Shamela0001681-ara1	1.0	
urn:hadith:0256Bukhari.Sahih:5573	5573	5917	Fath al-Bari numbering	text match to 0256Bukhari.Sahih.Shamela0001681-ara1	0.72	
urn:hadith:0256Bukhari.Sahih:5574	5574	5918	Fath al-Bari numbering	text match to 0256Bukhari.Sahih.Shamela0001681-ara1	0.93	
urn:hadith:0256Bukhari.Sahih:5575	5575	5919	Fath al-Bari numbering	text match to 0256Bukhari.Sahih.Shamela0001681-ara1	0.93	
urn:hadith:0256Bukhari.Sahih:5576	5576	5920	Fath al-Bari numbering	text match to 0256Bukhari.Sahih.Shamela0001681-ara1	0.87	
urn:hadith:0256Bukhari.Sahih:5577	5577	5921	Fath al-Bari numbering	text match to 0256Bukhari.Sahih.Shamela0001681-ara1	0.83	
urn:hadith:0256Bukhari.Sahih:5578	5578	5922	Fath al-Bari numbering	text match to 0256Bukhari.Sahih.Shamela0001681-ara1	1.0	
urn:hadith:0256Bukhari.Sahih:5579	5579	5923	Fath al-Bari numbering	text match to 0256Bukhari.Sahih.Shamela0001681-ara1	1.0	
urn:hadith:0256Bukhari.Sahih:5580	5580	5924	Fath al-Bari numbering	text match to 0256Bukhari.Sahih.Shamela0001681-ara1	0.89	
urn:hadith:0256Bukhari.Sahih:5581	5581	5925	Fath al-Bari numbering	text match to 0256Bukhari.Sahih.Shamela0001681-ara1	0.88	
urn:hadith:0256Bukhari.Sahih:5582	5582	5926	Fath al-Bari numbering	text match to 0256Bukhari.Sahih.Shamela0001681-ara1	1.0	
urn:hadith:0256Bukhari.Sahih:5583	5583	5927	Fath al-Bari numbering	text match to 0256Bukhari.Sahih.Shamela0001681-ara1	0.77	
urn:hadith:0256Bukhari.Sahih:5584	5584	5928	Fath al-Bari numbering	text match to 0256Bukhari.Sahih.Shamela0001681-ara1	1.0	
urn:hadith:0256Bukhari.Sahih:5585	5585	5929	Fath al-Bari numbering	text match to 0256Bukhari.Sahih.Shamela0001681-ara1	1.0	
urn:hadith:0256Bukhari.Sahih:5586	5586	5930	Fath al-Bari numbering	text match to 0256Bukhari.Sahih.Shamela0001681-ara1	0.85	
urn:hadith:0256Bukhari.Sahih:5587	5587	5931	Fath al-Bari numbering	text match to 0256Bukhari.Sahih.Shamela0001681-ara1	0.68	
urn:hadith:0256Bukhari.Sahih:5588	5588	5932	Fath al-Bari numbering	text match to 0256Bukhari.Sahih.Shamela0001681-ara1	0.91	
urn:hadith:0256Bukhari.Sahih:5589	5589	5933	Fath al-Bari numbering	text match to 0256Bukhari.Sahih.Shamela0001681-ara1	0.94	
urn:hadith:0256Bukhari.Sahih:5590	5590	5934	Fath al-Bari numbering	text match to 0256Bukhari.Sahih.Shamela0001681-ara1	0.91	
urn:hadith:0256Bukhari.Sahih:5591	5591	5935	Fath al-Bari numbering	text match to 0256Bukhari.Sahih.Shamela0001681-ara1	0.91	
urn:hadith:0256Bukhari.Sahih:5592	5592	5936	Fath al-Bari numbering	text match to 0256Bukhari.Sahih.Shamela0001681-ara1	1.0	
urn:hadith:0256Bukhari.Sahih:5593	5593	5937	Fath al-Bari numbering	text match to 0256Bukhari.Sahih.Shamela0001681-ara1	0.85	
urn:hadith:0256Bukhari.Sahih:5594	5594	5938	Fath al-Bari numbering	text match to 0256Bukhari.Sahih.Shamela0001681-ara1	1.0	
urn:hadith:0256Bukhari.Sahih:5595	5595	5939	Fath al-Bari numbering	text match to 0256Bukhari.Sahih.Shamela0001681-ara1	1.0	
urn:hadith:0256Bukhari.Sahih:5596	5596	5940	Fath al-Bari numbering	text match to 0256Bukhari.Sahih.Shamela0001681-ara1	0.77	
urn:hadith:0256Bukhari.Sahih:5597	5597	5941	Fath al-Bari numbering	text match to 0256Bukhari.Sahih.Shamela0001681-ara1	1.0	
urn:hadith:0256Bukhari.Sahih:5598	5598	5942	Fath al-Bari numbering	text match to 0256Bukhari.Sahih.Shamela0001681-ara1	1.0	
urn:hadith:0256Bukhari.Sahih:5599	5599	5943	Fath al-Bari numbering	text match to 0256Bukhari.Sahih.Shamela0001681-ara1	0.89	
urn:hadith:0256Bukhari.Sahih:5600	5600	5944	Fath al-Bari numbering	text match to 0256Bukhari.Sahih.Shamela0001681-ara1	0.86	
urn:hadith:0256Bukhari.Sahih:5601	5601	5945	Fath al-Bari numbering	text match to 0256Bukhari.Sahih.Shamela0001681-ara1	1.0	
urn:hadith:0256Bukhari.Sahih:5602	5602	5946	Fath al-Bari numbering	text match to 0256Bukhari.Sahih.Shamela0001681-ara1	1.0	
urn:hadith:0256Bukhari.Sahih:5603	5603	5947	Fath al-Bari numbering	text match to 0256Bukhari.Sahih.Shamela0001681-ara1	0.76	
urn:hadith:0256Bukhari.Sahih:5604	5604	5948	Fath al-Bari numbering	text match to 0256Bukhari.Sahih.Shamela0001681-ara1	1.0	
urn:hadith:0256Bukhari.Sahih:5605	5605	5949	Fath al-Bari numbering	text match to 0256Bukhari.Sahih.Shamela0001681-ara1	0.67	
urn:hadith:0256Bukhari.Sahih:5606	5606	5950	Fath al-Bari numbering	text match to 0256Bukhari.Sahih.Shamela0001681-ara1	1.0	
urn:hadith:0256Bukhari.Sahih:5607	5607	5951	Fath al-Bari numbering	text match to 0256Bukhari.Sahih.Shamela0001681-ara1	1.0	
urn:hadith:0256Bukhari.Sahih:5608	5608	5952	Fath al-Bari numbering	text match to 0256Bukhari.Sahih.Shamela0001681-ara1	1.0	
urn:hadith:0256Bukhari.Sahih:5609	5609	5953	Fath al-Bari numbering	text match to 0256Bukhari.Sahih.Shamela0001681-ara1	1.0	
urn:hadith:0256Bukhari.Sahih:5610	5610	5954	Fath al-Bari numbering	text match to 0256Bukhari.Sahih.Shamela0001681-ara1	1.0	
urn:hadith:0256Bukhari.Sahih:5611	5611	5955	Fath al-Bari numbering	text match to 0256Bukhari.Sahih.Shamela0001681-ara1	1.0	
urn:hadith:0256Bukhari.Sahih:5612	5612	5957	Fath al-Bari numbering	text match to 0256Bukhari.Sahih.Shamela0001681-ara1	0.98	
urn:hadith:0256Bukhari.Sahih:5613	5613	5958	Fath al-Bari numbering	text match to 0256Bukhari.Sahih.Shamela0001681-ara1	0.93	
urn:hadith:0256Bukhari.Sahih:5614	5614	5959	Fath al-Bari numbering	text match to 0256Bukhari.Sahih.Shamela0001681-ara1	1.0	
urn:hadith:0256Bukhari.Sahih:5615	5615	5960	Fath al-Bari numbering	text match to 0256Bukhari.Sahih.Shamela0001681-ara1	0.81	
urn:hadith:0256Bukhari.Sahih:5616	5616	5961	Fath al-Bari numbering	text match to 0256Bukhari.Sahih.Shamela0001681-ara1	1.0	
urn:hadith:0256Bukhari.Sahih:5617	5617	5962	Fath al-Bari numbering	text match to 0256Bukhari.Sahih.Shamela0001681-ara1	0.82	
urn:hadith:0256Bukhari.Sahih:5618	5618	5963	Fath al-Bari numbering	text match to 0256Bukhari.Sahih.Shamela0001681-ara1	0.9	
urn:hadith:0256Bukhari.Sahih:5619	5619	5964	Fath al-Bari numbering	text match to 0256Bukhari.Sahih.Shamela0001681-ara1	0.86	
urn:hadith:0256Bukhari.Sahih:5620	5620	5965	Fath al-Bari numbering	text match to 0256Bukhari.Sahih.Shamela0001681-ara1	0.84	
urn:hadith:0256Bukhari.Sahih:5621	5621	5966	Fath al-Bari numbering	text match to 0256Bukhari.Sahih.Shamela0001681-ara1	0.87	
urn:hadith:0256Bukhari.Sahih:5622	5622	5967	Fath al-Bari numbering	text match to 0256Bukhari.Sahih.Shamela0001681-ara1	0.95	
urn:hadith:0256Bukhari.Sahih:5623	5623	5968	Fath al-Bari numbering	text match to 0256Bukhari.Sahih.Shamela0001681-ara1	1.0	
urn:hadith:0256Bukhari.Sahih:5624	5624	5969	Fath al-Bari numbering	text match to 0256Bukhari.Sahih.Shamela0001681-ara1	0.72	
urn:hadith:0256Bukhari.Sahih:5625	5625	5970	Fath al-Bari numbering	text match to 0256Bukhari.Sahih.Shamela0001681-ara1	0.92	
urn:hadith:0256Bukhari.Sahih:5626	5626	5971	Fath al-Bari numbering	text match to 0256Bukhari.Sahih.Shamela0001681-ara1	0.92	
urn:hadith:0256Bukhari.Sahih:5627	5627	5972	Fath al-Bari numbering	text match to 0256Bukhari.Sahih.Shamela0001681-ara1	1.0	
urn:hadith:0256Bukhari.Sahih:5628	5628	5973	Fath al-Bari numbering	text match to 0256Bukhari.Sahih.Shamela0001681-ara1	0.96	
urn:hadith:0256Bukhari.Sahih:5629	5629	5974	Fath al-Bari numbering	text match to 0256Bukhari.Sahih.Shamela0001681-ara1	0.93	
urn:hadith:0256Bukhari.Sahih:5630	5630	5975	Fath al-Bari numbering	text match to 0256Bukhari.Sahih.Shamela0001681-ara1	0.89	
urn:hadith:0256Bukhari.Sahih:5631	5631	5976	Fath al-Bari numbering	text match to 0256Bukhari.Sahih.Shamela0001681-ara1	1.0	
urn:hadith:0256Bukhari.Sahih:5632	5632	5977	Fath al-Bari numbering	text match to 0256Bukhari.Sahih.Shamela0001681-ara1	1.0	
urn:hadith:0256Bukhari.Sahih:5633	5633	5978	Fath al-Bari numbering	text match to 0256Bukhari.Sahih.Shamela0001681-ara1	0.9	
urn:hadith:0256Bukhari.Sahih:5634	5634	5979	Fath al-Bari numbering	text match to 0256Bukhari.Sahih.Shamela0001681-ara1	0.63	
urn:hadith:0256Bukhari.Sahih:5635	5635	5980	Fath al-Bari numbering	text match to 0256Bukhari.Sahih.Shamela0001681-ara1	0.72	
urn:hadith:0256Bukhari.Sahih:5636	5636	5981	Fath al-Bari numbering	text match to 0256Bukhari.Sahih.Shamela0001681-ara1	0.93	
urn:hadith:0256Bukhari.Sahih:5637	5637	5983	Fath al-Bari numbering	text match to 0256Bukhari.Sahih.Shamela0001681-ara1	0.61	
urn:hadith:0256Bukhari.Sahih:5638	5638	5984	Fath al-Bari numbering	text match to 0256Bukhari.Sahih.Shamela0001681-ara1	0.84	
urn:hadith:0256Bukhari.Sahih:5639	5639	5985	Fath al-Bari numbering	text match to 0256Bukhari.Sahih.Shamela0001681-ara1	1.0	
urn:hadith:0256Bukhari.Sahih:5640	5640	5986	Fath al-Bari numbering	text match to 0256Bukhari.Sahih.Shamela0001681-ara1	0.85	
urn:hadith:0256Bukhari.Sahih:5641	5641	5987	Fath al-Bari numbering	text match to 0256Bukhari.Sahih.Shamela0001681-ara1	0.93	
urn:hadith:0256Bukhari.Sahih:5642	5642	5988	Fath al-Bari numbering	text match to 0256Bukhari.Sahih.Shamela0001681-ara1	1.0	
urn:hadith:0256Bukhari.Sahih:5643	5643	5989	Fath al-Bari numbering	text match to 0256Bukhari.Sahih.Shamela0001681-ara1	1.0	
urn:hadith:0256Bukhari.Sahih:5644	5644	5990	Fath al-Bari numbering	text match to 0256Bukhari.Sahih.Shamela0001681-ara1	0.96	
urn:hadith:0256Bukhari.Sahih:5645	5645	5991	Fath al-Bari numbering	text match to 0256Bukhari.Sahih.Shamela0001681-ara1	1.0	
urn:hadith:0256Bukhari.Sahih:5646	5646	5992	Fath al-Bari numbering	text match to 0256Bukhari.Sahih.Shamela0001681-ara1	0.76	
urn:hadith:0256Bukhari.Sahih:5647	5647	5993	Fath al-Bari numbering	text match to 0256Bukhari.Sahih.Shamela0001681-ara1	1.0	shared number
urn:hadith:0256Bukhari.Sahih:5648	5648	5994	Fath al-Bari numbering	text match to 0256Bukhari.Sahih.Shamela0001681-ara1	0.74	
urn:hadith:0256Bukhari.Sahih:5649	5649	5995	Fath al-Bari numbering	text match to 0256Bukhari.Sahih.Shamela0001681-ara1	1.0	
urn:hadith:0256Bukhari.Sahih:5650	5650	5996	Fath al-Bari numbering	text match to 0256Bukhari.Sahih.Shamela0001681-ara1	0.88	
urn:hadith:0256Bukhari.Sahih:5651	5651	5997	Fath al-Bari numbering	text match to 0256Bukhari.Sahih.Shamela0001681-ara1	1.0	
urn:hadith:0256Bukhari.Sahih:5652	5652	5998	Fath al-Bari numbering	text match to 0256Bukhari.Sahih.Shamela0001681-ara1	0.85	
urn:hadith:0256Bukhari.Sahih:5653	5653	5999	Fath al-Bari numbering	text match to 0256Bukhari.Sahih.Shamela0001681-ara1	0.97	
urn:hadith:0256Bukhari.Sahih:5654	5654	6000	Fath al-Bari numbering	text match to 0256Bukhari.Sahih.Shamela0001681-ara1	0.88	
urn:hadith:0256Bukhari.Sahih:5655	5655	6001	Fath al-Bari numbering	text match to 0256Bukhari.Sahih.Shamela0001681-ara1	1.0	
urn:hadith:0256Bukhari.Sahih:5656	5656	6002	Fath al-Bari numbering	text match to 0256Bukhari.Sahih.Shamela0001681-ara1	1.0	
urn:hadith:0256Bukhari.Sahih:5657	5657	6003	Fath al-Bari numbering	text match to 0256Bukhari.Sahih.Shamela0001681-ara1	0.93	
urn:hadith:0256Bukhari.Sahih:5658	5658	6004	Fath al-Bari numbering	text match to 0256Bukhari.Sahih.Shamela0001681-ara1	0.92	shared number
urn:hadith:0256Bukhari.Sahih:5659	5659	6005	Fath al-Bari numbering	text match to 0256Bukhari.Sahih.Shamela0001681-ara1	1.0	
urn:hadith:0256Bukhari.Sahih:5660	5660	6006	Fath al-Bari numbering	text match to 0256Bukhari.Sahih.Shamela0001681-ara1	0.91	
urn:hadith:0256Bukhari.Sahih:5661	5661	6007	Fath al-Bari numbering	text match to 0256Bukhari.Sahih.Shamela0001681-ara1	1.0	
urn:hadith:0256Bukhari.Sahih:5662	5662	6008	Fath al-Bari numbering	text match to 0256Bukhari.Sahih.Shamela0001681-ara1	0.91	
urn:hadith:0256Bukhari.Sahih:5663	5663	6009	Fath al-Bari numbering	text match to 0256Bukhari.Sahih.Shamela0001681-ara1	1.0	
urn:hadith:0256Bukhari.Sahih:5664	5664	6010	Fath al-Bari numbering	text match to 0256Bukhari.Sahih.Shamela0001681-ara1	1.0	
urn:hadith:0256Bukhari.Sahih:5665	5665	6011	Fath al-Bari numbering	text match to 0256Bukhari.Sahih.Shamela0001681-ara1	0.86	
urn:hadith:0256Bukhari.Sahih:5666	5666	6012	Fath al-Bari numbering	text match to 0256Bukhari.Sahih.Shamela0001681-ara1	0.97	
urn:hadith:0256Bukhari.Sahih:5667	5667	6013	Fath al-Bari numbering	text match to 0256Bukhari.Sahih.Shamela0001681-ara1	1.0	
urn:hadith:0256Bukhari.Sahih:5668	5668	6014	Fath al-Bari numbering	text match to 0256Bukhari.Sahih.Shamela0001681-ara1	1.0	
urn:hadith:0256Bukhari.Sahih:5669	5669	6015	Fath al-Bari numbering	text match to 0256Bukhari.Sahih.Shamela0001681-ara1	0.85	
urn:hadith:0256Bukhari.Sahih:5670	5670	6016	Fath al-Bari numbering	text match to 0256Bukhari.Sahih.Shamela0001681-ara1	0.84	
urn:hadith:0256Bukhari.Sahih:5671	5671	6017	Fath al-Bari numbering	text match to 0256Bukhari.Sahih.Shamela0001681-ara1	1.0	
urn:hadith:0256Bukhari.Sahih:5672	5672	6018	Fath al-Bari numbering	text match to 0256Bukhari.Sahih.Shamela0001681-ara1	1.0	
urn:hadith:0256Bukhari.Sahih:5673	5673	6019	Fath al-Bari numbering	text match to 0256Bukhari.Sahih.Shamela0001681-ara1	1.0	
urn:hadith:0256Bukhari.Sahih:5674	5674	6020	Fath al-Bari numbering	text match to 0256Bukhari.Sahih.Shamela0001681-ara1	1.0	
urn:hadith:0256Bukhari.Sahih:5675	5675	6021	Fath al-Bari numbering	text match to 0256Bukhari.Sahih.Shamela0001681-ara1	1.0	
urn:hadith:0256Bukhari.Sahih:5676	5676	6022	Fath al-Bari numbering	text match to 0256Bukhari.Sahih.Shamela0001681-ara1	0.85	
urn:hadith:0256Bukhari.Sahih:5677	5677	6023	Fath al-Bari numbering	text match to 0256Bukhari.Sahih.Shamela0001681-ara1	1.0	
urn:hadith:0256Bukhari.Sahih:5678	5678	6024	Fath al-Bari numbering	text match to 0256Bukhari.Sahih.Shamela0001681-ara1	0.86	
urn:hadith:0256Bukhari.Sahih:5679	5679	6025	Fath al-Bari numbering	text match to 0256Bukhari.Sahih.Shamela0001681-ara1	0.86	
urn:hadith:0256Bukhari.Sahih:5680	5680	6026	Fath al-Bari numbering	text match to 0256Bukhari.Sahih.Shamela0001681-ara1	1.0	
urn:hadith:0256Bukhari.Sahih:5681	5681	6027	Fath al-Bari numbering	text match to 0256Bukhari.Sahih.Shamela0001681-ara1	1.0	
urn:hadith:0256Bukhari.Sahih:5682	5682	6029	Fath al-Bari numbering	text match to 0256Bukhari.Sahih.Shamela0001681-ara1	1.0	
urn:hadith:0256Bukhari.Sahih:5683	5683	6030	Fath al-Bari numbering	text match to 0256Bukhari.Sahih.Shamela0001681-ara1	0.82	
urn:hadith:0256Bukhari.Sahih:5684	5684	6031	Fath al-Bari numbering	text match to 0256Bukhari.Sahih.Shamela0001681-ara1	0.88	
urn:hadith:0256Bukhari.Sahih:5685	5685	6032	Fath al-Bari numbering	text match to 0256Bukhari.Sahih.Shamela0001681-ara1	0.93	
urn:hadith:0256Bukhari.Sahih:5686	5686	6033	Fath al-Bari numbering	text match to 0256Bukhari.Sahih.Shamela0001681-ara1	0.82	
urn:hadith:0256Bukhari.Sahih:5687	5687	6034	Fath al-Bari numbering	text match to 0256Bukhari.Sahih.Shamela0001681-ara1	0.79	
urn:hadith:0256Bukhari.Sahih:5688	5688	6035	Fath al-Bari numbering	text match to 0256Bukhari.Sahih.Shamela0001681-ara1	0.88	
urn:hadith:0256Bukhari.Sahih:5689	5689	6036	Fath al-Bari numbering	text match to 0256Bukhari.Sahih.Shamela0001681-ara1	0.93	
urn:hadith:0256Bukhari.Sahih:5690	5690	6037	Fath al-Bari numbering	text match to 0256Bukhari.Sahih.Shamela0001681-ara1	1.0	
urn:hadith:0256Bukhari.Sahih:5691	5691	6038	Fath al-Bari numbering	text match to 0256Bukhari.Sahih.Shamela0001681-ara1	1.0	
urn:hadith:0256Bukhari.Sahih:5692	5692	6039	Fath al-Bari numbering	text match to 0256Bukhari.Sahih.Shamela0001681-ara1	1.0	
urn:hadith:0256Bukhari.Sahih:5693	5693	6040	Fath al-Bari numbering	text match to 0256Bukhari.Sahih.Shamela0001681-ara1	0.82	
urn:hadith:0256Bukhari.Sahih:5694	5694	6041	Fath al-Bari numbering	text match to 0256Bukhari.Sahih.Shamela0001681-ara1	1.0	
urn:hadith:0256Bukhari.Sahih:5695	5695	6042	Fath al-Bari numbering	text match to 0256Bukhari.Sahih.Shamela0001681-ara1	0.78	
urn:hadith:0256Bukhari.Sahih:5696	5696	6043	Fath al-Bari numbering	text match to 0256Bukhari.Sahih.Shamela0001681-ara1	0.93	
urn:hadith:0256Bukhari.Sahih:5697	5697	6044	Fath al-Bari numbering	text match to 0256Bukhari.Sahih.Shamela0001681-ara1	0.84	
urn:hadith:0256Bukhari.Sahih:5698	5698	6045	Fath al-Bari numbering	text match to 0256Bukhari.Sahih.Shamela0001681-ara1	1.0	
urn:hadith:0256Bukhari.Sahih:5699	5699	6046	Fath al-Bari numbering	text match to 0256Bukhari.Sahih.Shamela0001681-ara1	1.0	
urn:hadith:0256Bukhari.Sahih:5700	5700	6047	Fath al-Bari numbering	text match to 0256Bukhari.Sahih.Shamela0001681-ara1	0.93	
urn:hadith:0256Bukhari.Sahih:5701	5701	6048	Fath al-Bari numbering	text match to 0256Bukhari.Sahih.Shamela0001681-ara1	0.95	
urn:hadith:0256Bukhari.Sahih:5702	5702	6049	Fath al-Bari numbering	text match to 0256Bukhari.Sahih.Shamela0001681-ara1	1.0	
urn:hadith:0256Bukhari.Sahih:5703	5703	6050	Fath al-Bari numbering	text match to 0256Bukhari.Sahih.Shamela0001681-ara1	0.91	
urn:hadith:0256Bukhari.Sahih:5704	5704	6051	Fath al-Bari numbering	text match to 0256Bukhari.Sahih.Shamela0001681-ara1	1.0	
urn:hadith:0256Bukhari.Sahih:5705	5705	6052	Fath al-Bari numbering	text match to 0256Bukhari.Sahih.Shamela0001681-ara1	0.92	
urn:hadith:0256Bukhari.Sahih:5706	5706	6053	Fath al-Bari numbering	text match to 0256Bukhari.Sahih.Shamela0001681-ara1	1.0	
urn:hadith:0256Bukhari.Sahih:5707	5707	6054	Fath al-Bari numbering	text match to 0256Bukhari.Sahih.Shamela0001681-ara1	0.8	
urn:hadith:0256Bukhari.Sahih:5708	5708	6055	Fath al-Bari numbering	text match to 0256Bukhari.Sahih.Shamela0001681-ara1	0.9	
urn:hadith:0256Bukhari.Sahih:5709	5709	6056	Fath al-Bari numbering	text match to 0256Bukhari.Sahih.Shamela0001681-ara1	0.88	
urn:hadith:0256Bukhari.Sahih:5710	5710	6057	Fath al-Bari numbering	text match to 0256Bukhari.Sahih.Shamela0001681-ara1	0.87	
urn:hadith:0256Bukhari.Sahih:5711	5711	6058	Fath al-Bari numbering	text match to 0256Bukhari.Sahih.Shamela0001681-ara1	0.86	
urn:hadith:0256Bukhari.Sahih:5712	5712	6059	Fath al-Bari numbering	text match to 0256Bukhari.Sahih.Shamela0001681-ara1	0.91	
urn:hadith:0256Bukhari.Sahih:5713	5713	6060	Fath al-Bari numbering	text match to 0256Bukhari.Sahih.Shamela0001681-ara1	0.76	
urn:hadith:0256Bukhari.Sahih:5714	5714	6061	Fath al-Bari numbering	text match to 0256Bukhari.Sahih.Shamela0001681-ara1	0.9	
urn:hadith:0256Bukhari.Sahih:5715	5715	6062	Fath al-Bari numbering	text match to 0256Bukhari.Sahih.Shamela0001681-ara1	1.0	
urn:hadith:0256Bukhari.Sahih:5716	5716	6063	Fath al-Bari numbering	text match to 0256Bukhari.Sahih.Shamela0001681-ara1	1.0	
urn:hadith:0256Bukhari.Sahih:5717	5717	6064	Fath al-Bari numbering	text match to 0256Bukhari.Sahih.Shamela0001681-ara1	1.0	
urn:hadith:0256Bukhari.Sahih:5718	5718	6065	Fath al-Bari numbering	text match to 0256Bukhari.Sahih.Shamela0001681-ara1	1.0	
urn:hadith:0256Bukhari.Sahih:5719	5719	6066	Fath al-Bari numbering	text match to 0256Bukhari.Sahih.Shamela0001681-ara1	1.0	
urn:hadith:0256Bukhari.Sahih:5721	5721	6069	Fath al-Bari numbering	text match to 0256Bukhari.Sahih.Shamela0001681-ara1	0.76	
urn:hadith:0256Bukhari.Sahih:5722	5722	6070	Fath al-Bari numbering	text match to 0256Bukhari.Sahih.Shamela0001681-ara1	0.91	
urn:hadith:0256Bukhari.Sahih:5723	5723	6071	Fath al-Bari numbering	text match to 0256Bukhari.Sahih.Shamela0001681-ara1	1.0	
urn:hadith:0256Bukhari.Sahih:5724	5724	6072	Fath al-Bari numbering	text match to 0256Bukhari.Sahih.Shamela0001681-ara1	0.86	
urn:hadith:0256Bukhari.Sahih:5725	5725	6073	Fath al-Bari numbering	text match to 0256Bukhari.Sahih.Shamela0001681-ara1	0.78	
urn:hadith:0256Bukhari.Sahih:5726	5726	6076	Fath al-Bari numbering	text match to 0256Bukhari.Sahih.Shamela0001681-ara1	0.86	
urn:hadith:0256Bukhari.Sahih:5727	5727	6077	Fath al-Bari numbering	text match to 0256Bukhari.Sahih.Shamela0001681-ara1	0.88	
urn:hadith:0256Bukhari.Sahih:5728	5728	6078	Fath al-Bari numbering	text match to 0256Bukhari.Sahih.Shamela0001681-ara1	1.0	
urn:hadith:0256Bukhari.Sahih:5729	5729	6079	Fath al-Bari numbering	text match to 0256Bukhari.Sahih.Shamela0001681-ara1	0.93	
urn:hadith:0256Bukhari.Sahih:5730	5730	6080	Fath al-Bari numbering	text match to 0256Bukhari.Sahih.Shamela0001681-ara1	0.9	
urn:hadith:0256Bukhari.Sahih:5731	5731	6081	Fath al-Bari numbering	text match to 0256Bukhari.Sahih.Shamela0001681-ara1	0.93	
urn:hadith:0256Bukhari.Sahih:5732	5732	6082	Fath al-Bari numbering	text match to 0256Bukhari.Sahih.Shamela0001681-ara1	1.0	
urn:hadith:0256Bukhari.Sahih:5733	5733	6083	Fath al-Bari numbering	text match to 0256Bukhari.Sahih.Shamela0001681-ara1	0.86	
urn:hadith:0256Bukhari.Sahih:5734	5734	6084	Fath al-Bari numbering	text match to 0256Bukhari.Sahih.Shamela0001681-ara1	1.0	
urn:hadith:0256Bukhari.Sahih:5735	5735	6085	Fath al-Bari numbering	text match to 0256Bukhari.Sahih.Shamela0001681-ara1	0.93	
urn:hadith:0256Bukhari.Sahih:5736	5736	6086	Fath al-Bari numbering	text match to 0256Bukhari.Sahih.Shamela0001681-ara1	0.91	
urn:hadith:0256Bukhari.Sahih:5737	5737	6087	Fath al-Bari numbering	text match to 0256Bukhari.Sahih.Shamela0001681-ara1	0.92	
urn:hadith:0256Bukhari.Sahih:5738	5738	6088	Fath al-Bari numbering	text match to 0256Bukhari.Sahih.Shamela0001681-ara1	0.93	
urn:hadith:0256Bukhari.Sahih:5740	5740	6091	Fath al-Bari numbering	text match to 0256Bukhari.Sahih.Shamela0001681-ara1	1.0	
urn:hadith:0256Bukhari.Sahih:5741	5741	6092	Fath al-Bari numbering	text match to 0256Bukhari.Sahih.Shamela0001681-ara1	0.86	
urn:hadith:0256Bukhari.Sahih:5742	5742	6093	Fath al-Bari numbering	text match to 0256Bukhari.Sahih.Shamela0001681-ara1	1.0	
urn:hadith:0256Bukhari.Sahih:5743	5743	6094	Fath al-Bari numbering	text match to 0256Bukhari.Sahih.Shamela0001681-ara1	1.0	
urn:hadith:0256Bukhari.Sahih:5744	5744	6095	Fath al-Bari numbering	text match to 0256Bukhari.Sahih.Shamela0001681-ara1	0.97	
urn:hadith:0256Bukhari.Sahih:5745	5745	6096	Fath al-Bari numbering	text match to 0256Bukhari.Sahih.Shamela0001681-ara1	0.9	
urn:hadith:0256Bukhari.Sahih:5746	5746	6097	Fath al-Bari numbering	text match to 0256Bukhari.Sahih.Shamela0001681-ara1	0.98	
urn:hadith:0256Bukhari.Sahih:5747	5747	6098	Fath al-Bari numbering	text match to 0256Bukhari.Sahih.Shamela0001681-ara1	0.78	
urn:hadith:0256Bukhari.Sahih:5748	5748	6099	Fath al-Bari numbering	text match to 0256Bukhari.Sahih.Shamela0001681-ara1	1.0	
urn:hadith:0256Bukhari.Sahih:5749	5749	6100	Fath al-Bari numbering	text match to 0256Bukhari.Sahih.Shamela0001681-ara1	0.95	
urn:hadith:0256Bukhari.Sahih:5750	5750	6101	Fath al-Bari numbering	text match to 0256Bukhari.Sahih.Shamela0001681-ara1	1.0	
urn:hadith:0256Bukhari.Sahih:5751	5751	6102	Fath al-Bari numbering	text match to 0256Bukhari.Sahih.Shamela0001681-ara1	0.87	
urn:hadith:0256Bukhari.Sahih:5752	5752	6103	Fath al-Bari numbering	text match to 0256Bukhari.Sahih.Shamela0001681-ara1	1.0	
urn:hadith:0256Bukhari.Sahih:5753	5753	6104	Fath al-Bari numbering	text match to 0256Bukhari.Sahih.Shamela0001681-ara1	1.0	
urn:hadith:0256Bukhari.Sahih:5754	5754	6105	Fath al-Bari numbering	text match to 0256Bukhari.Sahih.Shamela0001681-ara1	1.0	
urn:hadith:0256Bukhari.Sahih:5755	5755	6106	Fath al-Bari numbering	text match to 0256Bukhari.Sahih.Shamela0001681-ara1	1.0	
urn:hadith:0256Bukhari.Sahih:5756	5756	6107	Fath al-Bari numbering	text match to 0256Bukhari.Sahih.Shamela0001681-ara1	1.0	
urn:hadith:0256Bukhari.Sahih:5757	5757	6108	Fath al-Bari numbering	text match to 0256Bukhari.Sahih.Shamela0001681-ara1	0.87	
urn:hadith:0256Bukhari.Sahih:5758	5758	6109	Fath al-Bari numbering	text match to 0256Bukhari.Sahih.Shamela0001681-ara1	0.91	
urn:hadith:0256Bukhari.Sahih:5759	5759	6110	Fath al-Bari numbering	text match to 0256Bukhari.Sahih.Shamela0001681-ara1	1.0	
urn:hadith:0256Bukhari.Sahih:5760	5760	6111	Fath al-Bari numbering	text match to 0256Bukhari.Sahih.Shamela0001681-ara1	1.0	
urn:hadith:0256Bukhari.Sahih:5761	5761	6112	Fath al-Bari numbering	text match to 0256Bukhari.Sahih.Shamela0001681-ara1	1.0	
urn:hadith:0256Bukhari.Sahih:5762	5762	6113	Fath al-Bari numbering	text match to 0256Bukhari.Sahih.Shamela0001681-ara1	0.88	
urn:hadith:0256Bukhari.Sahih:5763	5763	6114	Fath al-Bari numbering	text match to 0256Bukhari.Sahih.Shamela0001681-ara1	0.85	
urn:hadith:0256Bukhari.Sahih:5764	5764	6115	Fath al-Bari numbering	text match to 0256Bukhari.Sahih.Shamela0001681-ara1	1.0	
urn:hadith:0256Bukhari.Sahih:5765	5765	6116	Fath al-Bari numbering	text match to 0256Bukhari.Sahih.Shamela0001681-ara1	0.86	
urn:hadith:0256Bukhari.Sahih:5766	5766	6117	Fath al-Bari numbering	text match to 0256Bukhari.Sahih.Shamela0001681-ara1	1.0	
urn:hadith:0256Bukhari.Sahih:5767	5767	6118	Fath al-Bari numbering	text match to 0256Bukhari.Sahih.Shamela0001681-ara1	0.91	
urn:hadith:0256Bukhari.Sahih:5768	5768	6119	Fath al-Bari numbering	text match to 0256Bukhari.Sahih.Shamela0001681-ara1	1.0	
urn:hadith:0256Bukhari.Sahih:5769	5769	6120	Fath al-Bari numbering	text match to 0256Bukhari.Sahih.Shamela0001681-ara1	0.88	
urn:hadith:0256Bukhari.Sahih:5770	5770	6121	Fath al-Bari numbering	text match to 0256Bukhari.Sahih.Shamela0001681-ara1	1.0	
urn:hadith:0256Bukhari.Sahih:5771	5771	6122	Fath al-Bari numbering	text match to 0256Bukhari.Sahih.Shamela0001681-ara1	0.86	
urn:hadith:0256Bukhari.Sahih:5772	5772	6123	Fath al-Bari numbering	text match to 0256Bukhari.Sahih.Shamela0001681-ara1	1.0	
urn:hadith:0256Bukhari.Sahih:5773	5773	6124	Fath al-Bari numbering	text match to 0256Bukhari.Sahih.Shamela0001681-ara1	1.0	
urn:hadith:0256Bukhari.Sahih:5774	5774	6125	Fath al-Bari numbering	text match to 0256Bukhari.Sahih.Shamela0001681-ara1	1.0	
urn:hadith:0256Bukhari.Sahih:5775	5775	6126	Fath al-Bari numbering	text match to 0256Bukhari.Sahih.Shamela0001681-ara1	0.92	
urn:hadith:0256Bukhari.Sahih:5776	5776	6127	Fath al-Bari numbering	text match to 0256Bukhari.Sahih.Shamela0001681-ara1	0.95	
urn:hadith:0256Bukhari.Sahih:5777	5777	6128	Fath al-Bari numbering	text match to 0256Bukhari.Sahih.Shamela0001681-ara1	0.91	
urn:hadith:0256Bukhari.Sahih:5778	5778	6129	Fath al-Bari numbering	text match to 0256Bukhari.Sahih.Shamela0001681-ara1	1.0	
urn:hadith:0256Bukhari.Sahih:5779	5779	6130	Fath al-Bari numbering	text match to 0256Bukhari.Sahih.Shamela0001681-ara1	1.0	
urn:hadith:0256Bukhari.Sahih:5780	5780	6131	Fath al-Bari numbering	text match to 0256Bukhari.Sahih.Shamela0001681-ara1	0.85	
urn:hadith:0256Bukhari.Sahih:5781	5781	6132	Fath al-Bari numbering	text match to 0256Bukhari.Sahih.Shamela0001681-ara1	0.82	
urn:hadith:0256Bukhari.Sahih:5782	5782	6133	Fath al-Bari numbering	text match to 0256Bukhari.Sahih.Shamela0001681-ara1	0.82	
urn:hadith:0256Bukhari.Sahih:5783	5783	6134	Fath al-Bari numbering	text match to 0256Bukhari.Sahih.Shamela0001681-ara1	1.0	
urn:hadith:0256Bukhari.Sahih:5784	5784	6135	Fath al-Bari numbering	text match to 0256Bukhari.Sahih.Shamela0001681-ara1	1.0	
urn:hadith:0256Bukhari.Sahih:5785	5785	6136	Fath al-Bari numbering	text match to 0256Bukhari.Sahih.Shamela0001681-ara1	0.9	
urn:hadith:0256Bukhari.Sahih:5786	5786	6137	Fath al-Bari numbering	text match to 0256Bukhari.Sahih.Shamela0001681-ara1	1.0	
urn:hadith:0256Bukhari.Sahih:5787	5787	6138	Fath al-Bari numbering	text match to 0256Bukhari.Sahih.Shamela0001681-ara1	1.0	
urn:hadith:0256Bukhari.Sahih:5788	5788	1968	Fath al-Bari numbering	text match to 0256Bukhari.Sahih.Shamela0001681-ara1	0.82	shared number, out of order
urn:hadith:0256Bukhari.Sahih:5789	5789	6140	Fath al-Bari numbering	text match to 0256Bukhari.Sahih.Shamela0001681-ara1	1.0	
urn:hadith:0256Bukhari.Sahih:5790	5790	6141	Fath al-Bari numbering	text match to 0256Bukhari.Sahih.Shamela0001681-ara1	0.75	
urn:hadith:0256Bukhari.Sahih:5791	5791	6142	Fath al-Bari numbering	text match to 0256Bukhari.Sahih.Shamela0001681-ara1	0.87	
urn:hadith:0256Bukhari.Sahih:5792	5792	6144	Fath al-Bari numbering	text match to 0256Bukhari.Sahih.Shamela0001681-ara1	0.93	
urn:hadith:0256Bukhari.Sahih:5793	5793	6145	Fath al-Bari numbering	text match to 0256Bukhari.Sahih.Shamela0001681-ara1	1.0	
urn:hadith:0256Bukhari.Sahih:5794	5794	6146	Fath al-Bari numbering	text match to 0256Bukhari.Sahih.Shamela0001681-ara1	1.0	
urn:hadith:0256Bukhari.Sahih:5795	5795	6147	Fath al-Bari numbering	text match to 0256Bukhari.Sahih.Shamela0001681-ara1	0.79	
urn:hadith:0256Bukhari.Sahih:5796	5796	6148	Fath al-Bari numbering	text match to 0256Bukhari.Sahih.Shamela0001681-ara1	0.92	
urn:hadith:0256Bukhari.Sahih:5797	5797	6149	Fath al-Bari numbering	text match to 0256Bukhari.Sahih.Shamela0001681-ara1	0.9	
urn:hadith:0256Bukhari.Sahih:5798	5798	6150	Fath al-Bari numbering	text match to 0256Bukhari.Sahih.Shamela0001681-ara1	1.0	
urn:hadith:0256Bukhari.Sahih:5799	5799	6151	Fath al-Bari numbering	text match to 0256Bukhari.Sahih.Shamela0001681-ara1	0.82	
urn:hadith:0256Bukhari.Sahih:5800	5800	6152	Fath al-Bari numbering	text match to 0256Bukhari.Sahih.Shamela0001681-ara1	0.92	
urn:hadith:0256Bukhari.Sahih:5801	5801	6153	Fath al-Bari numbering	text match to 0256Bukhari.Sahih.Shamela0001681-ara1	1.0	
urn:hadith:0256Bukhari.Sahih:5802	5802	6154	Fath al-Bari numbering	text match to 0256Bukhari.Sahih.Shamela0001681-ara1	0.83	
urn:hadith:0256Bukhari.Sahih:5803	5803	6155	Fath al-Bari numbering	text match to 0256Bukhari.Sahih.Shamela0001681-ara1	1.0	
urn:hadith:0256Bukhari.Sahih:5804	5804	6156	Fath al-Bari numbering	text match to 0256Bukhari.Sahih.Shamela0001681-ara1	0.93	
urn:hadith:0256Bukhari.Sahih:5805	5805	6157	Fath al-Bari numbering	text match to 0256Bukhari.Sahih.Shamela0001681-ara1	0.9	
urn:hadith:0256Bukhari.Sahih:5806	5806	6158	Fath al-Bari numbering	text match to 0256Bukhari.Sahih.Shamela0001681-ara1	1.0	
urn:hadith:0256Bukhari.Sahih:5807	5807	6159	Fath al-Bari numbering	text match to 0256Bukhari.Sahih.Shamela0001681-ara1	1.0	
urn:hadith:0256Bukhari.Sahih:5808	5808	6160	Fath al-Bari numbering	text match to 0256Bukhari.Sahih.Shamela0001681-ara1	1.0	
urn:hadith:0256Bukhari.Sahih:5809	5809	6161	Fath al-Bari numbering	text match to 0256Bukhari.Sahih.Shamela0001681-ara1	1.0	
urn:hadith:0256Bukhari.Sahih:5810	5810	6162	Fath al-Bari numbering	text match to 0256Bukhari.Sahih.Shamela0001681-ara1	1.0	
urn:hadith:0256Bukhari.Sahih:5811	5811	6163	Fath al-Bari numbering	text match to 0256Bukhari.Sahih.Shamela0001681-ara1	1.0	
urn:hadith:0256Bukhari.Sahih:5812	5812	6164	Fath al-Bari numbering	text match to 0256Bukhari.Sahih.Shamela0001681-ara1	0.93	
urn:hadith:0256Bukhari.Sahih:5813	5813	6165	Fath al-Bari numbering	text match to 0256Bukhari.Sahih.Shamela0001681-ara1	0.92	
urn:hadith:0256Bukhari.Sahih:5814	5814	6166	Fath al-Bari numbering	text match to 0256Bukhari.Sahih.Shamela0001681-ara1	0.91	
urn:hadith:0256Bukhari.Sahih:5815	5815	6167	Fath al-Bari numbering	text match to 0256Bukhari.Sahih.Shamela0001681-ara1	1.0	
urn:hadith:0256Bukhari.Sahih:5816	5816	6168	Fath al-Bari numbering	text match to 0256Bukhari.Sahih.Shamela0001681-ara1	1.0	
urn:hadith:0256Bukhari.Sahih:5817	5817	6169	Fath al-Bari numbering	text match to 0256Bukhari.Sahih.Shamela0001681-ara1	1.0	
urn:hadith:0256Bukhari.Sahih:5818	5818	6170	Fath al-Bari numbering	text match to 0256Bukhari.Sahih.Shamela0001681-ara1	0.7	
urn:hadith:0256Bukhari.Sahih:5819	5819	6171	Fath al-Bari numbering	text match to 0256Bukhari.Sahih.Shamela0001681-ara1	1.0	
urn:hadith:0256Bukhari.Sahih:5820	5820	6172	Fath al-Bari numbering	text match to 0256Bukhari.Sahih.Shamela0001681-ara1	0.55	
urn:hadith:0256Bukhari.Sahih:5821	5821	6173	Fath al-Bari numbering	text match to 0256Bukhari.Sahih.Shamela0001681-ara1	0.87	
urn:hadith:0256Bukhari.Sahih:5822	5822	6176	Fath al-Bari numbering	text match to 0256Bukhari.Sahih.Shamela0001681-ara1	0.87	
urn:hadith:0256Bukhari.Sahih:5823	5823	6177	Fath al-Bari numbering	text match to 0256Bukhari.Sahih.Shamela0001681-ara1	0.7	
urn:hadith:0256Bukhari.Sahih:5824	5824	6178	Fath al-Bari numbering	text match to 0256Bukhari.Sahih.Shamela0001681-ara1	0.84	
urn:hadith:0256Bukhari.Sahih:5825	5825	6179	Fath al-Bari numbering	text match to 0256Bukhari.Sahih.Shamela0001681-ara1	1.0	
urn:hadith:0256Bukhari.Sahih:5826	5826	6180	Fath al-Bari numbering	text match to 0256Bukhari.Sahih.Shamela0001681-ara1	1.0	
urn:hadith:0256Bukhari.Sahih:5827	5827	6181	Fath al-Bari numbering	text match to 0256Bukhari.Sahih.Shamela0001681-ara1	0.86	
urn:hadith:0256Bukhari.Sahih:5828	5828	6182	Fath al-Bari numbering	text match to 0256Bukhari.Sahih.Shamela0001681-ara1	1.0	
urn:hadith:0256Bukhari.Sahih:5829	5829	6183	Fath al-Bari numbering	text match to 0256Bukhari.Sahih.Shamela0001681-ara1	1.0	
urn:hadith:0256Bukhari.Sahih:5830	5830	6184	Fath al-Bari numbering	text match to 0256Bukhari.Sahih.Shamela0001681-ara1	1.0	
urn:hadith:0256Bukhari.Sahih:5831	5831	6185	Fath al-Bari numbering	text match to 0256Bukhari.Sahih.Shamela0001681-ara1	1.0	
urn:hadith:0256Bukhari.Sahih:5832	5832	6186	Fath al-Bari numbering	text match to 0256Bukhari.Sahih.Shamela0001681-ara1	0.78	
urn:hadith:0256Bukhari.Sahih:5833	5833	6187	Fath al-Bari numbering	text match to 0256Bukhari.Sahih.Shamela0001681-ara1	1.0	
urn:hadith:0256Bukhari.Sahih:5834	5834	6188	Fath al-Bari numbering	text match to 0256Bukhari.Sahih.Shamela0001681-ara1	0.78	
urn:hadith:0256Bukhari.Sahih:5835	5835	6189	Fath al-Bari numbering	text match to 0256Bukhari.Sahih.Shamela0001681-ara1	0.89	
urn:hadith:0256Bukhari.Sahih:5836	5836	6190	Fath al-Bari numbering	text match to 0256Bukhari.Sahih.Shamela0001681-ara1	0.77	shared number
urn:hadith:0256Bukhari.Sahih:5837	5837	6190	Fath al-Bari numbering	text match to 0256Bukhari.Sahih.Shamela0001681-ara1	0.5	shared number
urn:hadith:0256Bukhari.Sahih:5838	5838	6191	Fath al-Bari numbering	text match to 0256Bukhari.Sahih.Shamela0001681-ara1	1.0	
urn:hadith:0256Bukhari.Sahih:5839	5839	6192	Fath al-Bari numbering	text match to 0256Bukhari.Sahih.Shamela0001681-ara1	1.0	
urn:hadith:0256Bukhari.Sahih:5840	5840	6193	Fath al-Bari numbering	text match to 0256Bukhari.Sahih.Shamela0001681-ara1	0.82	
urn:hadith:0256Bukhari.Sahih:5841	5841	6194	Fath al-Bari numbering	text match to 0256Bukhari.Sahih.Shamela0001681-ara1	0.81	
urn:hadith:0256Bukhari.Sahih:5842	5842	6195	Fath al-Bari numbering	text match to 0256Bukhari.Sahih.Shamela0001681-ara1	1.0	
urn:hadith:0256Bukhari.Sahih:5843	5843	6196	Fath al-Bari numbering	text match to 0256Bukhari.Sahih.Shamela0001681-ara1	1.0	
urn:hadith:0256Bukhari.Sahih:5844	5844	6197	Fath al-Bari numbering	text match to 0256Bukhari.Sahih.Shamela0001681-ara1	0.8	
urn:hadith:0256Bukhari.Sahih:5845	5845	6198	Fath al-Bari numbering	text match to 0256Bukhari.Sahih.Shamela0001681-ara1	1.0	
urn:hadith:0256Bukhari.Sahih:5846	5846	6199	Fath al-Bari numbering	text match to 0256Bukhari.Sahih.Shamela0001681-ara1	1.0	
urn:hadith:0256Bukhari.Sahih:5847	5847	6200	Fath al-Bari numbering	text match to 0256Bukhari.Sahih.Shamela0001681-ara1	0.9	
urn:hadith:0256Bukhari.Sahih:5848	5848	6201	Fath al-Bari numbering	text match to 0256Bukhari.Sahih.Shamela0001681-ara1	1.0	
urn:hadith:0256Bukhari.Sahih:5849	5849	6202	Fath al-Bari numbering	text match to 0256Bukhari.Sahih.Shamela0001681-ara1	1.0	
urn:hadith:0256Bukhari.Sahih:5850	5850	6203	Fath al-Bari numbering	text match to 0256Bukhari.Sahih.Shamela0001681-ara1	0.91	
urn:hadith:0256Bukhari.Sahih:5851	5851	6204	Fath al-Bari numbering	text match to 0256Bukhari.Sahih.Shamela0001681-ara1	0.93	
urn:hadith:0256Bukhari.Sahih:5852	5852	6205	Fath al-Bari numbering	text match to 0256Bukhari.Sahih.Shamela0001681-ara1	1.0	
urn:hadith:0256Bukhari.Sahih:5853	5853	6206	Fath al-Bari numbering	text match to 0256Bukhari.Sahih.Shamela0001681-ara1	1.0	
urn:hadith:0256Bukhari.Sahih:5854	5854	6207	Fath al-Bari numbering	text match to 0256Bukhari.Sahih.Shamela0001681-ara1	0.87	
urn:hadith:0256Bukhari.Sahih:5855	5855	6208	Fath al-Bari numbering	text match to 0256Bukhari.Sahih.Shamela0001681-ara1	1.0	
urn:hadith:0256Bukhari.Sahih:5856	5856	6209	Fath al-Bari numbering	text match to 0256Bukhari.Sahih.Shamela0001681-ara1	1.0	shared number
urn:hadith:0256Bukhari.Sahih:5857	5857	6209	Fath al-Bari numbering	text match to 0256Bukhari.Sahih.Shamela0001681-ara1	0.57	shared number
urn:hadith:0256Bukhari.Sahih:5858	5858	6212	Fath al-Bari numbering	text match to 0256Bukhari.Sahih.Shamela0001681-ara1	1.0	
urn:hadith:0256Bukhari.Sahih:5859	5859	6213	Fath al-Bari numbering	text match to 0256Bukhari.Sahih.Shamela0001681-ara1	0.89	
urn:hadith:0256Bukhari.Sahih:5860	5860	6214	Fath al-Bari numbering	text match to 0256Bukhari.Sahih.Shamela0001681-ara1	0.89	
urn:hadith:0256Bukhari.Sahih:5861	5861	6215	Fath al-Bari numbering	text match to 0256Bukhari.Sahih.Shamela0001681-ara1	0.76	
urn:hadith:0256Bukhari.Sahih:5862	5862	6216	Fath al-Bari numbering	text match to 0256Bukhari.Sahih.Shamela0001681-ara1	1.0	
urn:hadith:0256Bukhari.Sahih:5863	5863	6217	Fath al-Bari numbering	text match to 0256Bukhari.Sahih.Shamela0001681-ara1	0.9	
urn:hadith:0256Bukhari.Sahih:5864	5864	6218	Fath al-Bari numbering	text match to 0256Bukhari.Sahih.Shamela0001681-ara1	0.87	
urn:hadith:0256Bukhari.Sahih:5865	5865	6219	Fath al-Bari numbering	text match to 0256Bukhari.Sahih.Shamela0001681-ara1	0.93	
urn:hadith:0256Bukhari.Sahih:5866	5866	6220	Fath al-Bari numbering	text match to 0256Bukhari.Sahih.Shamela0001681-ara1	1.0	
urn:hadith:0256Bukhari.Sahih:5867	5867	6221	Fath al-Bari numbering	text match to 0256Bukhari.Sahih.Shamela0001681-ara1	1.0	
urn:hadith:0256Bukhari.Sahih:5869	5869	6223	Fath al-Bari numbering	text match to 0256Bukhari.Sahih.Shamela0001681-ara1	0.91	
urn:hadith:0256Bukhari.Sahih:5870	5870	6224	Fath al-Bari numbering	text match to 0256Bukhari.Sahih.Shamela0001681-ara1	1.0	
urn:hadith:0256Bukhari.Sahih:5871	5871	6225	Fath al-Bari numbering	text match to 0256Bukhari.Sahih.Shamela0001681-ara1	1.0	
urn:hadith:0256Bukhari.Sahih:5872	5872	6226	Fath al-Bari numbering	text match to 0256Bukhari.Sahih.Shamela0001681-ara1	0.86	
urn:hadith:0256Bukhari.Sahih:5873	5873	6227	Fath al-Bari numbering	text match to 0256Bukhari.Sahih.Shamela0001681-ara1	0.93	
urn:hadith:0256Bukhari.Sahih:5874	5874	6228	Fath al-Bari numbering	text match to 0256Bukhari.Sahih.Shamela0001681-ara1	1.0	
urn:hadith:0256Bukhari.Sahih:5875	5875	6229	Fath al-Bari numbering	text match to 0256Bukhari.Sahih.Shamela0001681-ara1	0.93	
urn:hadith:0256Bukhari.Sahih:5876	5876	6230	Fath al-Bari numbering	text match to 0256Bukhari.Sahih.Shamela0001681-ara1	1.0	
urn:hadith:0256Bukhari.Sahih:5877	5877	6231	Fath al-Bari numbering	text match to 0256Bukhari.Sahih.Shamela0001681-ara1	1.0	
urn:hadith:0256Bukhari.Sahih:5878	5878	6232	Fath al-Bari numbering	text match to 0256Bukhari.Sahih.Shamela0001681-ara1	0.83	
urn:hadith:0256Bukhari.Sahih:5879	5879	6233	Fath al-Bari numbering	text match to 0256Bukhari.Sahih.Shamela0001681-ara1	0.89	
urn:hadith:0256Bukhari.Sahih:5880	5880	6234	Fath al-Bari numbering	text match to 0256Bukhari.Sahih.Shamela0001681-ara1	0.94	
urn:hadith:0256Bukhari.Sahih:5881	5881	6235	Fath al-Bari numbering	text match to 0256Bukhari.Sahih.Shamela0001681-ara1	0.83	
urn:hadith:0256Bukhari.Sahih:5882	5882	6236	Fath al-Bari numbering	text match to 0256Bukhari.Sahih.Shamela0001681-ara1	1.0	
urn:hadith:0256Bukhari.Sahih:5883	5883	6237	Fath al-Bari numbering	text match to 0256Bukhari.Sahih.Shamela0001681-ara1	1.0	
urn:hadith:0256Bukhari.Sahih:5884	5884	6238	Fath al-Bari numbering	text match to 0256Bukhari.Sahih.Shamela0001681-ara1	0.74	
urn:hadith:0256Bukhari.Sahih:5885	5885	6239	Fath al-Bari numbering	text match to 0256Bukhari.Sahih.Shamela0001681-ara1	1.0	
urn:hadith:0256Bukhari.Sahih:5886	5886	6240	Fath al-Bari numbering	text match to 0256Bukhari.Sahih.Shamela0001681-ara1	0.93	
urn:hadith:0256Bukhari.Sahih:5887	5887	6241	Fath al-Bari numbering	text match to 0256Bukhari.Sahih.Shamela0001681-ara1	0.9	
urn:hadith:0256Bukhari.Sahih:5888	5888	6242	Fath al-Bari numbering	text match to 0256Bukhari.Sahih.Shamela0001681-ara1	1.0	
urn:hadith:0256Bukhari.Sahih:5889	5889	6243	Fath al-Bari numbering	text match to 0256Bukhari.Sahih.Shamela0001681-ara1	0.54	
urn:hadith:0256Bukhari.Sahih:5890	5890	6244	Fath al-Bari numbering	text match to 0256Bukhari.Sahih.Shamela0001681-ara1	1.0	
urn:hadith:0256Bukhari.Sahih:5891	5891	6245	Fath al-Bari numbering	text match to 0256Bukhari.Sahih.Shamela0001681-ara1	0.93	
urn:hadith:0256Bukhari.Sahih:5892	5892	6246	Fath al-Bari numbering	text match to 0256Bukhari.Sahih.Shamela0001681-ara1	1.0	
urn:hadith:0256Bukhari.Sahih:5893	5893	6247	Fath al-Bari numbering	text match to 0256Bukhari.Sahih.Shamela0001681-ara1	1.0	
urn:hadith:0256Bukhari.Sahih:5894	5894	6248	Fath al-Bari numbering	text match to 0256Bukhari.Sahih.Shamela0001681-ara1	0.83	
urn:hadith:0256Bukhari.Sahih:5895	5895	6249	Fath al-Bari numbering	text match to 0256Bukhari.Sahih.Shamela0001681-ara1	0.96	
urn:hadith:0256Bukhari.Sahih:5896	5896	6250	Fath al-Bari numbering	text match to 0256Bukhari.Sahih.Shamela0001681-ara1	0.79	
urn:hadith:0256Bukhari.Sahih:5897	5897	6251	Fath al-Bari numbering	text match to 0256Bukhari.Sahih.Shamela0001681-ara1	1.0	
urn:hadith:0256Bukhari.Sahih:5898	5898	6253	Fath al-Bari numbering	text match to 0256Bukhari.Sahih.Shamela0001681-ara1	0.85	
urn:hadith:0256Bukhari.Sahih:5899	5899	6254	Fath al-Bari numbering	text match to 0256Bukhari.Sahih.Shamela0001681-ara1	0.93	
urn:hadith:0256Bukhari.Sahih:5900	5900	6255	Fath al-Bari numbering	text match to 0256Bukhari.Sahih.Shamela0001681-ara1	0.9	
urn:hadith:0256Bukhari.Sahih:5901	5901	6256	Fath al-Bari numbering	text match to 0256Bukhari.Sahih.Shamela0001681-ara1	0.84	
urn:hadith:0256Bukhari.Sahih:5902	5902	6257	Fath al-Bari numbering	text match to 0256Bukhari.Sahih.Shamela0001681-ara1	1.0	
urn:hadith:0256Bukhari.Sahih:5903	5903	6258	Fath al-Bari numbering	text match to 0256Bukhari.Sahih.Shamela0001681-ara1	1.0	
urn:hadith:0256Bukhari.Sahih:5904	5904	6259	Fath al-Bari numbering	text match to 0256Bukhari.Sahih.Shamela0001681-ara1	0.93	
urn:hadith:0256Bukhari.Sahih:5905	5905	6260	Fath al-Bari numbering	text match to 0256Bukhari.Sahih.Shamela0001681-ara1	0.93	
urn:hadith:0256Bukhari.Sahih:5906	5906	6261	Fath al-Bari numbering	text match to 0256Bukhari.Sahih.Shamela0001681-ara1	0.91	
urn:hadith:0256Bukhari.Sahih:5907	5907	6262	Fath al-Bari numbering	text match to 0256Bukhari.Sahih.Shamela0001681-ara1	1.0	
urn:hadith:0256Bukhari.Sahih:5908	5908	6263	Fath al-Bari numbering	text match to 0256Bukhari.Sahih.Shamela0001681-ara1	1.0	
urn:hadith:0256Bukhari.Sahih:5909	5909	6264	Fath al-Bari numbering	text match to 0256Bukhari.Sahih.Shamela0001681-ara1	0.85	
urn:hadith:0256Bukhari.Sahih:5910	5910	6265	Fath al-Bari numbering	text match to 0256Bukhari.Sahih.Shamela0001681-ara1	0.93	
urn:hadith:0256Bukhari.Sahih:5911	5911	6266	Fath al-Bari numbering	text match to 0256Bukhari.Sahih.Shamela0001681-ara1	0.87	
urn:hadith:0256Bukhari.Sahih:5912	5912	6267	Fath al-Bari numbering	text match to 0256Bukhari.Sahih.Shamela0001681-ara1	1.0	
urn:hadith:0256Bukhari.Sahih:5913	5913	6268	Fath al-Bari numbering	text match to 0256Bukhari.Sahih.Shamela0001681-ara1	1.0	
urn:hadith:0256Bukhari.Sahih:5914	5914	6269	Fath al-Bari numbering	text match to 0256Bukhari.Sahih.Shamela0001681-ara1	0.82	
urn:hadith:0256Bukhari.Sahih:5915	5915	6270	Fath al-Bari numbering	text match to 0256Bukhari.Sahih.Shamela0001681-ara1	0.76	
urn:hadith:0256Bukhari.Sahih:5916	5916	6271	Fath al-Bari numbering	text match to 0256Bukhari.Sahih.Shamela0001681-ara1	1.0	
urn:hadith:0256Bukhari.Sahih:5917	5917	6272	Fath al-Bari numbering	text match to 0256Bukhari.Sahih.Shamela0001681-ara1	0.85	
urn:hadith:0256Bukhari.Sahih:5918	5918	6273	Fath al-Bari numbering	text match to 0256Bukhari.Sahih.Shamela0001681-ara1	0.66	
urn:hadith:0256Bukhari.Sahih:5919	5919	6275	Fath al-Bari numbering	text match to 0256Bukhari.Sahih.Shamela0001681-ara1	0.79	
urn:hadith:0256Bukhari.Sahih:5920	5920	6276	Fath al-Bari numbering	text match to 0256Bukhari.Sahih.Shamela0001681-ara1	1.0	
urn:hadith:0256Bukhari.Sahih:5921	5921	6277	Fath al-Bari numbering	text match to 0256Bukhari.Sahih.Shamela0001681-ara1	1.0	
urn:hadith:0256Bukhari.Sahih:5922	5922	6278	Fath al-Bari numbering	text match to 0256Bukhari.Sahih.Shamela0001681-ara1	1.0	
urn:hadith:0256Bukhari.Sahih:5923	5923	6279	Fath al-Bari numbering	text match to 0256Bukhari.Sahih.Shamela0001681-ara1	1.0	
urn:hadith:0256Bukhari.Sahih:5924	5924	6280	Fath al-Bari numbering	text match to 0256Bukhari.Sahih.Shamela0001681-ara1	0.93	
urn:hadith:0256Bukhari.Sahih:5925	5925	6281	Fath al-Bari numbering	text match to 0256Bukhari.Sahih.Shamela0001681-ara1	1.0	
urn:hadith:0256Bukhari.Sahih:5926	5926	6282	Fath al-Bari numbering	text match to 0256Bukhari.Sahih.Shamela0001681-ara1	1.0	
urn:hadith:0256Bukhari.Sahih:5927	5927	6284	Fath al-Bari numbering	text match to 0256Bukhari.Sahih.Shamela0001681-ara1	1.0	
urn:hadith:0256Bukhari.Sahih:5928	5928	6285	Fath al-Bari numbering	text match to 0256Bukhari.Sahih.Shamela0001681-ara1	0.87	
urn:hadith:0256Bukhari.Sahih:5929	5929	6287	Fath al-Bari numbering	text match to 0256Bukhari.Sahih.Shamela0001681-ara1	1.0	
urn:hadith:0256Bukhari.Sahih:5930	5930	6288	Fath al-Bari numbering	text match to 0256Bukhari.Sahih.Shamela0001681-ara1	1.0	
urn:hadith:0256Bukhari.Sahih:5931	5931	6289	Fath al-Bari numbering	text match to 0256Bukhari.Sahih.Shamela0001681-ara1	1.0	
urn:hadith:0256Bukhari.Sahih:5932	5932	6290	Fath al-Bari numbering	text match to 0256Bukhari.Sahih.Shamela0001681-ara1	1.0	
urn:hadith:0256Bukhari.Sahih:5933	5933	6291	Fath al-Bari numbering	text match to 0256Bukhari.Sahih.Shamela0001681-ara1	1.0	
urn:hadith:0256Bukhari.Sahih:5934	5934	6292	Fath al-Bari numbering	text match to 0256Bukhari.Sahih.Shamela0001681-ara1	1.0	
urn:hadith:0256Bukhari.Sahih:5935	5935	6293	Fath al-Bari numbering	text match to 0256Bukhari.Sahih.Shamela0001681-ara1	0.77	
urn:hadith:0256Bukhari.Sahih:5936	5936	6294	Fath al-Bari numbering	text match to 0256Bukhari.Sahih.Shamela0001681-ara1	1.0	
urn:hadith:0256Bukhari.Sahih:5937	5937	6295	Fath al-Bari numbering	text match to 0256Bukhari.Sahih.Shamela0001681-ara1	0.88	
urn:hadith:0256Bukhari.Sahih:5938	5938	6296	Fath al-Bari numbering	text match to 0256Bukhari.Sahih.Shamela0001681-ara1	0.71	
urn:hadith:0256Bukhari.Sahih:5939	5939	6297	Fath al-Bari numbering	text match to 0256Bukhari.Sahih.Shamela0001681-ara1	0.85	
urn:hadith:0256Bukhari.Sahih:5940	5940	6298	Fath al-Bari numbering	text match to 0256Bukhari.Sahih.Shamela0001681-ara1	1.0	
urn:hadith:0256Bukhari.Sahih:5941	5941	6299	Fath al-Bari numbering	text match to 0256Bukhari.Sahih.Shamela0001681-ara1	0.65	
urn:hadith:0256Bukhari.Sahih:5942	5942	6301	Fath al-Bari numbering	text match to 0256Bukhari.Sahih.Shamela0001681-ara1	0.88	
urn:hadith:0256Bukhari.Sahih:5943	5943	6302	Fath al-Bari numbering	text match to 0256Bukhari.Sahih.Shamela0001681-ara1	0.72	
urn:hadith:0256Bukhari.Sahih:5944	5944	6303	Fath al-Bari numbering	text match to 0256Bukhari.Sahih.Shamela0001681-ara1	0.7	
urn:hadith:0256Bukhari.Sahih:5945	5945	6304	Fath al-Bari numbering	text match to 0256Bukhari.Sahih.Shamela0001681-ara1	1.0	
urn:hadith:0256Bukhari.Sahih:5946	5946	6305	Fath al-Bari numbering	text match to 0256Bukhari.Sahih.Shamela0001681-ara1	1.0	
urn:hadith:0256Bukhari.Sahih:5947	5947	6306	Fath al-Bari numbering	text match to 0256Bukhari.Sahih.Shamela0001681-ara1	0.93	
urn:hadith:0256Bukhari.Sahih:5948	5948	6307	Fath al-Bari numbering	text match to 0256Bukhari.Sahih.Shamela0001681-ara1	1.0	
urn:hadith:0256Bukhari.Sahih:5949	5949	6308	Fath al-Bari numbering	text match to 0256Bukhari.Sahih.Shamela0001681-ara1	0.93	
urn:hadith:0256Bukhari.Sahih:5950	5950	6309	Fath al-Bari numbering	text match to 0256Bukhari.Sahih.Shamela0001681-ara1	1.0	
urn:hadith:0256Bukhari.Sahih:5951	5951	6310	Fath al-Bari numbering	text match to 0256Bukhari.Sahih.Shamela0001681-ara1	1.0	
urn:hadith:0256Bukhari.Sahih:5952	5952	6311	Fath al-Bari numbering	text match to 0256Bukhari.Sahih.Shamela0001681-ara1	1.0	
urn:hadith:0256Bukhari.Sahih:5953	5953	6312	Fath al-Bari numbering	text match to 0256Bukhari.Sahih.Shamela0001681-ara1	0.95	
urn:hadith:0256Bukhari.Sahih:5954	5954	6313	Fath al-Bari numbering	text match to 0256Bukhari.Sahih.Shamela0001681-ara1	0.93	
urn:hadith:0256Bukhari.Sahih:5955	5955	6314	Fath al-Bari numbering	text match to 0256Bukhari.Sahih.Shamela0001681-ara1	1.0	
urn:hadith:0256Bukhari.Sahih:5956	5956	6315	Fath al-Bari numbering	text match to 0256Bukhari.Sahih.Shamela0001681-ara1	0.93	
urn:hadith:0256Bukhari.Sahih:5957	5957	6316	Fath al-Bari numbering	text match to 0256Bukhari.Sahih.Shamela0001681-ara1	0.87	
urn:hadith:0256Bukhari.Sahih:5958	5958	6317	Fath al-Bari numbering	text match to 0256Bukhari.Sahih.Shamela0001681-ara1	0.8	
urn:hadith:0256Bukhari.Sahih:5959	5959	6318	Fath al-Bari numbering	text match to 0256Bukhari.Sahih.Shamela0001681-ara1	0.93	
urn:hadith:0256Bukhari.Sahih:5960	5960	6319	Fath al-Bari numbering	text match to 0256Bukhari.Sahih.Shamela0001681-ara1	0.86	
urn:hadith:0256Bukhari.Sahih:5961	5961	6320	Fath al-Bari numbering	text match to 0256Bukhari.Sahih.Shamela0001681-ara1	0.87	
urn:hadith:0256Bukhari.Sahih:5962	5962	6321	Fath al-Bari numbering	text match to 0256Bukhari.Sahih.Shamela0001681-ara1	0.91	
urn:hadith:0256Bukhari.Sahih:5963	5963	6322	Fath al-Bari numbering	text match to 0256Bukhari.Sahih.Shamela0001681-ara1	1.0	
urn:hadith:0256Bukhari.Sahih:5964	5964	6323	Fath al-Bari numbering	text match to 0256Bukhari.Sahih.Shamela0001681-ara1	0.93	
urn:hadith:0256Bukhari.Sahih:5965	5965	6324	Fath al-Bari numbering	text match to 0256Bukhari.Sahih.Shamela0001681-ara1	1.0	
urn:hadith:0256Bukhari.Sahih:5966	5966	6325	Fath al-Bari numbering	text match to 0256Bukhari.Sahih.Shamela0001681-ara1	1.0	
urn:hadith:0256Bukhari.Sahih:5967	5967	6326	Fath al-Bari numbering	text match to 0256Bukhari.Sahih.Shamela0001681-ara1	0.92	
urn:hadith:0256Bukhari.Sahih:5968	5968	6327	Fath al-Bari numbering	text match to 0256Bukhari.Sahih.Shamela0001681-ara1	0.84	
urn:hadith:0256Bukhari.Sahih:5969	5969	6328	Fath al-Bari numbering	text match to 0256Bukhari.Sahih.Shamela0001681-ara1	1.0	
urn:hadith:0256Bukhari.Sahih:5970	5970	6329	Fath al-Bari numbering	text match to 0256Bukhari.Sahih.Shamela0001681-ara1	1.0	
urn:hadith:0256Bukhari.Sahih:5971	5971	6330	Fath al-Bari numbering	text match to 0256Bukhari.Sahih.Shamela0001681-ara1	1.0	
urn:hadith:0256Bukhari.Sahih:5972	5972	6331	Fath al-Bari numbering	text match to 0256Bukhari.Sahih.Shamela0001681-ara1	0.67	
urn:hadith:0256Bukhari.Sahih:5973	5973	6332	Fath al-Bari numbering	text match to 0256Bukhari.Sahih.Shamela0001681-ara1	0.82	
urn:hadith:0256Bukhari.Sahih:5974	5974	6333	Fath al-Bari numbering	text match to 0256Bukhari.Sahih.Shamela0001681-ara1	0.93	
urn:hadith:0256Bukhari.Sahih:5975	5975	6334	Fath al-Bari numbering	text match to 0256Bukhari.Sahih.Shamela0001681-ara1	1.0	
urn:hadith:0256Bukhari.Sahih:5976	5976	6335	Fath al-Bari numbering	text match to 0256Bukhari.Sahih.Shamela0001681-ara1	1.0	
urn:hadith:0256Bukhari.Sahih:5977	5977	6336	Fath al-Bari numbering	text match to 0256Bukhari.Sahih.Shamela0001681-ara1	1.0	
urn:hadith:0256Bukhari.Sahih:5978	5978	6337	Fath al-Bari numbering	text match to 0256Bukhari.Sahih.Shamela0001681-ara1	0.93	
urn:hadith:0256Bukhari.Sahih:5979	5979	6338	Fath al-Bari numbering	text match to 0256Bukhari.Sahih.Shamela0001681-ara1	1.0	
urn:hadith:0256Bukhari.Sahih:5980	5980	6339	Fath al-Bari numbering	text match to 0256Bukhari.Sahih.Shamela0001681-ara1	1.0	
urn:hadith:0256Bukhari.Sahih:5981	5981	6340	Fath al-Bari numbering	text match to 0256Bukhari.Sahih.Shamela0001681-ara1	0.7	
urn:hadith:0256Bukhari.Sahih:23#5990	23#5990	6341	Fath al-Bari numbering	text match to 0256Bukhari.Sahih.Shamela0001681-ara1	1.0	
urn:hadith:0256Bukhari.Sahih:5982	5982	6342	Fath al-Bari numbering	text match to 0256Bukhari.Sahih.Shamela0001681-ara1	1.0	
urn:hadith:0256Bukhari.Sahih:5983	5983	6343	Fath al-Bari numbering	text match to 0256Bukhari.Sahih.Shamela0001681-ara1	1.0	
urn:hadith:0256Bukhari.Sahih:5984	5984	6344	Fath al-Bari numbering	text match to 0256Bukhari.Sahih.Shamela0001681-ara1	1.0	
urn:hadith:0256Bukhari.Sahih:5985	5985	6345	Fath al-Bari numbering	text match to 0256Bukhari.Sahih.Shamela0001681-ara1	0.75	
urn:hadith:0256Bukhari.Sahih:5986	5986	6346	Fath al-Bari numbering	text match to 0256Bukhari.Sahih.Shamela0001681-ara1	0.82	
urn:hadith:0256Bukhari.Sahih:5987	5987	6347	Fath al-Bari numbering	text match to 0256Bukhari.Sahih.Shamela0001681-ara1	1.0	
urn:hadith:0256Bukhari.Sahih:5988	5988	6348	Fath al-Bari numbering	text match to 0256Bukhari.Sahih.Shamela0001681-ara1	0.87	
urn:hadith:0256Bukhari.Sahih:5989	5989	6350	Fath al-Bari numbering	text match to 0256Bukhari.Sahih.Shamela0001681-ara1	0.66	
urn:hadith:0256Bukhari.Sahih:5990	5990	6351	Fath al-Bari numbering	text match to 0256Bukhari.Sahih.Shamela0001681-ara1	0.85	
urn:hadith:0256Bukhari.Sahih:5991	5991	6352	Fath al-Bari numbering	text match to 0256Bukhari.Sahih.Shamela0001681-ara1	0.91	
urn:hadith:0256Bukhari.Sahih:5992	5992	6353	Fath al-Bari numbering	text match to 0256Bukhari.Sahih.Shamela0001681-ara1	0.78	
urn:hadith:0256Bukhari.Sahih:5993	5993	6354	Fath al-Bari numbering	text match to 0256Bukhari.Sahih.Shamela0001681-ara1	0.85	
urn:hadith:0256Bukhari.Sahih:5994	5994	6355	Fath al-Bari numbering	text match to 0256Bukhari.Sahih.Shamela0001681-ara1	1.0	
urn:hadith:0256Bukhari.Sahih:5995	5995	6356	Fath al-Bari numbering	text match to 0256Bukhari.Sahih.Shamela0001681-ara1	1.0	
urn:hadith:0256Bukhari.Sahih:5996	5996	6357	Fath al-Bari numbering	text match to 0256Bukhari.Sahih.Shamela0001681-ara1	0.93	
urn:hadith:0256Bukhari.Sahih:5997	5997	6358	Fath al-Bari numbering	text match to 0256Bukhari.Sahih.Shamela0001681-ara1	0.8	
urn:hadith:0256Bukhari.Sahih:5998	5998	6359	Fath al-Bari numbering	text match to 0256Bukhari.Sahih.Shamela0001681-ara1	0.86	
urn:hadith:0256Bukhari.Sahih:5999	5999	6360	Fath al-Bari numbering	text match to 0256Bukhari.Sahih.Shamela0001681-ara1	1.0	
urn:hadith:0256Bukhari.Sahih:6000	6000	6361	Fath al-Bari numbering	text match to 0256Bukhari.Sahih.Shamela0001681-ara1	0.74	
urn:hadith:0256Bukhari.Sahih:6001	6001	6362	Fath al-Bari numbering	text match to 0256Bukhari.Sahih.Shamela0001681-ara1	0.93	
urn:hadith:0256Bukhari.Sahih:6002	6002	6363	Fath al-Bari numbering	text match to 0256Bukhari.Sahih.Shamela0001681-ara1	1.0	
urn:hadith:0256Bukhari.Sahih:6003	6003	6364	Fath al-Bari numbering	text match to 0256Bukhari.Sahih.Shamela0001681-ara1	0.88	
urn:hadith:0256Bukhari.Sahih:6004	6004	6365	Fath al-Bari numbering	text match to 0256Bukhari.Sahih.Shamela0001681-ara1	1.0	
urn:hadith:0256Bukhari.Sahih:6005	6005	6366	Fath al-Bari numbering	text match to 0256Bukhari.Sahih.Shamela0001681-ara1	1.0	
urn:hadith:0256Bukhari.Sahih:6006	6006	6367	Fath al-Bari numbering	text match to 0256Bukhari.Sahih.Shamela0001681-ara1	0.9	
urn:hadith:0256Bukhari.Sahih:6007	6007	6368	Fath al-Bari numbering	text match to 0256Bukhari.Sahih.Shamela0001681-ara1	1.0	
urn:hadith:0256Bukhari.Sahih:6008	6008	6369	Fath al-Bari numbering	text match to 0256Bukhari.Sahih.Shamela0001681-ara1	0.85	
urn:hadith:0256Bukhari.Sahih:6009	6009	6370	Fath al-Bari numbering	text match to 0256Bukhari.Sahih.Shamela0001681-ara1	1.0	
urn:hadith:0256Bukhari.Sahih:6010	6010	6371	Fath al-Bari numbering	text match to 0256Bukhari.Sahih.Shamela0001681-ara1	1.0	
urn:hadith:0256Bukhari.Sahih:6011	6011	6372	Fath al-Bari numbering	text match to 0256Bukhari.Sahih.Shamela0001681-ara1	1.0	
urn:hadith:0256Bukhari.Sahih:6012	6012	6373	Fath al-Bari numbering	text match to 0256Bukhari.Sahih.Shamela0001681-ara1	0.87	
urn:hadith:0256Bukhari.Sahih:6013	6013	6374	Fath al-Bari numbering	text match to 0256Bukhari.Sahih.Shamela0001681-ara1	1.0	
urn:hadith:0256Bukhari.Sahih:6014	6014	6375	Fath al-Bari numbering	text match to 0256Bukhari.Sahih.Shamela0001681-ara1	1.0	
urn:hadith:0256Bukhari.Sahih:6015	6015	6376	Fath al-Bari numbering	text match to 0256Bukhari.Sahih.Shamela0001681-ara1	1.0	
urn:hadith:0256Bukhari.Sahih:6016	6016	6377	Fath al-Bari numbering	text match to 0256Bukhari.Sahih.Shamela0001681-ara1	1.0	
urn:hadith:0256Bukhari.Sahih:6017	6017	6378	Fath al-Bari numbering	text match to 0256Bukhari.Sahih.Shamela0001681-ara1	1.0	
urn:hadith:0256Bukhari.Sahih:6018	6018	6380	Fath al-Bari numbering	text match to 0256Bukhari.Sahih.Shamela0001681-ara1	0.77	
urn:hadith:0256Bukhari.Sahih:6019	6019	6382	Fath al-Bari numbering	text match to 0256Bukhari.Sahih.Shamela0001681-ara1	0.93	
urn:hadith:0256Bukhari.Sahih:6020	6020	6383	Fath al-Bari numbering	text match to 0256Bukhari.Sahih.Shamela0001681-ara1	1.0	
urn:hadith:0256Bukhari.Sahih:6021	6021	6384	Fath al-Bari numbering	text match to 0256Bukhari.Sahih.Shamela0001681-ara1	1.0	
urn:hadith:0256Bukhari.Sahih:6022	6022	6385	Fath al-Bari numbering	text match to 0256Bukhari.Sahih.Shamela0001681-ara1	1.0	
urn:hadith:0256Bukhari.Sahih:6023	6023	6386	Fath al-Bari numbering	text match to 0256Bukhari.Sahih.Shamela0001681-ara1	1.0	
urn:hadith:0256Bukhari.Sahih:6024	6024	6387	Fath al-Bari numbering	text match to 0256Bukhari.Sahih.Shamela0001681-ara1	0.93	
urn:hadith:0256Bukhari.Sahih:6025	6025	6388	Fath al-Bari numbering	text match to 0256Bukhari.Sahih.Shamela0001681-ara1	0.9	
urn:hadith:0256Bukhari.Sahih:6026	6026	6389	Fath al-Bari numbering	text match to 0256Bukhari.Sahih.Shamela0001681-ara1	1.0	
urn:hadith:0256Bukhari.Sahih:6027	6027	6390	Fath al-Bari numbering	text match to 0256Bukhari.Sahih.Shamela0001681-ara1	1.0	
urn:hadith:0256Bukhari.Sahih:6028	6028	6391	Fath al-Bari numbering	text match to 0256Bukhari.Sahih.Shamela0001681-ara1	1.0	
urn:hadith:0256Bukhari.Sahih:6029	6029	6392	Fath al-Bari numbering	text match to 0256Bukhari.Sahih.Shamela0001681-ara1	0.64	
urn:hadith:0256Bukhari.Sahih:6030	6030	6393	Fath al-Bari numbering	text match to 0256Bukhari.Sahih.Shamela0001681-ara1	1.0	
urn:hadith:0256Bukhari.Sahih:6031	6031	6394	Fath al-Bari numbering	text match to 0256Bukhari.Sahih.Shamela0001681-ara1	1.0	
urn:hadith:0256Bukhari.Sahih:6032	6032	6395	Fath al-Bari numbering	text match to 0256Bukhari.Sahih.Shamela0001681-ara1	0.83	
urn:hadith:0256Bukhari.Sahih:6033	6033	6396	Fath al-Bari numbering	text match to 0256Bukhari.Sahih.Shamela0001681-ara1	0.89	
urn:hadith:0256Bukhari.Sahih:6034	6034	6397	Fath al-Bari numbering	text match to 0256Bukhari.Sahih.Shamela0001681-ara1	1.0	
urn:hadith:0256Bukhari.Sahih:6035	6035	6398	Fath al-Bari numbering	text match to 0256Bukhari.Sahih.Shamela0001681-ara1	0.93	
urn:hadith:0256Bukhari.Sahih:6036	6036	6399	Fath al-Bari numbering	text match to 0256Bukhari.Sahih.Shamela0001681-ara1	1.0	
urn:hadith:0256Bukhari.Sahih:6037	6037	6400	Fath al-Bari numbering	text match to 0256Bukhari.Sahih.Shamela0001681-ara1	1.0	
urn:hadith:0256Bukhari.Sahih:6038	6038	6401	Fath al-Bari numbering	text match to 0256Bukhari.Sahih.Shamela0001681-ara1	0.76	
urn:hadith:0256Bukhari.Sahih:6039	6039	6402	Fath al-Bari numbering	text match to 0256Bukhari.Sahih.Shamela0001681-ara1	1.0	
urn:hadith:0256Bukhari.Sahih:6040	6040	6403	Fath al-Bari numbering	text match to 0256Bukhari.Sahih.Shamela0001681-ara1	0.96	
urn:hadith:0256Bukhari.Sahih:6041	6041	6404	Fath al-Bari numbering	text match to 0256Bukhari.Sahih.Shamela0001681-ara1	0.88	
urn:hadith:0256Bukhari.Sahih:6042	6042	6405	Fath al-Bari numbering	text match to 0256Bukhari.Sahih.Shamela0001681-ara1	1.0	
urn:hadith:0256Bukhari.Sahih:6043	6043	6406	Fath al-Bari numbering	text match to 0256Bukhari.Sahih.Shamela0001681-ara1	0.85	
urn:hadith:0256Bukhari.Sahih:6044	6044	6407	Fath al-Bari numbering	text match to 0256Bukhari.Sahih.Shamela0001681-ara1	1.0	
urn:hadith:0256Bukhari.Sahih:6045	6045	6408	Fath al-Bari numbering	text match to 0256Bukhari.Sahih.Shamela0001681-ara1	0.92	
urn:hadith:0256Bukhari.Sahih:6046	6046	6409	Fath al-Bari numbering	text match to 0256Bukhari.Sahih.Shamela0001681-ara1	1.0	
urn:hadith:0256Bukhari.Sahih:6047	6047	6410	Fath al-Bari numbering	text match to 0256Bukhari.Sahih.Shamela0001681-ara1	1.0	
urn:hadith:0256Bukhari.Sahih:6048	6048	6411	Fath al-Bari numbering	text match to 0256Bukhari.Sahih.Shamela0001681-ara1	0.94	
urn:hadith:0256Bukhari.Sahih:6049	6049	6412	Fath al-Bari numbering	text match to 0256Bukhari.Sahih.Shamela0001681-ara1	0.76	
urn:hadith:0256Bukhari.Sahih:6050	6050	6413	Fath al-Bari numbering	text match to 0256Bukhari.Sahih.Shamela0001681-ara1	1.0	
urn:hadith:0256Bukhari.Sahih:6051	6051	6414	Fath al-Bari numbering	text match to 0256Bukhari.Sahih.Shamela0001681-ara1	0.9	
urn:hadith:0256Bukhari.Sahih:6052	6052	6415	Fath al-Bari numbering	text match to 0256Bukhari.Sahih.Shamela0001681-ara1	1.0	
urn:hadith:0256Bukhari.Sahih:6053	6053	6416	Fath al-Bari numbering	text match to 0256Bukhari.Sahih.Shamela0001681-ara1	0.92	
urn:hadith:0256Bukhari.Sahih:6054	6054	6417	Fath al-Bari numbering	text match to 0256Bukhari.Sahih.Shamela0001681-ara1	1.0	
urn:hadith:0256Bukhari.Sahih:6055	6055	6418	Fath al-Bari numbering	text match to 0256Bukhari.Sahih.Shamela0001681-ara1	1.0	
urn:hadith:0256Bukhari.Sahih:6056	6056	6419	Fath al-Bari numbering	text match to 0256Bukhari.Sahih.Shamela0001681-ara1	0.91	
urn:hadith:0256Bukhari.Sahih:6057	6057	6420	Fath al-Bari numbering	text match to 0256Bukhari.Sahih.Shamela0001681-ara1	0.75	
urn:hadith:0256Bukhari.Sahih:6058	6058	6421	Fath al-Bari numbering	text match to 0256Bukhari.Sahih.Shamela0001681-ara1	0.85	
urn:hadith:0256Bukhari.Sahih:6060	6060	6424	Fath al-Bari numbering	text match to 0256Bukhari.Sahih.Shamela0001681-ara1	1.0	
urn:hadith:0256Bukhari.Sahih:6061	6061	6425	Fath al-Bari numbering	text match to 0256Bukhari.Sahih.Shamela0001681-ara1	0.93	
urn:hadith:0256Bukhari.Sahih:6062	6062	6426	Fath al-Bari numbering	text match to 0256Bukhari.Sahih.Shamela0001681-ara1	0.94	
urn:hadith:0256Bukhari.Sahih:6063	6063	6427	Fath al-Bari numbering	text match to 0256Bukhari.Sahih.Shamela0001681-ara1	0.92	
urn:hadith:0256Bukhari.Sahih:6064	6064	6428	Fath al-Bari numbering	text match to 0256Bukhari.Sahih.Shamela0001681-ara1	0.83	
urn:hadith:0256Bukhari.Sahih:6065	6065	6429	Fath al-Bari numbering	text match to 0256Bukhari.Sahih.Shamela0001681-ara1	1.0	
urn:hadith:0256Bukhari.Sahih:6066	6066	6430	Fath al-Bari numbering	text match to 0256Bukhari.Sahih.Shamela0001681-ara1	1.0	
urn:hadith:0256Bukhari.Sahih:6067	6067	6431	Fath al-Bari numbering	text match to 0256Bukhari.Sahih.Shamela0001681-ara1	0.97	
urn:hadith:0256Bukhari.Sahih:6068	6068	6432	Fath al-Bari numbering	text match to 0256Bukhari.Sahih.Shamela0001681-ara1	1.0	
urn:hadith:0256Bukhari.Sahih:6069	6069	6433	Fath al-Bari numbering	text match to 0256Bukhari.Sahih.Shamela0001681-ara1	0.87	
urn:hadith:0256Bukhari.Sahih:6070	6070	6434	Fath al-Bari numbering	text match to 0256Bukhari.Sahih.Shamela0001681-ara1	1.0	
urn:hadith:0256Bukhari.Sahih:6071	6071	6435	Fath al-Bari numbering	text match to 0256Bukhari.Sahih.Shamela0001681-ara1	1.0	
urn:hadith:0256Bukhari.Sahih:6072	6072	6436	Fath al-Bari numbering	text match to 0256Bukhari.Sahih.Shamela0001681-ara1	0.62	
urn:hadith:0256Bukhari.Sahih:6073	6073	6437	Fath al-Bari numbering	text match to 0256Bukhari.Sahih.Shamela0001681-ara1	0.59	
urn:hadith:0256Bukhari.Sahih:6074	6074	6438	Fath al-Bari numbering	text match to 0256Bukhari.Sahih.Shamela0001681-ara1	0.7	
urn:hadith:0256Bukhari.Sahih:6075	6075	6439	Fath al-Bari numbering	text match to 0256Bukhari.Sahih.Shamela0001681-ara1	0.59	
urn:hadith:0256Bukhari.Sahih:6076	6076	6441	Fath al-Bari numbering	text match to 0256Bukhari.Sahih.Shamela0001681-ara1	1.0	
urn:hadith:0256Bukhari.Sahih:6077	6077	6442	Fath al-Bari numbering	text match to 0256Bukhari.Sahih.Shamela0001681-ara1	1.0	
urn:hadith:0256Bukhari.Sahih:6078	6078	6443	Fath al-Bari numbering	text match to 0256Bukhari.Sahih.Shamela0001681-ara1	0.93	
urn:hadith:0256Bukhari.Sahih:6079	6079	6444	Fath al-Bari numbering	text match to 0256Bukhari.Sahih.Shamela0001681-ara1	0.95	
urn:hadith:0256Bukhari.Sahih:6080	6080	6445	Fath al-Bari numbering	text match to 0256Bukhari.Sahih.Shamela0001681-ara1	0.88	
urn:hadith:0256Bukhari.Sahih:6081	6081	6446	Fath al-Bari numbering	text match to 0256Bukhari.Sahih.Shamela0001681-ara1	1.0	
urn:hadith:0256Bukhari.Sahih:6082	6082	6447	Fath al-Bari numbering	text match to 0256Bukhari.Sahih.Shamela0001681-ara1	0.93	
urn:hadith:0256Bukhari.Sahih:6083	6083	6448	Fath al-Bari numbering	text match to 0256Bukhari.Sahih.Shamela0001681-ara1	0.88	
urn:hadith:0256Bukhari.Sahih:6084	6084	6449	Fath al-Bari numbering	text match to 0256Bukhari.Sahih.Shamela0001681-ara1	0.96	
urn:hadith:0256Bukhari.Sahih:6085	6085	6450	Fath al-Bari numbering	text match to 0256Bukhari.Sahih.Shamela0001681-ara1	1.0	
urn:hadith:0256Bukhari.Sahih:6086	6086	6451	Fath al-Bari numbering	text match to 0256Bukhari.Sahih.Shamela0001681-ara1	1.0	
urn:hadith:0256Bukhari.Sahih:6087	6087	6452	Fath al-Bari numbering	text match to 0256Bukhari.Sahih.Shamela0001681-ara1	1.0	
urn:hadith:0256Bukhari.Sahih:6088	6088	6453	Fath al-Bari numbering	text match to 0256Bukhari.Sahih.Shamela0001681-ara1	1.0	
urn:hadith:0256Bukhari.Sahih:6089	6089	6454	Fath al-Bari numbering	text match to 0256Bukhari.Sahih.Shamela0001681-ara1	0.96	
urn:hadith:0256Bukhari.Sahih:6090	6090	6455	Fath al-Bari numbering	text match to 0256Bukhari.Sahih.Shamela0001681-ara1	0.89	
urn:hadith:0256Bukhari.Sahih:6091	6091	6456	Fath al-Bari numbering	text match to 0256Bukhari.Sahih.Shamela0001681-ara1	0.87	
urn:hadith:0256Bukhari.Sahih:6092	6092	6457	Fath al-Bari numbering	text match to 0256Bukhari.Sahih.Shamela0001681-ara1	1.0	
urn:hadith:0256Bukhari.Sahih:6093	6093	6458	Fath al-Bari numbering	text match to 0256Bukhari.Sahih.Shamela0001681-ara1	1.0	
urn:hadith:0256Bukhari.Sahih:6094	6094	6459	Fath al-Bari numbering	text match to 0256Bukhari.Sahih.Shamela0001681-ara1	0.87	
urn:hadith:0256Bukhari.Sahih:6095	6095	6460	Fath al-Bari numbering	text match to 0256Bukhari.Sahih.Shamela0001681-ara1	1.0	
urn:hadith:0256Bukhari.Sahih:6096	6096	6461	Fath al-Bari numbering	text match to 0256Bukhari.Sahih.Shamela0001681-ara1	1.0	
urn:hadith:0256Bukhari.Sahih:6097	6097	6462	Fath al-Bari numbering	text match to 0256Bukhari.Sahih.Shamela0001681-ara1	1.0	
urn:hadith:0256Bukhari.Sahih:6098	6098	6463	Fath al-Bari numbering	text match to 0256Bukhari.Sahih.Shamela0001681-ara1	0.92	
urn:hadith:0256Bukhari.Sahih:6099	6099	6464	Fath al-Bari numbering	text match to 0256Bukhari.Sahih.Shamela0001681-ara1	0.76	
urn:hadith:0256Bukhari.Sahih:6100	6100	6465	Fath al-Bari numbering	text match to 0256Bukhari.Sahih.Shamela0001681-ara1	1.0	
urn:hadith:0256Bukhari.Sahih:6101	6101	6466	Fath al-Bari numbering	text match to 0256Bukhari.Sahih.Shamela0001681-ara1	1.0	
urn:hadith:0256Bukhari.Sahih:6102	6102	6467	Fath al-Bari numbering	text match to 0256Bukhari.Sahih.Shamela0001681-ara1	1.0	
urn:hadith:0256Bukhari.Sahih:6103	6103	6468	Fath al-Bari numbering	text match to 0256Bukhari.Sahih.Shamela0001681-ara1	0.94	
urn:hadith:0256Bukhari.Sahih:6104	6104	6469	Fath al-Bari numbering	text match to 0256Bukhari.Sahih.Shamela0001681-ara1	0.93	
urn:hadith:0256Bukhari.Sahih:6105	6105	6470	Fath al-Bari numbering	text match to 0256Bukhari.Sahih.Shamela0001681-ara1	0.86	
urn:hadith:0256Bukhari.Sahih:6106	6106	6471	Fath al-Bari numbering	text match to 0256Bukhari.Sahih.Shamela0001681-ara1	1.0	
urn:hadith:0256Bukhari.Sahih:6107	6107	6472	Fath al-Bari numbering	text match to 0256Bukhari.Sahih.Shamela0001681-ara1	0.89	
urn:hadith:0256Bukhari.Sahih:6108	6108	6473	Fath al-Bari numbering	text match to 0256Bukhari.Sahih.Shamela0001681-ara1	1.0	
urn:hadith:0256Bukhari.Sahih:6109	6109	6474	Fath al-Bari numbering	text match to 0256Bukhari.Sahih.Shamela0001681-ara1	1.0	
urn:hadith:0256Bukhari.Sahih:6110	6110	6475	Fath al-Bari numbering	text match to 0256Bukhari.Sahih.Shamela0001681-ara1	0.91	
urn:hadith:0256Bukhari.Sahih:6111	6111	6476	Fath al-Bari numbering	text match to 0256Bukhari.Sahih.Shamela0001681-ara1	1.0	
urn:hadith:0256Bukhari.Sahih:6112	6112	6477	Fath al-Bari numbering	text match to 0256Bukhari.Sahih.Shamela0001681-ara1	0.78	
urn:hadith:0256Bukhari.Sahih:6113	6113	6478	Fath al-Bari numbering	text match to 0256Bukhari.Sahih.Shamela0001681-ara1	0.83	
urn:hadith:0256Bukhari.Sahih:6114	6114	6479	Fath al-Bari numbering	text match to 0256Bukhari.Sahih.Shamela0001681-ara1	1.0	
urn:hadith:0256Bukhari.Sahih:6115	6115	6480	Fath al-Bari numbering	text match to 0256Bukhari.Sahih.Shamela0001681-ara1	1.0	
urn:hadith:0256Bukhari.Sahih:6116	6116	6481	Fath al-Bari numbering	text match to 0256Bukhari.Sahih.Shamela0001681-ara1	1.0	
urn:hadith:0256Bukhari.Sahih:6117	6117	6482	Fath al-Bari numbering	text match to 0256Bukhari.Sahih.Shamela0001681-ara1	0.87	
urn:hadith:0256Bukhari.Sahih:6118	6118	6483	Fath al-Bari numbering	text match to 0256Bukhari.Sahih.Shamela0001681-ara1	0.95	
urn:hadith:0256Bukhari.Sahih:6119	6119	6484	Fath al-Bari numbering	text match to 0256Bukhari.Sahih.Shamela0001681-ara1	0.83	
urn:hadith:0256Bukhari.Sahih:6120	6120	6485	Fath al-Bari numbering	text match to 0256Bukhari.Sahih.Shamela0001681-ara1	0.85	
urn:hadith:0256Bukhari.Sahih:6121	6121	6486	Fath al-Bari numbering	text match to 0256Bukhari.Sahih.Shamela0001681-ara1	1.0	
urn:hadith:0256Bukhari.Sahih:6122	6122	6487	Fath al-Bari numbering	text match to 0256Bukhari.Sahih.Shamela0001681-ara1	1.0	
urn:hadith:0256Bukhari.Sahih:6123	6123	6488	Fath al-Bari numbering	text match to 0256Bukhari.Sahih.Shamela0001681-ara1	1.0	
urn:hadith:0256Bukhari.Sahih:6124	6124	6489	Fath al-Bari numbering	text match to 0256Bukhari.Sahih.Shamela0001681-ara1	0.88	
urn:hadith:0256Bukhari.Sahih:6125	6125	6490	Fath al-Bari numbering	text match to 0256Bukhari.Sahih.Shamela0001681-ara1	1.0	
urn:hadith:0256Bukhari.Sahih:6126	6126	6491	Fath al-Bari numbering	text match to 0256Bukhari.Sahih.Shamela0001681-ara1	0.75	
urn:hadith:0256Bukhari.Sahih:6127	6127	6492	Fath al-Bari numbering	text match to 0256Bukhari.Sahih.Shamela0001681-ara1	1.0	
urn:hadith:0256Bukhari.Sahih:6128	6128	6493	Fath al-Bari numbering	text match to 0256Bukhari.Sahih.Shamela0001681-ara1	1.0	
urn:hadith:0256Bukhari.Sahih:6129	6129	6494	Fath al-Bari numbering	text match to 0256Bukhari.Sahih.Shamela0001681-ara1	1.0	
urn:hadith:0256Bukhari.Sahih:6130	6130	6495	Fath al-Bari numbering	text match to 0256Bukhari.Sahih.Shamela0001681-ara1	1.0	
urn:hadith:0256Bukhari.Sahih:6131	6131	6496	Fath al-Bari numbering	text match to 0256Bukhari.Sahih.Shamela0001681-ara1	1.0	
urn:hadith:0256Bukhari.Sahih:6132	6132	6497	Fath al-Bari numbering	text match to 0256Bukhari.Sahih.Shamela0001681-ara1	0.93	
urn:hadith:0256Bukhari.Sahih:6133	6133	6498	Fath al-Bari numbering	text match to 0256Bukhari.Sahih.Shamela0001681-ara1	1.0	
urn:hadith:0256Bukhari.Sahih:6134	6134	6499	Fath al-Bari numbering	text match to 0256Bukhari.Sahih.Shamela0001681-ara1	1.0	
urn:hadith:0256Bukhari.Sahih:6135	6135	6500	Fath al-Bari numbering	text match to 0256Bukhari.Sahih.Shamela0001681-ara1	0.93	
urn:hadith:0256Bukhari.Sahih:6136	6136	6501	Fath al-Bari numbering	text match to 0256Bukhari.Sahih.Shamela0001681-ara1	1.0	
urn:hadith:0256Bukhari.Sahih:6137	6137	6502	Fath al-Bari numbering	text match to 0256Bukhari.Sahih.Shamela0001681-ara1	1.0	
urn:hadith:0256Bukhari.Sahih:6138	6138	6503	Fath al-Bari numbering	text match to 0256Bukhari.Sahih.Shamela0001681-ara1	0.83	
urn:hadith:0256Bukhari.Sahih:6139	6139	6504	Fath al-Bari numbering	text match to 0256Bukhari.Sahih.Shamela0001681-ara1	1.0	
urn:hadith:0256Bukhari.Sahih:6140	6140	6505	Fath al-Bari numbering	text match to 0256Bukhari.Sahih.Shamela0001681-ara1	1.0	
urn:hadith:0256Bukhari.Sahih:6141	6141	6506	Fath al-Bari numbering	text match to 0256Bukhari.Sahih.Shamela0001681-ara1	0.93	
urn:hadith:0256Bukhari.Sahih:6142	6142	6507	Fath al-Bari numbering	text match to 0256Bukhari.Sahih.Shamela0001681-ara1	0.99	
urn:hadith:0256Bukhari.Sahih:6143	6143	6508	Fath al-Bari numbering	text match to 0256Bukhari.Sahih.Shamela0001681-ara1	1.0	
urn:hadith:0256Bukhari.Sahih:6144	6144	6509	Fath al-Bari numbering	text match to 0256Bukhari.Sahih.Shamela0001681-ara1	0.93	
urn:hadith:0256Bukhari.Sahih:6145	6145	6510	Fath al-Bari numbering	text match to 0256Bukhari.Sahih.Shamela0001681-ara1	0.82	
urn:hadith:0256Bukhari.Sahih:6146	6146	6511	Fath al-Bari numbering	text match to 0256Bukhari.Sahih.Shamela0001681-ara1	1.0	
urn:hadith:0256Bukhari.Sahih:6147	6147	6512	Fath al-Bari numbering	text match to 0256Bukhari.Sahih.Shamela0001681-ara1	1.0	
urn:hadith:0256Bukhari.Sahih:6148	6148	6513	Fath al-Bari numbering	text match to 0256Bukhari.Sahih.Shamela0001681-ara1	0.83	
urn:hadith:0256Bukhari.Sahih:6149	6149	6514	Fath al-Bari numbering	text match to 0256Bukhari.Sahih.Shamela0001681-ara1	1.0	
urn:hadith:0256Bukhari.Sahih:6150	6150	6515	Fath al-Bari numbering	text match to 0256Bukhari.Sahih.Shamela0001681-ara1	0.74	
urn:hadith:0256Bukhari.Sahih:6151	6151	6516	Fath al-Bari numbering	text match to 0256Bukhari.Sahih.Shamela0001681-ara1	1.0	
urn:hadith:0256Bukhari.Sahih:6152	6152	6517	Fath al-Bari numbering	text match to 0256Bukhari.Sahih.Shamela0001681-ara1	0.93	
urn:hadith:0256Bukhari.Sahih:6153	6153	6518	Fath al-Bari numbering	text match to 0256Bukhari.Sahih.Shamela0001681-ara1	1.0	
urn:hadith:0256Bukhari.Sahih:6154	6154	6519	Fath al-Bari numbering	text match to 0256Bukhari.Sahih.Shamela0001681-ara1	1.0	
urn:hadith:0256Bukhari.Sahih:6155	6155	6520	Fath al-Bari numbering	text match to 0256Bukhari.Sahih.Shamela0001681-ara1	1.0	
urn:hadith:0256Bukhari.Sahih:6156	6156	6521	Fath al-Bari numbering	text match to 0256Bukhari.Sahih.Shamela0001681-ara1	1.0	
urn:hadith:0256Bukhari.Sahih:6157	6157	6522	Fath al-Bari numbering	text match to 0256Bukhari.Sahih.Shamela0001681-ara1	0.83	
urn:hadith:0256Bukhari.Sahih:6158	6158	6523	Fath al-Bari numbering	text match to 0256Bukhari.Sahih.Shamela0001681-ara1	1.0	
urn:hadith:0256Bukhari.Sahih:6159	6159	6524	Fath al-Bari numbering	text match to 0256Bukhari.Sahih.Shamela0001681-ara1	0.66	
urn:hadith:0256Bukhari.Sahih:6160	6160	6525	Fath al-Bari numbering	text match to 0256Bukhari.Sahih.Shamela0001681-ara1	0.84	
urn:hadith:0256Bukhari.Sahih:6161	6161	6526	Fath al-Bari numbering	text match to 0256Bukhari.Sahih.Shamela0001681-ara1	0.79	
urn:hadith:0256Bukhari.Sahih:6162	6162	6527	Fath al-Bari numbering	text match to 0256Bukhari.Sahih.Shamela0001681-ara1	1.0	
urn:hadith:0256Bukhari.Sahih:6163	6163	6528	Fath al-Bari numbering	text match to 0256Bukhari.Sahih.Shamela0001681-ara1	1.0	
urn:hadith:0256Bukhari.Sahih:6164	6164	6529	Fath al-Bari numbering	text match to 0256Bukhari.Sahih.Shamela0001681-ara1	1.0	
urn:hadith:0256Bukhari.Sahih:6165	6165	6530	Fath al-Bari numbering	text match to 0256Bukhari.Sahih.Shamela0001681-ara1	0.92	
urn:hadith:0256Bukhari.Sahih:6166	6166	6531	Fath al-Bari numbering	text match to 0256Bukhari.Sahih.Shamela0001681-ara1	0.59	
urn:hadith:0256Bukhari.Sahih:6167	6167	6532	Fath al-Bari numbering	text match to 0256Bukhari.Sahih.Shamela0001681-ara1	1.0	
urn:hadith:0256Bukhari.Sahih:6168	6168	6533	Fath al-Bari numbering	text match to 0256Bukhari.Sahih.Shamela0001681-ara1	1.0	
urn:hadith:0256Bukhari.Sahih:6169	6169	6534	Fath al-Bari numbering	text match to 0256Bukhari.Sahih.Shamela0001681-ara1	1.0	
urn:hadith:0256Bukhari.Sahih:6170	6170	6535	Fath al-Bari numbering	text match to 0256Bukhari.Sahih.Shamela0001681-ara1	0.87	
urn:hadith:0256Bukhari.Sahih:6171	6171	6536	Fath al-Bari numbering	text match to 0256Bukhari.Sahih.Shamela0001681-ara1	0.59	
urn:hadith:0256Bukhari.Sahih:6172	6172	6537	Fath al-Bari numbering	text match to 0256Bukhari.Sahih.Shamela0001681-ara1	0.94	
urn:hadith:0256Bukhari.Sahih:6173	6173	6538	Fath al-Bari numbering	text match to 0256Bukhari.Sahih.Shamela0001681-ara1	1.0	
urn:hadith:0256Bukhari.Sahih:6174	6174	6539	Fath al-Bari numbering	text match to 0256Bukhari.Sahih.Shamela0001681-ara1	0.82	
urn:hadith:0256Bukhari.Sahih:6175	6175	6541	Fath al-Bari numbering	text match to 0256Bukhari.Sahih.Shamela0001681-ara1	0.8	
urn:hadith:0256Bukhari.Sahih:6176	6176	6542	Fath al-Bari numbering	text match to 0256Bukhari.Sahih.Shamela0001681-ara1	0.93	
urn:hadith:0256Bukhari.Sahih:6177	6177	6543	Fath al-Bari numbering	text match to 0256Bukhari.Sahih.Shamela0001681-ara1	0.89	
urn:hadith:0256Bukhari.Sahih:6178	6178	6544	Fath al-Bari numbering	text match to 0256Bukhari.Sahih.Shamela0001681-ara1	0.89	
urn:hadith:0256Bukhari.Sahih:6179	6179	6545	Fath al-Bari numbering	text match to 0256Bukhari.Sahih.Shamela0001681-ara1	1.0	
urn:hadith:0256Bukhari.Sahih:6180	6180	6546	Fath al-Bari numbering	text match to 0256Bukhari.Sahih.Shamela0001681-ara1	1.0	
urn:hadith:0256Bukhari.Sahih:6181	6181	6547	Fath al-Bari numbering	text match to 0256Bukhari.Sahih.Shamela0001681-ara1	1.0	
urn:hadith:0256Bukhari.Sahih:6182	6182	6548	Fath al-Bari numbering	text match to 0256Bukhari.Sahih.Shamela0001681-ara1	0.93	
urn:hadith:0256Bukhari.Sahih:6183	6183	6549	Fath al-Bari numbering	text match to 0256Bukhari.Sahih.Shamela0001681-ara1	1.0	
urn:hadith:0256Bukhari.Sahih:6184	6184	6550	Fath al-Bari numbering	text match to 0256Bukhari.Sahih.Shamela0001681-ara1	0.88	
urn:hadith:0256Bukhari.Sahih:6185	6185	6551	Fath al-Bari numbering	text match to 0256Bukhari.Sahih.Shamela0001681-ara1	1.0	
urn:hadith:0256Bukhari.Sahih:6186	6186	6552	Fath al-Bari numbering	text match to 0256Bukhari.Sahih.Shamela0001681-ara1	0.61	
urn:hadith:0256Bukhari.Sahih:6187	6187	6554	Fath al-Bari numbering	text match to 0256Bukhari.Sahih.Shamela0001681-ara1	0.89	
urn:hadith:0256Bukhari.Sahih:6188	6188	6555	Fath al-Bari numbering	text match to 0256Bukhari.Sahih.Shamela0001681-ara1	0.53	
urn:hadith:0256Bukhari.Sahih:6189	6189	6557	Fath al-Bari numbering	text match to 0256Bukhari.Sahih.Shamela0001681-ara1	1.0	
urn:hadith:0256Bukhari.Sahih:6190	6190	6558	Fath al-Bari numbering	text match to 0256Bukhari.Sahih.Shamela0001681-ara1	0.82	
urn:hadith:0256Bukhari.Sahih:6191	6191	6559	Fath al-Bari numbering	text match to 0256Bukhari.Sahih.Shamela0001681-ara1	1.0	
urn:hadith:0256Bukhari.Sahih:6192	6192	6560	Fath al-Bari numbering	text match to 0256Bukhari.Sahih.Shamela0001681-ara1	0.96	
urn:hadith:0256Bukhari.Sahih:6193	6193	6561	Fath al-Bari numbering	text match to 0256Bukhari.Sahih.Shamela0001681-ara1	1.0	
urn:hadith:0256Bukhari.Sahih:6194	6194	6562	Fath al-Bari numbering	text match to 0256Bukhari.Sahih.Shamela0001681-ara1	0.97	
urn:hadith:0256Bukhari.Sahih:6195	6195	6563	Fath al-Bari numbering	text match to 0256Bukhari.Sahih.Shamela0001681-ara1	1.0	
urn:hadith:0256Bukhari.Sahih:6196	6196	6564	Fath al-Bari numbering	text match to 0256Bukhari.Sahih.Shamela0001681-ara1	0.9	
urn:hadith:0256Bukhari.Sahih:6197	6197	6565	Fath al-Bari numbering	text match to 0256Bukhari.Sahih.Shamela0001681-ara1	1.0	
urn:hadith:0256Bukhari.Sahih:6198	6198	6566	Fath al-Bari numbering	text match to 0256Bukhari.Sahih.Shamela0001681-ara1	1.0	
urn:hadith:0256Bukhari.Sahih:6199	6199	6567	Fath al-Bari numbering	text match to 0256Bukhari.Sahih.Shamela0001681-ara1	0.78	
urn:hadith:0256Bukhari.Sahih:6200	6200	6569	Fath al-Bari numbering	text match to 0256Bukhari.Sahih.Shamela0001681-ara1	1.0	
urn:hadith:0256Bukhari.Sahih:6201	6201	6570	Fath al-Bari numbering	text match to 0256Bukhari.Sahih.Shamela0001681-ara1	1.0	
urn:hadith:0256Bukhari.Sahih:6202	6202	6571	Fath al-Bari numbering	text match to 0256Bukhari.Sahih.Shamela0001681-ara1	0.93	
urn:hadith:0256Bukhari.Sahih:6203	6203	6572	Fath al-Bari numbering	text match to 0256Bukhari.Sahih.Shamela0001681-ara1	1.0	
urn:hadith:0256Bukhari.Sahih:6204	6204	6573	Fath al-Bari numbering	text match to 0256Bukhari.Sahih.Shamela0001681-ara1	1.0	
urn:hadith:0256Bukhari.Sahih:6205	6205	6576	Fath al-Bari numbering	text match to 0256Bukhari.Sahih.Shamela0001681-ara1	0.66	
urn:hadith:0256Bukhari.Sahih:6206	6206	6577	Fath al-Bari numbering	text match to 0256Bukhari.Sahih.Shamela0001681-ara1	0.79	
urn:hadith:0256Bukhari.Sahih:6207	6207	6578	Fath al-Bari numbering	text match to 0256Bukhari.Sahih.Shamela0001681-ara1	0.9	
urn:hadith:0256Bukhari.Sahih:6208	6208	6579	Fath al-Bari numbering	text match to 0256Bukhari.Sahih.Shamela0001681-ara1	0.88	
urn:hadith:0256Bukhari.Sahih:6209	6209	6580	Fath al-Bari numbering	text match to 0256Bukhari.Sahih.Shamela0001681-ara1	0.75	
urn:hadith:0256Bukhari.Sahih:6210	6210	6581	Fath al-Bari numbering	text match to 0256Bukhari.Sahih.Shamela0001681-ara1	1.0	
urn:hadith:0256Bukhari.Sahih:6211	6211	6582	Fath al-Bari numbering	text match to 0256Bukhari.Sahih.Shamela0001681-ara1	0.84	
urn:hadith:0256Bukhari.Sahih:6213	6213	6585	Fath al-Bari numbering	text match to 0256Bukhari.Sahih.Shamela0001681-ara1	0.82	
urn:hadith:0256Bukhari.Sahih:6214	6214	6586	Fath al-Bari numbering	text match to 0256Bukhari.Sahih.Shamela0001681-ara1	0.7	
urn:hadith:0256Bukhari.Sahih:6215	6215	6587	Fath al-Bari numbering	text match to 0256Bukhari.Sahih.Shamela0001681-ara1	0.86	
urn:hadith:0256Bukhari.Sahih:6216	6216	6588	Fath al-Bari numbering	text match to 0256Bukhari.Sahih.Shamela0001681-ara1	0.89	
urn:hadith:0256Bukhari.Sahih:6217	6217	6589	Fath al-Bari numbering	text match to 0256Bukhari.Sahih.Shamela0001681-ara1	1.0	
urn:hadith:0256Bukhari.Sahih:6218	6218	6590	Fath al-Bari numbering	text match to 0256Bukhari.Sahih.Shamela0001681-ara1	1.0	
urn:hadith:0256Bukhari.Sahih:6219	6219	6592	Fath al-Bari numbering	text match to 0256Bukhari.Sahih.Shamela0001681-ara1	0.51	
urn:hadith:0256Bukhari.Sahih:6220	6220	6593	Fath al-Bari numbering	text match to 0256Bukhari.Sahih.Shamela0001681-ara1	0.84	
urn:hadith:0256Bukhari.Sahih:6221	6221	6594	Fath al-Bari numbering	text match to 0256Bukhari.Sahih.Shamela0001681-ara1	0.93	
urn:hadith:0256Bukhari.Sahih:6222	6222	6595	Fath al-Bari numbering	text match to 0256Bukhari.Sahih.Shamela0001681-ara1	0.92	
urn:hadith:0256Bukhari.Sahih:6223	6223	6596	Fath al-Bari numbering	text match to 0256Bukhari.Sahih.Shamela0001681-ara1	0.95	
urn:hadith:0256Bukhari.Sahih:6224	6224	6597	Fath al-Bari numbering	text match to 0256Bukhari.Sahih.Shamela0001681-ara1	0.7	
urn:hadith:0256Bukhari.Sahih:6225	6225	6598	Fath al-Bari numbering	text match to 0256Bukhari.Sahih.Shamela0001681-ara1	0.85	
urn:hadith:0256Bukhari.Sahih:6226	6226	6599	Fath al-Bari numbering	text match to 0256Bukhari.Sahih.Shamela0001681-ara1	0.98	
urn:hadith:0256Bukhari.Sahih:6227	6227	6600	Fath al-Bari numbering	text match to 0256Bukhari.Sahih.Shamela0001681-ara1	1.0	
urn:hadith:0256Bukhari.Sahih:6228	6228	6602	Fath al-Bari numbering	text match to 0256Bukhari.Sahih.Shamela0001681-ara1	1.0	
urn:hadith:0256Bukhari.Sahih:6229	6229	6603	Fath al-Bari numbering	text match to 0256Bukhari.Sahih.Shamela0001681-ara1	0.9	
urn:hadith:0256Bukhari.Sahih:6230	6230	6604	Fath al-Bari numbering	text match to 0256Bukhari.Sahih.Shamela0001681-ara1	0.88	
urn:hadith:0256Bukhari.Sahih:6231	6231	6605	Fath al-Bari numbering	text match to 0256Bukhari.Sahih.Shamela0001681-ara1	0.98	
urn:hadith:0256Bukhari.Sahih:6232	6232	6606	Fath al-Bari numbering	text match to 0256Bukhari.Sahih.Shamela0001681-ara1	0.93	
urn:hadith:0256Bukhari.Sahih:6233	6233	6607	Fath al-Bari numbering	text match to 0256Bukhari.Sahih.Shamela0001681-ara1	0.92	
urn:hadith:0256Bukhari.Sahih:6234	6234	6608	Fath al-Bari numbering	text match to 0256Bukhari.Sahih.Shamela0001681-ara1	0.7	
urn:hadith:0256Bukhari.Sahih:6235	6235	6609	Fath al-Bari numbering	text match to 0256Bukhari.Sahih.Shamela0001681-ara1	0.85	
urn:hadith:0256Bukhari.Sahih:6236	6236	6610	Fath al-Bari numbering	text match to 0256Bukhari.Sahih.Shamela0001681-ara1	1.0	
urn:hadith:0256Bukhari.Sahih:6237	6237	6611	Fath al-Bari numbering	text match to 0256Bukhari.Sahih.Shamela0001681-ara1	1.0	
urn:hadith:0256Bukhari.Sahih:6238	6238	6612	Fath al-Bari numbering	text match to 0256Bukhari.Sahih.Shamela0001681-ara1	0.73	
urn:hadith:0256Bukhari.Sahih:6239	6239	6613	Fath al-Bari numbering	text match to 0256Bukhari.Sahih.Shamela0001681-ara1	0.7	
urn:hadith:0256Bukhari.Sahih:6240	6240	6614	Fath al-Bari numbering	text match to 0256Bukhari.Sahih.Shamela0001681-ara1	0.93	
urn:hadith:0256Bukhari.Sahih:6241	6241	6615	Fath al-Bari numbering	text match to 0256Bukhari.Sahih.Shamela0001681-ara1	0.93	
urn:hadith:0256Bukhari.Sahih:6242	6242	6616	Fath al-Bari numbering	text match to 0256Bukhari.Sahih.Shamela0001681-ara1	1.0	
urn:hadith:0256Bukhari.Sahih:6243	6243	6617	Fath al-Bari numbering	text match to 0256Bukhari.Sahih.Shamela0001681-ara1	1.0	shared number
urn:hadith:0256Bukhari.Sahih:6244	6244	6617	Fath al-Bari numbering	text match to 0256Bukhari.Sahih.Shamela0001681-ara1	0.69	shared number
urn:hadith:0256Bukhari.Sahih:6245	6245	6619	Fath al-Bari numbering	text match to 0256Bukhari.Sahih.Shamela0001681-ara1	1.0	
urn:hadith:0256Bukhari.Sahih:6246	6246	6620	Fath al-Bari numbering	text match to 0256Bukhari.Sahih.Shamela0001681-ara1	0.83	
urn:hadith:0256Bukhari.Sahih:6247	6247	6621	Fath al-Bari numbering	text match to 0256Bukhari.Sahih.Shamela0001681-ara1	1.0	
urn:hadith:0256Bukhari.Sahih:6248	6248	6622	Fath al-Bari numbering	text match to 0256Bukhari.Sahih.Shamela0001681-ara1	0.91	
urn:hadith:0256Bukhari.Sahih:6249	6249	6623	Fath al-Bari numbering	text match to 0256Bukhari.Sahih.Shamela0001681-ara1	1.0	
urn:hadith:0256Bukhari.Sahih:6250	6250	6624	Fath al-Bari numbering	text match to 0256Bukhari.Sahih.Shamela0001681-ara1	0.52	
urn:hadith:0256Bukhari.Sahih:6251	6251	6626	Fath al-Bari numbering	text match to 0256Bukhari.Sahih.Shamela0001681-ara1	0.88	
urn:hadith:0256Bukhari.Sahih:6252	6252	6627	Fath al-Bari numbering	text match to 0256Bukhari.Sahih.Shamela0001681-ara1	0.93	
urn:hadith:0256Bukhari.Sahih:6253	6253	6628	Fath al-Bari numbering	text match to 0256Bukhari.Sahih.Shamela0001681-ara1	0.77	
urn:hadith:0256Bukhari.Sahih:6254	6254	6629	Fath al-Bari numbering	text match to 0256Bukhari.Sahih.Shamela0001681-ara1	1.0	
urn:hadith:0256Bukhari.Sahih:6255	6255	6630	Fath al-Bari numbering	text match to 0256Bukhari.Sahih.Shamela0001681-ara1	1.0	
urn:hadith:0256Bukhari.Sahih:6256	6256	6631	Fath al-Bari numbering	text match to 0256Bukhari.Sahih.Shamela0001681-ara1	1.0	
urn:hadith:0256Bukhari.Sahih:6257	6257	6632	Fath al-Bari numbering	text match to 0256Bukhari.Sahih.Shamela0001681-ara1	0.93	shared number
urn:hadith:0256Bukhari.Sahih:6258	6258	6633	Fath al-Bari numbering	text match to 0256Bukhari.Sahih.Shamela0001681-ara1	0.93	
urn:hadith:0256Bukhari.Sahih:6259	6259	6635	Fath al-Bari numbering	text match to 0256Bukhari.Sahih.Shamela0001681-ara1	1.0	
urn:hadith:0256Bukhari.Sahih:6260	6260	6636	Fath al-Bari numbering	text match to 0256Bukhari.Sahih.Shamela0001681-ara1	1.0	
urn:hadith:0256Bukhari.Sahih:6261	6261	6637	Fath al-Bari numbering	text match to 0256Bukhari.Sahih.Shamela0001681-ara1	0.84	
urn:hadith:0256Bukhari.Sahih:6263	6263	6639	Fath al-Bari numbering	text match to 0256Bukhari.Sahih.Shamela0001681-ara1	0.87	
urn:hadith:0256Bukhari.Sahih:6264	6264	6640	Fath al-Bari numbering	text match to 0256Bukhari.Sahih.Shamela0001681-ara1	1.0	
urn:hadith:0256Bukhari.Sahih:6265	6265	6641	Fath al-Bari numbering	text match to 0256Bukhari.Sahih.Shamela0001681-ara1	0.93	
urn:hadith:0256Bukhari.Sahih:6266	6266	6642	Fath al-Bari numbering	text match to 0256Bukhari.Sahih.Shamela0001681-ara1	0.99	
urn:hadith:0256Bukhari.Sahih:6267	6267	6643	Fath al-Bari numbering	text match to 0256Bukhari.Sahih.Shamela0001681-ara1	0.93	
urn:hadith:0256Bukhari.Sahih:6268	6268	6644	Fath al-Bari numbering	text match to 0256Bukhari.Sahih.Shamela0001681-ara1	1.0	
urn:hadith:0256Bukhari.Sahih:6269	6269	6645	Fath al-Bari numbering	text match to 0256Bukhari.Sahih.Shamela0001681-ara1	0.88	
urn:hadith:0256Bukhari.Sahih:6270	6270	6646	Fath al-Bari numbering	text match to 0256Bukhari.Sahih.Shamela0001681-ara1	1.0	
urn:hadith:0256Bukhari.Sahih:6271	6271	6647	Fath al-Bari numbering	text match to 0256Bukhari.Sahih.Shamela0001681-ara1	0.62	
urn:hadith:0256Bukhari.Sahih:6272	6272	6648	Fath al-Bari numbering	text match to 0256Bukhari.Sahih.Shamela0001681-ara1	1.0	
urn:hadith:0256Bukhari.Sahih:6273	6273	6649	Fath al-Bari numbering	text match to 0256Bukhari.Sahih.Shamela0001681-ara1	1.0	
urn:hadith:0256Bukhari.Sahih:6274	6274	6650	Fath al-Bari numbering	text match to 0256Bukhari.Sahih.Shamela0001681-ara1	1.0	
urn:hadith:0256Bukhari.Sahih:6275	6275	6651	Fath al-Bari numbering	text match to 0256Bukhari.Sahih.Shamela0001681-ara1	0.91	
urn:hadith:0256Bukhari.Sahih:6276	6276	6652	Fath al-Bari numbering	text match to 0256Bukhari.Sahih.Shamela0001681-ara1	1.0	
urn:hadith:0256Bukhari.Sahih:6277	6277	6653	Fath al-Bari numbering	text match to 0256Bukhari.Sahih.Shamela0001681-ara1	1.0	
urn:hadith:0256Bukhari.Sahih:6278	6278	6654	Fath al-Bari numbering	text match to 0256Bukhari.Sahih.Shamela0001681-ara1	1.0	
urn:hadith:0256Bukhari.Sahih:6279	6279	6655	Fath al-Bari numbering	text match to 0256Bukhari.Sahih.Shamela0001681-ara1	0.8	
urn:hadith:0256Bukhari.Sahih:6280	6280	6656	Fath al-Bari numbering	text match to 0256Bukhari.Sahih.Shamela0001681-ara1	0.74	
urn:hadith:0256Bukhari.Sahih:6281	6281	6657	Fath al-Bari numbering	text match to 0256Bukhari.Sahih.Shamela0001681-ara1	1.0	
urn:hadith:0256Bukhari.Sahih:6282	6282	6658	Fath al-Bari numbering	text match to 0256Bukhari.Sahih.Shamela0001681-ara1	0.9	
urn:hadith:0256Bukhari.Sahih:6283	6283	6659	Fath al-Bari numbering	text match to 0256Bukhari.Sahih.Shamela0001681-ara1	0.54	
urn:hadith:0256Bukhari.Sahih:6284	6284	6661	Fath al-Bari numbering	text match to 0256Bukhari.Sahih.Shamela0001681-ara1	1.0	
urn:hadith:0256Bukhari.Sahih:6285	6285	6662	Fath al-Bari numbering	text match to 0256Bukhari.Sahih.Shamela0001681-ara1	0.8	
urn:hadith:0256Bukhari.Sahih:6286	6286	6663	Fath al-Bari numbering	text match to 0256Bukhari.Sahih.Shamela0001681-ara1	0.84	
urn:hadith:0256Bukhari.Sahih:6287	6287	6664	Fath al-Bari numbering	text match to 0256Bukhari.Sahih.Shamela0001681-ara1	1.0	
urn:hadith:0256Bukhari.Sahih:6288	6288	6665	Fath al-Bari numbering	text match to 0256Bukhari.Sahih.Shamela0001681-ara1	0.88	
urn:hadith:0256Bukhari.Sahih:6289	6289	6666	Fath al-Bari numbering	text match to 0256Bukhari.Sahih.Shamela0001681-ara1	0.82	
urn:hadith:0256Bukhari.Sahih:6290	6290	6667	Fath al-Bari numbering	text match to 0256Bukhari.Sahih.Shamela0001681-ara1	0.93	
urn:hadith:0256Bukhari.Sahih:6291	6291	6668	Fath al-Bari numbering	text match to 0256Bukhari.Sahih.Shamela0001681-ara1	1.0	
urn:hadith:0256Bukhari.Sahih:6292	6292	6669	Fath al-Bari numbering	text match to 0256Bukhari.Sahih.Shamela0001681-ara1	1.0	
urn:hadith:0256Bukhari.Sahih:6293	6293	6670	Fath al-Bari numbering	text match to 0256Bukhari.Sahih.Shamela0001681-ara1	0.81	
urn:hadith:0256Bukhari.Sahih:6294	6294	6671	Fath al-Bari numbering	text match to 0256Bukhari.Sahih.Shamela0001681-ara1	0.92	
urn:hadith:0256Bukhari.Sahih:6295	6295	6672	Fath al-Bari numbering	text match to 0256Bukhari.Sahih.Shamela0001681-ara1	0.79	
urn:hadith:0256Bukhari.Sahih:6296	6296	6673	Fath al-Bari numbering	text match to 0256Bukhari.Sahih.Shamela0001681-ara1	0.87	
urn:hadith:0256Bukhari.Sahih:6297	6297	6674	Fath al-Bari numbering	text match to 0256Bukhari.Sahih.Shamela0001681-ara1	1.0	
urn:hadith:0256Bukhari.Sahih:6298	6298	6675	Fath al-Bari numbering	text match to 0256Bukhari.Sahih.Shamela0001681-ara1	1.0	
urn:hadith:0256Bukhari.Sahih:6299	6299	6676	Fath al-Bari numbering	text match to 0256Bukhari.Sahih.Shamela0001681-ara1	0.64	
urn:hadith:0256Bukhari.Sahih:6300	6300	6678	Fath al-Bari numbering	text match to 0256Bukhari.Sahih.Shamela0001681-ara1	0.98	
urn:hadith:0256Bukhari.Sahih:6301	6301	6679	Fath al-Bari numbering	text match to 0256Bukhari.Sahih.Shamela0001681-ara1	0.87	
urn:hadith:0256Bukhari.Sahih:6302	6302	6680	Fath al-Bari numbering	text match to 0256Bukhari.Sahih.Shamela0001681-ara1	1.0	
urn:hadith:0256Bukhari.Sahih:6303	6303	6681	Fath al-Bari numbering	text match to 0256Bukhari.Sahih.Shamela0001681-ara1	1.0	
urn:hadith:0256Bukhari.Sahih:6304	6304	6682	Fath al-Bari numbering	text match to 0256Bukhari.Sahih.Shamela0001681-ara1	1.0	
urn:hadith:0256Bukhari.Sahih:6305	6305	6683	Fath al-Bari numbering	text match to 0256Bukhari.Sahih.Shamela0001681-ara1	1.0	
urn:hadith:0256Bukhari.Sahih:6306	6306	6684	Fath al-Bari numbering	text match to 0256Bukhari.Sahih.Shamela0001681-ara1	1.0	
urn:hadith:0256Bukhari.Sahih:6307	6307	6685	Fath al-Bari numbering	text match to 0256Bukhari.Sahih.Shamela0001681-ara1	1.0	
urn:hadith:0256Bukhari.Sahih:6308	6308	6686	Fath al-Bari numbering	text match to 0256Bukhari.Sahih.Shamela0001681-ara1	0.88	
urn:hadith:0256Bukhari.Sahih:6309	6309	6687	Fath al-Bari numbering	text match to 0256Bukhari.Sahih.Shamela0001681-ara1	0.89	
urn:hadith:0256Bukhari.Sahih:6310	6310	6688	Fath al-Bari numbering	text match to 0256Bukhari.Sahih.Shamela0001681-ara1	1.0	
urn:hadith:0256Bukhari.Sahih:6311	6311	6689	Fath al-Bari numbering	text match to 0256Bukhari.Sahih.Shamela0001681-ara1	1.0	
urn:hadith:0256Bukhari.Sahih:6312	6312	6690	Fath al-Bari numbering	text match to 0256Bukhari.Sahih.Shamela0001681-ara1	0.6	
urn:hadith:0256Bukhari.Sahih:6313	6313	6691	Fath al-Bari numbering	text match to 0256Bukhari.Sahih.Shamela0001681-ara1	0.93	
urn:hadith:0256Bukhari.Sahih:6314	6314	6692	Fath al-Bari numbering	text match to 0256Bukhari.Sahih.Shamela0001681-ara1	0.72	
urn:hadith:0256Bukhari.Sahih:6315	6315	6693	Fath al-Bari numbering	text match to 0256Bukhari.Sahih.Shamela0001681-ara1	1.0	
urn:hadith:0256Bukhari.Sahih:6316	6316	6694	Fath al-Bari numbering	text match to 0256Bukhari.Sahih.Shamela0001681-ara1	0.71	
urn:hadith:0256Bukhari.Sahih:6317	6317	6695	Fath al-Bari numbering	text match to 0256Bukhari.Sahih.Shamela0001681-ara1	0.93	
urn:hadith:0256Bukhari.Sahih:6318	6318	6696	Fath al-Bari numbering	text match to 0256Bukhari.Sahih.Shamela0001681-ara1	1.0	
urn:hadith:0256Bukhari.Sahih:6319	6319	6697	Fath al-Bari numbering	text match to 0256Bukhari.Sahih.Shamela0001681-ara1	0.85	
urn:hadith:0256Bukhari.Sahih:6320	6320	6698	Fath al-Bari numbering	text match to 0256Bukhari.Sahih.Shamela0001681-ara1	0.91	
urn:hadith:0256Bukhari.Sahih:6321	6321	6699	Fath al-Bari numbering	text match to 0256Bukhari.Sahih.Shamela0001681-ara1	0.82	
urn:hadith:0256Bukhari.Sahih:6322	6322	6700	Fath al-Bari numbering	text match to 0256Bukhari.Sahih.Shamela0001681-ara1	1.0	
urn:hadith:0256Bukhari.Sahih:6323	6323	6701	Fath al-Bari numbering	text match to 0256Bukhari.Sahih.Shamela0001681-ara1	0.84	
urn:hadith:0256Bukhari.Sahih:6324	6324	6702	Fath al-Bari numbering	text match to 0256Bukhari.Sahih.Shamela0001681-ara1	0.58	
urn:hadith:0256Bukhari.Sahih:6325	6325	6703	Fath al-Bari numbering	text match to 0256Bukhari.Sahih.Shamela0001681-ara1	0.79	
urn:hadith:0256Bukhari.Sahih:6326	6326	6704	Fath al-Bari numbering	text match to 0256Bukhari.Sahih.Shamela0001681-ara1	0.92	
urn:hadith:0256Bukhari.Sahih:6327	6327	6705	Fath al-Bari numbering	text match to 0256Bukhari.Sahih.Shamela0001681-ara1	0.93	
urn:hadith:0256Bukhari.Sahih:6328	6328	6706	Fath al-Bari numbering	text match to 0256Bukhari.Sahih.Shamela0001681-ara1	0.9	
urn:hadith:0256Bukhari.Sahih:6329	6329	6707	Fath al-Bari numbering	text match to 0256Bukhari.Sahih.Shamela0001681-ara1	0.93	
urn:hadith:0256Bukhari.Sahih:6330	6330	6708	Fath al-Bari numbering	text match to 0256Bukhari.Sahih.Shamela0001681-ara1	0.82	
urn:hadith:0256Bukhari.Sahih:6331	6331	6709	Fath al-Bari numbering	text match to 0256Bukhari.Sahih.Shamela0001681-ara1	0.87	
urn:hadith:0256Bukhari.Sahih:6332	6332	2600	Fath al-Bari numbering	text match to 0256Bukhari.Sahih.Shamela0001681-ara1	1.0	shared number, out of order
urn:hadith:0256Bukhari.Sahih:6333	6333	6711	Fath al-Bari numbering	text match to 0256Bukhari.Sahih.Shamela0001681-ara1	0.93	
urn:hadith:0256Bukhari.Sahih:6334	6334	6712	Fath al-Bari numbering	text match to 0256Bukhari.Sahih.Shamela0001681-ara1	1.0	
urn:hadith:0256Bukhari.Sahih:6335	6335	6713	Fath al-Bari numbering	text match to 0256Bukhari.Sahih.Shamela0001681-ara1	0.86	
urn:hadith:0256Bukhari.Sahih:6336	6336	6714	Fath al-Bari numbering	text match to 0256Bukhari.Sahih.Shamela0001681-ara1	1.0	
urn:hadith:0256Bukhari.Sahih:6337	6337	6715	Fath al-Bari numbering	text match to 0256Bukhari.Sahih.Shamela0001681-ara1	1.0	
urn:hadith:0256Bukhari.Sahih:6338	6338	6716	Fath al-Bari numbering	text match to 0256Bukhari.Sahih.Shamela0001681-ara1	0.89	shared number
urn:hadith:0256Bukhari.Sahih:8#6348	8#6348	6716	Fath al-Bari numbering	text match to 0256Bukhari.Sahih.Shamela0001681-ara1	1.0	shared number
urn:hadith:0256Bukhari.Sahih:6339	6339	6717	Fath al-Bari numbering	text match to 0256Bukhari.Sahih.Shamela0001681-ara1	1.0	
urn:hadith:0256Bukhari.Sahih:6340	6340	6718	Fath al-Bari numbering	text match to 0256Bukhari.Sahih.Shamela0001681-ara1	0.93	
urn:hadith:0256Bukhari.Sahih:6341	6341	6720	Fath al-Bari numbering	text match to 0256Bukhari.Sahih.Shamela0001681-ara1	0.93	
urn:hadith:0256Bukhari.Sahih:6342	6342	6721	Fath al-Bari numbering	text match to 0256Bukhari.Sahih.Shamela0001681-ara1	0.93	
urn:hadith:0256Bukhari.Sahih:6343	6343	6722	Fath al-Bari numbering	text match to 0256Bukhari.Sahih.Shamela0001681-ara1	0.82	
urn:hadith:0256Bukhari.Sahih:6344	6344	6723	Fath al-Bari numbering	text match to 0256Bukhari.Sahih.Shamela0001681-ara1	0.81	
urn:hadith:0256Bukhari.Sahih:6345	6345	6724	Fath al-Bari numbering	text match to 0256Bukhari.Sahih.Shamela0001681-ara1	0.86	
urn:hadith:0256Bukhari.Sahih:6346	6346	6725	Fath al-Bari numbering	text match to 0256Bukhari.Sahih.Shamela0001681-ara1	0.54	
urn:hadith:0256Bukhari.Sahih:6347	6347	6728	Fath al-Bari numbering	text match to 0256Bukhari.Sahih.Shamela0001681-ara1	0.87	
urn:hadith:0256Bukhari.Sahih:6348	6348	6729	Fath al-Bari numbering	text match to 0256Bukhari.Sahih.Shamela0001681-ara1	1.0	
urn:hadith:0256Bukhari.Sahih:6349	6349	6730	Fath al-Bari numbering	text match to 0256Bukhari.Sahih.Shamela0001681-ara1	0.83	
urn:hadith:0256Bukhari.Sahih:6350	6350	6731	Fath al-Bari numbering	text match to 0256Bukhari.Sahih.Shamela0001681-ara1	0.88	
urn:hadith:0256Bukhari.Sahih:6351	6351	6732	Fath al-Bari numbering	text match to 0256Bukhari.Sahih.Shamela0001681-ara1	0.66	
urn:hadith:0256Bukhari.Sahih:6352	6352	6733	Fath al-Bari numbering	text match to 0256Bukhari.Sahih.Shamela0001681-ara1	1.0	
urn:hadith:0256Bukhari.Sahih:6353	6353	6734	Fath al-Bari numbering	text match to 0256Bukhari.Sahih.Shamela0001681-ara1	0.97	
urn:hadith:0256Bukhari.Sahih:6354	6354	6735	Fath al-Bari numbering	text match to 0256Bukhari.Sahih.Shamela0001681-ara1	0.63	
urn:hadith:0256Bukhari.Sahih:6355	6355	6736	Fath al-Bari numbering	text match to 0256Bukhari.Sahih.Shamela0001681-ara1	0.61	
urn:hadith:0256Bukhari.Sahih:6356	6356	6737	Fath al-Bari numbering	text match to 0256Bukhari.Sahih.Shamela0001681-ara1	0.64	
urn:hadith:0256Bukhari.Sahih:6357	6357	6738	Fath al-Bari numbering	text match to 0256Bukhari.Sahih.Shamela0001681-ara1	0.88	
urn:hadith:0256Bukhari.Sahih:6358	6358	6739	Fath al-Bari numbering	text match to 0256Bukhari.Sahih.Shamela0001681-ara1	0.78	shared number
urn:hadith:0256Bukhari.Sahih:6359	6359	6740	Fath al-Bari numbering	text match to 0256Bukhari.Sahih.Shamela0001681-ara1	0.85	
urn:hadith:0256Bukhari.Sahih:6360	6360	6741	Fath al-Bari numbering	text match to 0256Bukhari.Sahih.Shamela0001681-ara1	1.0	
urn:hadith:0256Bukhari.Sahih:6361	6361	6742	Fath al-Bari numbering	text match to 0256Bukhari.Sahih.Shamela0001681-ara1	0.97	
urn:hadith:0256Bukhari.Sahih:6362	6362	6743	Fath al-Bari numbering	text match to 0256Bukhari.Sahih.Shamela0001681-ara1	1.0	
urn:hadith:0256Bukhari.Sahih:6363	6363	6744	Fath al-Bari numbering	text match to 0256Bukhari.Sahih.Shamela0001681-ara1	1.0	
urn:hadith:0256Bukhari.Sahih:6364	6364	6745	Fath al-Bari numbering	text match to 0256Bukhari.Sahih.Shamela0001681-ara1	1.0	
urn:hadith:0256Bukhari.Sahih:6365	6365	6746	Fath al-Bari numbering	text match to 0256Bukhari.Sahih.Shamela0001681-ara1	0.84	
urn:hadith:0256Bukhari.Sahih:6366	6366	6747	Fath al-Bari numbering	text match to 0256Bukhari.Sahih.Shamela0001681-ara1	0.69	
urn:hadith:0256Bukhari.Sahih:6367	6367	6748	Fath al-Bari numbering	text match to 0256Bukhari.Sahih.Shamela0001681-ara1	0.85	
urn:hadith:0256Bukhari.Sahih:6368	6368	6749	Fath al-Bari numbering	text match to 0256Bukhari.Sahih.Shamela0001681-ara1	0.66	
urn:hadith:0256Bukhari.Sahih:6369	6369	6750	Fath al-Bari numbering	text match to 0256Bukhari.Sahih.Shamela0001681-ara1	1.0	
urn:hadith:0256Bukhari.Sahih:6370	6370	6751	Fath al-Bari numbering	text match to 0256Bukhari.Sahih.Shamela0001681-ara1	0.91	
urn:hadith:0256Bukhari.Sahih:6371	6371	6752	Fath al-Bari numbering	text match to 0256Bukhari.Sahih.Shamela0001681-ara1	0.75	
urn:hadith:0256Bukhari.Sahih:6372	6372	6753	Fath al-Bari numbering	text match to 0256Bukhari.Sahih.Shamela0001681-ara1	1.0	
urn:hadith:0256Bukhari.Sahih:6373	6373	6754	Fath al-Bari numbering	text match to 0256Bukhari.Sahih.Shamela0001681-ara1	0.93	
urn:hadith:0256Bukhari.Sahih:6374	6374	6755	Fath al-Bari numbering	text match to 0256Bukhari.Sahih.Shamela0001681-ara1	1.0	
urn:hadith:0256Bukhari.Sahih:6375	6375	6756	Fath al-Bari numbering	text match to 0256Bukhari.Sahih.Shamela0001681-ara1	0.79	
urn:hadith:0256Bukhari.Sahih:6376	6376	6757	Fath al-Bari numbering	text match to 0256Bukhari.Sahih.Shamela0001681-ara1	0.87	
urn:hadith:0256Bukhari.Sahih:6377	6377	6758	Fath al-Bari numbering	text match to 0256Bukhari.Sahih.Shamela0001681-ara1	1.0	
urn:hadith:0256Bukhari.Sahih:6378	6378	6759	Fath al-Bari numbering	text match to 0256Bukhari.Sahih.Shamela0001681-ara1	0.86	
urn:hadith:0256Bukhari.Sahih:6379	6379	6760	Fath al-Bari numbering	text match to 0256Bukhari.Sahih.Shamela0001681-ara1	0.92	
urn:hadith:0256Bukhari.Sahih:6380	6380	6761	Fath al-Bari numbering	text match to 0256Bukhari.Sahih.Shamela0001681-ara1	1.0	
urn:hadith:0256Bukhari.Sahih:6381	6381	6762	Fath al-Bari numbering	text match to 0256Bukhari.Sahih.Shamela0001681-ara1	0.74	
urn:hadith:0256Bukhari.Sahih:6382	6382	6763	Fath al-Bari numbering	text match to 0256Bukhari.Sahih.Shamela0001681-ara1	1.0	
urn:hadith:0256Bukhari.Sahih:6383	6383	6764	Fath al-Bari numbering	text match to 0256Bukhari.Sahih.Shamela0001681-ara1	0.76	
urn:hadith:0256Bukhari.Sahih:6384	6384	6765	Fath al-Bari numbering	text match to 0256Bukhari.Sahih.Shamela0001681-ara1	0.87	
urn:hadith:0256Bukhari.Sahih:6385	6385	6766	Fath al-Bari numbering	text match to 0256Bukhari.Sahih.Shamela0001681-ara1	0.59	
urn:hadith:0256Bukhari.Sahih:6386	6386	6768	Fath al-Bari numbering	text match to 0256Bukhari.Sahih.Shamela0001681-ara1	0.84	
urn:hadith:0256Bukhari.Sahih:6387	6387	6769	Fath al-Bari numbering	text match to 0256Bukhari.Sahih.Shamela0001681-ara1	0.93	
urn:hadith:0256Bukhari.Sahih:6388	6388	6770	Fath al-Bari numbering	text match to 0256Bukhari.Sahih.Shamela0001681-ara1	0.89	
urn:hadith:0256Bukhari.Sahih:6389	6389	6771	Fath al-Bari numbering	text match to 0256Bukhari.Sahih.Shamela0001681-ara1	0.71	
urn:hadith:0256Bukhari.Sahih:6390	6390	6772	Fath al-Bari numbering	text match to 0256Bukhari.Sahih.Shamela0001681-ara1	0.8	
urn:hadith:0256Bukhari.Sahih:6391	6391	6773	Fath al-Bari numbering	text match to 0256Bukhari.Sahih.Shamela0001681-ara1	0.9	
urn:hadith:0256Bukhari.Sahih:6392	6392	6774	Fath al-Bari numbering	text match to 0256Bukhari.Sahih.Shamela0001681-ara1	0.86	
urn:hadith:0256Bukhari.Sahih:6393	6393	6775	Fath al-Bari numbering	text match to 0256Bukhari.Sahih.Shamela0001681-ara1	1.0	
urn:hadith:0256Bukhari.Sahih:6394	6394	6776	Fath al-Bari numbering	text match to 0256Bukhari.Sahih.Shamela0001681-ara1	1.0	
urn:hadith:0256Bukhari.Sahih:6395	6395	6777	Fath al-Bari numbering	text match to 0256Bukhari.Sahih.Shamela0001681-ara1	1.0	
urn:hadith:0256Bukhari.Sahih:6396	6396	6778	Fath al-Bari numbering	text match to 0256Bukhari.Sahih.Shamela0001681-ara1	1.0	
urn:hadith:0256Bukhari.Sahih:6397	6397	6779	Fath al-Bari numbering	text match to 0256Bukhari.Sahih.Shamela0001681-ara1	1.0	
urn:hadith:0256Bukhari.Sahih:6398	6398	6780	Fath al-Bari numbering	text match to 0256Bukhari.Sahih.Shamela0001681-ara1	1.0	
urn:hadith:0256Bukhari.Sahih:6399	6399	6781	Fath al-Bari numbering	text match to 0256Bukhari.Sahih.Shamela0001681-ara1	0.92	
urn:hadith:0256Bukhari.Sahih:6400	6400	6782	Fath al-Bari numbering	text match to 0256Bukhari.Sahih.Shamela0001681-ara1	0.87	
urn:hadith:0256Bukhari.Sahih:6401	6401	6783	Fath al-Bari numbering	text match to 0256Bukhari.Sahih.Shamela0001681-ara1	1.0	
urn:hadith:0256Bukhari.Sahih:6402	6402	6784	Fath al-Bari numbering	text match to 0256Bukhari.Sahih.Shamela0001681-ara1	0.93	
urn:hadith:0256Bukhari.Sahih:6403	6403	6785	Fath al-Bari numbering	text match to 0256Bukhari.Sahih.Shamela0001681-ara1	1.0	
urn:hadith:0256Bukhari.Sahih:6404	6404	6786	Fath al-Bari numbering	text match to 0256Bukhari.Sahih.Shamela0001681-ara1	0.9	
urn:hadith:0256Bukhari.Sahih:6405	6405	6787	Fath al-Bari numbering	text match to 0256Bukhari.Sahih.Shamela0001681-ara1	0.67	
urn:hadith:0256Bukhari.Sahih:6406	6406	6788	Fath al-Bari numbering	text match to 0256Bukhari.Sahih.Shamela0001681-ara1	0.8	
urn:hadith:0256Bukhari.Sahih:6408	6408	6792	Fath al-Bari numbering	text match to 0256Bukhari.Sahih.Shamela0001681-ara1	1.0	
urn:hadith:0256Bukhari.Sahih:6409	6409	6793	Fath al-Bari numbering	text match to 0256Bukhari.Sahih.Shamela0001681-ara1	0.86	
urn:hadith:0256Bukhari.Sahih:6410	6410	6794	Fath al-Bari numbering	text match to 0256Bukhari.Sahih.Shamela0001681-ara1	1.0	
urn:hadith:0256Bukhari.Sahih:6411	6411	6795	Fath al-Bari numbering	text match to 0256Bukhari.Sahih.Shamela0001681-ara1	1.0	
urn:hadith:0256Bukhari.Sahih:6412	6412	6797	Fath al-Bari numbering	text match to 0256Bukhari.Sahih.Shamela0001681-ara1	0.66	
urn:hadith:0256Bukhari.Sahih:6413	6413	6798	Fath al-Bari numbering	text match to 0256Bukhari.Sahih.Shamela0001681-ara1	0.84	
urn:hadith:0256Bukhari.Sahih:6414	6414	6799	Fath al-Bari numbering	text match to 0256Bukhari.Sahih.Shamela0001681-ara1	1.0	
urn:hadith:0256Bukhari.Sahih:6415	6415	6800	Fath al-Bari numbering	text match to 0256Bukhari.Sahih.Shamela0001681-ara1	0.75	
urn:hadith:0256Bukhari.Sahih:6416	6416	6801	Fath al-Bari numbering	text match to 0256Bukhari.Sahih.Shamela0001681-ara1	1.0	
urn:hadith:0256Bukhari.Sahih:6417	6417	6802	Fath al-Bari numbering	text match to 0256Bukhari.Sahih.Shamela0001681-ara1	1.0	
urn:hadith:0256Bukhari.Sahih:6418	6418	6803	Fath al-Bari numbering	text match to 0256Bukhari.Sahih.Shamela0001681-ara1	1.0	
urn:hadith:0256Bukhari.Sahih:6419	6419	6804	Fath al-Bari numbering	text match to 0256Bukhari.Sahih.Shamela0001681-ara1	0.89	
urn:hadith:0256Bukhari.Sahih:6420	6420	6805	Fath al-Bari numbering	text match to 0256Bukhari.Sahih.Shamela0001681-ara1	0.93	
urn:hadith:0256Bukhari.Sahih:6421	6421	6806	Fath al-Bari numbering	text match to 0256Bukhari.Sahih.Shamela0001681-ara1	1.0	
urn:hadith:0256Bukhari.Sahih:6422	6422	6807	Fath al-Bari numbering	text match to 0256Bukhari.Sahih.Shamela0001681-ara1	1.0	
urn:hadith:0256Bukhari.Sahih:6423	6423	6808	Fath al-Bari numbering	text match to 0256Bukhari.Sahih.Shamela0001681-ara1	1.0	
urn:hadith:0256Bukhari.Sahih:6424	6424	6809	Fath al-Bari numbering	text match to 0256Bukhari.Sahih.Shamela0001681-ara1	0.93	
urn:hadith:0256Bukhari.Sahih:6425	6425	6810	Fath al-Bari numbering	text match to 0256Bukhari.Sahih.Shamela0001681-ara1	1.0	
urn:hadith:0256Bukhari.Sahih:6426	6426	6811	Fath al-Bari numbering	text match to 0256Bukhari.Sahih.Shamela0001681-ara1	1.0	
urn:hadith:0256Bukhari.Sahih:6427	6427	6812	Fath al-Bari numbering	text match to 0256Bukhari.Sahih.Shamela0001681-ara1	1.0	
urn:hadith:0256Bukhari.Sahih:6428	6428	6813	Fath al-Bari numbering	text match to 0256Bukhari.Sahih.Shamela0001681-ara1	1.0	
urn:hadith:0256Bukhari.Sahih:6429	6429	6814	Fath al-Bari numbering	text match to 0256Bukhari.Sahih.Shamela0001681-ara1	0.91	
urn:hadith:0256Bukhari.Sahih:6430	6430	6815	Fath al-Bari numbering	text match to 0256Bukhari.Sahih.Shamela0001681-ara1	0.93	
urn:hadith:0256Bukhari.Sahih:6431	6431	6817	Fath al-Bari numbering	text match to 0256Bukhari.Sahih.Shamela0001681-ara1	0.76	
urn:hadith:0256Bukhari.Sahih:6432	6432	6818	Fath al-Bari numbering	text match to 0256Bukhari.Sahih.Shamela0001681-ara1	1.0	
urn:hadith:0256Bukhari.Sahih:6433	6433	6819	Fath al-Bari numbering	text match to 0256Bukhari.Sahih.Shamela0001681-ara1	0.79	
urn:hadith:0256Bukhari.Sahih:6434	6434	6820	Fath al-Bari numbering	text match to 0256Bukhari.Sahih.Shamela0001681-ara1	0.99	
urn:hadith:0256Bukhari.Sahih:6435	6435	6821	Fath al-Bari numbering	text match to 0256Bukhari.Sahih.Shamela0001681-ara1	0.89	
urn:hadith:0256Bukhari.Sahih:6436	6436	6822	Fath al-Bari numbering	text match to 0256Bukhari.Sahih.Shamela0001681-ara1	1.0	
urn:hadith:0256Bukhari.Sahih:6437	6437	6823	Fath al-Bari numbering	text match to 0256Bukhari.Sahih.Shamela0001681-ara1	0.93	
urn:hadith:0256Bukhari.Sahih:6438	6438	6824	Fath al-Bari numbering	text match to 0256Bukhari.Sahih.Shamela0001681-ara1	0.89	
urn:hadith:0256Bukhari.Sahih:6439	6439	6825	Fath al-Bari numbering	text match to 0256Bukhari.Sahih.Shamela0001681-ara1	0.89	
urn:hadith:0256Bukhari.Sahih:6440	6440	6827	Fath al-Bari numbering	text match to 0256Bukhari.Sahih.Shamela0001681-ara1	1.0	
urn:hadith:0256Bukhari.Sahih:6441	6441	6829	Fath al-Bari numbering	text match to 0256Bukhari.Sahih.Shamela0001681-ara1	0.86	
urn:hadith:0256Bukhari.Sahih:6442	6442	6830	Fath al-Bari numbering	text match to 0256Bukhari.Sahih.Shamela0001681-ara1	0.87	
urn:hadith:0256Bukhari.Sahih:6443	6443	6831	Fath al-Bari numbering	text match to 0256Bukhari.Sahih.Shamela0001681-ara1	0.58	
urn:hadith:0256Bukhari.Sahih:6444	6444	6833	Fath al-Bari numbering	text match to 0256Bukhari.Sahih.Shamela0001681-ara1	0.76	
urn:hadith:0256Bukhari.Sahih:6445	6445	6834	Fath al-Bari numbering	text match to 0256Bukhari.Sahih.Shamela0001681-ara1	0.85	
urn:hadith:0256Bukhari.Sahih:6446	6446	6835	Fath al-Bari numbering	text match to 0256Bukhari.Sahih.Shamela0001681-ara1	0.93	
urn:hadith:0256Bukhari.Sahih:6447	6447	6837	Fath al-Bari numbering	text match to 0256Bukhari.Sahih.Shamela0001681-ara1	0.84	
urn:hadith:0256Bukhari.Sahih:6448	6448	6839	Fath al-Bari numbering	text match to 0256Bukhari.Sahih.Shamela0001681-ara1	1.0	
urn:hadith:0256Bukhari.Sahih:6449	6449	6840	Fath al-Bari numbering	text match to 0256Bukhari.Sahih.Shamela0001681-ara1	1.0	
urn:hadith:0256Bukhari.Sahih:6450	6450	6841	Fath al-Bari numbering	text match to 0256Bukhari.Sahih.Shamela0001681-ara1	0.93	
urn:hadith:0256Bukhari.Sahih:6451	6451	6842	Fath al-Bari numbering	text match to 0256Bukhari.Sahih.Shamela0001681-ara1	0.93	
urn:hadith:0256Bukhari.Sahih:6452	6452	6844	Fath al-Bari numbering	text match to 0256Bukhari.Sahih.Shamela0001681-ara1	1.0	
urn:hadith:0256Bukhari.Sahih:6453	6453	6845	Fath al-Bari numbering	text match to 0256Bukhari.Sahih.Shamela0001681-ara1	0.88	
urn:hadith:0256Bukhari.Sahih:6454	6454	6846	Fath al-Bari numbering	text match to 0256Bukhari.Sahih.Shamela0001681-ara1	1.0	
urn:hadith:0256Bukhari.Sahih:6455	6455	6847	Fath al-Bari numbering	text match to 0256Bukhari.Sahih.Shamela0001681-ara1	0.92	
urn:hadith:0256Bukhari.Sahih:6456	6456	6848	Fath al-Bari numbering	text match to 0256Bukhari.Sahih.Shamela0001681-ara1	1.0	
urn:hadith:0256Bukhari.Sahih:6457	6457	6849	Fath al-Bari numbering	text match to 0256Bukhari.Sahih.Shamela0001681-ara1	1.0	
urn:hadith:0256Bukhari.Sahih:6458	6458	6850	Fath al-Bari numbering	text match to 0256Bukhari.Sahih.Shamela0001681-ara1	0.92	
urn:hadith:0256Bukhari.Sahih:6459	6459	6851	Fath al-Bari numbering	text match to 0256Bukhari.Sahih.Shamela0001681-ara1	0.88	
urn:hadith:0256Bukhari.Sahih:6460	6460	6852	Fath al-Bari numbering	text match to 0256Bukhari.Sahih.Shamela0001681-ara1	0.92	
urn:hadith:0256Bukhari.Sahih:6461	6461	6853	Fath al-Bari numbering	text match to 0256Bukhari.Sahih.Shamela0001681-ara1	0.85	
urn:hadith:0256Bukhari.Sahih:6462	6462	6854	Fath al-Bari numbering	text match to 0256Bukhari.Sahih.Shamela0001681-ara1	0.86	
urn:hadith:0256Bukhari.Sahih:6463	6463	6855	Fath al-Bari numbering	text match to 0256Bukhari.Sahih.Shamela0001681-ara1	0.88	
urn:hadith:0256Bukhari.Sahih:6464	6464	6856	Fath al-Bari numbering	text match to 0256Bukhari.Sahih.Shamela0001681-ara1	0.93	
urn:hadith:0256Bukhari.Sahih:6465	6465	6857	Fath al-Bari numbering	text match to 0256Bukhari.Sahih.Shamela0001681-ara1	1.0	
urn:hadith:0256Bukhari.Sahih:6466	6466	6858	Fath al-Bari numbering	text match to 0256Bukhari.Sahih.Shamela0001681-ara1	0.88	
urn:hadith:0256Bukhari.Sahih:6467	6467	6859	Fath al-Bari numbering	text match to 0256Bukhari.Sahih.Shamela0001681-ara1	0.93	
urn:hadith:0256Bukhari.Sahih:6468	6468	6861	Fath al-Bari numbering	text match to 0256Bukhari.Sahih.Shamela0001681-ara1	1.0	
urn:hadith:0256Bukhari.Sahih:6469	6469	6862	Fath al-Bari numbering	text match to 0256Bukhari.Sahih.Shamela0001681-ara1	0.72	
urn:hadith:0256Bukhari.Sahih:6470	6470	6863	Fath al-Bari numbering	text match to 0256Bukhari.Sahih.Shamela0001681-ara1	1.0	
urn:hadith:0256Bukhari.Sahih:6471	6471	6864	Fath al-Bari numbering	text match to 0256Bukhari.Sahih.Shamela0001681-ara1	1.0	
urn:hadith:0256Bukhari.Sahih:6472	6472	6865	Fath al-Bari numbering	text match to 0256Bukhari.Sahih.Shamela0001681-ara1	0.87	
urn:hadith:0256Bukhari.Sahih:6473	6473	6867	Fath al-Bari numbering	text match to 0256Bukhari.Sahih.Shamela0001681-ara1	0.85	
urn:hadith:0256Bukhari.Sahih:6474	6474	6868	Fath al-Bari numbering	text match to 0256Bukhari.Sahih.Shamela0001681-ara1	1.0	
urn:hadith:0256Bukhari.Sahih:6475	6475	6869	Fath al-Bari numbering	text match to 0256Bukhari.Sahih.Shamela0001681-ara1	0.9	
urn:hadith:0256Bukhari.Sahih:6476	6476	6870	Fath al-Bari numbering	text match to 0256Bukhari.Sahih.Shamela0001681-ara1	1.0	
urn:hadith:0256Bukhari.Sahih:6477	6477	6871	Fath al-Bari numbering	text match to 0256Bukhari.Sahih.Shamela0001681-ara1	0.77	
urn:hadith:0256Bukhari.Sahih:6478	6478	6872	Fath al-Bari numbering	text match to 0256Bukhari.Sahih.Shamela0001681-ara1	1.0	
urn:hadith:0256Bukhari.Sahih:6479	6479	6873	Fath al-Bari numbering	text match to 0256Bukhari.Sahih.Shamela0001681-ara1	1.0	
urn:hadith:0256Bukhari.Sahih:6480	6480	6874	Fath al-Bari numbering	text match to 0256Bukhari.Sahih.Shamela0001681-ara1	0.85	
urn:hadith:0256Bukhari.Sahih:6481	6481	6875	Fath al-Bari numbering	text match to 0256Bukhari.Sahih.Shamela0001681-ara1	1.0	
urn:hadith:0256Bukhari.Sahih:6482	6482	6876	Fath al-Bari numbering	text match to 0256Bukhari.Sahih.Shamela0001681-ara1	1.0	
urn:hadith:0256Bukhari.Sahih:6483	6483	6877	Fath al-Bari numbering	text match to 0256Bukhari.Sahih.Shamela0001681-ara1	1.0	
urn:hadith:0256Bukhari.Sahih:6484	6484	6878	Fath al-Bari numbering	text match to 0256Bukhari.Sahih.Shamela0001681-ara1	0.91	
urn:hadith:0256Bukhari.Sahih:6485	6485	6879	Fath al-Bari numbering	text match to 0256Bukhari.Sahih.Shamela0001681-ara1	1.0	
urn:hadith:0256Bukhari.Sahih:6486	6486	6880	Fath al-Bari numbering	text match to 0256Bukhari.Sahih.Shamela0001681-ara1	1.0	
urn:hadith:0256Bukhari.Sahih:6487	6487	6881	Fath al-Bari numbering	text match to 0256Bukhari.Sahih.Shamela0001681-ara1	0.67	
urn:hadith:0256Bukhari.Sahih:6488	6488	6882	Fath al-Bari numbering	text match to 0256Bukhari.Sahih.Shamela0001681-ara1	0.88	
urn:hadith:0256Bukhari.Sahih:6489	6489	6883	Fath al-Bari numbering	text match to 0256Bukhari.Sahih.Shamela0001681-ara1	0.84	
urn:hadith:0256Bukhari.Sahih:6490	6490	6884	Fath al-Bari numbering	text match to 0256Bukhari.Sahih.Shamela0001681-ara1	1.0	
urn:hadith:0256Bukhari.Sahih:6491	6491	6885	Fath al-Bari numbering	text match to 0256Bukhari.Sahih.Shamela0001681-ara1	1.0	
urn:hadith:0256Bukhari.Sahih:6492	6492	6886	Fath al-Bari numbering	text match to 0256Bukhari.Sahih.Shamela0001681-ara1	0.92	
urn:hadith:0256Bukhari.Sahih:6493	6493	6887	Fath al-Bari numbering	text match to 0256Bukhari.Sahih.Shamela0001681-ara1	0.59	
urn:hadith:0256Bukhari.Sahih:6494	6494	6889	Fath al-Bari numbering	text match to 0256Bukhari.Sahih.Shamela0001681-ara1	1.0	
urn:hadith:0256Bukhari.Sahih:6495	6495	6890	Fath al-Bari numbering	text match to 0256Bukhari.Sahih.Shamela0001681-ara1	1.0	
urn:hadith:0256Bukhari.Sahih:6496	6496	6891	Fath al-Bari numbering	text match to 0256Bukhari.Sahih.Shamela0001681-ara1	0.93	
urn:hadith:0256Bukhari.Sahih:6497	6497	6892	Fath al-Bari numbering	text match to 0256Bukhari.Sahih.Shamela0001681-ara1	0.85	
urn:hadith:0256Bukhari.Sahih:6498	6498	6893	Fath al-Bari numbering	text match to 0256Bukhari.Sahih.Shamela0001681-ara1	0.79	
urn:hadith:0256Bukhari.Sahih:6499	6499	6894	Fath al-Bari numbering	text match to 0256Bukhari.Sahih.Shamela0001681-ara1	1.0	
urn:hadith:0256Bukhari.Sahih:6500	6500	6895	Fath al-Bari numbering	text match to 0256Bukhari.Sahih.Shamela0001681-ara1	0.67	
urn:hadith:0256Bukhari.Sahih:6501	6501	6897	Fath al-Bari numbering	text match to 0256Bukhari.Sahih.Shamela0001681-ara1	0.93	
urn:hadith:0256Bukhari.Sahih:6502	6502	6898	Fath al-Bari numbering	text match to 0256Bukhari.Sahih.Shamela0001681-ara1	0.86	
urn:hadith:0256Bukhari.Sahih:6503	6503	6899	Fath al-Bari numbering	text match to 0256Bukhari.Sahih.Shamela0001681-ara1	0.93	
urn:hadith:0256Bukhari.Sahih:6504	6504	6900	Fath al-Bari numbering	text match to 0256Bukhari.Sahih.Shamela0001681-ara1	0.68	
urn:hadith:0256Bukhari.Sahih:6505	6505	6901	Fath al-Bari numbering	text match to 0256Bukhari.Sahih.Shamela0001681-ara1	0.92	
urn:hadith:0256Bukhari.Sahih:6506	6506	6902	Fath al-Bari numbering	text match to 0256Bukhari.Sahih.Shamela0001681-ara1	0.85	
urn:hadith:0256Bukhari.Sahih:6507	6507	6903	Fath al-Bari numbering	text match to 0256Bukhari.Sahih.Shamela0001681-ara1	0.85	
urn:hadith:0256Bukhari.Sahih:6508	6508	6904	Fath al-Bari numbering	text match to 0256Bukhari.Sahih.Shamela0001681-ara1	0.88	
urn:hadith:0256Bukhari.Sahih:6509	6509	6905	Fath al-Bari numbering	text match to 0256Bukhari.Sahih.Shamela0001681-ara1	0.73	
urn:hadith:0256Bukhari.Sahih:6510	6510	6907	Fath al-Bari numbering	text match to 0256Bukhari.Sahih.Shamela0001681-ara1	0.59	
urn:hadith:0256Bukhari.Sahih:6511	6511	6909	Fath al-Bari numbering	text match to 0256Bukhari.Sahih.Shamela0001681-ara1	0.91	
urn:hadith:0256Bukhari.Sahih:6512	6512	6910	Fath al-Bari numbering	text match to 0256Bukhari.Sahih.Shamela0001681-ara1	0.77	
urn:hadith:0256Bukhari.Sahih:6513	6513	6911	Fath al-Bari numbering	text match to 0256Bukhari.Sahih.Shamela0001681-ara1	1.0	
urn:hadith:0256Bukhari.Sahih:6514	6514	6912	Fath al-Bari numbering	text match to 0256Bukhari.Sahih.Shamela0001681-ara1	0.86	
urn:hadith:0256Bukhari.Sahih:6515	6515	6913	Fath al-Bari numbering	text match to 0256Bukhari.Sahih.Shamela0001681-ara1	1.0	
urn:hadith:0256Bukhari.Sahih:6516	6516	6914	Fath al-Bari numbering	text match to 0256Bukhari.Sahih.Shamela0001681-ara1	1.0	
urn:hadith:0256Bukhari.Sahih:6517	6517	6915	Fath al-Bari numbering	text match to 0256Bukhari.Sahih.Shamela0001681-ara1	0.8	
urn:hadith:0256Bukhari.Sahih:6518	6518	6916	Fath al-Bari numbering	text match to 0256Bukhari.Sahih.Shamela0001681-ara1	1.0	
urn:hadith:0256Bukhari.Sahih:6519	6519	6917	Fath al-Bari numbering	text match to 0256Bukhari.Sahih.Shamela0001681-ara1	0.76	
urn:hadith:0256Bukhari.Sahih:6520	6520	4776	Fath al-Bari numbering	text match to 0256Bukhari.Sahih.Shamela0001681-ara1	0.77	shared number, out of order
urn:hadith:0256Bukhari.Sahih:6521	6521	6919	Fath al-Bari numbering	text match to 0256Bukhari.Sahih.Shamela0001681-ara1	1.0	
urn:hadith:0256Bukhari.Sahih:6522	6522	6920	Fath al-Bari numbering	text match to 0256Bukhari.Sahih.Shamela0001681-ara1	1.0	
urn:hadith:0256Bukhari.Sahih:6523	6523	6921	Fath al-Bari numbering	text match to 0256Bukhari.Sahih.Shamela0001681-ara1	0.88	
urn:hadith:0256Bukhari.Sahih:6524	6524	6922	Fath al-Bari numbering	text match to 0256Bukhari.Sahih.Shamela0001681-ara1	0.9	
urn:hadith:0256Bukhari.Sahih:6525	6525	6923	Fath al-Bari numbering	text match to 0256Bukhari.Sahih.Shamela0001681-ara1	1.0	
urn:hadith:0256Bukhari.Sahih:6526	6526	6924	Fath al-Bari numbering	text match to 0256Bukhari.Sahih.Shamela0001681-ara1	0.87	
urn:hadith:0256Bukhari.Sahih:6527	6527	6926	Fath al-Bari numbering	text match to 0256Bukhari.Sahih.Shamela0001681-ara1	1.0	
urn:hadith:0256Bukhari.Sahih:6528	6528	6927	Fath al-Bari numbering	text match to 0256Bukhari.Sahih.Shamela0001681-ara1	0.78	
urn:hadith:0256Bukhari.Sahih:6529	6529	6928	Fath al-Bari numbering	text match to 0256Bukhari.Sahih.Shamela0001681-ara1	0.88	
urn:hadith:0256Bukhari.Sahih:6530	6530	6929	Fath al-Bari numbering	text match to 0256Bukhari.Sahih.Shamela0001681-ara1	1.0	
urn:hadith:0256Bukhari.Sahih:6531	6531	6930	Fath al-Bari numbering	text match to 0256Bukhari.Sahih.Shamela0001681-ara1	1.0	
urn:hadith:0256Bukhari.Sahih:6532	6532	6931	Fath al-Bari numbering	text match to 0256Bukhari.Sahih.Shamela0001681-ara1	0.93	
urn:hadith:0256Bukhari.Sahih:6533	6533	6932	Fath al-Bari numbering	text match to 0256Bukhari.Sahih.Shamela0001681-ara1	0.83	
urn:hadith:0256Bukhari.Sahih:6534	6534	6933	Fath al-Bari numbering	text match to 0256Bukhari.Sahih.Shamela0001681-ara1	0.84	
urn:hadith:0256Bukhari.Sahih:6535	6535	6934	Fath al-Bari numbering	text match to 0256Bukhari.Sahih.Shamela0001681-ara1	0.89	
urn:hadith:0256Bukhari.Sahih:6536	6536	6935	Fath al-Bari numbering	text match to 0256Bukhari.Sahih.Shamela0001681-ara1	1.0	
urn:hadith:0256Bukhari.Sahih:6537	6537	6936	Fath al-Bari numbering	text match to 0256Bukhari.Sahih.Shamela0001681-ara1	0.87	
urn:hadith:0256Bukhari.Sahih:6538	6538	6937	Fath al-Bari numbering	text match to 0256Bukhari.Sahih.Shamela0001681-ara1	0.84	
urn:hadith:0256Bukhari.Sahih:6539	6539	6938	Fath al-Bari numbering	text match to 0256Bukhari.Sahih.Shamela0001681-ara1	0.93	
urn:hadith:0256Bukhari.Sahih:6540	6540	6939	Fath al-Bari numbering	text match to 0256Bukhari.Sahih.Shamela0001681-ara1	1.0	
urn:hadith:0256Bukhari.Sahih:6541	6541	6940	Fath al-Bari numbering	text match to 0256Bukhari.Sahih.Shamela0001681-ara1	1.0	
urn:hadith:0256Bukhari.Sahih:6542	6542	6941	Fath al-Bari numbering	text match to 0256Bukhari.Sahih.Shamela0001681-ara1	1.0	
urn:hadith:0256Bukhari.Sahih:6544	6544	6943	Fath al-Bari numbering	text match to 0256Bukhari.Sahih.Shamela0001681-ara1	1.0	
urn:hadith:0256Bukhari.Sahih:6545	6545	6944	Fath al-Bari numbering	text match to 0256Bukhari.Sahih.Shamela0001681-ara1	1.0	
urn:hadith:0256Bukhari.Sahih:6546	6546	6945	Fath al-Bari numbering	text match to 0256Bukhari.Sahih.Shamela0001681-ara1	1.0	
urn:hadith:0256Bukhari.Sahih:6547	6547	6946	Fath al-Bari numbering	text match to 0256Bukhari.Sahih.Shamela0001681-ara1	0.54	
urn:hadith:0256Bukhari.Sahih:6548	6548	6947	Fath al-Bari numbering	text match to 0256Bukhari.Sahih.Shamela0001681-ara1	0.9	
urn:hadith:0256Bukhari.Sahih:6549	6549	6948	Fath al-Bari numbering	text match to 0256Bukhari.Sahih.Shamela0001681-ara1	0.67	
urn:hadith:0256Bukhari.Sahih:6550	6550	6950	Fath al-Bari numbering	text match to 0256Bukhari.Sahih.Shamela0001681-ara1	0.86	
urn:hadith:0256Bukhari.Sahih:6551	6551	6951	Fath al-Bari numbering	text match to 0256Bukhari.Sahih.Shamela0001681-ara1	0.82	
urn:hadith:0256Bukhari.Sahih:6552	6552	6952	Fath al-Bari numbering	text match to 0256Bukhari.Sahih.Shamela0001681-ara1	0.93	
urn:hadith:0256Bukhari.Sahih:6553	6553	6953	Fath al-Bari numbering	text match to 0256Bukhari.Sahih.Shamela0001681-ara1	1.0	
urn:hadith:0256Bukhari.Sahih:6554	6554	6954	Fath al-Bari numbering	text match to 0256Bukhari.Sahih.Shamela0001681-ara1	1.0	
urn:hadith:0256Bukhari.Sahih:6555	6555	6955	Fath al-Bari numbering	text match to 0256Bukhari.Sahih.Shamela0001681-ara1	1.0	
urn:hadith:0256Bukhari.Sahih:6556	6556	6956	Fath al-Bari numbering	text match to 0256Bukhari.Sahih.Shamela0001681-ara1	0.96	
urn:hadith:0256Bukhari.Sahih:6557	6557	6957	Fath al-Bari numbering	text match to 0256Bukhari.Sahih.Shamela0001681-ara1	0.59	
urn:hadith:0256Bukhari.Sahih:6558	6558	6959	Fath al-Bari numbering	text match to 0256Bukhari.Sahih.Shamela0001681-ara1	0.79	
urn:hadith:0256Bukhari.Sahih:6559	6559	6960	Fath al-Bari numbering	text match to 0256Bukhari.Sahih.Shamela0001681-ara1	1.0	
urn:hadith:0256Bukhari.Sahih:6560	6560	6961	Fath al-Bari numbering	text match to 0256Bukhari.Sahih.Shamela0001681-ara1	0.92	
urn:hadith:0256Bukhari.Sahih:6561	6561	6962	Fath al-Bari numbering	text match to 0256Bukhari.Sahih.Shamela0001681-ara1	1.0	
urn:hadith:0256Bukhari.Sahih:6562	6562	6963	Fath al-Bari numbering	text match to 0256Bukhari.Sahih.Shamela0001681-ara1	0.71	
urn:hadith:0256Bukhari.Sahih:6563	6563	6964	Fath al-Bari numbering	text match to 0256Bukhari.Sahih.Shamela0001681-ara1	1.0	
urn:hadith:0256Bukhari.Sahih:6564	6564	6965	Fath al-Bari numbering	text match to 0256Bukhari.Sahih.Shamela0001681-ara1	0.89	
urn:hadith:0256Bukhari.Sahih:6565	6565	6966	Fath al-Bari numbering	text match to 0256Bukhari.Sahih.Shamela0001681-ara1	1.0	
urn:hadith:0256Bukhari.Sahih:6566	6566	6967	Fath al-Bari numbering	text match to 0256Bukhari.Sahih.Shamela0001681-ara1	0.91	
urn:hadith:0256Bukhari.Sahih:6567	6567	6968	Fath al-Bari numbering	text match to 0256Bukhari.Sahih.Shamela0001681-ara1	0.91	
urn:hadith:0256Bukhari.Sahih:6568	6568	6969	Fath al-Bari numbering	text match to 0256Bukhari.Sahih.Shamela0001681-ara1	1.0	
urn:hadith:0256Bukhari.Sahih:6569	6569	6970	Fath al-Bari numbering	text match to 0256Bukhari.Sahih.Shamela0001681-ara1	1.0	
urn:hadith:0256Bukhari.Sahih:6570	6570	6971	Fath al-Bari numbering	text match to 0256Bukhari.Sahih.Shamela0001681-ara1	0.71	
urn:hadith:0256Bukhari.Sahih:6571	6571	6972	Fath al-Bari numbering	text match to 0256Bukhari.Sahih.Shamela0001681-ara1	0.8	
urn:hadith:0256Bukhari.Sahih:6572	6572	6973	Fath al-Bari numbering	text match to 0256Bukhari.Sahih.Shamela0001681-ara1	0.8	
urn:hadith:0256Bukhari.Sahih:6573	6573	6974	Fath al-Bari numbering	text match to 0256Bukhari.Sahih.Shamela0001681-ara1	1.0	
urn:hadith:0256Bukhari.Sahih:6574	6574	6975	Fath al-Bari numbering	text match to 0256Bukhari.Sahih.Shamela0001681-ara1	0.83	
urn:hadith:0256Bukhari.Sahih:6575	6575	6976	Fath al-Bari numbering	text match to 0256Bukhari.Sahih.Shamela0001681-ara1	1.0	
urn:hadith:0256Bukhari.Sahih:6576	6576	6977	Fath al-Bari numbering	text match to 0256Bukhari.Sahih.Shamela0001681-ara1	0.84	
urn:hadith:0256Bukhari.Sahih:6577	6577	6978	Fath al-Bari numbering	text match to 0256Bukhari.Sahih.Shamela0001681-ara1	0.91	
urn:hadith:0256Bukhari.Sahih:6578	6578	6979	Fath al-Bari numbering	text match to 0256Bukhari.Sahih.Shamela0001681-ara1	0.93	
urn:hadith:0256Bukhari.Sahih:6579	6579	6980	Fath al-Bari numbering	text match to 0256Bukhari.Sahih.Shamela0001681-ara1	0.86	
urn:hadith:0256Bukhari.Sahih:6580	6580	6981	Fath al-Bari numbering	text match to 0256Bukhari.Sahih.Shamela0001681-ara1	0.78	
urn:hadith:0256Bukhari.Sahih:6581	6581	6982	Fath al-Bari numbering	text match to 0256Bukhari.Sahih.Shamela0001681-ara1	0.93	
urn:hadith:0256Bukhari.Sahih:6582	6582	6983	Fath al-Bari numbering	text match to 0256Bukhari.Sahih.Shamela0001681-ara1	1.0	
urn:hadith:0256Bukhari.Sahih:6583	6583	6984	Fath al-Bari numbering	text match to 0256Bukhari.Sahih.Shamela0001681-ara1	0.83	
urn:hadith:0256Bukhari.Sahih:6584	6584	6985	Fath al-Bari numbering	text match to 0256Bukhari.Sahih.Shamela0001681-ara1	0.91	
urn:hadith:0256Bukhari.Sahih:6585	6585	6986	Fath al-Bari numbering	text match to 0256Bukhari.Sahih.Shamela0001681-ara1	1.0	
urn:hadith:0256Bukhari.Sahih:6586	6586	6987	Fath al-Bari numbering	text match to 0256Bukhari.Sahih.Shamela0001681-ara1	1.0	
urn:hadith:0256Bukhari.Sahih:6587	6587	6988	Fath al-Bari numbering	text match to 0256Bukhari.Sahih.Shamela0001681-ara1	0.9	
urn:hadith:0256Bukhari.Sahih:6588	6588	6989	Fath al-Bari numbering	text match to 0256Bukhari.Sahih.Shamela0001681-ara1	0.85	
urn:hadith:0256Bukhari.Sahih:6589	6589	6990	Fath al-Bari numbering	text match to 0256Bukhari.Sahih.Shamela0001681-ara1	1.0	
urn:hadith:0256Bukhari.Sahih:6590	6590	6991	Fath al-Bari numbering	text match to 0256Bukhari.Sahih.Shamela0001681-ara1	0.77	
urn:hadith:0256Bukhari.Sahih:6591	6591	6992	Fath al-Bari numbering	text match to 0256Bukhari.Sahih.Shamela0001681-ara1	1.0	
urn:hadith:0256Bukhari.Sahih:6592	6592	6993	Fath al-Bari numbering	text match to 0256Bukhari.Sahih.Shamela0001681-ara1	0.88	
urn:hadith:0256Bukhari.Sahih:6593	6593	6994	Fath al-Bari numbering	text match to 0256Bukhari.Sahih.Shamela0001681-ara1	1.0	
urn:hadith:0256Bukhari.Sahih:6594	6594	6995	Fath al-Bari numbering	text match to 0256Bukhari.Sahih.Shamela0001681-ara1	1.0	
urn:hadith:0256Bukhari.Sahih:6595	6595	6996	Fath al-Bari numbering	text match to 0256Bukhari.Sahih.Shamela0001681-ara1	0.91	
urn:hadith:0256Bukhari.Sahih:6596	6596	6997	Fath al-Bari numbering	text match to 0256Bukhari.Sahih.Shamela0001681-ara1	0.84	
urn:hadith:0256Bukhari.Sahih:6597	6597	6998	Fath al-Bari numbering	text match to 0256Bukhari.Sahih.Shamela0001681-ara1	1.0	
urn:hadith:0256Bukhari.Sahih:6598	6598	6999	Fath al-Bari numbering	text match to 0256Bukhari.Sahih.Shamela0001681-ara1	0.93	
urn:hadith:0256Bukhari.Sahih:6599	6599	7000	Fath al-Bari numbering	text match to 0256Bukhari.Sahih.Shamela0001681-ara1	0.67	
urn:hadith:0256Bukhari.Sahih:6600	6600	7001	Fath al-Bari numbering	text match to 0256Bukhari.Sahih.Shamela0001681-ara1	0.7	
urn:hadith:0256Bukhari.Sahih:6601	6601	7003	Fath al-Bari numbering	text match to 0256Bukhari.Sahih.Shamela0001681-ara1	0.93	
urn:hadith:0256Bukhari.Sahih:6602	6602	7004	Fath al-Bari numbering	text match to 0256Bukhari.Sahih.Shamela0001681-ara1	1.0	
urn:hadith:0256Bukhari.Sahih:6603	6603	7005	Fath al-Bari numbering	text match to 0256Bukhari.Sahih.Shamela0001681-ara1	0.9	
urn:hadith:0256Bukhari.Sahih:6604	6604	7006	Fath al-Bari numbering	text match to 0256Bukhari.Sahih.Shamela0001681-ara1	0.9	
urn:hadith:0256Bukhari.Sahih:6605	6605	7007	Fath al-Bari numbering	text match to 0256Bukhari.Sahih.Shamela0001681-ara1	0.93	
urn:hadith:0256Bukhari.Sahih:6606	6606	7008	Fath al-Bari numbering	text match to 0256Bukhari.Sahih.Shamela0001681-ara1	0.85	
urn:hadith:0256Bukhari.Sahih:6607	6607	7009	Fath al-Bari numbering	text match to 0256Bukhari.Sahih.Shamela0001681-ara1	0.92	
urn:hadith:0256Bukhari.Sahih:6608	6608	7010	Fath al-Bari numbering	text match to 0256Bukhari.Sahih.Shamela0001681-ara1	0.93	
urn:hadith:0256Bukhari.Sahih:6609	6609	7011	Fath al-Bari numbering	text match to 0256Bukhari.Sahih.Shamela0001681-ara1	1.0	
urn:hadith:0256Bukhari.Sahih:6610	6610	7012	Fath al-Bari numbering	text match to 0256Bukhari.Sahih.Shamela0001681-ara1	0.92	
urn:hadith:0256Bukhari.Sahih:6611	6611	7013	Fath al-Bari numbering	text match to 0256Bukhari.Sahih.Shamela0001681-ara1	0.92	
urn:hadith:0256Bukhari.Sahih:6612	6612	7014	Fath al-Bari numbering	text match to 0256Bukhari.Sahih.Shamela0001681-ara1	0.8	
urn:hadith:0256Bukhari.Sahih:6613	6613	7015	Fath al-Bari numbering	text match to 0256Bukhari.Sahih.Shamela0001681-ara1	0.5	
urn:hadith:0256Bukhari.Sahih:6614	6614	7017	Fath al-Bari numbering	text match to 0256Bukhari.Sahih.Shamela0001681-ara1	0.91	
urn:hadith:0256Bukhari.Sahih:6615	6615	7018	Fath al-Bari numbering	text match to 0256Bukhari.Sahih.Shamela0001681-ara1	1.0	
urn:hadith:0256Bukhari.Sahih:6616	6616	7019	Fath al-Bari numbering	text match to 0256Bukhari.Sahih.Shamela0001681-ara1	0.88	
urn:hadith:0256Bukhari.Sahih:6617	6617	7020	Fath al-Bari numbering	text match to 0256Bukhari.Sahih.Shamela0001681-ara1	0.62	
urn:hadith:0256Bukhari.Sahih:6618	6618	7021	Fath al-Bari numbering	text match to 0256Bukhari.Sahih.Shamela0001681-ara1	0.86	
urn:hadith:0256Bukhari.Sahih:6619	6619	7022	Fath al-Bari numbering	text match to 0256Bukhari.Sahih.Shamela0001681-ara1	0.92	
urn:hadith:0256Bukhari.Sahih:6620	6620	7023	Fath al-Bari numbering	text match to 0256Bukhari.Sahih.Shamela0001681-ara1	0.93	
urn:hadith:0256Bukhari.Sahih:6621	6621	7024	Fath al-Bari numbering	text match to 0256Bukhari.Sahih.Shamela0001681-ara1	0.91	
urn:hadith:0256Bukhari.Sahih:6622	6622	7025	Fath al-Bari numbering	text match to 0256Bukhari.Sahih.Shamela0001681-ara1	0.92	
urn:hadith:0256Bukhari.Sahih:6623	6623	7026	Fath al-Bari numbering	text match to 0256Bukhari.Sahih.Shamela0001681-ara1	0.89	
urn:hadith:0256Bukhari.Sahih:6624	6624	7027	Fath al-Bari numbering	text match to 0256Bukhari.Sahih.Shamela0001681-ara1	0.91	
urn:hadith:0256Bukhari.Sahih:6625	6625	7028	Fath al-Bari numbering	text match to 0256Bukhari.Sahih.Shamela0001681-ara1	0.93	
urn:hadith:0256Bukhari.Sahih:6626	6626	7030	Fath al-Bari numbering	text match to 0256Bukhari.Sahih.Shamela0001681-ara1	0.92	
urn:hadith:0256Bukhari.Sahih:6627	6627	7032	Fath al-Bari numbering	text match to 0256Bukhari.Sahih.Shamela0001681-ara1	0.9	
urn:hadith:0256Bukhari.Sahih:6628	6628	4379	Fath al-Bari numbering	text match to 0256Bukhari.Sahih.Shamela0001681-ara1	0.54	out of order
urn:hadith:0256Bukhari.Sahih:6629	6629	7035	Fath al-Bari numbering	text match to 0256Bukhari.Sahih.Shamela0001681-ara1	0.86	
urn:hadith:0256Bukhari.Sahih:6631	6631	7038	Fath al-Bari numbering	text match to 0256Bukhari.Sahih.Shamela0001681-ara1	1.0	
urn:hadith:0256Bukhari.Sahih:6632	6632	7039	Fath al-Bari numbering	text match to 0256Bukhari.Sahih.Shamela0001681-ara1	0.96	
urn:hadith:0256Bukhari.Sahih:6633	6633	7040	Fath al-Bari numbering	text match to 0256Bukhari.Sahih.Shamela0001681-ara1	0.86	
urn:hadith:0256Bukhari.Sahih:6634	6634	7041	Fath al-Bari numbering	text match to 0256Bukhari.Sahih.Shamela0001681-ara1	1.0	
urn:hadith:0256Bukhari.Sahih:6635	6635	7042	Fath al-Bari numbering	text match to 0256Bukhari.Sahih.Shamela0001681-ara1	0.93	
urn:hadith:0256Bukhari.Sahih:6636	6636	7043	Fath al-Bari numbering	text match to 0256Bukhari.Sahih.Shamela0001681-ara1	0.62	
urn:hadith:0256Bukhari.Sahih:6637	6637	7044	Fath al-Bari numbering	text match to 0256Bukhari.Sahih.Shamela0001681-ara1	0.93	
urn:hadith:0256Bukhari.Sahih:6638	6638	7045	Fath al-Bari numbering	text match to 0256Bukhari.Sahih.Shamela0001681-ara1	0.84	
urn:hadith:0256Bukhari.Sahih:6639	6639	7046	Fath al-Bari numbering	text match to 0256Bukhari.Sahih.Shamela0001681-ara1	0.87	
urn:hadith:0256Bukhari.Sahih:6640	6640	7047	Fath al-Bari numbering	text match to 0256Bukhari.Sahih.Shamela0001681-ara1	0.92	
urn:hadith:0256Bukhari.Sahih:6641	6641	7048	Fath al-Bari numbering	text match to 0256Bukhari.Sahih.Shamela0001681-ara1	0.73	
urn:hadith:0256Bukhari.Sahih:6642	6642	7049	Fath al-Bari numbering	text match to 0256Bukhari.Sahih.Shamela0001681-ara1	0.88	
urn:hadith:0256Bukhari.Sahih:6643	6643	7050	Fath al-Bari numbering	text match to 0256Bukhari.Sahih.Shamela0001681-ara1	0.82	
urn:hadith:0256Bukhari.Sahih:6644	6644	7052	Fath al-Bari numbering	text match to 0256Bukhari.Sahih.Shamela0001681-ara1	0.9	
urn:hadith:0256Bukhari.Sahih:6645	6645	7053	Fath al-Bari numbering	text match to 0256Bukhari.Sahih.Shamela0001681-ara1	0.74	
urn:hadith:0256Bukhari.Sahih:6646	6646	7054	Fath al-Bari numbering	text match to 0256Bukhari.Sahih.Shamela0001681-ara1	0.88	
urn:hadith:0256Bukhari.Sahih:6647	6647	7055	Fath al-Bari numbering	text match to 0256Bukhari.Sahih.Shamela0001681-ara1	0.54	
urn:hadith:0256Bukhari.Sahih:6648	6648	7057	Fath al-Bari numbering	text match to 0256Bukhari.Sahih.Shamela0001681-ara1	1.0	
urn:hadith:0256Bukhari.Sahih:6649	6649	7058	Fath al-Bari numbering	text match to 0256Bukhari.Sahih.Shamela0001681-ara1	1.0	
urn:hadith:0256Bukhari.Sahih:6650	6650	7059	Fath al-Bari numbering	text match to 0256Bukhari.Sahih.Shamela0001681-ara1	0.93	
urn:hadith:0256Bukhari.Sahih:6651	6651	7060	Fath al-Bari numbering	text match to 0256Bukhari.Sahih.Shamela0001681-ara1	0.9	
urn:hadith:0256Bukhari.Sahih:6652	6652	7061	Fath al-Bari numbering	text match to 0256Bukhari.Sahih.Shamela0001681-ara1	0.74	
urn:hadith:0256Bukhari.Sahih:6653	6653	7062	Fath al-Bari numbering	text match to 0256Bukhari.Sahih.Shamela0001681-ara1	1.0	
urn:hadith:0256Bukhari.Sahih:6654	6654	7064	Fath al-Bari numbering	text match to 0256Bukhari.Sahih.Shamela0001681-ara1	0.62	
urn:hadith:0256Bukhari.Sahih:6655	6655	7065	Fath al-Bari numbering	text match to 0256Bukhari.Sahih.Shamela0001681-ara1	1.0	
urn:hadith:0256Bukhari.Sahih:6657	6657	7068	Fath al-Bari numbering	text match to 0256Bukhari.Sahih.Shamela0001681-ara1	0.87	
urn:hadith:0256Bukhari.Sahih:6658	6658	7069	Fath al-Bari numbering	text match to 0256Bukhari.Sahih.Shamela0001681-ara1	0.87	
urn:hadith:0256Bukhari.Sahih:6659	6659	7070	Fath al-Bari numbering	text match to 0256Bukhari.Sahih.Shamela0001681-ara1	1.0	
urn:hadith:0256Bukhari.Sahih:6660	6660	7071	Fath al-Bari numbering	text match to 0256Bukhari.Sahih.Shamela0001681-ara1	1.0	
urn:hadith:0256Bukhari.Sahih:6661	6661	7072	Fath al-Bari numbering	text match to 0256Bukhari.Sahih.Shamela0001681-ara1	0.85	
urn:hadith:0256Bukhari.Sahih:6662	6662	7073	Fath al-Bari numbering	text match to 0256Bukhari.Sahih.Shamela0001681-ara1	1.0	
urn:hadith:0256Bukhari.Sahih:6663	6663	7074	Fath al-Bari numbering	text match to 0256Bukhari.Sahih.Shamela0001681-ara1	0.8	
urn:hadith:0256Bukhari.Sahih:6664	6664	7075	Fath al-Bari numbering	text match to 0256Bukhari.Sahih.Shamela0001681-ara1	0.98	
urn:hadith:0256Bukhari.Sahih:6665	6665	7076	Fath al-Bari numbering	text match to 0256Bukhari.Sahih.Shamela0001681-ara1	1.0	
urn:hadith:0256Bukhari.Sahih:6666	6666	7077	Fath al-Bari numbering	text match to 0256Bukhari.Sahih.Shamela0001681-ara1	0.81	
urn:hadith:0256Bukhari.Sahih:6667	6667	7078	Fath al-Bari numbering	text match to 0256Bukhari.Sahih.Shamela0001681-ara1	0.89	
urn:hadith:0256Bukhari.Sahih:6668	6668	7079	Fath al-Bari numbering	text match to 0256Bukhari.Sahih.Shamela0001681-ara1	0.83	
urn:hadith:0256Bukhari.Sahih:6669	6669	7080	Fath al-Bari numbering	text match to 0256Bukhari.Sahih.Shamela0001681-ara1	1.0	
urn:hadith:0256Bukhari.Sahih:6670	6670	7081	Fath al-Bari numbering	text match to 0256Bukhari.Sahih.Shamela0001681-ara1	0.86	
urn:hadith:0256Bukhari.Sahih:6671	6671	7082	Fath al-Bari numbering	text match to 0256Bukhari.Sahih.Shamela0001681-ara1	1.0	
urn:hadith:0256Bukhari.Sahih:6672	6672	7083	Fath al-Bari numbering	text match to 0256Bukhari.Sahih.Shamela0001681-ara1	0.93	
urn:hadith:0256Bukhari.Sahih:6673	6673	7084	Fath al-Bari numbering	text match to 0256Bukhari.Sahih.Shamela0001681-ara1	0.93	
urn:hadith:0256Bukhari.Sahih:6674	6674	7085	Fath al-Bari numbering	text match to 0256Bukhari.Sahih.Shamela0001681-ara1	0.93	
urn:hadith:0256Bukhari.Sahih:6675	6675	7086	Fath al-Bari numbering	text match to 0256Bukhari.Sahih.Shamela0001681-ara1	1.0	
urn:hadith:0256Bukhari.Sahih:6676	6676	7087	Fath al-Bari numbering	text match to 0256Bukhari.Sahih.Shamela0001681-ara1	0.9	
urn:hadith:0256Bukhari.Sahih:6677	6677	7088	Fath al-Bari numbering	text match to 0256Bukhari.Sahih.Shamela0001681-ara1	1.0	
urn:hadith:0256Bukhari.Sahih:6678	6678	7089	Fath al-Bari numbering	text match to 0256Bukhari.Sahih.Shamela0001681-ara1	0.93	
urn:hadith:0256Bukhari.Sahih:6679	6679	7092	Fath al-Bari numbering	text match to 0256Bukhari.Sahih.Shamela0001681-ara1	1.0	
urn:hadith:0256Bukhari.Sahih:6680	6680	7093	Fath al-Bari numbering	text match to 0256Bukhari.Sahih.Shamela0001681-ara1	0.84	
urn:hadith:0256Bukhari.Sahih:6681	6681	7094	Fath al-Bari numbering	text match to 0256Bukhari.Sahih.Shamela0001681-ara1	0.84	
urn:hadith:0256Bukhari.Sahih:6682	6682	7095	Fath al-Bari numbering	text match to 0256Bukhari.Sahih.Shamela0001681-ara1	0.91	
urn:hadith:0256Bukhari.Sahih:6683	6683	7096	Fath al-Bari numbering	text match to 0256Bukhari.Sahih.Shamela0001681-ara1	0.97	
urn:hadith:0256Bukhari.Sahih:6684	6684	7097	Fath al-Bari numbering	text match to 0256Bukhari.Sahih.Shamela0001681-ara1	0.93	
urn:hadith:0256Bukhari.Sahih:6685	6685	7098	Fath al-Bari numbering	text match to 0256Bukhari.Sahih.Shamela0001681-ara1	1.0	
urn:hadith:0256Bukhari.Sahih:6686	6686	7099	Fath al-Bari numbering	text match to 0256Bukhari.Sahih.Shamela0001681-ara1	1.0	
urn:hadith:0256Bukhari.Sahih:6687	6687	7100	Fath al-Bari numbering	text match to 0256Bukhari.Sahih.Shamela0001681-ara1	1.0	
urn:hadith:0256Bukhari.Sahih:6688	6688	7101	Fath al-Bari numbering	text match to 0256Bukhari.Sahih.Shamela0001681-ara1	0.84	
urn:hadith:0256Bukhari.Sahih:6689	6689	7102	Fath al-Bari numbering	text match to 0256Bukhari.Sahih.Shamela0001681-ara1	1.0	
urn:hadith:0256Bukhari.Sahih:6690	6690	7105	Fath al-Bari numbering	text match to 0256Bukhari.Sahih.Shamela0001681-ara1	1.0	
urn:hadith:0256Bukhari.Sahih:6691	6691	7108	Fath al-Bari numbering	text match to 0256Bukhari.Sahih.Shamela0001681-ara1	0.89	
urn:hadith:0256Bukhari.Sahih:6692	6692	7109	Fath al-Bari numbering	text match to 0256Bukhari.Sahih.Shamela0001681-ara1	0.84	
urn:hadith:0256Bukhari.Sahih:6693	6693	7110	Fath al-Bari numbering	text match to 0256Bukhari.Sahih.Shamela0001681-ara1	0.84	
urn:hadith:0256Bukhari.Sahih:6694	6694	7111	Fath al-Bari numbering	text match to 0256Bukhari.Sahih.Shamela0001681-ara1	0.87	
urn:hadith:0256Bukhari.Sahih:6695	6695	7112	Fath al-Bari numbering	text match to 0256Bukhari.Sahih.Shamela0001681-ara1	0.87	
urn:hadith:0256Bukhari.Sahih:6696	6696	7113	Fath al-Bari numbering	text match to 0256Bukhari.Sahih.Shamela0001681-ara1	1.0	
urn:hadith:0256Bukhari.Sahih:6697	6697	7114	Fath al-Bari numbering	text match to 0256Bukhari.Sahih.Shamela0001681-ara1	1.0	
urn:hadith:0256Bukhari.Sahih:6698	6698	7115	Fath al-Bari numbering	text match to 0256Bukhari.Sahih.Shamela0001681-ara1	1.0	
urn:hadith:0256Bukhari.Sahih:6699	6699	7116	Fath al-Bari numbering	text match to 0256Bukhari.Sahih.Shamela0001681-ara1	1.0	
urn:hadith:0256Bukhari.Sahih:6700	6700	7117	Fath al-Bari numbering	text match to 0256Bukhari.Sahih.Shamela0001681-ara1	1.0	
urn:hadith:0256Bukhari.Sahih:6701	6701	7118	Fath al-Bari numbering	text match to 0256Bukhari.Sahih.Shamela0001681-ara1	1.0	
urn:hadith:0256Bukhari.Sahih:6702	6702	7119	Fath al-Bari numbering	text match to 0256Bukhari.Sahih.Shamela0001681-ara1	1.0	
urn:hadith:0256Bukhari.Sahih:6703	6703	7120	Fath al-Bari numbering	text match to 0256Bukhari.Sahih.Shamela0001681-ara1	1.0	
urn:hadith:0256Bukhari.Sahih:6704	6704	7121	Fath al-Bari numbering	text match to 0256Bukhari.Sahih.Shamela0001681-ara1	0.93	
urn:hadith:0256Bukhari.Sahih:6705	6705	7122	Fath al-Bari numbering	text match to 0256Bukhari.Sahih.Shamela0001681-ara1	0.91	
urn:hadith:0256Bukhari.Sahih:6705#6716	6705#6716	7123	Fath al-Bari numbering	text match to 0256Bukhari.Sahih.Shamela0001681-ara1	0.78	
urn:hadith:0256Bukhari.Sahih:6706	6706	7124	Fath al-Bari numbering	text match to 0256Bukhari.Sahih.Shamela0001681-ara1	1.0	
urn:hadith:0256Bukhari.Sahih:6707	6707	7126	Fath al-Bari numbering	text match to 0256Bukhari.Sahih.Shamela0001681-ara1	0.72	
urn:hadith:0256Bukhari.Sahih:6708	6708	7127	Fath al-Bari numbering	text match to 0256Bukhari.Sahih.Shamela0001681-ara1	0.92	
urn:hadith:0256Bukhari.Sahih:6709	6709	7128	Fath al-Bari numbering	text match to 0256Bukhari.Sahih.Shamela0001681-ara1	0.72	
urn:hadith:0256Bukhari.Sahih:6710	6710	7129	Fath al-Bari numbering	text match to 0256Bukhari.Sahih.Shamela0001681-ara1	0.84	
urn:hadith:0256Bukhari.Sahih:6711	6711	7130	Fath al-Bari numbering	text match to 0256Bukhari.Sahih.Shamela0001681-ara1	1.0	
urn:hadith:0256Bukhari.Sahih:6712	6712	7131	Fath al-Bari numbering	text match to 0256Bukhari.Sahih.Shamela0001681-ara1	0.89	
urn:hadith:0256Bukhari.Sahih:6713	6713	7132	Fath al-Bari numbering	text match to 0256Bukhari.Sahih.Shamela0001681-ara1	1.0	
urn:hadith:0256Bukhari.Sahih:6714	6714	7133	Fath al-Bari numbering	text match to 0256Bukhari.Sahih.Shamela0001681-ara1	1.0	
urn:hadith:0256Bukhari.Sahih:6715	6715	7134	Fath al-Bari numbering	text match to 0256Bukhari.Sahih.Shamela0001681-ara1	1.0	
urn:hadith:0256Bukhari.Sahih:6716	6716	7135	Fath al-Bari numbering	text match to 0256Bukhari.Sahih.Shamela0001681-ara1	0.93	
urn:hadith:0256Bukhari.Sahih:6717	6717	7136	Fath al-Bari numbering	text match to 0256Bukhari.Sahih.Shamela0001681-ara1	0.71	
urn:hadith:0256Bukhari.Sahih:6718	6718	7137	Fath al-Bari numbering	text match to 0256Bukhari.Sahih.Shamela0001681-ara1	1.0	
urn:hadith:0256Bukhari.Sahih:6719	6719	7138	Fath al-Bari numbering	text match to 0256Bukhari.Sahih.Shamela0001681-ara1	0.68	
urn:hadith:0256Bukhari.Sahih:6720	6720	7139	Fath al-Bari numbering	text match to 0256Bukhari.Sahih.Shamela0001681-ara1	0.93	
urn:hadith:0256Bukhari.Sahih:6721	6721	7140	Fath al-Bari numbering	text match to 0256Bukhari.Sahih.Shamela0001681-ara1	0.81	
urn:hadith:0256Bukhari.Sahih:6722	6722	7141	Fath al-Bari numbering	text match to 0256Bukhari.Sahih.Shamela0001681-ara1	1.0	shared number
urn:hadith:0256Bukhari.Sahih:6723	6723	7142	Fath al-Bari numbering	text match to 0256Bukhari.Sahih.Shamela0001681-ara1	1.0	
urn:hadith:0256Bukhari.Sahih:6724	6724	7143	Fath al-Bari numbering	text match to 0256Bukhari.Sahih.Shamela0001681-ara1	0.72	
urn:hadith:0256Bukhari.Sahih:6725	6725	7144	Fath al-Bari numbering	text match to 0256Bukhari.Sahih.Shamela0001681-ara1	1.0	
urn:hadith:0256Bukhari.Sahih:6726	6726	7145	Fath al-Bari numbering	text match to 0256Bukhari.Sahih.Shamela0001681-ara1	0.93	
urn:hadith:0256Bukhari.Sahih:6727	6727	7146	Fath al-Bari numbering	text match to 0256Bukhari.Sahih.Shamela0001681-ara1	0.93	
urn:hadith:0256Bukhari.Sahih:6728	6728	7147	Fath al-Bari numbering	text match to 0256Bukhari.Sahih.Shamela0001681-ara1	1.0	
urn:hadith:0256Bukhari.Sahih:6729	6729	7148	Fath al-Bari numbering	text match to 0256Bukhari.Sahih.Shamela0001681-ara1	0.91	
urn:hadith:0256Bukhari.Sahih:6730	6730	7149	Fath al-Bari numbering	text match to 0256Bukhari.Sahih.Shamela0001681-ara1	1.0	
urn:hadith:0256Bukhari.Sahih:6731	6731	7150	Fath al-Bari numbering	text match to 0256Bukhari.Sahih.Shamela0001681-ara1	0.81	
urn:hadith:0256Bukhari.Sahih:6732	6732	7151	Fath al-Bari numbering	text match to 0256Bukhari.Sahih.Shamela0001681-ara1	1.0	
urn:hadith:0256Bukhari.Sahih:6733	6733	7152	Fath al-Bari numbering	text match to 0256Bukhari.Sahih.Shamela0001681-ara1	0.86	
urn:hadith:0256Bukhari.Sahih:6734	6734	7153	Fath al-Bari numbering	text match to 0256Bukhari.Sahih.Shamela0001681-ara1	1.0	
urn:hadith:0256Bukhari.Sahih:6735	6735	7154	Fath al-Bari numbering	text match to 0256Bukhari.Sahih.Shamela0001681-ara1	0.92	
urn:hadith:0256Bukhari.Sahih:6736	6736	7155	Fath al-Bari numbering	text match to 0256Bukhari.Sahih.Shamela0001681-ara1	0.68	
urn:hadith:0256Bukhari.Sahih:6737	6737	7156	Fath al-Bari numbering	text match to 0256Bukhari.Sahih.Shamela0001681-ara1	0.83	
urn:hadith:0256Bukhari.Sahih:6738	6738	7157	Fath al-Bari numbering	text match to 0256Bukhari.Sahih.Shamela0001681-ara1	0.9	
urn:hadith:0256Bukhari.Sahih:6739	6739	7158	Fath al-Bari numbering	text match to 0256Bukhari.Sahih.Shamela0001681-ara1	1.0	
urn:hadith:0256Bukhari.Sahih:6740	6740	7159	Fath al-Bari numbering	text match to 0256Bukhari.Sahih.Shamela0001681-ara1	0.93	
urn:hadith:0256Bukhari.Sahih:6741	6741	7160	Fath al-Bari numbering	text match to 0256Bukhari.Sahih.Shamela0001681-ara1	0.91	
urn:hadith:0256Bukhari.Sahih:6742	6742	7161	Fath al-Bari numbering	text match to 0256Bukhari.Sahih.Shamela0001681-ara1	1.0	
urn:hadith:0256Bukhari.Sahih:6743	6743	7162	Fath al-Bari numbering	text match to 0256Bukhari.Sahih.Shamela0001681-ara1	0.89	
urn:hadith:0256Bukhari.Sahih:6744	6744	7163	Fath al-Bari numbering	text match to 0256Bukhari.Sahih.Shamela0001681-ara1	0.82	
urn:hadith:0256Bukhari.Sahih:6745	6745	7165	Fath al-Bari numbering	text match to 0256Bukhari.Sahih.Shamela0001681-ara1	0.74	
urn:hadith:0256Bukhari.Sahih:6746	6746	7166	Fath al-Bari numbering	text match to 0256Bukhari.Sahih.Shamela0001681-ara1	0.78	
urn:hadith:0256Bukhari.Sahih:6747	6747	7167	Fath al-Bari numbering	text match to 0256Bukhari.Sahih.Shamela0001681-ara1	0.8	
urn:hadith:0256Bukhari.Sahih:6748	6748	7168	Fath al-Bari numbering	text match to 0256Bukhari.Sahih.Shamela0001681-ara1	0.92	
urn:hadith:0256Bukhari.Sahih:6749	6749	7170	Fath al-Bari numbering	text match to 0256Bukhari.Sahih.Shamela0001681-ara1	0.93	
urn:hadith:0256Bukhari.Sahih:6750	6750	7171	Fath al-Bari numbering	text match to 0256Bukhari.Sahih.Shamela0001681-ara1	0.71	
urn:hadith:0256Bukhari.Sahih:6751	6751	7172	Fath al-Bari numbering	text match to 0256Bukhari.Sahih.Shamela0001681-ara1	1.0	
urn:hadith:0256Bukhari.Sahih:6752	6752	7173	Fath al-Bari numbering	text match to 0256Bukhari.Sahih.Shamela0001681-ara1	1.0	
urn:hadith:0256Bukhari.Sahih:6753	6753	7174	Fath al-Bari numbering	text match to 0256Bukhari.Sahih.Shamela0001681-ara1	0.87	
urn:hadith:0256Bukhari.Sahih:6754	6754	7175	Fath al-Bari numbering	text match to 0256Bukhari.Sahih.Shamela0001681-ara1	0.78	
urn:hadith:0256Bukhari.Sahih:6755	6755	7176	Fath al-Bari numbering	text match to 0256Bukhari.Sahih.Shamela0001681-ara1	0.86	
urn:hadith:0256Bukhari.Sahih:6756	6756	7178	Fath al-Bari numbering	text match to 0256Bukhari.Sahih.Shamela0001681-ara1	1.0	
urn:hadith:0256Bukhari.Sahih:6757	6757	7179	Fath al-Bari numbering	text match to 0256Bukhari.Sahih.Shamela0001681-ara1	1.0	
urn:hadith:0256Bukhari.Sahih:6758	6758	7180	Fath al-Bari numbering	text match to 0256Bukhari.Sahih.Shamela0001681-ara1	1.0	
urn:hadith:0256Bukhari.Sahih:6759	6759	7181	Fath al-Bari numbering	text match to 0256Bukhari.Sahih.Shamela0001681-ara1	0.93	
urn:hadith:0256Bukhari.Sahih:6760	6760	7182	Fath al-Bari numbering	text match to 0256Bukhari.Sahih.Shamela0001681-ara1	0.74	shared number
urn:hadith:0256Bukhari.Sahih:6761	6761	7183	Fath al-Bari numbering	text match to 0256Bukhari.Sahih.Shamela0001681-ara1	0.92	
urn:hadith:0256Bukhari.Sahih:6762	6762	7184	Fath al-Bari numbering	text match to 0256Bukhari.Sahih.Shamela0001681-ara1	1.0	
urn:hadith:0256Bukhari.Sahih:6763	6763	7186	Fath al-Bari numbering	text match to 0256Bukhari.Sahih.Shamela0001681-ara1	0.84	
urn:hadith:0256Bukhari.Sahih:6764	6764	7187	Fath al-Bari numbering	text match to 0256Bukhari.Sahih.Shamela0001681-ara1	0.92	
urn:hadith:0256Bukhari.Sahih:6765	6765	7188	Fath al-Bari numbering	text match to 0256Bukhari.Sahih.Shamela0001681-ara1	0.72	
urn:hadith:0256Bukhari.Sahih:6766	6766	7189	Fath al-Bari numbering	text match to 0256Bukhari.Sahih.Shamela0001681-ara1	0.87	
urn:hadith:0256Bukhari.Sahih:6767	6767	7190	Fath al-Bari numbering	text match to 0256Bukhari.Sahih.Shamela0001681-ara1	0.93	
urn:hadith:0256Bukhari.Sahih:6768	6768	7191	Fath al-Bari numbering	text match to 0256Bukhari.Sahih.Shamela0001681-ara1	0.87	
urn:hadith:0256Bukhari.Sahih:6769	6769	7192	Fath al-Bari numbering	text match to 0256Bukhari.Sahih.Shamela0001681-ara1	0.97	
urn:hadith:0256Bukhari.Sahih:6770	6770	7193	Fath al-Bari numbering	text match to 0256Bukhari.Sahih.Shamela0001681-ara1	0.87	
urn:hadith:0256Bukhari.Sahih:6771	6771	7196	Fath al-Bari numbering	text match to 0256Bukhari.Sahih.Shamela0001681-ara1	1.0	
urn:hadith:0256Bukhari.Sahih:6772	6772	7197	Fath al-Bari numbering	text match to 0256Bukhari.Sahih.Shamela0001681-ara1	0.93	
urn:hadith:0256Bukhari.Sahih:6773	6773	7198	Fath al-Bari numbering	text match to 0256Bukhari.Sahih.Shamela0001681-ara1	0.7	
urn:hadith:0256Bukhari.Sahih:6774	6774	7199	Fath al-Bari numbering	text match to 0256Bukhari.Sahih.Shamela0001681-ara1	1.0	
urn:hadith:0256Bukhari.Sahih:6775	6775	7201	Fath al-Bari numbering	text match to 0256Bukhari.Sahih.Shamela0001681-ara1	0.91	
urn:hadith:0256Bukhari.Sahih:6776	6776	7202	Fath al-Bari numbering	text match to 0256Bukhari.Sahih.Shamela0001681-ara1	1.0	
urn:hadith:0256Bukhari.Sahih:6777	6777	7203	Fath al-Bari numbering	text match to 0256Bukhari.Sahih.Shamela0001681-ara1	0.88	
urn:hadith:0256Bukhari.Sahih:6778	6778	7204	Fath al-Bari numbering	text match to 0256Bukhari.Sahih.Shamela0001681-ara1	1.0	
urn:hadith:0256Bukhari.Sahih:6779	6779	7205	Fath al-Bari numbering	text match to 0256Bukhari.Sahih.Shamela0001681-ara1	1.0	
urn:hadith:0256Bukhari.Sahih:6780	6780	7206	Fath al-Bari numbering	text match to 0256Bukhari.Sahih.Shamela0001681-ara1	0.82	
urn:hadith:0256Bukhari.Sahih:6781	6781	7207	Fath al-Bari numbering	text match to 0256Bukhari.Sahih.Shamela0001681-ara1	1.0	
urn:hadith:0256Bukhari.Sahih:6782	6782	7208	Fath al-Bari numbering	text match to 0256Bukhari.Sahih.Shamela0001681-ara1	1.0	
urn:hadith:0256Bukhari.Sahih:6783	6783	7209	Fath al-Bari numbering	text match to 0256Bukhari.Sahih.Shamela0001681-ara1	0.96	
urn:hadith:0256Bukhari.Sahih:6784	6784	7210	Fath al-Bari numbering	text match to 0256Bukhari.Sahih.Shamela0001681-ara1	0.93	
urn:hadith:0256Bukhari.Sahih:6785	6785	7211	Fath al-Bari numbering	text match to 0256Bukhari.Sahih.Shamela0001681-ara1	0.99	
urn:hadith:0256Bukhari.Sahih:6786	6786	7212	Fath al-Bari numbering	text match to 0256Bukhari.Sahih.Shamela0001681-ara1	0.86	
urn:hadith:0256Bukhari.Sahih:6787	6787	7213	Fath al-Bari numbering	text match to 0256Bukhari.Sahih.Shamela0001681-ara1	0.93	
urn:hadith:0256Bukhari.Sahih:6788	6788	7214	Fath al-Bari numbering	text match to 0256Bukhari.Sahih.Shamela0001681-ara1	0.91	
urn:hadith:0256Bukhari.Sahih:6789	6789	7215	Fath al-Bari numbering	text match to 0256Bukhari.Sahih.Shamela0001681-ara1	0.93	
urn:hadith:0256Bukhari.Sahih:6790	6790	7216	Fath al-Bari numbering	text match to 0256Bukhari.Sahih.Shamela0001681-ara1	0.95	
urn:hadith:0256Bukhari.Sahih:6791	6791	7217	Fath al-Bari numbering	text match to 0256Bukhari.Sahih.Shamela0001681-ara1	0.92	
urn:hadith:0256Bukhari.Sahih:6792	6792	7218	Fath al-Bari numbering	text match to 0256Bukhari.Sahih.Shamela0001681-ara1	0.91	
urn:hadith:0256Bukhari.Sahih:6793	6793	7219	Fath al-Bari numbering	text match to 0256Bukhari.Sahih.Shamela0001681-ara1	0.99	
urn:hadith:0256Bukhari.Sahih:6794	6794	7220	Fath al-Bari numbering	text match to 0256Bukhari.Sahih.Shamela0001681-ara1	1.0	
urn:hadith:0256Bukhari.Sahih:6795	6795	7221	Fath al-Bari numbering	text match to 0256Bukhari.Sahih.Shamela0001681-ara1	1.0	
urn:hadith:0256Bukhari.Sahih:6796	6796	7222	Fath al-Bari numbering	text match to 0256Bukhari.Sahih.Shamela0001681-ara1	1.0	
urn:hadith:0256Bukhari.Sahih:6797	6797	7224	Fath al-Bari numbering	text match to 0256Bukhari.Sahih.Shamela0001681-ara1	0.92	
urn:hadith:0256Bukhari.Sahih:6798	6798	7225	Fath al-Bari numbering	text match to 0256Bukhari.Sahih.Shamela0001681-ara1	0.93	
urn:hadith:0256Bukhari.Sahih:6799	6799	7226	Fath al-Bari numbering	text match to 0256Bukhari.Sahih.Shamela0001681-ara1	0.92	
urn:hadith:0256Bukhari.Sahih:6800	6800	7227	Fath al-Bari numbering	text match to 0256Bukhari.Sahih.Shamela0001681-ara1	0.92	
urn:hadith:0256Bukhari.Sahih:6801	6801	7228	Fath al-Bari numbering	text match to 0256Bukhari.Sahih.Shamela0001681-ara1	1.0	
urn:hadith:0256Bukhari.Sahih:6802	6802	7229	Fath al-Bari numbering	text match to 0256Bukhari.Sahih.Shamela0001681-ara1	0.85	
urn:hadith:0256Bukhari.Sahih:6803	6803	7230	Fath al-Bari numbering	text match to 0256Bukhari.Sahih.Shamela0001681-ara1	0.93	
urn:hadith:0256Bukhari.Sahih:6804	6804	7231	Fath al-Bari numbering	text match to 0256Bukhari.Sahih.Shamela0001681-ara1	0.86	
urn:hadith:0256Bukhari.Sahih:6805	6805	7232	Fath al-Bari numbering	text match to 0256Bukhari.Sahih.Shamela0001681-ara1	0.98	
urn:hadith:0256Bukhari.Sahih:6806	6806	7233	Fath al-Bari numbering	text match to 0256Bukhari.Sahih.Shamela0001681-ara1	1.0	
urn:hadith:0256Bukhari.Sahih:6807	6807	7234	Fath al-Bari numbering	text match to 0256Bukhari.Sahih.Shamela0001681-ara1	0.83	
urn:hadith:0256Bukhari.Sahih:6808	6808	7235	Fath al-Bari numbering	text match to 0256Bukhari.Sahih.Shamela0001681-ara1	0.9	
urn:hadith:0256Bukhari.Sahih:6809	6809	7236	Fath al-Bari numbering	text match to 0256Bukhari.Sahih.Shamela0001681-ara1	1.0	
urn:hadith:0256Bukhari.Sahih:6810	6810	7237	Fath al-Bari numbering	text match to 0256Bukhari.Sahih.Shamela0001681-ara1	1.0	
urn:hadith:0256Bukhari.Sahih:6811	6811	7238	Fath al-Bari numbering	text match to 0256Bukhari.Sahih.Shamela0001681-ara1	0.88	
urn:hadith:0256Bukhari.Sahih:6812	6812	7239	Fath al-Bari numbering	text match to 0256Bukhari.Sahih.Shamela0001681-ara1	0.87	
urn:hadith:0256Bukhari.Sahih:6813	6813	7240	Fath al-Bari numbering	text match to 0256Bukhari.Sahih.Shamela0001681-ara1	1.0	
urn:hadith:0256Bukhari.Sahih:6814	6814	7241	Fath al-Bari numbering	text match to 0256Bukhari.Sahih.Shamela0001681-ara1	1.0	
urn:hadith:0256Bukhari.Sahih:6815	6815	7242	Fath al-Bari numbering	text match to 0256Bukhari.Sahih.Shamela0001681-ara1	0.92	
urn:hadith:0256Bukhari.Sahih:6816	6816	7243	Fath al-Bari numbering	text match to 0256Bukhari.Sahih.Shamela0001681-ara1	0.75	
urn:hadith:0256Bukhari.Sahih:6817	6817	7244	Fath al-Bari numbering	text match to 0256Bukhari.Sahih.Shamela0001681-ara1	1.0	
urn:hadith:0256Bukhari.Sahih:6818	6818	7245	Fath al-Bari numbering	text match to 0256Bukhari.Sahih.Shamela0001681-ara1	1.0	
urn:hadith:0256Bukhari.Sahih:6819	6819	7246	Fath al-Bari numbering	text match to 0256Bukhari.Sahih.Shamela0001681-ara1	1.0	
urn:hadith:0256Bukhari.Sahih:6820	6820	7247	Fath al-Bari numbering	text match to 0256Bukhari.Sahih.Shamela0001681-ara1	0.89	
urn:hadith:0256Bukhari.Sahih:6821	6821	7248	Fath al-Bari numbering	text match to 0256Bukhari.Sahih.Shamela0001681-ara1	0.92	
urn:hadith:0256Bukhari.Sahih:6822	6822	7249	Fath al-Bari numbering	text match to 0256Bukhari.Sahih.Shamela0001681-ara1	1.0	
urn:hadith:0256Bukhari.Sahih:6823	6823	7250	Fath al-Bari numbering	text match to 0256Bukhari.Sahih.Shamela0001681-ara1	1.0	
urn:hadith:0256Bukhari.Sahih:6824	6824	7251	Fath al-Bari numbering	text match to 0256Bukhari.Sahih.Shamela0001681-ara1	1.0	
urn:hadith:0256Bukhari.Sahih:6825	6825	7252	Fath al-Bari numbering	text match to 0256Bukhari.Sahih.Shamela0001681-ara1	0.93	
urn:hadith:0256Bukhari.Sahih:6826	6826	7253	Fath al-Bari numbering	text match to 0256Bukhari.Sahih.Shamela0001681-ara1	1.0	
urn:hadith:0256Bukhari.Sahih:6827	6827	7254	Fath al-Bari numbering	text match to 0256Bukhari.Sahih.Shamela0001681-ara1	1.0	
urn:hadith:0256Bukhari.Sahih:6828	6828	7255	Fath al-Bari numbering	text match to 0256Bukhari.Sahih.Shamela0001681-ara1	1.0	
urn:hadith:0256Bukhari.Sahih:6829	6829	7256	Fath al-Bari numbering	text match to 0256Bukhari.Sahih.Shamela0001681-ara1	0.92	
urn:hadith:0256Bukhari.Sahih:6830	6830	7257	Fath al-Bari numbering	text match to 0256Bukhari.Sahih.Shamela0001681-ara1	0.93	
urn:hadith:0256Bukhari.Sahih:6831	6831	7258	Fath al-Bari numbering	text match to 0256Bukhari.Sahih.Shamela0001681-ara1	0.85	
urn:hadith:0256Bukhari.Sahih:6832	6832	7260	Fath al-Bari numbering	text match to 0256Bukhari.Sahih.Shamela0001681-ara1	1.0	
urn:hadith:0256Bukhari.Sahih:6833	6833	7261	Fath al-Bari numbering	text match to 0256Bukhari.Sahih.Shamela0001681-ara1	0.67	
urn:hadith:0256Bukhari.Sahih:6834	6834	7262	Fath al-Bari numbering	text match to 0256Bukhari.Sahih.Shamela0001681-ara1	0.92	
urn:hadith:0256Bukhari.Sahih:6835	6835	7263	Fath al-Bari numbering	text match to 0256Bukhari.Sahih.Shamela0001681-ara1	0.9	
urn:hadith:0256Bukhari.Sahih:6836	6836	7264	Fath al-Bari numbering	text match to 0256Bukhari.Sahih.Shamela0001681-ara1	0.85	
urn:hadith:0256Bukhari.Sahih:6837	6837	7265	Fath al-Bari numbering	text match to 0256Bukhari.Sahih.Shamela0001681-ara1	1.0	
urn:hadith:0256Bukhari.Sahih:6838	6838	7266	Fath al-Bari numbering	text match to 0256Bukhari.Sahih.Shamela0001681-ara1	0.87	
urn:hadith:0256Bukhari.Sahih:6839	6839	7267	Fath al-Bari numbering	text match to 0256Bukhari.Sahih.Shamela0001681-ara1	0.93	
urn:hadith:0256Bukhari.Sahih:6840	6840	7268	Fath al-Bari numbering	text match to 0256Bukhari.Sahih.Shamela0001681-ara1	0.84	
urn:hadith:0256Bukhari.Sahih:6841	6841	7269	Fath al-Bari numbering	text match to 0256Bukhari.Sahih.Shamela0001681-ara1	0.84	
urn:hadith:0256Bukhari.Sahih:6842	6842	7270	Fath al-Bari numbering	text match to 0256Bukhari.Sahih.Shamela0001681-ara1	0.76	
urn:hadith:0256Bukhari.Sahih:6843	6843	7271	Fath al-Bari numbering	text match to 0256Bukhari.Sahih.Shamela0001681-ara1	0.86	
urn:hadith:0256Bukhari.Sahih:6844	6844	7272	Fath al-Bari numbering	text match to 0256Bukhari.Sahih.Shamela0001681-ara1	0.86	
urn:hadith:0256Bukhari.Sahih:6845	6845	7273	Fath al-Bari numbering	text match to 0256Bukhari.Sahih.Shamela0001681-ara1	0.92	
urn:hadith:0256Bukhari.Sahih:6846	6846	7274	Fath al-Bari numbering	text match to 0256Bukhari.Sahih.Shamela0001681-ara1	0.89	
urn:hadith:0256Bukhari.Sahih:6847	6847	7275	Fath al-Bari numbering	text match to 0256Bukhari.Sahih.Shamela0001681-ara1	0.87	
urn:hadith:0256Bukhari.Sahih:6848	6848	7276	Fath al-Bari numbering	text match to 0256Bukhari.Sahih.Shamela0001681-ara1	0.86	
urn:hadith:0256Bukhari.Sahih:6849	6849	7277	Fath al-Bari numbering	text match to 0256Bukhari.Sahih.Shamela0001681-ara1	0.86	
urn:hadith:0256Bukhari.Sahih:6850	6850	7278	Fath al-Bari numbering	text match to 0256Bukhari.Sahih.Shamela0001681-ara1	0.79	
urn:hadith:0256Bukhari.Sahih:6851	6851	7280	Fath al-Bari numbering	text match to 0256Bukhari.Sahih.Shamela0001681-ara1	1.0	
urn:hadith:0256Bukhari.Sahih:6852	6852	7281	Fath al-Bari numbering	text match to 0256Bukhari.Sahih.Shamela0001681-ara1	1.0	
urn:hadith:0256Bukhari.Sahih:6853	6853	7282	Fath al-Bari numbering	text match to 0256Bukhari.Sahih.Shamela0001681-ara1	1.0	
urn:hadith:0256Bukhari.Sahih:6854	6854	7283	Fath al-Bari numbering	text match to 0256Bukhari.Sahih.Shamela0001681-ara1	1.0	
urn:hadith:0256Bukhari.Sahih:6855	6855	7284	Fath al-Bari numbering	text match to 0256Bukhari.Sahih.Shamela0001681-ara1	1.0	
urn:hadith:0256Bukhari.Sahih:6856	6856	7286	Fath al-Bari numbering	text match to 0256Bukhari.Sahih.Shamela0001681-ara1	0.75	
urn:hadith:0256Bukhari.Sahih:6857	6857	7287	Fath al-Bari numbering	text match to 0256Bukhari.Sahih.Shamela0001681-ara1	1.0	
urn:hadith:0256Bukhari.Sahih:6858	6858	7288	Fath al-Bari numbering	text match to 0256Bukhari.Sahih.Shamela0001681-ara1	0.77	
urn:hadith:0256Bukhari.Sahih:6859	6859	7289	Fath al-Bari numbering	text match to 0256Bukhari.Sahih.Shamela0001681-ara1	0.87	
urn:hadith:0256Bukhari.Sahih:6860	6860	7290	Fath al-Bari numbering	text match to 0256Bukhari.Sahih.Shamela0001681-ara1	1.0	
urn:hadith:0256Bukhari.Sahih:6861	6861	7291	Fath al-Bari numbering	text match to 0256Bukhari.Sahih.Shamela0001681-ara1	1.0	
urn:hadith:0256Bukhari.Sahih:6862	6862	7292	Fath al-Bari numbering	text match to 0256Bukhari.Sahih.Shamela0001681-ara1	1.0	
urn:hadith:0256Bukhari.Sahih:6863	6863	7293	Fath al-Bari numbering	text match to 0256Bukhari.Sahih.Shamela0001681-ara1	1.0	
urn:hadith:0256Bukhari.Sahih:6864	6864	7294	Fath al-Bari numbering	text match to 0256Bukhari.Sahih.Shamela0001681-ara1	1.0	
urn:hadith:0256Bukhari.Sahih:6865	6865	7295	Fath al-Bari numbering	text match to 0256Bukhari.Sahih.Shamela0001681-ara1	0.97	
urn:hadith:0256Bukhari.Sahih:6866	6866	7296	Fath al-Bari numbering	text match to 0256Bukhari.Sahih.Shamela0001681-ara1	1.0	
urn:hadith:0256Bukhari.Sahih:6867	6867	7297	Fath al-Bari numbering	text match to 0256Bukhari.Sahih.Shamela0001681-ara1	0.93	
urn:hadith:0256Bukhari.Sahih:6868	6868	7298	Fath al-Bari numbering	text match to 0256Bukhari.Sahih.Shamela0001681-ara1	0.89	
urn:hadith:0256Bukhari.Sahih:6869	6869	7299	Fath al-Bari numbering	text match to 0256Bukhari.Sahih.Shamela0001681-ara1	0.97	
urn:hadith:0256Bukhari.Sahih:6870	6870	7300	Fath al-Bari numbering	text match to 0256Bukhari.Sahih.Shamela0001681-ara1	1.0	
urn:hadith:0256Bukhari.Sahih:6871	6871	7301	Fath al-Bari numbering	text match to 0256Bukhari.Sahih.Shamela0001681-ara1	0.92	
urn:hadith:0256Bukhari.Sahih:6872	6872	7302	Fath al-Bari numbering	text match to 0256Bukhari.Sahih.Shamela0001681-ara1	0.83	
urn:hadith:0256Bukhari.Sahih:6873	6873	7303	Fath al-Bari numbering	text match to 0256Bukhari.Sahih.Shamela0001681-ara1	0.93	
urn:hadith:0256Bukhari.Sahih:6874	6874	7304	Fath al-Bari numbering	text match to 0256Bukhari.Sahih.Shamela0001681-ara1	0.91	
urn:hadith:0256Bukhari.Sahih:6875	6875	7305	Fath al-Bari numbering	text match to 0256Bukhari.Sahih.Shamela0001681-ara1	0.93	
urn:hadith:0256Bukhari.Sahih:6876	6876	7306	Fath al-Bari numbering	text match to 0256Bukhari.Sahih.Shamela0001681-ara1	1.0	
urn:hadith:0256Bukhari.Sahih:6877	6877	7307	Fath al-Bari numbering	text match to 0256Bukhari.Sahih.Shamela0001681-ara1	0.83	
urn:hadith:0256Bukhari.Sahih:6878	6878	7308	Fath al-Bari numbering	text match to 0256Bukhari.Sahih.Shamela0001681-ara1	0.93	
urn:hadith:0256Bukhari.Sahih:6879	6879	7309	Fath al-Bari numbering	text match to 0256Bukhari.Sahih.Shamela0001681-ara1	0.93	
urn:hadith:0256Bukhari.Sahih:6880	6880	7310	Fath al-Bari numbering	text match to 0256Bukhari.Sahih.Shamela0001681-ara1	1.0	
urn:hadith:0256Bukhari.Sahih:6881	6881	7311	Fath al-Bari numbering	text match to 0256Bukhari.Sahih.Shamela0001681-ara1	0.82	
urn:hadith:0256Bukhari.Sahih:6882	6882	7312	Fath al-Bari numbering	text match to 0256Bukhari.Sahih.Shamela0001681-ara1	0.82	
urn:hadith:0256Bukhari.Sahih:6883	6883	7313	Fath al-Bari numbering	text match to 0256Bukhari.Sahih.Shamela0001681-ara1	0.79	
urn:hadith:0256Bukhari.Sahih:6884	6884	7314	Fath al-Bari numbering	text match to 0256Bukhari.Sahih.Shamela0001681-ara1	0.87	
urn:hadith:0256Bukhari.Sahih:6885	6885	7315	Fath al-Bari numbering	text match to 0256Bukhari.Sahih.Shamela0001681-ara1	0.82	
urn:hadith:0256Bukhari.Sahih:6886	6886	7141	Fath al-Bari numbering	text match to 0256Bukhari.Sahih.Shamela0001681-ara1	1.0	shared number, out of order
urn:hadith:0256Bukhari.Sahih:6887	6887	7317	Fath al-Bari numbering	text match to 0256Bukhari.Sahih.Shamela0001681-ara1	0.76	
urn:hadith:0256Bukhari.Sahih:6888	6888	7319	Fath al-Bari numbering	text match to 0256Bukhari.Sahih.Shamela0001681-ara1	0.88	
urn:hadith:0256Bukhari.Sahih:6889	6889	7320	Fath al-Bari numbering	text match to 0256Bukhari.Sahih.Shamela0001681-ara1	0.9	
urn:hadith:0256Bukhari.Sahih:6890	6890	7321	Fath al-Bari numbering	text match to 0256Bukhari.Sahih.Shamela0001681-ara1	0.88	
urn:hadith:0256Bukhari.Sahih:6891	6891	7322	Fath al-Bari numbering	text match to 0256Bukhari.Sahih.Shamela0001681-ara1	0.97	
urn:hadith:0256Bukhari.Sahih:6892	6892	7323	Fath al-Bari numbering	text match to 0256Bukhari.Sahih.Shamela0001681-ara1	0.93	
urn:hadith:0256Bukhari.Sahih:6893	6893	7324	Fath al-Bari numbering	text match to 0256Bukhari.Sahih.Shamela0001681-ara1	1.0	
urn:hadith:0256Bukhari.Sahih:6894	6894	7325	Fath al-Bari numbering	text match to 0256Bukhari.Sahih.Shamela0001681-ara1	0.92	
urn:hadith:0256Bukhari.Sahih:6895	6895	7326	Fath al-Bari numbering	text match to 0256Bukhari.Sahih.Shamela0001681-ara1	0.78	
urn:hadith:0256Bukhari.Sahih:6896	6896	7327	Fath al-Bari numbering	text match to 0256Bukhari.Sahih.Shamela0001681-ara1	1.0	
urn:hadith:0256Bukhari.Sahih:6897	6897	7328	Fath al-Bari numbering	text match to 0256Bukhari.Sahih.Shamela0001681-ara1	1.0	
urn:hadith:0256Bukhari.Sahih:6898	6898	7329	Fath al-Bari numbering	text match to 0256Bukhari.Sahih.Shamela0001681-ara1	0.89	
urn:hadith:0256Bukhari.Sahih:6899	6899	7330	Fath al-Bari numbering	text match to 0256Bukhari.Sahih.Shamela0001681-ara1	1.0	
urn:hadith:0256Bukhari.Sahih:6900	6900	7331	Fath al-Bari numbering	text match to 0256Bukhari.Sahih.Shamela0001681-ara1	1.0	
urn:hadith:0256Bukhari.Sahih:6901	6901	7332	Fath al-Bari numbering	text match to 0256Bukhari.Sahih.Shamela0001681-ara1	0.74	
urn:hadith:0256Bukhari.Sahih:6902	6902	7333	Fath al-Bari numbering	text match to 0256Bukhari.Sahih.Shamela0001681-ara1	1.0	
urn:hadith:0256Bukhari.Sahih:6903	6903	7334	Fath al-Bari numbering	text match to 0256Bukhari.Sahih.Shamela0001681-ara1	0.9	
urn:hadith:0256Bukhari.Sahih:6904	6904	7335	Fath al-Bari numbering	text match to 0256Bukhari.Sahih.Shamela0001681-ara1	1.0	
urn:hadith:0256Bukhari.Sahih:6905	6905	7336	Fath al-Bari numbering	text match to 0256Bukhari.Sahih.Shamela0001681-ara1	1.0	
urn:hadith:0256Bukhari.Sahih:6906	6906	7337	Fath al-Bari numbering	text match to 0256Bukhari.Sahih.Shamela0001681-ara1	0.51	
urn:hadith:0256Bukhari.Sahih:6907	6907	7338	Fath al-Bari numbering	text match to 0256Bukhari.Sahih.Shamela0001681-ara1	0.74	
urn:hadith:0256Bukhari.Sahih:6908	6908	7339	Fath al-Bari numbering	text match to 0256Bukhari.Sahih.Shamela0001681-ara1	0.87	
urn:hadith:0256Bukhari.Sahih:6909	6909	7340	Fath al-Bari numbering	text match to 0256Bukhari.Sahih.Shamela0001681-ara1	1.0	
urn:hadith:0256Bukhari.Sahih:6910	6910	7341	Fath al-Bari numbering	text match to 0256Bukhari.Sahih.Shamela0001681-ara1	0.9	
urn:hadith:0256Bukhari.Sahih:6911	6911	7343	Fath al-Bari numbering	text match to 0256Bukhari.Sahih.Shamela0001681-ara1	0.89	
urn:hadith:0256Bukhari.Sahih:6912	6912	7344	Fath al-Bari numbering	text match to 0256Bukhari.Sahih.Shamela0001681-ara1	0.91	
urn:hadith:0256Bukhari.Sahih:6913	6913	7345	Fath al-Bari numbering	text match to 0256Bukhari.Sahih.Shamela0001681-ara1	1.0	
urn:hadith:0256Bukhari.Sahih:6914	6914	7346	Fath al-Bari numbering	text match to 0256Bukhari.Sahih.Shamela0001681-ara1	0.91	
urn:hadith:0256Bukhari.Sahih:6915	6915	7347	Fath al-Bari numbering	text match to 0256Bukhari.Sahih.Shamela0001681-ara1	1.0	
urn:hadith:0256Bukhari.Sahih:6916	6916	7348	Fath al-Bari numbering	text match to 0256Bukhari.Sahih.Shamela0001681-ara1	0.95	
urn:hadith:0256Bukhari.Sahih:6917	6917	7349	Fath al-Bari numbering	text match to 0256Bukhari.Sahih.Shamela0001681-ara1	0.89	
urn:hadith:0256Bukhari.Sahih:6918	6918	7350	Fath al-Bari numbering	text match to 0256Bukhari.Sahih.Shamela0001681-ara1	1.0	
urn:hadith:0256Bukhari.Sahih:6919	6919	7352	Fath al-Bari numbering	text match to 0256Bukhari.Sahih.Shamela0001681-ara1	1.0	
urn:hadith:0256Bukhari.Sahih:6920	6920	7353	Fath al-Bari numbering	text match to 0256Bukhari.Sahih.Shamela0001681-ara1	0.93	
urn:hadith:0256Bukhari.Sahih:6921	6921	7354	Fath al-Bari numbering	text match to 0256Bukhari.Sahih.Shamela0001681-ara1	1.0	
urn:hadith:0256Bukhari.Sahih:6922	6922	7355	Fath al-Bari numbering	text match to 0256Bukhari.Sahih.Shamela0001681-ara1	0.88	
urn:hadith:0256Bukhari.Sahih:6923	6923	7356	Fath al-Bari numbering	text match to 0256Bukhari.Sahih.Shamela0001681-ara1	0.92	
urn:hadith:0256Bukhari.Sahih:6924	6924	7357	Fath al-Bari numbering	text match to 0256Bukhari.Sahih.Shamela0001681-ara1	0.71	
urn:hadith:0256Bukhari.Sahih:6925	6925	7358	Fath al-Bari numbering	text match to 0256Bukhari.Sahih.Shamela0001681-ara1	0.91	
urn:hadith:0256Bukhari.Sahih:6926	6926	7359	Fath al-Bari numbering	text match to 0256Bukhari.Sahih.Shamela0001681-ara1	0.8	
urn:hadith:0256Bukhari.Sahih:6927	6927	7360	Fath al-Bari numbering	text match to 0256Bukhari.Sahih.Shamela0001681-ara1	0.93	
urn:hadith:0256Bukhari.Sahih:6928	6928	7362	Fath al-Bari numbering	text match to 0256Bukhari.Sahih.Shamela0001681-ara1	0.83	
urn:hadith:0256Bukhari.Sahih:6929	6929	7363	Fath al-Bari numbering	text match to 0256Bukhari.Sahih.Shamela0001681-ara1	0.8	
urn:hadith:0256Bukhari.Sahih:6930	6930	7364	Fath al-Bari numbering	text match to 0256Bukhari.Sahih.Shamela0001681-ara1	0.88	
urn:hadith:0256Bukhari.Sahih:6931	6931	7365	Fath al-Bari numbering	text match to 0256Bukhari.Sahih.Shamela0001681-ara1	0.9	
urn:hadith:0256Bukhari.Sahih:6932	6932	7366	Fath al-Bari numbering	text match to 0256Bukhari.Sahih.Shamela0001681-ara1	0.87	
urn:hadith:0256Bukhari.Sahih:6933	6933	7367	Fath al-Bari numbering	text match to 0256Bukhari.Sahih.Shamela0001681-ara1	0.86	
urn:hadith:0256Bukhari.Sahih:6934	6934	7368	Fath al-Bari numbering	text match to 0256Bukhari.Sahih.Shamela0001681-ara1	0.84	
urn:hadith:0256Bukhari.Sahih:6935	6935	7369	Fath al-Bari numbering	text match to 0256Bukhari.Sahih.Shamela0001681-ara1	0.72	
urn:hadith:0256Bukhari.Sahih:6936	6936	7370	Fath al-Bari numbering	text match to 0256Bukhari.Sahih.Shamela0001681-ara1	0.86	
urn:hadith:0256Bukhari.Sahih:6938	6938	7373	Fath al-Bari numbering	text match to 0256Bukhari.Sahih.Shamela0001681-ara1	1.0	
urn:hadith:0256Bukhari.Sahih:6939	6939	7374	Fath al-Bari numbering	text match to 0256Bukhari.Sahih.Shamela0001681-ara1	1.0	
urn:hadith:0256Bukhari.Sahih:6940	6940	7375	Fath al-Bari numbering	text match to 0256Bukhari.Sahih.Shamela0001681-ara1	0.75	
urn:hadith:0256Bukhari.Sahih:6941	6941	7376	Fath al-Bari numbering	text match to 0256Bukhari.Sahih.Shamela0001681-ara1	0.9	
urn:hadith:0256Bukhari.Sahih:6942	6942	7377	Fath al-Bari numbering	text match to 0256Bukhari.Sahih.Shamela0001681-ara1	0.8	
urn:hadith:0256Bukhari.Sahih:6943	6943	7378	Fath al-Bari numbering	text match to 0256Bukhari.Sahih.Shamela0001681-ara1	1.0	
urn:hadith:0256Bukhari.Sahih:6944	6944	7379	Fath al-Bari numbering	text match to 0256Bukhari.Sahih.Shamela0001681-ara1	0.92	
urn:hadith:0256Bukhari.Sahih:6945	6945	7380	Fath al-Bari numbering	text match to 0256Bukhari.Sahih.Shamela0001681-ara1	0.91	
urn:hadith:0256Bukhari.Sahih:6946	6946	7381	Fath al-Bari numbering	text match to 0256Bukhari.Sahih.Shamela0001681-ara1	1.0	
urn:hadith:0256Bukhari.Sahih:6947	6947	7382	Fath al-Bari numbering	text match to 0256Bukhari.Sahih.Shamela0001681-ara1	0.63	
urn:hadith:0256Bukhari.Sahih:6948	6948	7383	Fath al-Bari numbering	text match to 0256Bukhari.Sahih.Shamela0001681-ara1	0.87	
urn:hadith:0256Bukhari.Sahih:6949	6949	7384	Fath al-Bari numbering	text match to 0256Bukhari.Sahih.Shamela0001681-ara1	0.97	
urn:hadith:0256Bukhari.Sahih:6950	6950	7385	Fath al-Bari numbering	text match to 0256Bukhari.Sahih.Shamela0001681-ara1	0.67	
urn:hadith:0256Bukhari.Sahih:6952	6952	7386	Fath al-Bari numbering	text match to 0256Bukhari.Sahih.Shamela0001681-ara1	1.0	
urn:hadith:0256Bukhari.Sahih:6953	6953	7387	Fath al-Bari numbering	text match to 0256Bukhari.Sahih.Shamela0001681-ara1	0.92	
urn:hadith:0256Bukhari.Sahih:6954	6954	7389	Fath al-Bari numbering	text match to 0256Bukhari.Sahih.Shamela0001681-ara1	0.74	
urn:hadith:0256Bukhari.Sahih:6955	6955	7390	Fath al-Bari numbering	text match to 0256Bukhari.Sahih.Shamela0001681-ara1	0.93	
urn:hadith:0256Bukhari.Sahih:6956	6956	7391	Fath al-Bari numbering	text match to 0256Bukhari.Sahih.Shamela0001681-ara1	0.8	
urn:hadith:0256Bukhari.Sahih:6957	6957	7392	Fath al-Bari numbering	text match to 0256Bukhari.Sahih.Shamela0001681-ara1	1.0	
urn:hadith:0256Bukhari.Sahih:6958	6958	7393	Fath al-Bari numbering	text match to 0256Bukhari.Sahih.Shamela0001681-ara1	0.97	
urn:hadith:0256Bukhari.Sahih:6959	6959	7394	Fath al-Bari numbering	text match to 0256Bukhari.Sahih.Shamela0001681-ara1	1.0	
urn:hadith:0256Bukhari.Sahih:6960	6960	7395	Fath al-Bari numbering	text match to 0256Bukhari.Sahih.Shamela0001681-ara1	1.0	
urn:hadith:0256Bukhari.Sahih:6961	6961	7396	Fath al-Bari numbering	text match to 0256Bukhari.Sahih.Shamela0001681-ara1	0.9	
urn:hadith:0256Bukhari.Sahih:6962	6962	7397	Fath al-Bari numbering	text match to 0256Bukhari.Sahih.Shamela0001681-ara1	1.0	
urn:hadith:0256Bukhari.Sahih:6963	6963	7398	Fath al-Bari numbering	text match to 0256Bukhari.Sahih.Shamela0001681-ara1	0.8	
urn:hadith:0256Bukhari.Sahih:6964	6964	7399	Fath al-Bari numbering	text match to 0256Bukhari.Sahih.Shamela0001681-ara1	1.0	
urn:hadith:0256Bukhari.Sahih:6965	6965	7400	Fath al-Bari numbering	text match to 0256Bukhari.Sahih.Shamela0001681-ara1	1.0	
urn:hadith:0256Bukhari.Sahih:6966	6966	7401	Fath al-Bari numbering	text match to 0256Bukhari.Sahih.Shamela0001681-ara1	0.81	
urn:hadith:0256Bukhari.Sahih:6967	6967	7402	Fath al-Bari numbering	text match to 0256Bukhari.Sahih.Shamela0001681-ara1	0.92	
urn:hadith:0256Bukhari.Sahih:6968	6968	7403	Fath al-Bari numbering	text match to 0256Bukhari.Sahih.Shamela0001681-ara1	1.0	
urn:hadith:0256Bukhari.Sahih:6969	6969	7404	Fath al-Bari numbering	text match to 0256Bukhari.Sahih.Shamela0001681-ara1	1.0	
urn:hadith:0256Bukhari.Sahih:6970	6970	7405	Fath al-Bari numbering	text match to 0256Bukhari.Sahih.Shamela0001681-ara1	0.93	
urn:hadith:0256Bukhari.Sahih:6971	6971	7406	Fath al-Bari numbering	text match to 0256Bukhari.Sahih.Shamela0001681-ara1	0.8	
urn:hadith:0256Bukhari.Sahih:6972	6972	7407	Fath al-Bari numbering	text match to 0256Bukhari.Sahih.Shamela0001681-ara1	1.0	
urn:hadith:0256Bukhari.Sahih:6973	6973	7408	Fath al-Bari numbering	text match to 0256Bukhari.Sahih.Shamela0001681-ara1	1.0	
urn:hadith:0256Bukhari.Sahih:6974	6974	7409	Fath al-Bari numbering	text match to 0256Bukhari.Sahih.Shamela0001681-ara1	0.87	
urn:hadith:0256Bukhari.Sahih:6975	6975	7410	Fath al-Bari numbering	text match to 0256Bukhari.Sahih.Shamela0001681-ara1	0.93	
urn:hadith:0256Bukhari.Sahih:6976	6976	7411	Fath al-Bari numbering	text match to 0256Bukhari.Sahih.Shamela0001681-ara1	0.8	
urn:hadith:0256Bukhari.Sahih:6977	6977	7412	Fath al-Bari numbering	text match to 0256Bukhari.Sahih.Shamela0001681-ara1	0.53	
urn:hadith:0256Bukhari.Sahih:6978	6978	7414	Fath al-Bari numbering	text match to 0256Bukhari.Sahih.Shamela0001681-ara1	0.87	
urn:hadith:0256Bukhari.Sahih:6979	6979	7415	Fath al-Bari numbering	text match to 0256Bukhari.Sahih.Shamela0001681-ara1	0.93	
urn:hadith:0256Bukhari.Sahih:6980	6980	7416	Fath al-Bari numbering	text match to 0256Bukhari.Sahih.Shamela0001681-ara1	0.87	
urn:hadith:0256Bukhari.Sahih:6981	6981	7417	Fath al-Bari numbering	text match to 0256Bukhari.Sahih.Shamela0001681-ara1	1.0	
urn:hadith:0256Bukhari.Sahih:6982	6982	7418	Fath al-Bari numbering	text match to 0256Bukhari.Sahih.Shamela0001681-ara1	0.93	
urn:hadith:0256Bukhari.Sahih:6983	6983	7419	Fath al-Bari numbering	text match to 0256Bukhari.Sahih.Shamela0001681-ara1	0.9	
urn:hadith:0256Bukhari.Sahih:6984	6984	7420	Fath al-Bari numbering	text match to 0256Bukhari.Sahih.Shamela0001681-ara1	0.92	
urn:hadith:0256Bukhari.Sahih:6985	6985	7421	Fath al-Bari numbering	text match to 0256Bukhari.Sahih.Shamela0001681-ara1	1.0	
urn:hadith:0256Bukhari.Sahih:6986	6986	7422	Fath al-Bari numbering	text match to 0256Bukhari.Sahih.Shamela0001681-ara1	1.0	
urn:hadith:0256Bukhari.Sahih:6987	6987	7423	Fath al-Bari numbering	text match to 0256Bukhari.Sahih.Shamela0001681-ara1	1.0	
urn:hadith:0256Bukhari.Sahih:6988	6988	7424	Fath al-Bari numbering	text match to 0256Bukhari.Sahih.Shamela0001681-ara1	1.0	
urn:hadith:0256Bukhari.Sahih:6989	6989	7425	Fath al-Bari numbering	text match to 0256Bukhari.Sahih.Shamela0001681-ara1	0.78	
urn:hadith:0256Bukhari.Sahih:6990	6990	7426	Fath al-Bari numbering	text match to 0256Bukhari.Sahih.Shamela0001681-ara1	0.8	
urn:hadith:0256Bukhari.Sahih:6992	6992	7429	Fath al-Bari numbering	text match to 0256Bukhari.Sahih.Shamela0001681-ara1	1.0	
urn:hadith:0256Bukhari.Sahih:6993	6993	7430	Fath al-Bari numbering	text match to 0256Bukhari.Sahih.Shamela0001681-ara1	0.93	
urn:hadith:0256Bukhari.Sahih:6994	6994	7431	Fath al-Bari numbering	text match to 0256Bukhari.Sahih.Shamela0001681-ara1	0.82	
urn:hadith:0256Bukhari.Sahih:6995	6995	7432	Fath al-Bari numbering	text match to 0256Bukhari.Sahih.Shamela0001681-ara1	0.79	
urn:hadith:0256Bukhari.Sahih:6996	6996	7433	Fath al-Bari numbering	text match to 0256Bukhari.Sahih.Shamela0001681-ara1	0.86	
urn:hadith:0256Bukhari.Sahih:6997	6997	7434	Fath al-Bari numbering	text match to 0256Bukhari.Sahih.Shamela0001681-ara1	0.88	
urn:hadith:0256Bukhari.Sahih:6998	6998	7435	Fath al-Bari numbering	text match to 0256Bukhari.Sahih.Shamela0001681-ara1	1.0	
urn:hadith:0256Bukhari.Sahih:6999	6999	7436	Fath al-Bari numbering	text match to 0256Bukhari.Sahih.Shamela0001681-ara1	1.0	
urn:hadith:0256Bukhari.Sahih:7000	7000	7437	Fath al-Bari numbering	text match to 0256Bukhari.Sahih.Shamela0001681-ara1	0.93	
urn:hadith:0256Bukhari.Sahih:7001	7001	7439	Fath al-Bari numbering	text match to 0256Bukhari.Sahih.Shamela0001681-ara1	1.0	
urn:hadith:0256Bukhari.Sahih:7002	7002	7440	Fath al-Bari numbering	text match to 0256Bukhari.Sahih.Shamela0001681-ara1	1.0	
urn:hadith:0256Bukhari.Sahih:7003	7003	7441	Fath al-Bari numbering	text match to 0256Bukhari.Sahih.Shamela0001681-ara1	0.88	
urn:hadith:0256Bukhari.Sahih:7004	7004	7442	Fath al-Bari numbering	text match to 0256Bukhari.Sahih.Shamela0001681-ara1	0.67	
urn:hadith:0256Bukhari.Sahih:7005	7005	7443	Fath al-Bari numbering	text match to 0256Bukhari.Sahih.Shamela0001681-ara1	1.0	
urn:hadith:0256Bukhari.Sahih:7006	7006	7444	Fath al-Bari numbering	text match to 0256Bukhari.Sahih.Shamela0001681-ara1	1.0	
urn:hadith:0256Bukhari.Sahih:7007	7007	7445	Fath al-Bari numbering	text match to 0256Bukhari.Sahih.Shamela0001681-ara1	0.99	
urn:hadith:0256Bukhari.Sahih:7008	7008	7446	Fath al-Bari numbering	text match to 0256Bukhari.Sahih.Shamela0001681-ara1	1.0	
urn:hadith:0256Bukhari.Sahih:7009	7009	7447	Fath al-Bari numbering	text match to 0256Bukhari.Sahih.Shamela0001681-ara1	0.75	
urn:hadith:0256Bukhari.Sahih:7010	7010	7448	Fath al-Bari numbering	text match to 0256Bukhari.Sahih.Shamela0001681-ara1	0.93	
urn:hadith:0256Bukhari.Sahih:7011	7011	7449	Fath al-Bari numbering	text match to 0256Bukhari.Sahih.Shamela0001681-ara1	1.0	
urn:hadith:0256Bukhari.Sahih:7012	7012	7450	Fath al-Bari numbering	text match to 0256Bukhari.Sahih.Shamela0001681-ara1	1.0	
urn:hadith:0256Bukhari.Sahih:7013	7013	7451	Fath al-Bari numbering	text match to 0256Bukhari.Sahih.Shamela0001681-ara1	0.93	
urn:hadith:0256Bukhari.Sahih:7014	7014	7452	Fath al-Bari numbering	text match to 0256Bukhari.Sahih.Shamela0001681-ara1	0.83	
urn:hadith:0256Bukhari.Sahih:7015	7015	7453	Fath al-Bari numbering	text match to 0256Bukhari.Sahih.Shamela0001681-ara1	1.0	
urn:hadith:0256Bukhari.Sahih:7016	7016	7454	Fath al-Bari numbering	text match to 0256Bukhari.Sahih.Shamela0001681-ara1	0.87	
urn:hadith:0256Bukhari.Sahih:7017	7017	7455	Fath al-Bari numbering	text match to 0256Bukhari.Sahih.Shamela0001681-ara1	0.84	
urn:hadith:0256Bukhari.Sahih:7018	7018	7456	Fath al-Bari numbering	text match to 0256Bukhari.Sahih.Shamela0001681-ara1	0.93	
urn:hadith:0256Bukhari.Sahih:7019	7019	7457	Fath al-Bari numbering	text match to 0256Bukhari.Sahih.Shamela0001681-ara1	1.0	
urn:hadith:0256Bukhari.Sahih:7020	7020	7458	Fath al-Bari numbering	text match to 0256Bukhari.Sahih.Shamela0001681-ara1	1.0	
urn:hadith:0256Bukhari.Sahih:7021	7021	7459	Fath al-Bari numbering	text match to 0256Bukhari.Sahih.Shamela0001681-ara1	1.0	
urn:hadith:0256Bukhari.Sahih:7022	7022	7460	Fath al-Bari numbering	text match to 0256Bukhari.Sahih.Shamela0001681-ara1	0.92	
urn:hadith:0256Bukhari.Sahih:7023	7023	7461	Fath al-Bari numbering	text match to 0256Bukhari.Sahih.Shamela0001681-ara1	0.88	
urn:hadith:0256Bukhari.Sahih:7024	7024	7462	Fath al-Bari numbering	text match to 0256Bukhari.Sahih.Shamela0001681-ara1	0.93	
urn:hadith:0256Bukhari.Sahih:7025	7025	7463	Fath al-Bari numbering	text match to 0256Bukhari.Sahih.Shamela0001681-ara1	1.0	
urn:hadith:0256Bukhari.Sahih:7026	7026	7464	Fath al-Bari numbering	text match to 0256Bukhari.Sahih.Shamela0001681-ara1	1.0	
urn:hadith:0256Bukhari.Sahih:7027	7027	7465	Fath al-Bari numbering	text match to 0256Bukhari.Sahih.Shamela0001681-ara1	0.93	
urn:hadith:0256Bukhari.Sahih:7028	7028	7466	Fath al-Bari numbering	text match to 0256Bukhari.Sahih.Shamela0001681-ara1	1.0	
urn:hadith:0256Bukhari.Sahih:7029	7029	7467	Fath al-Bari numbering	text match to 0256Bukhari.Sahih.Shamela0001681-ara1	1.0	
urn:hadith:0256Bukhari.Sahih:7030	7030	7468	Fath al-Bari numbering	text match to 0256Bukhari.Sahih.Shamela0001681-ara1	1.0	
urn:hadith:0256Bukhari.Sahih:7031	7031	7469	Fath al-Bari numbering	text match to 0256Bukhari.Sahih.Shamela0001681-ara1	1.0	
urn:hadith:0256Bukhari.Sahih:7032	7032	7470	Fath al-Bari numbering	text match to 0256Bukhari.Sahih.Shamela0001681-ara1	0.91	
urn:hadith:0256Bukhari.Sahih:7033	7033	7471	Fath al-Bari numbering	text match to 0256Bukhari.Sahih.Shamela0001681-ara1	0.82	
urn:hadith:0256Bukhari.Sahih:7034	7034	7472	Fath al-Bari numbering	text match to 0256Bukhari.Sahih.Shamela0001681-ara1	0.87	
urn:hadith:0256Bukhari.Sahih:7035	7035	7473	Fath al-Bari numbering	text match to 0256Bukhari.Sahih.Shamela0001681-ara1	1.0	
urn:hadith:0256Bukhari.Sahih:7036	7036	7474	Fath al-Bari numbering	text match to 0256Bukhari.Sahih.Shamela0001681-ara1	1.0	
urn:hadith:0256Bukhari.Sahih:7037	7037	7475	Fath al-Bari numbering	text match to 0256Bukhari.Sahih.Shamela0001681-ara1	0.93	
urn:hadith:0256Bukhari.Sahih:7038	7038	7476	Fath al-Bari numbering	text match to 0256Bukhari.Sahih.Shamela0001681-ara1	1.0	
urn:hadith:0256Bukhari.Sahih:7039	7039	7477	Fath al-Bari numbering	text match to 0256Bukhari.Sahih.Shamela0001681-ara1	1.0	
urn:hadith:0256Bukhari.Sahih:7040	7040	7478	Fath al-Bari numbering	text match to 0256Bukhari.Sahih.Shamela0001681-ara1	0.8	
urn:hadith:0256Bukhari.Sahih:7041	7041	7479	Fath al-Bari numbering	text match to 0256Bukhari.Sahih.Shamela0001681-ara1	0.78	
urn:hadith:0256Bukhari.Sahih:7042	7042	7480	Fath al-Bari numbering	text match to 0256Bukhari.Sahih.Shamela0001681-ara1	0.92	
urn:hadith:0256Bukhari.Sahih:7043	7043	7481	Fath al-Bari numbering	text match to 0256Bukhari.Sahih.Shamela0001681-ara1	0.93	
urn:hadith:0256Bukhari.Sahih:7044	7044	7482	Fath al-Bari numbering	text match to 0256Bukhari.Sahih.Shamela0001681-ara1	0.89	
urn:hadith:0256Bukhari.Sahih:7045	7045	7483	Fath al-Bari numbering	text match to 0256Bukhari.Sahih.Shamela0001681-ara1	1.0	
urn:hadith:0256Bukhari.Sahih:7046	7046	6004	Fath al-Bari numbering	text match to 0256Bukhari.Sahih.Shamela0001681-ara1	0.76	shared number, out of order
urn:hadith:0256Bukhari.Sahih:7047	7047	7485	Fath al-Bari numbering	text match to 0256Bukhari.Sahih.Shamela0001681-ara1	0.92	
urn:hadith:0256Bukhari.Sahih:7048	7048	7486	Fath al-Bari numbering	text match to 0256Bukhari.Sahih.Shamela0001681-ara1	1.0	
urn:hadith:0256Bukhari.Sahih:7049	7049	7487	Fath al-Bari numbering	text match to 0256Bukhari.Sahih.Shamela0001681-ara1	1.0	
urn:hadith:0256Bukhari.Sahih:7050	7050	7488	Fath al-Bari numbering	text match to 0256Bukhari.Sahih.Shamela0001681-ara1	1.0	
urn:hadith:0256Bukhari.Sahih:7051	7051	7489	Fath al-Bari numbering	text match to 0256Bukhari.Sahih.Shamela0001681-ara1	0.9	
urn:hadith:0256Bukhari.Sahih:7052	7052	7490	Fath al-Bari numbering	text match to 0256Bukhari.Sahih.Shamela0001681-ara1	0.68	
urn:hadith:0256Bukhari.Sahih:7053	7053	7491	Fath al-Bari numbering	text match to 0256Bukhari.Sahih.Shamela0001681-ara1	0.84	
urn:hadith:0256Bukhari.Sahih:7054	7054	7492	Fath al-Bari numbering	text match to 0256Bukhari.Sahih.Shamela0001681-ara1	1.0	
urn:hadith:0256Bukhari.Sahih:7055	7055	7493	Fath al-Bari numbering	text match to 0256Bukhari.Sahih.Shamela0001681-ara1	1.0	
urn:hadith:0256Bukhari.Sahih:7056	7056	7494	Fath al-Bari numbering	text match to 0256Bukhari.Sahih.Shamela0001681-ara1	0.78	
urn:hadith:0256Bukhari.Sahih:7057	7057	7495	Fath al-Bari numbering	text match to 0256Bukhari.Sahih.Shamela0001681-ara1	0.78	
urn:hadith:0256Bukhari.Sahih:7058	7058	7497	Fath al-Bari numbering	text match to 0256Bukhari.Sahih.Shamela0001681-ara1	0.86	
urn:hadith:0256Bukhari.Sahih:7059	7059	7498	Fath al-Bari numbering	text match to 0256Bukhari.Sahih.Shamela0001681-ara1	1.0	
urn:hadith:0256Bukhari.Sahih:7060	7060	7499	Fath al-Bari numbering	text match to 0256Bukhari.Sahih.Shamela0001681-ara1	0.67	
urn:hadith:0256Bukhari.Sahih:7061	7061	7500	Fath al-Bari numbering	text match to 0256Bukhari.Sahih.Shamela0001681-ara1	1.0	
urn:hadith:0256Bukhari.Sahih:7062	7062	7501	Fath al-Bari numbering	text match to 0256Bukhari.Sahih.Shamela0001681-ara1	0.97	
urn:hadith:0256Bukhari.Sahih:7063	7063	7502	Fath al-Bari numbering	text match to 0256Bukhari.Sahih.Shamela0001681-ara1	1.0	
urn:hadith:0256Bukhari.Sahih:7064	7064	7503	Fath al-Bari numbering	text match to 0256Bukhari.Sahih.Shamela0001681-ara1	1.0	
urn:hadith:0256Bukhari.Sahih:7065	7065	7504	Fath al-Bari numbering	text match to 0256Bukhari.Sahih.Shamela0001681-ara1	1.0	
urn:hadith:0256Bukhari.Sahih:7066	7066	7505	Fath al-Bari numbering	text match to 0256Bukhari.Sahih.Shamela0001681-ara1	1.0	
urn:hadith:0256Bukhari.Sahih:7067	7067	7506	Fath al-Bari numbering	text match to 0256Bukhari.Sahih.Shamela0001681-ara1	1.0	
urn:hadith:0256Bukhari.Sahih:7068	7068	7507	Fath al-Bari numbering	text match to 0256Bukhari.Sahih.Shamela0001681-ara1	1.0	
urn:hadith:0256Bukhari.Sahih:7069	7069	7508	Fath al-Bari numbering	text match to 0256Bukhari.Sahih.Shamela0001681-ara1	1.0	
urn:hadith:0256Bukhari.Sahih:7071	7071	7509	Fath al-Bari numbering	text match to 0256Bukhari.Sahih.Shamela0001681-ara1	1.0	
urn:hadith:0256Bukhari.Sahih:7072	7072	7510	Fath al-Bari numbering	text match to 0256Bukhari.Sahih.Shamela0001681-ara1	0.93	
urn:hadith:0256Bukhari.Sahih:7073	7073	7511	Fath al-Bari numbering	text match to 0256Bukhari.Sahih.Shamela0001681-ara1	1.0	
urn:hadith:0256Bukhari.Sahih:7074	7074	7512	Fath al-Bari numbering	text match to 0256Bukhari.Sahih.Shamela0001681-ara1	0.93	
urn:hadith:0256Bukhari.Sahih:7075	7075	7513	Fath al-Bari numbering	text match to 0256Bukhari.Sahih.Shamela0001681-ara1	0.92	
urn:hadith:0256Bukhari.Sahih:7076	7076	7514	Fath al-Bari numbering	text match to 0256Bukhari.Sahih.Shamela0001681-ara1	0.81	
urn:hadith:0256Bukhari.Sahih:7077	7077	7515	Fath al-Bari numbering	text match to 0256Bukhari.Sahih.Shamela0001681-ara1	0.91	
urn:hadith:0256Bukhari.Sahih:7078	7078	7516	Fath al-Bari numbering	text match to 0256Bukhari.Sahih.Shamela0001681-ara1	1.0	
urn:hadith:0256Bukhari.Sahih:7079	7079	7517	Fath al-Bari numbering	text match to 0256Bukhari.Sahih.Shamela0001681-ara1	1.0	
urn:hadith:0256Bukhari.Sahih:7080	7080	7518	Fath al-Bari numbering	text match to 0256Bukhari.Sahih.Shamela0001681-ara1	0.87	
urn:hadith:0256Bukhari.Sahih:7081	7081	7519	Fath al-Bari numbering	text match to 0256Bukhari.Sahih.Shamela0001681-ara1	0.86	
urn:hadith:0256Bukhari.Sahih:7082	7082	7520	Fath al-Bari numbering	text match to 0256Bukhari.Sahih.Shamela0001681-ara1	1.0	
urn:hadith:0256Bukhari.Sahih:7083	7083	7521	Fath al-Bari numbering	text match to 0256Bukhari.Sahih.Shamela0001681-ara1	0.99	
urn:hadith:0256Bukhari.Sahih:7084	7084	7522	Fath al-Bari numbering	text match to 0256Bukhari.Sahih.Shamela0001681-ara1	0.73	
urn:hadith:0256Bukhari.Sahih:7085	7085	7523	Fath al-Bari numbering	text match to 0256Bukhari.Sahih.Shamela0001681-ara1	0.87	
urn:hadith:0256Bukhari.Sahih:7086	7086	7524	Fath al-Bari numbering	text match to 0256Bukhari.Sahih.Shamela0001681-ara1	0.71	
urn:hadith:0256Bukhari.Sahih:7087	7087	7525	Fath al-Bari numbering	text match to 0256Bukhari.Sahih.Shamela0001681-ara1	0.75	
urn:hadith:0256Bukhari.Sahih:7088	7088	7526	Fath al-Bari numbering	text match to 0256Bukhari.Sahih.Shamela0001681-ara1	0.92	
urn:hadith:0256Bukhari.Sahih:7089	7089	7527	Fath al-Bari numbering	text match to 0256Bukhari.Sahih.Shamela0001681-ara1	0.74	
urn:hadith:0256Bukhari.Sahih:7090	7090	7528	Fath al-Bari numbering	text match to 0256Bukhari.Sahih.Shamela0001681-ara1	1.0	
urn:hadith:0256Bukhari.Sahih:7091	7091	7529	Fath al-Bari numbering	text match to 0256Bukhari.Sahih.Shamela0001681-ara1	1.0	
urn:hadith:0256Bukhari.Sahih:7092	7092	7530	Fath al-Bari numbering	text match to 0256Bukhari.Sahih.Shamela0001681-ara1	0.9	
urn:hadith:0256Bukhari.Sahih:7093	7093	7531	Fath al-Bari numbering	text match to 0256Bukhari.Sahih.Shamela0001681-ara1	1.0	
urn:hadith:0256Bukhari.Sahih:7094	7094	7532	Fath al-Bari numbering	text match to 0256Bukhari.Sahih.Shamela0001681-ara1	1.0	
urn:hadith:0256Bukhari.Sahih:7095	7095	7533	Fath al-Bari numbering	text match to 0256Bukhari.Sahih.Shamela0001681-ara1	0.93	
urn:hadith:0256Bukhari.Sahih:7096	7096	7534	Fath al-Bari numbering	text match to 0256Bukhari.Sahih.Shamela0001681-ara1	0.9	
urn:hadith:0256Bukhari.Sahih:7097	7097	7535	Fath al-Bari numbering	text match to 0256Bukhari.Sahih.Shamela0001681-ara1	1.0	
urn:hadith:0256Bukhari.Sahih:7098	7098	7536	Fath al-Bari numbering	text match to 0256Bukhari.Sahih.Shamela0001681-ara1	0.83	
urn:hadith:0256Bukhari.Sahih:7099	7099	7537	Fath al-Bari numbering	text match to 0256Bukhari.Sahih.Shamela0001681-ara1	1.0	
urn:hadith:0256Bukhari.Sahih:7100	7100	7538	Fath al-Bari numbering	text match to 0256Bukhari.Sahih.Shamela0001681-ara1	1.0	
urn:hadith:0256Bukhari.Sahih:7101	7101	7539	Fath al-Bari numbering	text match to 0256Bukhari.Sahih.Shamela0001681-ara1	0.9	
urn:hadith:0256Bukhari.Sahih:7102	7102	7540	Fath al-Bari numbering	text match to 0256Bukhari.Sahih.Shamela0001681-ara1	0.76	
urn:hadith:0256Bukhari.Sahih:7103	7103	7542	Fath al-Bari numbering	text match to 0256Bukhari.Sahih.Shamela0001681-ara1	0.88	
urn:hadith:0256Bukhari.Sahih:7104	7104	7543	Fath al-Bari numbering	text match to 0256Bukhari.Sahih.Shamela0001681-ara1	0.76	
urn:hadith:0256Bukhari.Sahih:7105	7105	7544	Fath al-Bari numbering	text match to 0256Bukhari.Sahih.Shamela0001681-ara1	0.86	
urn:hadith:0256Bukhari.Sahih:7106	7106	7545	Fath al-Bari numbering	text match to 0256Bukhari.Sahih.Shamela0001681-ara1	0.87	
urn:hadith:0256Bukhari.Sahih:7107	7107	7546	Fath al-Bari numbering	text match to 0256Bukhari.Sahih.Shamela0001681-ara1	0.82	
urn:hadith:0256Bukhari.Sahih:7108	7108	7547	Fath al-Bari numbering	text match to 0256Bukhari.Sahih.Shamela0001681-ara1	0.9	
urn:hadith:0256Bukhari.Sahih:7109	7109	7548	Fath al-Bari numbering	text match to 0256Bukhari.Sahih.Shamela0001681-ara1	1.0	
urn:hadith:0256Bukhari.Sahih:7110	7110	7549	Fath al-Bari numbering	text match to 0256Bukhari.Sahih.Shamela0001681-ara1	1.0	
urn:hadith:0256Bukhari.Sahih:7111	7111	7550	Fath al-Bari numbering	text match to 0256Bukhari.Sahih.Shamela0001681-ara1	0.87	
urn:hadith:0256Bukhari.Sahih:7112	7112	7551	Fath al-Bari numbering	text match to 0256Bukhari.Sahih.Shamela0001681-ara1	1.0	
urn:hadith:0256Bukhari.Sahih:7113	7113	7552	Fath al-Bari numbering	text match to 0256Bukhari.Sahih.Shamela0001681-ara1	0.98	
urn:hadith:0256Bukhari.Sahih:7114	7114	7553	Fath al-Bari numbering	text match to 0256Bukhari.Sahih.Shamela0001681-ara1	1.0	
urn:hadith:0256Bukhari.Sahih:7115	7115	7554	Fath al-Bari numbering	text match to 0256Bukhari.Sahih.Shamela0001681-ara1	1.0	
urn:hadith:0256Bukhari.Sahih:7116	7116	7555	Fath al-Bari numbering	text match to 0256Bukhari.Sahih.Shamela0001681-ara1	1.0	
urn:hadith:0256Bukhari.Sahih:7117	7117	7556	Fath al-Bari numbering	text match to 0256Bukhari.Sahih.Shamela0001681-ara1	0.93	
urn:hadith:0256Bukhari.Sahih:7118	7118	7557	Fath al-Bari numbering	text match to 0256Bukhari.Sahih.Shamela0001681-ara1	1.0	
urn:hadith:0256Bukhari.Sahih:7119	7119	7558	Fath al-Bari numbering	text match to 0256Bukhari.Sahih.Shamela0001681-ara1	0.84	
urn:hadith:0256Bukhari.Sahih:7120	7120	7559	Fath al-Bari numbering	text match to 0256Bukhari.Sahih.Shamela0001681-ara1	0.87	
urn:hadith:0256Bukhari.Sahih:7121	7121	7560	Fath al-Bari numbering	text match to 0256Bukhari.Sahih.Shamela0001681-ara1	0.92	
urn:hadith:0256Bukhari.Sahih:7122	7122	7561	Fath al-Bari numbering	text match to 0256Bukhari.Sahih.Shamela0001681-ara1	0.87	
urn:hadith:0256Bukhari.Sahih:7123	7123	7562	Fath al-Bari numbering	text match to 0256Bukhari.Sahih.Shamela0001681-ara1	0.92	
urn:hadith:0256Bukhari.Sahih:7124	7124	7563	Fath al-Bari numbering	text match to 0256Bukhari.Sahih.Shamela0001681-ara1	0.97	
