hadith_id	layer_number	edition_number	edition	method	match	uncertain
urn:hadith:0279Tirmidhi.Sunan:1	1	1	Shakir / ʿAbd al-Baqi numbering	heading in the layer's own text		
urn:hadith:0279Tirmidhi.Sunan:2	2	2	Shakir / ʿAbd al-Baqi numbering	heading in the layer's own text		
urn:hadith:0279Tirmidhi.Sunan:3	3	3	Shakir / ʿAbd al-Baqi numbering	heading in the layer's own text		
urn:hadith:0279Tirmidhi.Sunan:4	4	4	Shakir / ʿAbd al-Baqi numbering	heading in the layer's own text		
urn:hadith:0279Tirmidhi.Sunan:5	5	5	Shakir / ʿAbd al-Baqi numbering	heading in the layer's own text		
urn:hadith:0279Tirmidhi.Sunan:6	6	6	Shakir / ʿAbd al-Baqi numbering	heading in the layer's own text		
urn:hadith:0279Tirmidhi.Sunan:7	7	7	Shakir / ʿAbd al-Baqi numbering	heading in the layer's own text		
urn:hadith:0279Tirmidhi.Sunan:8	8	8	Shakir / ʿAbd al-Baqi numbering	heading in the layer's own text		
urn:hadith:0279Tirmidhi.Sunan:9	9	9	Shakir / ʿAbd al-Baqi numbering	heading in the layer's own text		
urn:hadith:0279Tirmidhi.Sunan:10	10	11	Shakir / ʿAbd al-Baqi numbering	heading in the layer's own text		
urn:hadith:0279Tirmidhi.Sunan:11	11	12	Shakir / ʿAbd al-Baqi numbering	heading in the layer's own text		
urn:hadith:0279Tirmidhi.Sunan:12	12	13	Shakir / ʿAbd al-Baqi numbering	heading in the layer's own text		
urn:hadith:0279Tirmidhi.Sunan:13	13	14	Shakir / ʿAbd al-Baqi numbering	heading in the layer's own text		
urn:hadith:0279Tirmidhi.Sunan:14	14	15	Shakir / ʿAbd al-Baqi numbering	heading in the layer's own text		
urn:hadith:0279Tirmidhi.Sunan:16	16	17	Shakir / ʿAbd al-Baqi numbering	heading in the layer's own text		
urn:hadith:0279Tirmidhi.Sunan:17	17	18	Shakir / ʿAbd al-Baqi numbering	heading in the layer's own text		
urn:hadith:0279Tirmidhi.Sunan:18	18	19	Shakir / ʿAbd al-Baqi numbering	heading in the layer's own text		
urn:hadith:0279Tirmidhi.Sunan:19	19	20	Shakir / ʿAbd al-Baqi numbering	heading in the layer's own text		
urn:hadith:0279Tirmidhi.Sunan:20	20	21	Shakir / ʿAbd al-Baqi numbering	heading in the layer's own text		
urn:hadith:0279Tirmidhi.Sunan:21	21	22	Shakir / ʿAbd al-Baqi numbering	heading in the layer's own text		
urn:hadith:0279Tirmidhi.Sunan:22	22	23	Shakir / ʿAbd al-Baqi numbering	heading in the layer's own text		
urn:hadith:0279Tirmidhi.Sunan:23	23	24	Shakir / ʿAbd al-Baqi numbering	heading in the layer's own text		
urn:hadith:0279Tirmidhi.Sunan:24	24	25	Shakir / ʿAbd al-Baqi numbering	heading in the layer's own text		
urn:hadith:0279Tirmidhi.Sunan:25	25	26	Shakir / ʿAbd al-Baqi numbering	heading in the layer's own text		
urn:hadith:0279Tirmidhi.Sunan:26	26	27	Shakir / ʿAbd al-Baqi numbering	heading in the layer's own text		
urn:hadith:0279Tirmidhi.Sunan:27	27	28	Shakir / ʿAbd al-Baqi numbering	heading in the layer's own text		
urn:hadith:0279Tirmidhi.Sunan:28	28	29	Shakir / ʿAbd al-Baqi numbering	heading in the layer's own text		
urn:hadith:0279Tirmidhi.Sunan:29	29	30	Shakir / ʿAbd al-Baqi numbering	heading in the layer's own text		
urn:hadith:0279Tirmidhi.Sunan:30	30	31	Shakir / ʿAbd al-Baqi numbering	heading in the layer's own text		
urn:hadith:0279Tirmidhi.Sunan:31	31	32	Shakir / ʿAbd al-Baqi numbering	heading in the layer's own text		
urn:hadith:0279Tirmidhi.Sunan:32	32	33	Shakir / ʿAbd al-Baqi numbering	heading in the layer's own text		
urn:hadith:0279Tirmidhi.Sunan:33	33	34	Shakir / ʿAbd al-Baqi numbering	heading in the layer's own text		
urn:hadith:0279Tirmidhi.Sunan:34	34	35	Shakir / ʿAbd al-Baqi numbering	heading in the layer's own text		
urn:hadith:0279Tirmidhi.Sunan:35	35	36	Shakir / ʿAbd al-Baqi numbering	heading in the layer's own text		
urn:hadith:0279Tirmidhi.Sunan:36	36	37	Shakir / ʿAbd al-Baqi numbering	heading in the layer's own text		
urn:hadith:0279Tirmidhi.Sunan:37	37	38	Shakir / ʿAbd al-Baqi numbering	heading in the layer's own text		
urn:hadith:0279Tirmidhi.Sunan:38	38	39	Shakir / ʿAbd al-Baqi numbering	heading in the layer's own text		
urn:hadith:0279Tirmidhi.Sunan:39	39	40	Shakir / ʿAbd al-Baqi numbering	heading in the layer's own text		
urn:hadith:0279Tirmidhi.Sunan:40	40	41	Shakir / ʿAbd al-Baqi numbering	heading in the layer's own text		
urn:hadith:0279Tirmidhi.Sunan:41	41	42	Shakir / ʿAbd al-Baqi numbering	heading in the layer's own text		
urn:hadith:0279Tirmidhi.Sunan:42	42	43	Shakir / ʿAbd al-Baqi numbering	heading in the layer's own text		
urn:hadith:0279Tirmidhi.Sunan:43	43	44	Shakir / ʿAbd al-Baqi numbering	heading in the layer's own text		
urn:hadith:0279Tirmidhi.Sunan:44	44	45	Shakir / ʿAbd al-Baqi numbering	heading in the layer's own text		
urn:hadith:0279Tirmidhi.Sunan:45	45	47	Shakir / ʿAbd al-Baqi numbering	heading in the layer's own text		
urn:hadith:0279Tirmidhi.Sunan:46	46	48	Shakir / ʿAbd al-Baqi numbering	heading in the layer's own text		
urn:hadith:0279Tirmidhi.Sunan:47	47	49	Shakir / ʿAbd al-Baqi numbering	heading in the layer's own text		
urn:hadith:0279Tirmidhi.Sunan:48	48	50	Shakir / ʿAbd al-Baqi numbering	heading in the layer's own text		
urn:hadith:0279Tirmidhi.Sunan:49	49	51	Shakir / ʿAbd al-Baqi numbering	heading in the layer's own text		
urn:hadith:0279Tirmidhi.Sunan:50	50	52	Shakir / ʿAbd al-Baqi numbering	heading in the layer's own text		
urn:hadith:0279Tirmidhi.Sunan:51	51	53	Shakir / ʿAbd al-Baqi numbering	heading in the layer's own text		
urn:hadith:0279Tirmidhi.Sunan:52	52	54	Shakir / ʿAbd al-Baqi numbering	heading in the layer's own text		
urn:hadith:0279Tirmidhi.Sunan:53	53	55	Shakir / ʿAbd al-Baqi numbering	heading in the layer's own text		
urn:hadith:0279Tirmidhi.Sunan:54	54	56	Shakir / ʿAbd al-Baqi numbering	heading in the layer's own text		
urn:hadith:0279Tirmidhi.Sunan:55	55	57	Shakir / ʿAbd al-Baqi numbering	heading in the layer's own text		
urn:hadith:0279Tirmidhi.Sunan:56	56	58	Shakir / ʿAbd al-Baqi numbering	heading in the layer's own text		
urn:hadith:0279Tirmidhi.Sunan:57	57	60	Shakir / ʿAbd al-Baqi numbering	heading in the layer's own text		
urn:hadith:0279Tirmidhi.Sunan:58	58	61	Shakir / ʿAbd al-Baqi numbering	heading in the layer's own text		
urn:hadith:0279Tirmidhi.Sunan:59	59	62	Shakir / ʿAbd al-Baqi numbering	heading in the layer's own text		
urn:hadith:0279Tirmidhi.Sunan:60	60	63	Shakir / ʿAbd al-Baqi numbering	heading in the layer's own text		
urn:hadith:0279Tirmidhi.Sunan:61	61	64	Shakir / ʿAbd al-Baqi numbering	heading in the layer's own text		
urn:hadith:0279Tirmidhi.Sunan:62	62	65	Shakir / ʿAbd al-Baqi numbering	heading in the layer's own text		
urn:hadith:0279Tirmidhi.Sunan:63	63	66	Shakir / ʿAbd al-Baqi numbering	heading in the layer's own text		
urn:hadith:0279Tirmidhi.Sunan:64	64	67	Shakir / ʿAbd al-Baqi numbering	heading in the layer's own text		
urn:hadith:0279Tirmidhi.Sunan:65	65	68	Shakir / ʿAbd al-Baqi numbering	heading in the layer's own text		
urn:hadith:0279Tirmidhi.Sunan:66	66	69	Shakir / ʿAbd al-Baqi numbering	heading in the layer's own text		
urn:hadith:0279Tirmidhi.Sunan:67	67	70	Shakir / ʿAbd al-Baqi numbering	heading in the layer's own text		
urn:hadith:0279Tirmidhi.Sunan:68	68	71	Shakir / ʿAbd al-Baqi numbering	heading in the layer's own text		
urn:hadith:0279Tirmidhi.Sunan:69	69	72	Shakir / ʿAbd al-Baqi numbering	heading in the layer's own text		
urn:hadith:0279Tirmidhi.Sunan:70	70	73	Shakir / ʿAbd al-Baqi numbering	heading in the layer's own text		
urn:hadith:0279Tirmidhi.Sunan:71	71	74	Shakir / ʿAbd al-Baqi numbering	heading in the layer's own text		
urn:hadith:0279Tirmidhi.Sunan:72	72	75	Shakir / ʿAbd al-Baqi numbering	heading in the layer's own text		
urn:hadith:0279Tirmidhi.Sunan:73	73	76	Shakir / ʿAbd al-Baqi numbering	heading in the layer's own text		
urn:hadith:0279Tirmidhi.Sunan:74	74	77	Shakir / ʿAbd al-Baqi numbering	heading in the layer's own text		
urn:hadith:0279Tirmidhi.Sunan:75	75	78	Shakir / ʿAbd al-Baqi numbering	heading in the layer's own text		
urn:hadith:0279Tirmidhi.Sunan:76	76	79	Shakir / ʿAbd al-Baqi numbering	heading in the layer's own text		
urn:hadith:0279Tirmidhi.Sunan:77	77	80	Shakir / ʿAbd al-Baqi numbering	heading in the layer's own text		
urn:hadith:0279Tirmidhi.Sunan:78	78	81	Shakir / ʿAbd al-Baqi numbering	heading in the layer's own text		
urn:hadith:0279Tirmidhi.Sunan:79	79	82	Shakir / ʿAbd al-Baqi numbering	heading in the layer's own text		
urn:hadith:0279Tirmidhi.Sunan:80	80	85	Shakir / ʿAbd al-Baqi numbering	heading in the layer's own text		
urn:hadith:0279Tirmidhi.Sunan:81	81	86	Shakir / ʿAbd al-Baqi numbering	heading in the layer's own text		
urn:hadith:0279Tirmidhi.Sunan:82	82	87	Shakir / ʿAbd al-Baqi numbering	heading in the layer's own text		
urn:hadith:0279Tirmidhi.Sunan:83	83	88	Shakir / ʿAbd al-Baqi numbering	heading in the layer's own text		
urn:hadith:0279Tirmidhi.Sunan:84	84	89	Shakir / ʿAbd al-Baqi numbering	heading in the layer's own text		
urn:hadith:0279Tirmidhi.Sunan:85	85	90	Shakir / ʿAbd al-Baqi numbering	heading in the layer's own text		
urn:hadith:0279Tirmidhi.Sunan:86	86	91	Shakir / ʿAbd al-Baqi numbering	heading in the layer's own text		
urn:hadith:0279Tirmidhi.Sunan:87	87	92	Shakir / ʿAbd al-Baqi numbering	heading in the layer's own text		
urn:hadith:0279Tirmidhi.Sunan:88	88	93	Shakir / ʿAbd al-Baqi numbering	heading in the layer's own text		
urn:hadith:0279Tirmidhi.Sunan:89	89	95	Shakir / ʿAbd al-Baqi numbering	heading in the layer's own text		
urn:hadith:0279Tirmidhi.Sunan:90	90	96	Shakir / ʿAbd al-Baqi numbering	heading in the layer's own text		
urn:hadith:0279Tirmidhi.Sunan:91	91	97	Shakir / ʿAbd al-Baqi numbering	heading in the layer's own text		
urn:hadith:0279Tirmidhi.Sunan:92	92	98	Shakir / ʿAbd al-Baqi numbering	heading in the layer's own text		
urn:hadith:0279Tirmidhi.Sunan:93	93	99	Shakir / ʿAbd al-Baqi numbering	heading in the layer's own text		
urn:hadith:0279Tirmidhi.Sunan:94	94	100	Shakir / ʿAbd al-Baqi numbering	heading in the layer's own text		
urn:hadith:0279Tirmidhi.Sunan:95	95	101	Shakir / ʿAbd al-Baqi numbering	heading in the layer's own text		
urn:hadith:0279Tirmidhi.Sunan:96	96	102	Shakir / ʿAbd al-Baqi numbering	heading in the layer's own text		
urn:hadith:0279Tirmidhi.Sunan:97	97	103	Shakir / ʿAbd al-Baqi numbering	heading in the layer's own text		
urn:hadith:0279Tirmidhi.Sunan:98	98	104	Shakir / ʿAbd al-Baqi numbering	heading in the layer's own text		
urn:hadith:0279Tirmidhi.Sunan:99	99	105	Shakir / ʿAbd al-Baqi numbering	heading in the layer's own text		
urn:hadith:0279Tirmidhi.Sunan:100	100	106	Shakir / ʿAbd al-Baqi numbering	heading in the layer's own text		
urn:hadith:0279Tirmidhi.Sunan:101	101	107	Shakir / ʿAbd al-Baqi numbering	heading in the layer's own text		
urn:hadith:0279Tirmidhi.Sunan:102	102	108	Shakir / ʿAbd al-Baqi numbering	heading in the layer's own text		
urn:hadith:0279Tirmidhi.Sunan:103	103	109	Shakir / ʿAbd al-Baqi numbering	heading in the layer's own text		
urn:hadith:0279Tirmidhi.Sunan:104	104	110	Shakir / ʿAbd al-Baqi numbering	heading in the layer's own text		
urn:hadith:0279Tirmidhi.Sunan:105	105	111	Shakir / ʿAbd al-Baqi numbering	heading in the layer's own text		
urn:hadith:0279Tirmidhi.Sunan:106	106	112	Shakir / ʿAbd al-Baqi numbering	heading in the layer's own text		
urn:hadith:0279Tirmidhi.Sunan:107	107	113	Shakir / ʿAbd al-Baqi numbering	heading in the layer's own text		
urn:hadith:0279Tirmidhi.Sunan:108	108	114	Shakir / ʿAbd al-Baqi numbering	heading in the layer's own text		
urn:hadith:0279Tirmidhi.Sunan:109	109	115	Shakir / ʿAbd al-Baqi numbering	heading in the layer's own text		
urn:hadith:0279Tirmidhi.Sunan:110	110	116	Shakir / ʿAbd al-Baqi numbering	heading in the layer's own text		
urn:hadith:0279Tirmidhi.Sunan:111	111	117	Shakir / ʿAbd al-Baqi numbering	heading in the layer's own text		
urn:hadith:0279Tirmidhi.Sunan:112	112	118	Shakir / ʿAbd al-Baqi numbering	heading in the layer's own text		
urn:hadith:0279Tirmidhi.Sunan:113	113	119	Shakir / ʿAbd al-Baqi numbering	heading in the layer's own text		
urn:hadith:0279Tirmidhi.Sunan:114	114	120	Shakir / ʿAbd al-Baqi numbering	heading in the layer's own text		
urn:hadith:0279Tirmidhi.Sunan:115	115	121	Shakir / ʿAbd al-Baqi numbering	heading in the layer's own text		
urn:hadith:0279Tirmidhi.Sunan:116	116	122	Shakir / ʿAbd al-Baqi numbering	heading in the layer's own text		
urn:hadith:0279Tirmidhi.Sunan:117	117	123	Shakir / ʿAbd al-Baqi numbering	heading in the layer's own text		
urn:hadith:0279Tirmidhi.Sunan:118	118	124	Shakir / ʿAbd al-Baqi numbering	heading in the layer's own text		
urn:hadith:0279Tirmidhi.Sunan:119	119	125	Shakir / ʿAbd al-Baqi numbering	heading in the layer's own text		
urn:hadith:0279Tirmidhi.Sunan:120	120	126	Shakir / ʿAbd al-Baqi numbering	heading in the layer's own text		
urn:hadith:0279Tirmidhi.Sunan:121	121	127	Shakir / ʿAbd al-Baqi numbering	heading in the layer's own text		
urn:hadith:0279Tirmidhi.Sunan:122	122	128	Shakir / ʿAbd al-Baqi numbering	heading in the layer's own text		
urn:hadith:0279Tirmidhi.Sunan:123	123	129	Shakir / ʿAbd al-Baqi numbering	heading in the layer's own text		
urn:hadith:0279Tirmidhi.Sunan:124	124	130	Shakir / ʿAbd al-Baqi numbering	heading in the layer's own text		
urn:hadith:0279Tirmidhi.Sunan:125	125	131	Shakir / ʿAbd al-Baqi numbering	heading in the layer's own text		
urn:hadith:0279Tirmidhi.Sunan:126	126	132	Shakir / ʿAbd al-Baqi numbering	heading in the layer's own text		
urn:hadith:0279Tirmidhi.Sunan:127	127	133	Shakir / ʿAbd al-Baqi numbering	heading in the layer's own text		
urn:hadith:0279Tirmidhi.Sunan:128	128	134	Shakir / ʿAbd al-Baqi numbering	heading in the layer's own text		
urn:hadith:0279Tirmidhi.Sunan:129	129	135	Shakir / ʿAbd al-Baqi numbering	heading in the layer's own text		
urn:hadith:0279Tirmidhi.Sunan:130	130	136	Shakir / ʿAbd al-Baqi numbering	heading in the layer's own text		
urn:hadith:0279Tirmidhi.Sunan:131	131	137	Shakir / ʿAbd al-Baqi numbering	heading in the layer's own text		
urn:hadith:0279Tirmidhi.Sunan:132	132	138	Shakir / ʿAbd al-Baqi numbering	heading in the layer's own text		
urn:hadith:0279Tirmidhi.Sunan:133	133	139	Shakir / ʿAbd al-Baqi numbering	heading in the layer's own text		
urn:hadith:0279Tirmidhi.Sunan:134	134	140	Shakir / ʿAbd al-Baqi numbering	heading in the layer's own text		
urn:hadith:0279Tirmidhi.Sunan:135	135	141	Shakir / ʿAbd al-Baqi numbering	heading in the layer's own text		
urn:hadith:0279Tirmidhi.Sunan:136	136	142	Shakir / ʿAbd al-Baqi numbering	heading in the layer's own text		
urn:hadith:0279Tirmidhi.Sunan:137	137	143	Shakir / ʿAbd al-Baqi numbering	heading in the layer's own text		
urn:hadith:0279Tirmidhi.Sunan:138	138	144	Shakir / ʿAbd al-Baqi numbering	heading in the layer's own text		
urn:hadith:0279Tirmidhi.Sunan:139	139	145	Shakir / ʿAbd al-Baqi numbering	heading in the layer's own text		
urn:hadith:0279Tirmidhi.Sunan:140	140	146	Shakir / ʿAbd al-Baqi numbering	heading in the layer's own text		
urn:hadith:0279Tirmidhi.Sunan:141	141	147	Shakir / ʿAbd al-Baqi numbering	heading in the layer's own text		
urn:hadith:0279Tirmidhi.Sunan:142	142	149	Shakir / ʿAbd al-Baqi numbering	heading in the layer's own text		
urn:hadith:0279Tirmidhi.Sunan:143	143	150	Shakir / ʿAbd al-Baqi numbering	heading in the layer's own text		
urn:hadith:0279Tirmidhi.Sunan:144	144	151	Shakir / ʿAbd al-Baqi numbering	heading in the layer's own text		
urn:hadith:0279Tirmidhi.Sunan:145	145	152	Shakir / ʿAbd al-Baqi numbering	heading in the layer's own text		
urn:hadith:0279Tirmidhi.Sunan:146	146	153	Shakir / ʿAbd al-Baqi numbering	heading in the layer's own text		
urn:hadith:0279Tirmidhi.Sunan:147	147	154	Shakir / ʿAbd al-Baqi numbering	heading in the layer's own text		
urn:hadith:0279Tirmidhi.Sunan:148	148	155	Shakir / ʿAbd al-Baqi numbering	heading in the layer's own text		
urn:hadith:0279Tirmidhi.Sunan:149	149	156	Shakir / ʿAbd al-Baqi numbering	heading in the layer's own text		
urn:hadith:0279Tirmidhi.Sunan:150	150	157	Shakir / ʿAbd al-Baqi numbering	heading in the layer's own text		
urn:hadith:0279Tirmidhi.Sunan:151	151	158	Shakir / ʿAbd al-Baqi numbering	heading in the layer's own text		
urn:hadith:0279Tirmidhi.Sunan:152	152	159	Shakir / ʿAbd al-Baqi numbering	heading in the layer's own text		
urn:hadith:0279Tirmidhi.Sunan:153	153	160	Shakir / ʿAbd al-Baqi numbering	heading in the layer's own text		
urn:hadith:0279Tirmidhi.Sunan:154	154	161	Shakir / ʿAbd al-Baqi numbering	heading in the layer's own text		
urn:hadith:0279Tirmidhi.Sunan:155	155	163	Shakir / ʿAbd al-Baqi numbering	heading in the layer's own text		
urn:hadith:0279Tirmidhi.Sunan:156	156	164	Shakir / ʿAbd al-Baqi numbering	heading in the layer's own text		
urn:hadith:0279Tirmidhi.Sunan:157	157	165	Shakir / ʿAbd al-Baqi numbering	heading in the layer's own text		
urn:hadith:0279Tirmidhi.Sunan:158	158	166	Shakir / ʿAbd al-Baqi numbering	heading in the layer's own text		
urn:hadith:0279Tirmidhi.Sunan:159	159	167	Shakir / ʿAbd al-Baqi numbering	heading in the layer's own text		
urn:hadith:0279Tirmidhi.Sunan:160	160	168	Shakir / ʿAbd al-Baqi numbering	heading in the layer's own text		
urn:hadith:0279Tirmidhi.Sunan:161	161	169	Shakir / ʿAbd al-Baqi numbering	heading in the layer's own text		
urn:hadith:0279Tirmidhi.Sunan:162	162	170	Shakir / ʿAbd al-Baqi numbering	heading in the layer's own text		
urn:hadith:0279Tirmidhi.Sunan:163	163	171	Shakir / ʿAbd al-Baqi numbering	heading in the layer's own text		
urn:hadith:0279Tirmidhi.Sunan:164	164	172	Shakir / ʿAbd al-Baqi numbering	heading in the layer's own text		
urn:hadith:0279Tirmidhi.Sunan:165	165	173	Shakir / ʿAbd al-Baqi numbering	heading in the layer's own text		
urn:hadith:0279Tirmidhi.Sunan:166	166	174	Shakir / ʿAbd al-Baqi numbering	heading in the layer's own text		
urn:hadith:0279Tirmidhi.Sunan:167	167	175	Shakir / ʿAbd al-Baqi numbering	heading in the layer's own text		
urn:hadith:0279Tirmidhi.Sunan:168	168	176	Shakir / ʿAbd al-Baqi numbering	heading in the layer's own text		
urn:hadith:0279Tirmidhi.Sunan:169	169	177	Shakir / ʿAbd al-Baqi numbering	heading in the layer's own text		
urn:hadith:0279Tirmidhi.Sunan:170	170	178	Shakir / ʿAbd al-Baqi numbering	heading in the layer's own text		
urn:hadith:0279Tirmidhi.Sunan:171	171	179	Shakir / ʿAbd al-Baqi numbering	heading in the layer's own text		
urn:hadith:0279Tirmidhi.Sunan:172	172	180	Shakir / ʿAbd al-Baqi numbering	heading in the layer's own text		
urn:hadith:0279Tirmidhi.Sunan:173	173	181	Shakir / ʿAbd al-Baqi numbering	heading in the layer's own text		
urn:hadith:0279Tirmidhi.Sunan:174	174	182	Shakir / ʿAbd al-Baqi numbering	heading in the layer's own text		
urn:hadith:0279Tirmidhi.Sunan:175	175	183	Shakir / ʿAbd al-Baqi numbering	heading in the layer's own text		
urn:hadith:0279Tirmidhi.Sunan:176	176	184	Shakir / ʿAbd al-Baqi numbering	heading in the layer's own text		
urn:hadith:0279Tirmidhi.Sunan:177	177	185	Shakir / ʿAbd al-Baqi numbering	heading in the layer's own text		
urn:hadith:0279Tirmidhi.Sunan:178	178	186	Shakir / ʿAbd al-Baqi numbering	heading in the layer's own text		
urn:hadith:0279Tirmidhi.Sunan:179	179	187	Shakir / ʿAbd al-Baqi numbering	heading in the layer's own text		
urn:hadith:0279Tirmidhi.Sunan:180	180	188	Shakir / ʿAbd al-Baqi numbering	heading in the layer's own text		
urn:hadith:0279Tirmidhi.Sunan:181	181	189	Shakir / ʿAbd al-Baqi numbering	heading in the layer's own text		
urn:hadith:0279Tirmidhi.Sunan:182	182	190	Shakir / ʿAbd al-Baqi numbering	heading in the layer's own text		
urn:hadith:0279Tirmidhi.Sunan:183	183	191	Shakir / ʿAbd al-Baqi numbering	heading in the layer's own text		
urn:hadith:0279Tirmidhi.Sunan:184	184	192	Shakir / ʿAbd al-Baqi numbering	heading in the layer's own text		
urn:hadith:0279Tirmidhi.Sunan:185	185	193	Shakir / ʿAbd al-Baqi numbering	heading in the layer's own text		
urn:hadith:0279Tirmidhi.Sunan:186	186	194	Shakir / ʿAbd al-Baqi numbering	heading in the layer's own text		
urn:hadith:0279Tirmidhi.Sunan:187	187	195	Shakir / ʿAbd al-Baqi numbering	heading in the layer's own text		
urn:hadith:0279Tirmidhi.Sunan:188	188	196	Shakir / ʿAbd al-Baqi numbering	heading in the layer's own text		
urn:hadith:0279Tirmidhi.Sunan:189	189	197	Shakir / ʿAbd al-Baqi numbering	heading in the layer's own text		
urn:hadith:0279Tirmidhi.Sunan:190	190	198	Shakir / ʿAbd al-Baqi numbering	heading in the layer's own text		
urn:hadith:0279Tirmidhi.Sunan:191	191	199	Shakir / ʿAbd al-Baqi numbering	heading in the layer's own text		
urn:hadith:0279Tirmidhi.Sunan:192	192	200	Shakir / ʿAbd al-Baqi numbering	heading in the layer's own text		
urn:hadith:0279Tirmidhi.Sunan:193	193	201	Shakir / ʿAbd al-Baqi numbering	heading in the layer's own text		
urn:hadith:0279Tirmidhi.Sunan:194	194	202	Shakir / ʿAbd al-Baqi numbering	heading in the layer's own text		
urn:hadith:0279Tirmidhi.Sunan:195	195	203	Shakir / ʿAbd al-Baqi numbering	heading in the layer's own text		
urn:hadith:0279Tirmidhi.Sunan:196	196	204	Shakir / ʿAbd al-Baqi numbering	heading in the layer's own text		
urn:hadith:0279Tirmidhi.Sunan:197	197	205	Shakir / ʿAbd al-Baqi numbering	heading in the layer's own text		
urn:hadith:0279Tirmidhi.Sunan:198	198	206	Shakir / ʿAbd al-Baqi numbering	heading in the layer's own text		
urn:hadith:0279Tirmidhi.Sunan:199	199	207	Shakir / ʿAbd al-Baqi numbering	heading in the layer's own text		
urn:hadith:0279Tirmidhi.Sunan:200	200	208	Shakir / ʿAbd al-Baqi numbering	heading in the layer's own text		
urn:hadith:0279Tirmidhi.Sunan:201	201	209	Shakir / ʿAbd al-Baqi numbering	heading in the layer's own text		
urn:hadith:0279Tirmidhi.Sunan:202	202	210	Shakir / ʿAbd al-Baqi numbering	heading in the layer's own text		
urn:hadith:0279Tirmidhi.Sunan:203	203	211	Shakir / ʿAbd al-Baqi numbering	heading in the layer's own text		
urn:hadith:0279Tirmidhi.Sunan:204	204	212	Shakir / ʿAbd al-Baqi numbering	heading in the layer's own text		
urn:hadith:0279Tirmidhi.Sunan:205	205	213	Shakir / ʿAbd al-Baqi numbering	heading in the layer's own text		
urn:hadith:0279Tirmidhi.Sunan:206	206	214	Shakir / ʿAbd al-Baqi numbering	heading in the layer's own text		
urn:hadith:0279Tirmidhi.Sunan:207	207	215	Shakir / ʿAbd al-Baqi numbering	heading in the layer's own text		
urn:hadith:0279Tirmidhi.Sunan:208	208	216	Shakir / ʿAbd al-Baqi numbering	heading in the layer's own text		
urn:hadith:0279Tirmidhi.Sunan:209	209	217	Shakir / ʿAbd al-Baqi numbering	heading in the layer's own text		
urn:hadith:0279Tirmidhi.Sunan:210	210	219	Shakir / ʿAbd al-Baqi numbering	heading in the layer's own text		
urn:hadith:0279Tirmidhi.Sunan:211	211	220	Shakir / ʿAbd al-Baqi numbering	heading in the layer's own text		
urn:hadith:0279Tirmidhi.Sunan:212	212	221	Shakir / ʿAbd al-Baqi numbering	heading in the layer's own text		
urn:hadith:0279Tirmidhi.Sunan:213	213	222	Shakir / ʿAbd al-Baqi numbering	heading in the layer's own text		
urn:hadith:0279Tirmidhi.Sunan:214	214	223	Shakir / ʿAbd al-Baqi numbering	heading in the layer's own text		
urn:hadith:0279Tirmidhi.Sunan:215	215	224	Shakir / ʿAbd al-Baqi numbering	heading in the layer's own text		
urn:hadith:0279Tirmidhi.Sunan:216	216	226	Shakir / ʿAbd al-Baqi numbering	heading in the layer's own text		
urn:hadith:0279Tirmidhi.Sunan:217	217	227	Shakir / ʿAbd al-Baqi numbering	heading in the layer's own text		
urn:hadith:0279Tirmidhi.Sunan:218	218	228	Shakir / ʿAbd al-Baqi numbering	heading in the layer's own text		
urn:hadith:0279Tirmidhi.Sunan:219	219	229	Shakir / ʿAbd al-Baqi numbering	heading in the layer's own text		
urn:hadith:0279Tirmidhi.Sunan:220	220	230	Shakir / ʿAbd al-Baqi numbering	heading in the layer's own text		
urn:hadith:0279Tirmidhi.Sunan:221	221	231	Shakir / ʿAbd al-Baqi numbering	heading in the layer's own text		
urn:hadith:0279Tirmidhi.Sunan:222	222	232	Shakir / ʿAbd al-Baqi numbering	heading in the layer's own text		
urn:hadith:0279Tirmidhi.Sunan:223	223	233	Shakir / ʿAbd al-Baqi numbering	heading in the layer's own text		
urn:hadith:0279Tirmidhi.Sunan:224	224	234	Shakir / ʿAbd al-Baqi numbering	heading in the layer's own text		
urn:hadith:0279Tirmidhi.Sunan:225	225	235	Shakir / ʿAbd al-Baqi numbering	heading in the layer's own text		
urn:hadith:0279Tirmidhi.Sunan:226	226	236	Shakir / ʿAbd al-Baqi numbering	heading in the layer's own text		
urn:hadith:0279Tirmidhi.Sunan:227	227	237	Shakir / ʿAbd al-Baqi numbering	heading in the layer's own text		
urn:hadith:0279Tirmidhi.Sunan:228	228	238	Shakir / ʿAbd al-Baqi numbering	heading in the layer's own text		
urn:hadith:0279Tirmidhi.Sunan:229	229	239	Shakir / ʿAbd al-Baqi numbering	heading in the layer's own text		
urn:hadith:0279Tirmidhi.Sunan:230	230	241	Shakir / ʿAbd al-Baqi numbering	heading in the layer's own text		
urn:hadith:0279Tirmidhi.Sunan:231	231	242	Shakir / ʿAbd al-Baqi numbering	heading in the layer's own text		
urn:hadith:0279Tirmidhi.Sunan:232	232	243	Shakir / ʿAbd al-Baqi numbering	heading in the layer's own text		
urn:hadith:0279Tirmidhi.Sunan:233	233	244	Shakir / ʿAbd al-Baqi numbering	heading in the layer's own text		
urn:hadith:0279Tirmidhi.Sunan:234	234	245	Shakir / ʿAbd al-Baqi numbering	heading in the layer's own text		
urn:hadith:0279Tirmidhi.Sunan:235	235	246	Shakir / ʿAbd al-Baqi numbering	heading in the layer's own text		
urn:hadith:0279Tirmidhi.Sunan:236	236	247	Shakir / ʿAbd al-Baqi numbering	heading in the layer's own text		
urn:hadith:0279Tirmidhi.Sunan:237	237	248	Shakir / ʿAbd al-Baqi numbering	heading in the layer's own text		
urn:hadith:0279Tirmidhi.Sunan:238	238	250	Shakir / ʿAbd al-Baqi numbering	heading in the layer's own text		
urn:hadith:0279Tirmidhi.Sunan:239	239	251	Shakir / ʿAbd al-Baqi numbering	heading in the layer's own text		
urn:hadith:0279Tirmidhi.Sunan:240	240	252	Shakir / ʿAbd al-Baqi numbering	heading in the layer's own text		
urn:hadith:0279Tirmidhi.Sunan:241	241	253	Shakir / ʿAbd al-Baqi numbering	heading in the layer's own text		
urn:hadith:0279Tirmidhi.Sunan:242	242	254	Shakir / ʿAbd al-Baqi numbering	heading in the layer's own text		
urn:hadith:0279Tirmidhi.Sunan:243	243	255	Shakir / ʿAbd al-Baqi numbering	heading in the layer's own text		
urn:hadith:0279Tirmidhi.Sunan:244	244	257	Shakir / ʿAbd al-Baqi numbering	heading in the layer's own text		
urn:hadith:0279Tirmidhi.Sunan:245	245	258	Shakir / ʿAbd al-Baqi numbering	heading in the layer's own text		
urn:hadith:0279Tirmidhi.Sunan:246	246	260	Shakir / ʿAbd al-Baqi numbering	heading in the layer's own text		
urn:hadith:0279Tirmidhi.Sunan:247	247	261	Shakir / ʿAbd al-Baqi numbering	heading in the layer's own text		
urn:hadith:0279Tirmidhi.Sunan:248	248	262	Shakir / ʿAbd al-Baqi numbering	heading in the layer's own text		
urn:hadith:0279Tirmidhi.Sunan:249	249	264	Shakir / ʿAbd al-Baqi numbering	heading in the layer's own text		
urn:hadith:0279Tirmidhi.Sunan:250	250	265	Shakir / ʿAbd al-Baqi numbering	heading in the layer's own text		
urn:hadith:0279Tirmidhi.Sunan:251	251	266	Shakir / ʿAbd al-Baqi numbering	heading in the layer's own text		
urn:hadith:0279Tirmidhi.Sunan:252	252	267	Shakir / ʿAbd al-Baqi numbering	heading in the layer's own text		
urn:hadith:0279Tirmidhi.Sunan:253	253	268	Shakir / ʿAbd al-Baqi numbering	heading in the layer's own text		
urn:hadith:0279Tirmidhi.Sunan:254	254	269	Shakir / ʿAbd al-Baqi numbering	heading in the layer's own text		
urn:hadith:0279Tirmidhi.Sunan:255	255	270	Shakir / ʿAbd al-Baqi numbering	heading in the layer's own text		
urn:hadith:0279Tirmidhi.Sunan:256	256	271	Shakir / ʿAbd al-Baqi numbering	heading in the layer's own text		
urn:hadith:0279Tirmidhi.Sunan:257	257	272	Shakir / ʿAbd al-Baqi numbering	heading in the layer's own text		
urn:hadith:0279Tirmidhi.Sunan:258	258	273	Shakir / ʿAbd al-Baqi numbering	heading in the layer's own text		
urn:hadith:0279Tirmidhi.Sunan:259	259	274	Shakir / ʿAbd al-Baqi numbering	heading in the layer's own text		
urn:hadith:0279Tirmidhi.Sunan:260	260	275	Shakir / ʿAbd al-Baqi numbering	heading in the layer's own text		
urn:hadith:0279Tirmidhi.Sunan:261	261	276	Shakir / ʿAbd al-Baqi numbering	heading in the layer's own text		
urn:hadith:0279Tirmidhi.Sunan:262	262	277	Shakir / ʿAbd al-Baqi numbering	heading in the layer's own text		
urn:hadith:0279Tirmidhi.Sunan:263	263	279	Shakir / ʿAbd al-Baqi numbering	heading in the layer's own text		
urn:hadith:0279Tirmidhi.Sunan:264	264	280	Shakir / ʿAbd al-Baqi numbering	heading in the layer's own text		
urn:hadith:0279Tirmidhi.Sunan:265	265	281	Shakir / ʿAbd al-Baqi numbering	heading in the layer's own text		
urn:hadith:0279Tirmidhi.Sunan:266	266	282	Shakir / ʿAbd al-Baqi numbering	heading in the layer's own text		
urn:hadith:0279Tirmidhi.Sunan:267	267	283	Shakir / ʿAbd al-Baqi numbering	heading in the layer's own text		
urn:hadith:0279Tirmidhi.Sunan:268	268	284	Shakir / ʿAbd al-Baqi numbering	heading in the layer's own text		
urn:hadith:0279Tirmidhi.Sunan:269	269	285	Shakir / ʿAbd al-Baqi numbering	heading in the layer's own text		
urn:hadith:0279Tirmidhi.Sunan:270	270	286	Shakir / ʿAbd al-Baqi numbering	heading in the layer's own text		
urn:hadith:0279Tirmidhi.Sunan:271	271	287	Shakir / ʿAbd al-Baqi numbering	heading in the layer's own text		
urn:hadith:0279Tirmidhi.Sunan:272	272	288	Shakir / ʿAbd al-Baqi numbering	heading in the layer's own text		
urn:hadith:0279Tirmidhi.Sunan:273	273	289	Shakir / ʿAbd al-Baqi numbering	heading in the layer's own text		
urn:hadith:0279Tirmidhi.Sunan:274	274	290	Shakir / ʿAbd al-Baqi numbering	heading in the layer's own text		
urn:hadith:0279Tirmidhi.Sunan:275	275	291	Shakir / ʿAbd al-Baqi numbering	heading in the layer's own text		
urn:hadith:0279Tirmidhi.Sunan:276	276	292	Shakir / ʿAbd al-Baqi numbering	heading in the layer's own text		
urn:hadith:0279Tirmidhi.Sunan:277	277	293	Shakir / ʿAbd al-Baqi numbering	heading in the layer's own text		
urn:hadith:0279Tirmidhi.Sunan:278	278	294	Shakir / ʿAbd al-Baqi numbering	heading in the layer's own text		
urn:hadith:0279Tirmidhi.Sunan:279	279	295	Shakir / ʿAbd al-Baqi numbering	heading in the layer's own text		
urn:hadith:0279Tirmidhi.Sunan:280	280	296	Shakir / ʿAbd al-Baqi numbering	heading in the layer's own text		
urn:hadith:0279Tirmidhi.Sunan:281	281	297	Shakir / ʿAbd al-Baqi numbering	heading in the layer's own text		
urn:hadith:0279Tirmidhi.Sunan:282	282	298	Shakir / ʿAbd al-Baqi numbering	heading in the layer's own text		
urn:hadith:0279Tirmidhi.Sunan:283	283	299	Shakir / ʿAbd al-Baqi numbering	heading in the layer's own text		
urn:hadith:0279Tirmidhi.Sunan:284	284	300	Shakir / ʿAbd al-Baqi numbering	heading in the layer's own text		
urn:hadith:0279Tirmidhi.Sunan:285	285	301	Shakir / ʿAbd al-Baqi numbering	heading in the layer's own text		
urn:hadith:0279Tirmidhi.Sunan:286	286	302	Shakir / ʿAbd al-Baqi numbering	heading in the layer's own text		
urn:hadith:0279Tirmidhi.Sunan:287	287	303	Shakir / ʿAbd al-Baqi numbering	heading in the layer's own text		
urn:hadith:0279Tirmidhi.Sunan:288	288	304	Shakir / ʿAbd al-Baqi numbering	heading in the layer's own text		
urn:hadith:0279Tirmidhi.Sunan:289	289	305	Shakir / ʿAbd al-Baqi numbering	heading in the layer's own text		
urn:hadith:0279Tirmidhi.Sunan:290	290	306	Shakir / ʿAbd al-Baqi numbering	heading in the layer's own text		
urn:hadith:0279Tirmidhi.Sunan:291	291	307	Shakir / ʿAbd al-Baqi numbering	heading in the layer's own text		
urn:hadith:0279Tirmidhi.Sunan:292	292	308	Shakir / ʿAbd al-Baqi numbering	heading in the layer's own text		
urn:hadith:0279Tirmidhi.Sunan:293	293	309	Shakir / ʿAbd al-Baqi numbering	heading in the layer's own text		
urn:hadith:0279Tirmidhi.Sunan:294	294	310	Shakir / ʿAbd al-Baqi numbering	heading in the layer's own text		
urn:hadith:0279Tirmidhi.Sunan:295	295	311	Shakir / ʿAbd al-Baqi numbering	heading in the layer's own text		
urn:hadith:0279Tirmidhi.Sunan:296	296	312	Shakir / ʿAbd al-Baqi numbering	heading in the layer's own text		
urn:hadith:0279Tirmidhi.Sunan:297	297	313	Shakir / ʿAbd al-Baqi numbering	heading in the layer's own text		
urn:hadith:0279Tirmidhi.Sunan:298	298	314	Shakir / ʿAbd al-Baqi numbering	heading in the layer's own text		
urn:hadith:0279Tirmidhi.Sunan:299	299	316	Shakir / ʿAbd al-Baqi numbering	heading in the layer's own text		
urn:hadith:0279Tirmidhi.Sunan:300	300	317	Shakir / ʿAbd al-Baqi numbering	heading in the layer's own text		
urn:hadith:0279Tirmidhi.Sunan:301	301	318	Shakir / ʿAbd al-Baqi numbering	heading in the layer's own text		
urn:hadith:0279Tirmidhi.Sunan:302	302	320	Shakir / ʿAbd al-Baqi numbering	heading in the layer's own text		
urn:hadith:0279Tirmidhi.Sunan:303	303	321	Shakir / ʿAbd al-Baqi numbering	heading in the layer's own text		
urn:hadith:0279Tirmidhi.Sunan:304	304	322	Shakir / ʿAbd al-Baqi numbering	heading in the layer's own text		
urn:hadith:0279Tirmidhi.Sunan:305	305	323	Shakir / ʿAbd al-Baqi numbering	heading in the layer's own text		
urn:hadith:0279Tirmidhi.Sunan:306	306	324	Shakir / ʿAbd al-Baqi numbering	heading in the layer's own text		
urn:hadith:0279Tirmidhi.Sunan:307	307	325	Shakir / ʿAbd al-Baqi numbering	heading in the layer's own text		
urn:hadith:0279Tirmidhi.Sunan:308	308	326	Shakir / ʿAbd al-Baqi numbering	heading in the layer's own text		
urn:hadith:0279Tirmidhi.Sunan:309	309	327	Shakir / ʿAbd al-Baqi numbering	heading in the layer's own text		
urn:hadith:0279Tirmidhi.Sunan:310	310	328	Shakir / ʿAbd al-Baqi numbering	heading in the layer's own text		
urn:hadith:0279Tirmidhi.Sunan:311	311	329	Shakir / ʿAbd al-Baqi numbering	heading in the layer's own text		
urn:hadith:0279Tirmidhi.Sunan:312	312	330	Shakir / ʿAbd al-Baqi numbering	heading in the layer's own text		
urn:hadith:0279Tirmidhi.Sunan:313	313	331	Shakir / ʿAbd al-Baqi numbering	heading in the layer's own text		
urn:hadith:0279Tirmidhi.Sunan:314	314	332	Shakir / ʿAbd al-Baqi numbering	heading in the layer's own text		
urn:hadith:0279Tirmidhi.Sunan:315	315	333	Shakir / ʿAbd al-Baqi numbering	heading in the layer's own text		
urn:hadith:0279Tirmidhi.Sunan:316	316	334	Shakir / ʿAbd al-Baqi numbering	heading in the layer's own text		
urn:hadith:0279Tirmidhi.Sunan:318	318	336	Shakir / ʿAbd al-Baqi numbering	heading in the layer's own text		
urn:hadith:0279Tirmidhi.Sunan:319	319	337	Shakir / ʿAbd al-Baqi numbering	heading in the layer's own text		
urn:hadith:0279Tirmidhi.Sunan:320	320	338	Shakir / ʿAbd al-Baqi numbering	heading in the layer's own text		
urn:hadith:0279Tirmidhi.Sunan:321	321	339	Shakir / ʿAbd al-Baqi numbering	heading in the layer's own text		
urn:hadith:0279Tirmidhi.Sunan:322	322	340	Shakir / ʿAbd al-Baqi numbering	heading in the layer's own text		
urn:hadith:0279Tirmidhi.Sunan:323	323	341	Shakir / ʿAbd al-Baqi numbering	heading in the layer's own text		
urn:hadith:0279Tirmidhi.Sunan:324	324	342	Shakir / ʿAbd al-Baqi numbering	heading in the layer's own text		
urn:hadith:0279Tirmidhi.Sunan:325	325	343	Shakir / ʿAbd al-Baqi numbering	heading in the layer's own text		
urn:hadith:0279Tirmidhi.Sunan:326	326	344	Shakir / ʿAbd al-Baqi numbering	heading in the layer's own text		
urn:hadith:0279Tirmidhi.Sunan:327	327	345	Shakir / ʿAbd al-Baqi numbering	heading in the layer's own text		
urn:hadith:0279Tirmidhi.Sunan:328	328	346	Shakir / ʿAbd al-Baqi numbering	heading in the layer's own text		
urn:hadith:0279Tirmidhi.Sunan:329	329	347	Shakir / ʿAbd al-Baqi numbering	heading in the layer's own text		
urn:hadith:0279Tirmidhi.Sunan:330	330	348	Shakir / ʿAbd al-Baqi numbering	heading in the layer's own text		
urn:hadith:0279Tirmidhi.Sunan:331	331	349	Shakir / ʿAbd al-Baqi numbering	heading in the layer's own text		
urn:hadith:0279Tirmidhi.Sunan:332	332	350	Shakir / ʿAbd al-Baqi numbering	heading in the layer's own text		
urn:hadith:0279Tirmidhi.Sunan:333	333	351	Shakir / ʿAbd al-Baqi numbering	heading in the layer's own text		
urn:hadith:0279Tirmidhi.Sunan:334	334	352	Shakir / ʿAbd al-Baqi numbering	heading in the layer's own text		
urn:hadith:0279Tirmidhi.Sunan:335	335	353	Shakir / ʿAbd al-Baqi numbering	heading in the layer's own text		
urn:hadith:0279Tirmidhi.Sunan:336	336	355	Shakir / ʿAbd al-Baqi numbering	heading in the layer's own text		
urn:hadith:0279Tirmidhi.Sunan:337	337	356	Shakir / ʿAbd al-Baqi numbering	heading in the layer's own text		
urn:hadith:0279Tirmidhi.Sunan:338	338	357	Shakir / ʿAbd al-Baqi numbering	heading in the layer's own text		
urn:hadith:0279Tirmidhi.Sunan:339	339	358	Shakir / ʿAbd al-Baqi numbering	heading in the layer's own text		
urn:hadith:0279Tirmidhi.Sunan:340	340	359	Shakir / ʿAbd al-Baqi numbering	heading in the layer's own text		
urn:hadith:0279Tirmidhi.Sunan:341	341	360	Shakir / ʿAbd al-Baqi numbering	heading in the layer's own text		
urn:hadith:0279Tirmidhi.Sunan:342	342	361	Shakir / ʿAbd al-Baqi numbering	heading in the layer's own text		
urn:hadith:0279Tirmidhi.Sunan:343	343	362	Shakir / ʿAbd al-Baqi numbering	heading in the layer's own text		
urn:hadith:0279Tirmidhi.Sunan:344	344	363	Shakir / ʿAbd al-Baqi numbering	heading in the layer's own text		
urn:hadith:0279Tirmidhi.Sunan:345	345	364	Shakir / ʿAbd al-Baqi numbering	heading in the layer's own text		
urn:hadith:0279Tirmidhi.Sunan:346	346	365	Shakir / ʿAbd al-Baqi numbering	heading in the layer's own text		
urn:hadith:0279Tirmidhi.Sunan:347	347	366	Shakir / ʿAbd al-Baqi numbering	heading in the layer's own text		
urn:hadith:0279Tirmidhi.Sunan:348	348	367	Shakir / ʿAbd al-Baqi numbering	heading in the layer's own text		
urn:hadith:0279Tirmidhi.Sunan:349	349	368	Shakir / ʿAbd al-Baqi numbering	heading in the layer's own text		
urn:hadith:0279Tirmidhi.Sunan:350	350	369	Shakir / ʿAbd al-Baqi numbering	heading in the layer's own text		
urn:hadith:0279Tirmidhi.Sunan:351	351	370	Shakir / ʿAbd al-Baqi numbering	heading in the layer's own text		
urn:hadith:0279Tirmidhi.Sunan:352	352	371	Shakir / ʿAbd al-Baqi numbering	heading in the layer's own text		
urn:hadith:0279Tirmidhi.Sunan:353	353	373	Shakir / ʿAbd al-Baqi numbering	heading in the layer's own text		
urn:hadith:0279Tirmidhi.Sunan:354	354	374	Shakir / ʿAbd al-Baqi numbering	heading in the layer's own text		
urn:hadith:0279Tirmidhi.Sunan:355	355	375	Shakir / ʿAbd al-Baqi numbering	heading in the layer's own text		
urn:hadith:0279Tirmidhi.Sunan:356	356	376	Shakir / ʿAbd al-Baqi numbering	heading in the layer's own text		
urn:hadith:0279Tirmidhi.Sunan:357	357	377	Shakir / ʿAbd al-Baqi numbering	heading in the layer's own text		
urn:hadith:0279Tirmidhi.Sunan:358	358	378	Shakir / ʿAbd al-Baqi numbering	heading in the layer's own text		
urn:hadith:0279Tirmidhi.Sunan:359	359	379	Shakir / ʿAbd al-Baqi numbering	heading in the layer's own text		
urn:hadith:0279Tirmidhi.Sunan:360	360	380	Shakir / ʿAbd al-Baqi numbering	heading in the layer's own text		
urn:hadith:0279Tirmidhi.Sunan:361	361	381	Shakir / ʿAbd al-Baqi numbering	heading in the layer's own text		
urn:hadith:0279Tirmidhi.Sunan:362	362	382	Shakir / ʿAbd al-Baqi numbering	heading in the layer's own text		
urn:hadith:0279Tirmidhi.Sunan:363	363	383	Shakir / ʿAbd al-Baqi numbering	heading in the layer's own text		
urn:hadith:0279Tirmidhi.Sunan:364	364	384	Shakir / ʿAbd al-Baqi numbering	heading in the layer's own text		
urn:hadith:0279Tirmidhi.Sunan:365	365	385	Shakir / ʿAbd al-Baqi numbering	heading in the layer's own text		
urn:hadith:0279Tirmidhi.Sunan:366	366	386	Shakir / ʿAbd al-Baqi numbering	heading in the layer's own text		
urn:hadith:0279Tirmidhi.Sunan:367	367	387	Shakir / ʿAbd al-Baqi numbering	heading in the layer's own text		
urn:hadith:0279Tirmidhi.Sunan:368	368	388	Shakir / ʿAbd al-Baqi numbering	heading in the layer's own text		
urn:hadith:0279Tirmidhi.Sunan:369	369	390	Shakir / ʿAbd al-Baqi numbering	heading in the layer's own text		
urn:hadith:0279Tirmidhi.Sunan:370	370	391	Shakir / ʿAbd al-Baqi numbering	heading in the layer's own text		
urn:hadith:0279Tirmidhi.Sunan:371	371	392	Shakir / ʿAbd al-Baqi numbering	heading in the layer's own text		
urn:hadith:0279Tirmidhi.Sunan:372	372	393	Shakir / ʿAbd al-Baqi numbering	heading in the layer's own text		
urn:hadith:0279Tirmidhi.Sunan:373	373	394	Shakir / ʿAbd al-Baqi numbering	heading in the layer's own text		
urn:hadith:0279Tirmidhi.Sunan:374	374	395	Shakir / ʿAbd al-Baqi numbering	heading in the layer's own text		
urn:hadith:0279Tirmidhi.Sunan:375	375	396	Shakir / ʿAbd al-Baqi numbering	heading in the layer's own text		
urn:hadith:0279Tirmidhi.Sunan:376	376	397	Shakir / ʿAbd al-Baqi numbering	heading in the layer's own text		
urn:hadith:0279Tirmidhi.Sunan:377	377	398	Shakir / ʿAbd al-Baqi numbering	heading in the layer's own text		
urn:hadith:0279Tirmidhi.Sunan:378	378	399	Shakir / ʿAbd al-Baqi numbering	heading in the layer's own text		
urn:hadith:0279Tirmidhi.Sunan:379	379	400	Shakir / ʿAbd al-Baqi numbering	heading in the layer's own text		
urn:hadith:0279Tirmidhi.Sunan:380	380	401	Shakir / ʿAbd al-Baqi numbering	heading in the layer's own text		
urn:hadith:0279Tirmidhi.Sunan:381	381	402	Shakir / ʿAbd al-Baqi numbering	heading in the layer's own text		
urn:hadith:0279Tirmidhi.Sunan:382	382	403	Shakir / ʿAbd al-Baqi numbering	heading in the layer's own text		
urn:hadith:0279Tirmidhi.Sunan:383	383	404	Shakir / ʿAbd al-Baqi numbering	heading in the layer's own text		
urn:hadith:0279Tirmidhi.Sunan:384	384	405	Shakir / ʿAbd al-Baqi numbering	heading in the layer's own text		
urn:hadith:0279Tirmidhi.Sunan:385	385	406	Shakir / ʿAbd al-Baqi numbering	heading in the layer's own text		
urn:hadith:0279Tirmidhi.Sunan:386	386	407	Shakir / ʿAbd al-Baqi numbering	heading in the layer's own text		
urn:hadith:0279Tirmidhi.Sunan:387	387	408	Shakir / ʿAbd al-Baqi numbering	heading in the layer's own text		
urn:hadith:0279Tirmidhi.Sunan:388	388	409	Shakir / ʿAbd al-Baqi numbering	heading in the layer's own text		
urn:hadith:0279Tirmidhi.Sunan:389	389	410	Shakir / ʿAbd al-Baqi numbering	heading in the layer's own text		
urn:hadith:0279Tirmidhi.Sunan:390	390	411	Shakir / ʿAbd al-Baqi numbering	heading in the layer's own text		
urn:hadith:0279Tirmidhi.Sunan:391	391	412	Shakir / ʿAbd al-Baqi numbering	heading in the layer's own text		
urn:hadith:0279Tirmidhi.Sunan:392	392	413	Shakir / ʿAbd al-Baqi numbering	heading in the layer's own text		
urn:hadith:0279Tirmidhi.Sunan:393	393	414	Shakir / ʿAbd al-Baqi numbering	heading in the layer's own text		
urn:hadith:0279Tirmidhi.Sunan:394	394	415	Shakir / ʿAbd al-Baqi numbering	heading in the layer's own text		
urn:hadith:0279Tirmidhi.Sunan:395	395	416	Shakir / ʿAbd al-Baqi numbering	heading in the layer's own text		
urn:hadith:0279Tirmidhi.Sunan:396	396	417	Shakir / ʿAbd al-Baqi numbering	heading in the layer's own text		
urn:hadith:0279Tirmidhi.Sunan:397	397	418	Shakir / ʿAbd al-Baqi numbering	heading in the layer's own text		
urn:hadith:0279Tirmidhi.Sunan:398	398	419	Shakir / ʿAbd al-Baqi numbering	heading in the layer's own text		
urn:hadith:0279Tirmidhi.Sunan:399	399	420	Shakir / ʿAbd al-Baqi numbering	heading in the layer's own text		
urn:hadith:0279Tirmidhi.Sunan:400	400	421	Shakir / ʿAbd al-Baqi numbering	heading in the layer's own text		
urn:hadith:0279Tirmidhi.Sunan:401	401	422	Shakir / ʿAbd al-Baqi numbering	heading in the layer's own text		
urn:hadith:0279Tirmidhi.Sunan:402	402	423	Shakir / ʿAbd al-Baqi numbering	heading in the layer's own text		
urn:hadith:0279Tirmidhi.Sunan:403	403	424	Shakir / ʿAbd al-Baqi numbering	heading in the layer's own text		
urn:hadith:0279Tirmidhi.Sunan:404	404	425	Shakir / ʿAbd al-Baqi numbering	heading in the layer's own text		
urn:hadith:0279Tirmidhi.Sunan:405	405	426	Shakir / ʿAbd al-Baqi numbering	heading in the layer's own text		
urn:hadith:0279Tirmidhi.Sunan:406	406	427	Shakir / ʿAbd al-Baqi numbering	heading in the layer's own text		
urn:hadith:0279Tirmidhi.Sunan:407	407	428	Shakir / ʿAbd al-Baqi numbering	heading in the layer's own text		
urn:hadith:0279Tirmidhi.Sunan:408	408	429	Shakir / ʿAbd al-Baqi numbering	heading in the layer's own text		
urn:hadith:0279Tirmidhi.Sunan:409	409	430	Shakir / ʿAbd al-Baqi numbering	heading in the layer's own text		
urn:hadith:0279Tirmidhi.Sunan:410	410	431	Shakir / ʿAbd al-Baqi numbering	heading in the layer's own text		
urn:hadith:0279Tirmidhi.Sunan:411	411	432	Shakir / ʿAbd al-Baqi numbering	heading in the layer's own text		
urn:hadith:0279Tirmidhi.Sunan:412	412	433	Shakir / ʿAbd al-Baqi numbering	heading in the layer's own text		
urn:hadith:0279Tirmidhi.Sunan:413	413	434	Shakir / ʿAbd al-Baqi numbering	heading in the layer's own text		
urn:hadith:0279Tirmidhi.Sunan:414	414	435	Shakir / ʿAbd al-Baqi numbering	heading in the layer's own text		
urn:hadith:0279Tirmidhi.Sunan:415	415	436	Shakir / ʿAbd al-Baqi numbering	heading in the layer's own text		
urn:hadith:0279Tirmidhi.Sunan:416	416	437	Shakir / ʿAbd al-Baqi numbering	heading in the layer's own text		
urn:hadith:0279Tirmidhi.Sunan:417	417	438	Shakir / ʿAbd al-Baqi numbering	heading in the layer's own text		
urn:hadith:0279Tirmidhi.Sunan:418	418	439	Shakir / ʿAbd al-Baqi numbering	heading in the layer's own text		
urn:hadith:0279Tirmidhi.Sunan:419	419	440	Shakir / ʿAbd al-Baqi numbering	heading in the layer's own text		
urn:hadith:0279Tirmidhi.Sunan:420	420	441	Shakir / ʿAbd al-Baqi numbering	heading in the layer's own text		
urn:hadith:0279Tirmidhi.Sunan:421	421	442	Shakir / ʿAbd al-Baqi numbering	heading in the layer's own text		
urn:hadith:0279Tirmidhi.Sunan:422	422	443	Shakir / ʿAbd al-Baqi numbering	heading in the layer's own text		
urn:hadith:0279Tirmidhi.Sunan:423	423	445	Shakir / ʿAbd al-Baqi numbering	heading in the layer's own text		
urn:hadith:0279Tirmidhi.Sunan:424	424	446	Shakir / ʿAbd al-Baqi numbering	heading in the layer's own text		
urn:hadith:0279Tirmidhi.Sunan:425	425	447	Shakir / ʿAbd al-Baqi numbering	heading in the layer's own text		
urn:hadith:0279Tirmidhi.Sunan:426	426	448	Shakir / ʿAbd al-Baqi numbering	heading in the layer's own text		
urn:hadith:0279Tirmidhi.Sunan:427	427	449	Shakir / ʿAbd al-Baqi numbering	heading in the layer's own text		
urn:hadith:0279Tirmidhi.Sunan:428	428	450	Shakir / ʿAbd al-Baqi numbering	heading in the layer's own text		
urn:hadith:0279Tirmidhi.Sunan:429	429	451	Shakir / ʿAbd al-Baqi numbering	heading in the layer's own text		
urn:hadith:0279Tirmidhi.Sunan:430	430	452	Shakir / ʿAbd al-Baqi numbering	heading in the layer's own text		
urn:hadith:0279Tirmidhi.Sunan:431	431	453	Shakir / ʿAbd al-Baqi numbering	heading in the layer's own text		
urn:hadith:0279Tirmidhi.Sunan:432	432	455	Shakir / ʿAbd al-Baqi numbering	heading in the layer's own text		
urn:hadith:0279Tirmidhi.Sunan:433	433	456	Shakir / ʿAbd al-Baqi numbering	heading in the layer's own text		
urn:hadith:0279Tirmidhi.Sunan:434	434	457	Shakir / ʿAbd al-Baqi numbering	heading in the layer's own text		
urn:hadith:0279Tirmidhi.Sunan:435	435	459	Shakir / ʿAbd al-Baqi numbering	heading in the layer's own text		
urn:hadith:0279Tirmidhi.Sunan:436	436	460	Shakir / ʿAbd al-Baqi numbering	heading in the layer's own text		
urn:hadith:0279Tirmidhi.Sunan:437	437	461	Shakir / ʿAbd al-Baqi numbering	heading in the layer's own text		
urn:hadith:0279Tirmidhi.Sunan:438	438	462	Shakir / ʿAbd al-Baqi numbering	heading in the layer's own text		
urn:hadith:0279Tirmidhi.Sunan:439	439	463	Shakir / ʿAbd al-Baqi numbering	heading in the layer's own text		
urn:hadith:0279Tirmidhi.Sunan:440	440	464	Shakir / ʿAbd al-Baqi numbering	heading in the layer's own text		
urn:hadith:0279Tirmidhi.Sunan:441	441	465	Shakir / ʿAbd al-Baqi numbering	heading in the layer's own text		
urn:hadith:0279Tirmidhi.Sunan:442	442	466	Shakir / ʿAbd al-Baqi numbering	heading in the layer's own text		
urn:hadith:0279Tirmidhi.Sunan:443	443	467	Shakir / ʿAbd al-Baqi numbering	heading in the layer's own text		
urn:hadith:0279Tirmidhi.Sunan:444	444	468	Shakir / ʿAbd al-Baqi numbering	heading in the layer's own text		
urn:hadith:0279Tirmidhi.Sunan:445	445	469	Shakir / ʿAbd al-Baqi numbering	heading in the layer's own text		
urn:hadith:0279Tirmidhi.Sunan:446	446	470	Shakir / ʿAbd al-Baqi numbering	heading in the layer's own text		
urn:hadith:0279Tirmidhi.Sunan:447	447	471	Shakir / ʿAbd al-Baqi numbering	heading in the layer's own text		
urn:hadith:0279Tirmidhi.Sunan:448	448	472	Shakir / ʿAbd al-Baqi numbering	heading in the layer's own text		
urn:hadith:0279Tirmidhi.Sunan:449	449	473	Shakir / ʿAbd al-Baqi numbering	heading in the layer's own text		
urn:hadith:0279Tirmidhi.Sunan:450	450	474	Shakir / ʿAbd al-Baqi numbering	heading in the layer's own text		
urn:hadith:0279Tirmidhi.Sunan:451	451	475	Shakir / ʿAbd al-Baqi numbering	heading in the layer's own text		
urn:hadith:0279Tirmidhi.Sunan:452	452	476	Shakir / ʿAbd al-Baqi numbering	heading in the layer's own text		
urn:hadith:0279Tirmidhi.Sunan:453	453	477	Shakir / ʿAbd al-Baqi numbering	heading in the layer's own text		
urn:hadith:0279Tirmidhi.Sunan:454	454	478	Shakir / ʿAbd al-Baqi numbering	heading in the layer's own text		
urn:hadith:0279Tirmidhi.Sunan:455	455	479	Shakir / ʿAbd al-Baqi numbering	heading in the layer's own text		
urn:hadith:0279Tirmidhi.Sunan:456	456	480	Shakir / ʿAbd al-Baqi numbering	heading in the layer's own text		
urn:hadith:0279Tirmidhi.Sunan:457	457	481	Shakir / ʿAbd al-Baqi numbering	heading in the layer's own text		
urn:hadith:0279Tirmidhi.Sunan:458	458	482	Shakir / ʿAbd al-Baqi numbering	heading in the layer's own text		
urn:hadith:0279Tirmidhi.Sunan:459	459	483	Shakir / ʿAbd al-Baqi numbering	heading in the layer's own text		
urn:hadith:0279Tirmidhi.Sunan:460	460	484	Shakir / ʿAbd al-Baqi numbering	heading in the layer's own text		
urn:hadith:0279Tirmidhi.Sunan:461	461	485	Shakir / ʿAbd al-Baqi numbering	heading in the layer's own text		
urn:hadith:0279Tirmidhi.Sunan:462	462	486	Shakir / ʿAbd al-Baqi numbering	heading in the layer's own text		
urn:hadith:0279Tirmidhi.Sunan:463	463	487	Shakir / ʿAbd al-Baqi numbering	heading in the layer's own text		
urn:hadith:0279Tirmidhi.Sunan:464	464	488	Shakir / ʿAbd al-Baqi numbering	heading in the layer's own text		
urn:hadith:0279Tirmidhi.Sunan:465	465	489	Shakir / ʿAbd al-Baqi numbering	heading in the layer's own text		
urn:hadith:0279Tirmidhi.Sunan:466	466	490	Shakir / ʿAbd al-Baqi numbering	heading in the layer's own text		
urn:hadith:0279Tirmidhi.Sunan:467	467	491	Shakir / ʿAbd al-Baqi numbering	heading in the layer's own text		
urn:hadith:0279Tirmidhi.Sunan:468	468	492	Shakir / ʿAbd al-Baqi numbering	heading in the layer's own text		
urn:hadith:0279Tirmidhi.Sunan:469	469	496	Shakir / ʿAbd al-Baqi numbering	heading in the layer's own text		
urn:hadith:0279Tirmidhi.Sunan:470	470	497	Shakir / ʿAbd al-Baqi numbering	heading in the layer's own text		
urn:hadith:0279Tirmidhi.Sunan:471	471	498	Shakir / ʿAbd al-Baqi numbering	heading in the layer's own text		
urn:hadith:0279Tirmidhi.Sunan:472	472	499	Shakir / ʿAbd al-Baqi numbering	heading in the layer's own text		
urn:hadith:0279Tirmidhi.Sunan:473	473	500	Shakir / ʿAbd al-Baqi numbering	heading in the layer's own text		
urn:hadith:0279Tirmidhi.Sunan:474	474	501	Shakir / ʿAbd al-Baqi numbering	heading in the layer's own text		
urn:hadith:0279Tirmidhi.Sunan:475	475	503	Shakir / ʿAbd al-Baqi numbering	heading in the layer's own text		
urn:hadith:0279Tirmidhi.Sunan:476	476	504	Shakir / ʿAbd al-Baqi numbering	heading in the layer's own text		
urn:hadith:0279Tirmidhi.Sunan:477	477	505	Shakir / ʿAbd al-Baqi numbering	heading in the layer's own text		
urn:hadith:0279Tirmidhi.Sunan:478	478	506	Shakir / ʿAbd al-Baqi numbering	heading in the layer's own text		
urn:hadith:0279Tirmidhi.Sunan:479	479	507	Shakir / ʿAbd al-Baqi numbering	heading in the layer's own text		
urn:hadith:0279Tirmidhi.Sunan:480	480	508	Shakir / ʿAbd al-Baqi numbering	heading in the layer's own text		
urn:hadith:0279Tirmidhi.Sunan:481	481	509	Shakir / ʿAbd al-Baqi numbering	heading in the layer's own text		
urn:hadith:0279Tirmidhi.Sunan:482	482	510	Shakir / ʿAbd al-Baqi numbering	heading in the layer's own text		
urn:hadith:0279Tirmidhi.Sunan:483	483	511	Shakir / ʿAbd al-Baqi numbering	heading in the layer's own text		
urn:hadith:0279Tirmidhi.Sunan:484	484	512	Shakir / ʿAbd al-Baqi numbering	heading in the layer's own text		
urn:hadith:0279Tirmidhi.Sunan:485	485	513	Shakir / ʿAbd al-Baqi numbering	heading in the layer's own text		
urn:hadith:0279Tirmidhi.Sunan:486	486	514	Shakir / ʿAbd al-Baqi numbering	heading in the layer's own text		
urn:hadith:0279Tirmidhi.Sunan:487	487	515	Shakir / ʿAbd al-Baqi numbering	heading in the layer's own text		
urn:hadith:0279Tirmidhi.Sunan:488	488	516	Shakir / ʿAbd al-Baqi numbering	heading in the layer's own text		
urn:hadith:0279Tirmidhi.Sunan:489	489	517	Shakir / ʿAbd al-Baqi numbering	heading in the layer's own text		
urn:hadith:0279Tirmidhi.Sunan:490	490	518	Shakir / ʿAbd al-Baqi numbering	heading in the layer's own text		
urn:hadith:0279Tirmidhi.Sunan:491	491	519	Shakir / ʿAbd al-Baqi numbering	heading in the layer's own text		
urn:hadith:0279Tirmidhi.Sunan:492	492	520	Shakir / ʿAbd al-Baqi numbering	heading in the layer's own text		
urn:hadith:0279Tirmidhi.Sunan:493	493	521	Shakir / ʿAbd al-Baqi numbering	heading in the layer's own text		
urn:hadith:0279Tirmidhi.Sunan:494	494	522	Shakir / ʿAbd al-Baqi numbering	heading in the layer's own text		
urn:hadith:0279Tirmidhi.Sunan:495	495	523	Shakir / ʿAbd al-Baqi numbering	heading in the layer's own text		
urn:hadith:0279Tirmidhi.Sunan:496	496	524	Shakir / ʿAbd al-Baqi numbering	heading in the layer's own text		
urn:hadith:0279Tirmidhi.Sunan:497	497	525	Shakir / ʿAbd al-Baqi numbering	heading in the layer's own text		
urn:hadith:0279Tirmidhi.Sunan:498	498	526	Shakir / ʿAbd al-Baqi numbering	heading in the layer's own text		
urn:hadith:0279Tirmidhi.Sunan:499	499	527	Shakir / ʿAbd al-Baqi numbering	heading in the layer's own text		
urn:hadith:0279Tirmidhi.Sunan:500	500	528	Shakir / ʿAbd al-Baqi numbering	heading in the layer's own text		
urn:hadith:0279Tirmidhi.Sunan:501	501	529	Shakir / ʿAbd al-Baqi numbering	heading in the layer's own text		
urn:hadith:0279Tirmidhi.Sunan:502	502	530	Shakir / ʿAbd al-Baqi numbering	heading in the layer's own text		
urn:hadith:0279Tirmidhi.Sunan:503	503	531	Shakir / ʿAbd al-Baqi numbering	heading in the layer's own text		
urn:hadith:0279Tirmidhi.Sunan:504	504	532	Shakir / ʿAbd al-Baqi numbering	heading in the layer's own text		
urn:hadith:0279Tirmidhi.Sunan:505	505	533	Shakir / ʿAbd al-Baqi numbering	heading in the layer's own text		
urn:hadith:0279Tirmidhi.Sunan:506	506	534	Shakir / ʿAbd al-Baqi numbering	heading in the layer's own text		
urn:hadith:0279Tirmidhi.Sunan:507	507	535	Shakir / ʿAbd al-Baqi numbering	heading in the layer's own text		
urn:hadith:0279Tirmidhi.Sunan:508	508	536	Shakir / ʿAbd al-Baqi numbering	heading in the layer's own text		
urn:hadith:0279Tirmidhi.Sunan:509	509	537	Shakir / ʿAbd al-Baqi numbering	heading in the layer's own text		
urn:hadith:0279Tirmidhi.Sunan:510	510	538	Shakir / ʿAbd al-Baqi numbering	heading in the layer's own text		
urn:hadith:0279Tirmidhi.Sunan:511	511	539	Shakir / ʿAbd al-Baqi numbering	heading in the layer's own text		
urn:hadith:0279Tirmidhi.Sunan:512	512	540	Shakir / ʿAbd al-Baqi numbering	heading in the layer's own text		
urn:hadith:0279Tirmidhi.Sunan:513	513	541	Shakir / ʿAbd al-Baqi numbering	heading in the layer's own text		
urn:hadith:0279Tirmidhi.Sunan:514	514	542	Shakir / ʿAbd al-Baqi numbering	heading in the layer's own text		
urn:hadith:0279Tirmidhi.Sunan:515	515	543	Shakir / ʿAbd al-Baqi numbering	heading in the layer's own text		
urn:hadith:0279Tirmidhi.Sunan:516	516	544	Shakir / ʿAbd al-Baqi numbering	heading in the layer's own text		
urn:hadith:0279Tirmidhi.Sunan:517	517	545	Shakir / ʿAbd al-Baqi numbering	heading in the layer's own text		
urn:hadith:0279Tirmidhi.Sunan:518	518	546	Shakir / ʿAbd al-Baqi numbering	heading in the layer's own text		
urn:hadith:0279Tirmidhi.Sunan:519	519	547	Shakir / ʿAbd al-Baqi numbering	heading in the layer's own text		
urn:hadith:0279Tirmidhi.Sunan:520	520	548	Shakir / ʿAbd al-Baqi numbering	heading in the layer's own text		
urn:hadith:0279Tirmidhi.Sunan:521	521	549	Shakir / ʿAbd al-Baqi numbering	heading in the layer's own text		
urn:hadith:0279Tirmidhi.Sunan:522	522	550	Shakir / ʿAbd al-Baqi numbering	heading in the layer's own text		
urn:hadith:0279Tirmidhi.Sunan:523	523	551	Shakir / ʿAbd al-Baqi numbering	heading in the layer's own text		
urn:hadith:0279Tirmidhi.Sunan:524	524	552	Shakir / ʿAbd al-Baqi numbering	heading in the layer's own text		
urn:hadith:0279Tirmidhi.Sunan:525	525	553	Shakir / ʿAbd al-Baqi numbering	heading in the layer's own text		
urn:hadith:0279Tirmidhi.Sunan:526	526	554	Shakir / ʿAbd al-Baqi numbering	heading in the layer's own text		
urn:hadith:0279Tirmidhi.Sunan:527	527	555	Shakir / ʿAbd al-Baqi numbering	heading in the layer's own text		
urn:hadith:0279Tirmidhi.Sunan:528	528	556	Shakir / ʿAbd al-Baqi numbering	heading in the layer's own text		
urn:hadith:0279Tirmidhi.Sunan:529	529	557	Shakir / ʿAbd al-Baqi numbering	heading in the layer's own text		
urn:hadith:0279Tirmidhi.Sunan:530	530	558	Shakir / ʿAbd al-Baqi numbering	heading in the layer's own text		
urn:hadith:0279Tirmidhi.Sunan:531	531	559	Shakir / ʿAbd al-Baqi numbering	heading in the layer's own text		
urn:hadith:0279Tirmidhi.Sunan:532	532	560	Shakir / ʿAbd al-Baqi numbering	heading in the layer's own text		
urn:hadith:0279Tirmidhi.Sunan:533	533	561	Shakir / ʿAbd al-Baqi numbering	heading in the layer's own text		
urn:hadith:0279Tirmidhi.Sunan:534	534	562	Shakir / ʿAbd al-Baqi numbering	heading in the layer's own text		
urn:hadith:0279Tirmidhi.Sunan:535	535	563	Shakir / ʿAbd al-Baqi numbering	heading in the layer's own text		
urn:hadith:0279Tirmidhi.Sunan:536	536	564	Shakir / ʿAbd al-Baqi numbering	heading in the layer's own text		
urn:hadith:0279Tirmidhi.Sunan:537	537	565	Shakir / ʿAbd al-Baqi numbering	heading in the layer's own text		
urn:hadith:0279Tirmidhi.Sunan:538	538	568	Shakir / ʿAbd al-Baqi numbering	heading in the layer's own text		
urn:hadith:0279Tirmidhi.Sunan:539	539	569	Shakir / ʿAbd al-Baqi numbering	heading in the layer's own text		
urn:hadith:0279Tirmidhi.Sunan:540	540	570	Shakir / ʿAbd al-Baqi numbering	heading in the layer's own text		
urn:hadith:0279Tirmidhi.Sunan:541	541	571	Shakir / ʿAbd al-Baqi numbering	heading in the layer's own text		
urn:hadith:0279Tirmidhi.Sunan:542	542	572	Shakir / ʿAbd al-Baqi numbering	heading in the layer's own text		
urn:hadith:0279Tirmidhi.Sunan:543	543	573	Shakir / ʿAbd al-Baqi numbering	heading in the layer's own text		
urn:hadith:0279Tirmidhi.Sunan:544	544	574	Shakir / ʿAbd al-Baqi numbering	heading in the layer's own text		
urn:hadith:0279Tirmidhi.Sunan:545	545	575	Shakir / ʿAbd al-Baqi numbering	heading in the layer's own text		
urn:hadith:0279Tirmidhi.Sunan:546	546	576	Shakir / ʿAbd al-Baqi numbering	heading in the layer's own text		
urn:hadith:0279Tirmidhi.Sunan:547	547	577	Shakir / ʿAbd al-Baqi numbering	heading in the layer's own text		
urn:hadith:0279Tirmidhi.Sunan:548	548	578	Shakir / ʿAbd al-Baqi numbering	heading in the layer's own text		
urn:hadith:0279Tirmidhi.Sunan:549	549	579	Shakir / ʿAbd al-Baqi numbering	heading in the layer's own text		
urn:hadith:0279Tirmidhi.Sunan:550	550	580	Shakir / ʿAbd al-Baqi numbering	heading in the layer's own text		
urn:hadith:0279Tirmidhi.Sunan:551	551	581	Shakir / ʿAbd al-Baqi numbering	heading in the layer's own text		
urn:hadith:0279Tirmidhi.Sunan:552	552	582	Shakir / ʿAbd al-Baqi numbering	heading in the layer's own text		
urn:hadith:0279Tirmidhi.Sunan:553	553	583	Shakir / ʿAbd al-Baqi numbering	heading in the layer's own text		
urn:hadith:0279Tirmidhi.Sunan:554	554	584	Shakir / ʿAbd al-Baqi numbering	heading in the layer's own text		
urn:hadith:0279Tirmidhi.Sunan:555	555	585	Shakir / ʿAbd al-Baqi numbering	heading in the layer's own text		
urn:hadith:0279Tirmidhi.Sunan:556	556	586	Shakir / ʿAbd al-Baqi numbering	heading in the layer's own text		
urn:hadith:0279Tirmidhi.Sunan:557	557	587	Shakir / ʿAbd al-Baqi numbering	heading in the layer's own text		
urn:hadith:0279Tirmidhi.Sunan:558	558	588	Shakir / ʿAbd al-Baqi numbering	heading in the layer's own text		
urn:hadith:0279Tirmidhi.Sunan:559	559	589	Shakir / ʿAbd al-Baqi numbering	heading in the layer's own text		
urn:hadith:0279Tirmidhi.Sunan:560	560	590	Shakir / ʿAbd al-Baqi numbering	heading in the layer's own text		
urn:hadith:0279Tirmidhi.Sunan:561	561	591	Shakir / ʿAbd al-Baqi numbering	heading in the layer's own text		
urn:hadith:0279Tirmidhi.Sunan:562	562	592	Shakir / ʿAbd al-Baqi numbering	heading in the layer's own text		
urn:hadith:0279Tirmidhi.Sunan:563	563	593	Shakir / ʿAbd al-Baqi numbering	heading in the layer's own text		
urn:hadith:0279Tirmidhi.Sunan:564	564	594	Shakir / ʿAbd al-Baqi numbering	heading in the layer's own text		
urn:hadith:0279Tirmidhi.Sunan:565	565	595	Shakir / ʿAbd al-Baqi numbering	heading in the layer's own text		
urn:hadith:0279Tirmidhi.Sunan:566	566	596	Shakir / ʿAbd al-Baqi numbering	heading in the layer's own text		
urn:hadith:0279Tirmidhi.Sunan:567	567	597	Shakir / ʿAbd al-Baqi numbering	heading in the layer's own text		
urn:hadith:0279Tirmidhi.Sunan:568	568	598	Shakir / ʿAbd al-Baqi numbering	heading in the layer's own text		
urn:hadith:0279Tirmidhi.Sunan:569	569	599	Shakir / ʿAbd al-Baqi numbering	heading in the layer's own text		
urn:hadith:0279Tirmidhi.Sunan:570	570	600	Shakir / ʿAbd al-Baqi numbering	heading in the layer's own text		
urn:hadith:0279Tirmidhi.Sunan:571	571	601	Shakir / ʿAbd al-Baqi numbering	heading in the layer's own text		
urn:hadith:0279Tirmidhi.Sunan:572	572	602	Shakir / ʿAbd al-Baqi numbering	heading in the layer's own text		
urn:hadith:0279Tirmidhi.Sunan:573	573	603	Shakir / ʿAbd al-Baqi numbering	heading in the layer's own text		
urn:hadith:0279Tirmidhi.Sunan:574	574	604	Shakir / ʿAbd al-Baqi numbering	heading in the layer's own text		
urn:hadith:0279Tirmidhi.Sunan:575	575	605	Shakir / ʿAbd al-Baqi numbering	heading in the layer's own text		
urn:hadith:0279Tirmidhi.Sunan:576	576	606	Shakir / ʿAbd al-Baqi numbering	heading in the layer's own text		
urn:hadith:0279Tirmidhi.Sunan:577	577	607	Shakir / ʿAbd al-Baqi numbering	heading in the layer's own text		
urn:hadith:0279Tirmidhi.Sunan:578	578	608	Shakir / ʿAbd al-Baqi numbering	heading in the layer's own text		
urn:hadith:0279Tirmidhi.Sunan:579	579	609	Shakir / ʿAbd al-Baqi numbering	heading in the layer's own text		
urn:hadith:0279Tirmidhi.Sunan:580	580	610	Shakir / ʿAbd al-Baqi numbering	heading in the layer's own text		
urn:hadith:0279Tirmidhi.Sunan:581	581	611	Shakir / ʿAbd al-Baqi numbering	heading in the layer's own text		
urn:hadith:0279Tirmidhi.Sunan:582	582	612	Shakir / ʿAbd al-Baqi numbering	heading in the layer's own text		
urn:hadith:0279Tirmidhi.Sunan:583	583	613	Shakir / ʿAbd al-Baqi numbering	heading in the layer's own text		
urn:hadith:0279Tirmidhi.Sunan:584	584	614	Shakir / ʿAbd al-Baqi numbering	heading in the layer's own text		
urn:hadith:0279Tirmidhi.Sunan:585	585	616	Shakir / ʿAbd al-Baqi numbering	heading in the layer's own text		
urn:hadith:0279Tirmidhi.Sunan:586	586	617	Shakir / ʿAbd al-Baqi numbering	heading in the layer's own text		
urn:hadith:0279Tirmidhi.Sunan:587	587	618	Shakir / ʿAbd al-Baqi numbering	heading in the layer's own text		
urn:hadith:0279Tirmidhi.Sunan:588	588	619	Shakir / ʿAbd al-Baqi numbering	heading in the layer's own text		
urn:hadith:0279Tirmidhi.Sunan:589	589	620	Shakir / ʿAbd al-Baqi numbering	heading in the layer's own text		
urn:hadith:0279Tirmidhi.Sunan:590	590	621	Shakir / ʿAbd al-Baqi numbering	heading in the layer's own text		
urn:hadith:0279Tirmidhi.Sunan:591	591	622	Shakir / ʿAbd al-Baqi numbering	heading in the layer's own text		
urn:hadith:0279Tirmidhi.Sunan:592	592	623	Shakir / ʿAbd al-Baqi numbering	heading in the layer's own text		
urn:hadith:0279Tirmidhi.Sunan:593	593	624	Shakir / ʿAbd al-Baqi numbering	heading in the layer's own text		
urn:hadith:0279Tirmidhi.Sunan:594	594	625	Shakir / ʿAbd al-Baqi numbering	heading in the layer's own text		
urn:hadith:0279Tirmidhi.Sunan:595	595	626	Shakir / ʿAbd al-Baqi numbering	heading in the layer's own text		
urn:hadith:0279Tirmidhi.Sunan:596	596	627	Shakir / ʿAbd al-Baqi numbering	heading in the layer's own text		
urn:hadith:0279Tirmidhi.Sunan:597	597	628	Shakir / ʿAbd al-Baqi numbering	heading in the layer's own text		
urn:hadith:0279Tirmidhi.Sunan:598	598	629	Shakir / ʿAbd al-Baqi numbering	heading in the layer's own text		
urn:hadith:0279Tirmidhi.Sunan:599	599	630	Shakir / ʿAbd al-Baqi numbering	heading in the layer's own text		
urn:hadith:0279Tirmidhi.Sunan:600	600	631	Shakir / ʿAbd al-Baqi numbering	heading in the layer's own text		
urn:hadith:0279Tirmidhi.Sunan:601	601	632	Shakir / ʿAbd al-Baqi numbering	heading in the layer's own text		
urn:hadith:0279Tirmidhi.Sunan:602	602	633	Shakir / ʿAbd al-Baqi numbering	heading in the layer's own text		
urn:hadith:0279Tirmidhi.Sunan:603	603	634	Shakir / ʿAbd al-Baqi numbering	heading in the layer's own text		
urn:hadith:0279Tirmidhi.Sunan:604	604	635	Shakir / ʿAbd al-Baqi numbering	heading in the layer's own text		
urn:hadith:0279Tirmidhi.Sunan:605	605	636	Shakir / ʿAbd al-Baqi numbering	heading in the layer's own text		
urn:hadith:0279Tirmidhi.Sunan:606	606	637	Shakir / ʿAbd al-Baqi numbering	heading in the layer's own text		
urn:hadith:0279Tirmidhi.Sunan:607	607	638	Shakir / ʿAbd al-Baqi numbering	heading in the layer's own text		
urn:hadith:0279Tirmidhi.Sunan:608	608	639	Shakir / ʿAbd al-Baqi numbering	heading in the layer's own text		
urn:hadith:0279Tirmidhi.Sunan:609	609	640	Shakir / ʿAbd al-Baqi numbering	heading in the layer's own text		
urn:hadith:0279Tirmidhi.Sunan:610	610	641	Shakir / ʿAbd al-Baqi numbering	heading in the layer's own text		
urn:hadith:0279Tirmidhi.Sunan:611	611	642	Shakir / ʿAbd al-Baqi numbering	heading in the layer's own text		
urn:hadith:0279Tirmidhi.Sunan:612	612	643	Shakir / ʿAbd al-Baqi numbering	heading in the layer's own text		
urn:hadith:0279Tirmidhi.Sunan:613	613	644	Shakir / ʿAbd al-Baqi numbering	heading in the layer's own text		
urn:hadith:0279Tirmidhi.Sunan:614	614	645	Shakir / ʿAbd al-Baqi numbering	heading in the layer's own text		
urn:hadith:0279Tirmidhi.Sunan:615	615	646	Shakir / ʿAbd al-Baqi numbering	heading in the layer's own text		
urn:hadith:0279Tirmidhi.Sunan:616	616	647	Shakir / ʿAbd al-Baqi numbering	heading in the layer's own text		
urn:hadith:0279Tirmidhi.Sunan:617	617	648	Shakir / ʿAbd al-Baqi numbering	heading in the layer's own text		
urn:hadith:0279Tirmidhi.Sunan:618	618	649	Shakir / ʿAbd al-Baqi numbering	heading in the layer's own text		
urn:hadith:0279Tirmidhi.Sunan:619	619	650	Shakir / ʿAbd al-Baqi numbering	heading in the layer's own text		
urn:hadith:0279Tirmidhi.Sunan:620	620	651	Shakir / ʿAbd al-Baqi numbering	heading in the layer's own text		
urn:hadith:0279Tirmidhi.Sunan:621	621	652	Shakir / ʿAbd al-Baqi numbering	heading in the layer's own text		
urn:hadith:0279Tirmidhi.Sunan:622	622	653	Shakir / ʿAbd al-Baqi numbering	heading in the layer's own text		
urn:hadith:0279Tirmidhi.Sunan:623	623	654	Shakir / ʿAbd al-Baqi numbering	heading in the layer's own text		
urn:hadith:0279Tirmidhi.Sunan:624	624	655	Shakir / ʿAbd al-Baqi numbering	heading in the layer's own text		
urn:hadith:0279Tirmidhi.Sunan:625	625	656	Shakir / ʿAbd al-Baqi numbering	heading in the layer's own text		
urn:hadith:0279Tirmidhi.Sunan:626	626	657	Shakir / ʿAbd al-Baqi numbering	heading in the layer's own text		
urn:hadith:0279Tirmidhi.Sunan:627	627	658	Shakir / ʿAbd al-Baqi numbering	heading in the layer's own text		
urn:hadith:0279Tirmidhi.Sunan:628	628	659	Shakir / ʿAbd al-Baqi numbering	heading in the layer's own text		
urn:hadith:0279Tirmidhi.Sunan:629	629	660	Shakir / ʿAbd al-Baqi numbering	heading in the layer's own text		
urn:hadith:0279Tirmidhi.Sunan:630	630	661	Shakir / ʿAbd al-Baqi numbering	heading in the layer's own text		
urn:hadith:0279Tirmidhi.Sunan:631	631	662	Shakir / ʿAbd al-Baqi numbering	heading in the layer's own text		
urn:hadith:0279Tirmidhi.Sunan:632	632	663	Shakir / ʿAbd al-Baqi numbering	heading in the layer's own text		
urn:hadith:0279Tirmidhi.Sunan:633	633	664	Shakir / ʿAbd al-Baqi numbering	heading in the layer's own text		
urn:hadith:0279Tirmidhi.Sunan:634	634	665	Shakir / ʿAbd al-Baqi numbering	heading in the layer's own text		
urn:hadith:0279Tirmidhi.Sunan:635	635	666	Shakir / ʿAbd al-Baqi numbering	heading in the layer's own text		
urn:hadith:0279Tirmidhi.Sunan:636	636	667	Shakir / ʿAbd al-Baqi numbering	heading in the layer's own text		
urn:hadith:0279Tirmidhi.Sunan:637	637	668	Shakir / ʿAbd al-Baqi numbering	heading in the layer's own text		
urn:hadith:0279Tirmidhi.Sunan:638	638	669	Shakir / ʿAbd al-Baqi numbering	heading in the layer's own text		
urn:hadith:0279Tirmidhi.Sunan:639	639	670	Shakir / ʿAbd al-Baqi numbering	heading in the layer's own text		
urn:hadith:0279Tirmidhi.Sunan:640	640	671	Shakir / ʿAbd al-Baqi numbering	heading in the layer's own text		
urn:hadith:0279Tirmidhi.Sunan:641	641	672	Shakir / ʿAbd al-Baqi numbering	heading in the layer's own text		
urn:hadith:0279Tirmidhi.Sunan:642	642	673	Shakir / ʿAbd al-Baqi numbering	heading in the layer's own text		
urn:hadith:0279Tirmidhi.Sunan:643	643	674	Shakir / ʿAbd al-Baqi numbering	heading in the layer's own text		
urn:hadith:0279Tirmidhi.Sunan:644	644	675	Shakir / ʿAbd al-Baqi numbering	heading in the layer's own text		
urn:hadith:0279Tirmidhi.Sunan:645	645	676	Shakir / ʿAbd al-Baqi numbering	heading in the layer's own text		
urn:hadith:0279Tirmidhi.Sunan:646	646	677	Shakir / ʿAbd al-Baqi numbering	heading in the layer's own text		
urn:hadith:0279Tirmidhi.Sunan:647	647	678	Shakir / ʿAbd al-Baqi numbering	heading in the layer's own text		
urn:hadith:0279Tirmidhi.Sunan:648	648	679	Shakir / ʿAbd al-Baqi numbering	heading in the layer's own text		
urn:hadith:0279Tirmidhi.Sunan:649	649	680	Shakir / ʿAbd al-Baqi numbering	heading in the layer's own text		
urn:hadith:0279Tirmidhi.Sunan:650	650	681	Shakir / ʿAbd al-Baqi numbering	heading in the layer's own text		
urn:hadith:0279Tirmidhi.Sunan:651	651	682	Shakir / ʿAbd al-Baqi numbering	heading in the layer's own text		
urn:hadith:0279Tirmidhi.Sunan:652	652	683	Shakir / ʿAbd al-Baqi numbering	heading in the layer's own text		
urn:hadith:0279Tirmidhi.Sunan:653	653	684	Shakir / ʿAbd al-Baqi numbering	heading in the layer's own text		
urn:hadith:0279Tirmidhi.Sunan:654	654	685	Shakir / ʿAbd al-Baqi numbering	heading in the layer's own text		
urn:hadith:0279Tirmidhi.Sunan:655	655	686	Shakir / ʿAbd al-Baqi numbering	heading in the layer's own text		
urn:hadith:0279Tirmidhi.Sunan:656	656	687	Shakir / ʿAbd al-Baqi numbering	heading in the layer's own text		
urn:hadith:0279Tirmidhi.Sunan:657	657	688	Shakir / ʿAbd al-Baqi numbering	heading in the layer's own text		
urn:hadith:0279Tirmidhi.Sunan:658	658	689	Shakir / ʿAbd al-Baqi numbering	heading in the layer's own text		
urn:hadith:0279Tirmidhi.Sunan:659	659	690	Shakir / ʿAbd al-Baqi numbering	heading in the layer's own text		
urn:hadith:0279Tirmidhi.Sunan:660	660	691	Shakir / ʿAbd al-Baqi numbering	heading in the layer's own text		
urn:hadith:0279Tirmidhi.Sunan:661	661	692	Shakir / ʿAbd al-Baqi numbering	heading in the layer's own text		
urn:hadith:0279Tirmidhi.Sunan:662	662	693	Shakir / ʿAbd al-Baqi numbering	heading in the layer's own text		
urn:hadith:0279Tirmidhi.Sunan:663	663	694	Shakir / ʿAbd al-Baqi numbering	heading in the layer's own text		
urn:hadith:0279Tirmidhi.Sunan:664	664	695	Shakir / ʿAbd al-Baqi numbering	heading in the layer's own text		
urn:hadith:0279Tirmidhi.Sunan:665	665	696	Shakir / ʿAbd al-Baqi numbering	heading in the layer's own text		
urn:hadith:0279Tirmidhi.Sunan:666	666	697	Shakir / ʿAbd al-Baqi numbering	heading in the layer's own text		
urn:hadith:0279Tirmidhi.Sunan:667	667	698	Shakir / ʿAbd al-Baqi numbering	heading in the layer's own text		
urn:hadith:0279Tirmidhi.Sunan:668	668	699	Shakir / ʿAbd al-Baqi numbering	heading in the layer's own text		
urn:hadith:0279Tirmidhi.Sunan:669	669	700	Shakir / ʿAbd al-Baqi numbering	heading in the layer's own text		
urn:hadith:0279Tirmidhi.Sunan:670	670	701	Shakir / ʿAbd al-Baqi numbering	heading in the layer's own text		
urn:hadith:0279Tirmidhi.Sunan:671	671	702	Shakir / ʿAbd al-Baqi numbering	heading in the layer's own text		
urn:hadith:0279Tirmidhi.Sunan:672	672	703	Shakir / ʿAbd al-Baqi numbering	heading in the layer's own text		
urn:hadith:0279Tirmidhi.Sunan:673	673	704	Shakir / ʿAbd al-Baqi numbering	heading in the layer's own text		
urn:hadith:0279Tirmidhi.Sunan:674	674	705	Shakir / ʿAbd al-Baqi numbering	heading in the layer's own text		
urn:hadith:0279Tirmidhi.Sunan:675	675	706	Shakir / ʿAbd al-Baqi numbering	heading in the layer's own text		
urn:hadith:0279Tirmidhi.Sunan:676	676	707	Shakir / ʿAbd al-Baqi numbering	heading in the layer's own text		
urn:hadith:0279Tirmidhi.Sunan:677	677	708	Shakir / ʿAbd al-Baqi numbering	heading in the layer's own text		
urn:hadith:0279Tirmidhi.Sunan:678	678	709	Shakir / ʿAbd al-Baqi numbering	heading in the layer's own text		
urn:hadith:0279Tirmidhi.Sunan:679	679	710	Shakir / ʿAbd al-Baqi numbering	heading in the layer's own text		
urn:hadith:0279Tirmidhi.Sunan:680	680	711	Shakir / ʿAbd al-Baqi numbering	heading in the layer's own text		
urn:hadith:0279Tirmidhi.Sunan:681	681	712	Shakir / ʿAbd al-Baqi numbering	heading in the layer's own text		
urn:hadith:0279Tirmidhi.Sunan:682	682	713	Shakir / ʿAbd al-Baqi numbering	heading in the layer's own text		
urn:hadith:0279Tirmidhi.Sunan:683	683	714	Shakir / ʿAbd al-Baqi numbering	heading in the layer's own text		
urn:hadith:0279Tirmidhi.Sunan:684	684	715	Shakir / ʿAbd al-Baqi numbering	heading in the layer's own text		
urn:hadith:0279Tirmidhi.Sunan:685	685	716	Shakir / ʿAbd al-Baqi numbering	heading in the layer's own text		
urn:hadith:0279Tirmidhi.Sunan:686	686	717	Shakir / ʿAbd al-Baqi numbering	heading in the layer's own text		
urn:hadith:0279Tirmidhi.Sunan:687	687	718	Shakir / ʿAbd al-Baqi numbering	heading in the layer's own text		
urn:hadith:0279Tirmidhi.Sunan:688	688	719	Shakir / ʿAbd al-Baqi numbering	heading in the layer's own text		
urn:hadith:0279Tirmidhi.Sunan:689	689	720	Shakir / ʿAbd al-Baqi numbering	heading in the layer's own text		
urn:hadith:0279Tirmidhi.Sunan:690	690	721	Shakir / ʿAbd al-Baqi numbering	heading in the layer's own text		
urn:hadith:0279Tirmidhi.Sunan:691	691	722	Shakir / ʿAbd al-Baqi numbering	heading in the layer's own text		
urn:hadith:0279Tirmidhi.Sunan:692	692	723	Shakir / ʿAbd al-Baqi numbering	heading in the layer's own text		
urn:hadith:0279Tirmidhi.Sunan:693	693	724	Shakir / ʿAbd al-Baqi numbering	heading in the layer's own text		
urn:hadith:0279Tirmidhi.Sunan:694	694	725	Shakir / ʿAbd al-Baqi numbering	heading in the layer's own text		
urn:hadith:0279Tirmidhi.Sunan:695	695	726	Shakir / ʿAbd al-Baqi numbering	heading in the layer's own text		
urn:hadith:0279Tirmidhi.Sunan:696	696	727	Shakir / ʿAbd al-Baqi numbering	heading in the layer's own text		
urn:hadith:0279Tirmidhi.Sunan:697	697	728	Shakir / ʿAbd al-Baqi numbering	heading in the layer's own text		
urn:hadith:0279Tirmidhi.Sunan:698	698	729	Shakir / ʿAbd al-Baqi numbering	heading in the layer's own text		
urn:hadith:0279Tirmidhi.Sunan:699	699	730	Shakir / ʿAbd al-Baqi numbering	heading in the layer's own text		
urn:hadith:0279Tirmidhi.Sunan:700	700	731	Shakir / ʿAbd al-Baqi numbering	heading in the layer's own text		
urn:hadith:0279Tirmidhi.Sunan:701	701	732	Shakir / ʿAbd al-Baqi numbering	heading in the layer's own text		
urn:hadith:0279Tirmidhi.Sunan:702	702	733	Shakir / ʿAbd al-Baqi numbering	heading in the layer's own text		
urn:hadith:0279Tirmidhi.Sunan:703	703	734	Shakir / ʿAbd al-Baqi numbering	heading in the layer's own text		
urn:hadith:0279Tirmidhi.Sunan:704	704	735	Shakir / ʿAbd al-Baqi numbering	heading in the layer's own text		
urn:hadith:0279Tirmidhi.Sunan:705	705	736	Shakir / ʿAbd al-Baqi numbering	heading in the layer's own text		
urn:hadith:0279Tirmidhi.Sunan:706	706	737	Shakir / ʿAbd al-Baqi numbering	heading in the layer's own text		
urn:hadith:0279Tirmidhi.Sunan:707	707	738	Shakir / ʿAbd al-Baqi numbering	heading in the layer's own text		
urn:hadith:0279Tirmidhi.Sunan:708	708	739	Shakir / ʿAbd al-Baqi numbering	heading in the layer's own text		
urn:hadith:0279Tirmidhi.Sunan:709	709	740	Shakir / ʿAbd al-Baqi numbering	heading in the layer's own text		
urn:hadith:0279Tirmidhi.Sunan:710	710	741	Shakir / ʿAbd al-Baqi numbering	heading in the layer's own text		
urn:hadith:0279Tirmidhi.Sunan:711	711	742	Shakir / ʿAbd al-Baqi numbering	heading in the layer's own text		
urn:hadith:0279Tirmidhi.Sunan:712	712	743	Shakir / ʿAbd al-Baqi numbering	heading in the layer's own text		
urn:hadith:0279Tirmidhi.Sunan:713	713	744	Shakir / ʿAbd al-Baqi numbering	heading in the layer's own text		
urn:hadith:0279Tirmidhi.Sunan:714	714	745	Shakir / ʿAbd al-Baqi numbering	heading in the layer's own text		
urn:hadith:0279Tirmidhi.Sunan:715	715	746	Shakir / ʿAbd al-Baqi numbering	heading in the layer's own text		
urn:hadith:0279Tirmidhi.Sunan:716	716	747	Shakir / ʿAbd al-Baqi numbering	heading in the layer's own text		
urn:hadith:0279Tirmidhi.Sunan:717	717	748	Shakir / ʿAbd al-Baqi numbering	heading in the layer's own text		
urn:hadith:0279Tirmidhi.Sunan:718	718	749	Shakir / ʿAbd al-Baqi numbering	heading in the layer's own text		
urn:hadith:0279Tirmidhi.Sunan:719	719	750	Shakir / ʿAbd al-Baqi numbering	heading in the layer's own text		
urn:hadith:0279Tirmidhi.Sunan:720	720	751	Shakir / ʿAbd al-Baqi numbering	heading in the layer's own text		
urn:hadith:0279Tirmidhi.Sunan:721	721	752	Shakir / ʿAbd al-Baqi numbering	heading in the layer's own text		
urn:hadith:0279Tirmidhi.Sunan:722	722	753	Shakir / ʿAbd al-Baqi numbering	heading in the layer's own text		
urn:hadith:0279Tirmidhi.Sunan:723	723	754	Shakir / ʿAbd al-Baqi numbering	heading in the layer's own text		
urn:hadith:0279Tirmidhi.Sunan:724	724	755	Shakir / ʿAbd al-Baqi numbering	heading in the layer's own text		
urn:hadith:0279Tirmidhi.Sunan:725	725	756	Shakir / ʿAbd al-Baqi numbering	heading in the layer's own text		
urn:hadith:0279Tirmidhi.Sunan:726	726	757	Shakir / ʿAbd al-Baqi numbering	heading in the layer's own text		
urn:hadith:0279Tirmidhi.Sunan:727	727	758	Shakir / ʿAbd al-Baqi numbering	heading in the layer's own text		
urn:hadith:0279Tirmidhi.Sunan:728	728	759	Shakir / ʿAbd al-Baqi numbering	heading in the layer's own text		
urn:hadith:0279Tirmidhi.Sunan:729	729	760	Shakir / ʿAbd al-Baqi numbering	heading in the layer's own text		
urn:hadith:0279Tirmidhi.Sunan:730	730	761	Shakir / ʿAbd al-Baqi numbering	heading in the layer's own text		
urn:hadith:0279Tirmidhi.Sunan:731	731	762	Shakir / ʿAbd al-Baqi numbering	heading in the layer's own text		
urn:hadith:0279Tirmidhi.Sunan:732	732	763	Shakir / ʿAbd al-Baqi numbering	heading in the layer's own text		
urn:hadith:0279Tirmidhi.Sunan:733	733	764	Shakir / ʿAbd al-Baqi numbering	heading in the layer's own text		
urn:hadith:0279Tirmidhi.Sunan:734	734	765	Shakir / ʿAbd al-Baqi numbering	heading in the layer's own text		
urn:hadith:0279Tirmidhi.Sunan:735	735	766	Shakir / ʿAbd al-Baqi numbering	heading in the layer's own text		
urn:hadith:0279Tirmidhi.Sunan:736	736	767	Shakir / ʿAbd al-Baqi numbering	heading in the layer's own text		
urn:hadith:0279Tirmidhi.Sunan:737	737	768	Shakir / ʿAbd al-Baqi numbering	heading in the layer's own text		
urn:hadith:0279Tirmidhi.Sunan:738	738	769	Shakir / ʿAbd al-Baqi numbering	heading in the layer's own text		
urn:hadith:0279Tirmidhi.Sunan:739	739	770	Shakir / ʿAbd al-Baqi numbering	heading in the layer's own text		
urn:hadith:0279Tirmidhi.Sunan:740	740	771	Shakir / ʿAbd al-Baqi numbering	heading in the layer's own text		
urn:hadith:0279Tirmidhi.Sunan:741	741	772	Shakir / ʿAbd al-Baqi numbering	heading in the layer's own text		
urn:hadith:0279Tirmidhi.Sunan:742	742	773	Shakir / ʿAbd al-Baqi numbering	heading in the layer's own text		
urn:hadith:0279Tirmidhi.Sunan:743	743	774	Shakir / ʿAbd al-Baqi numbering	heading in the layer's own text		
urn:hadith:0279Tirmidhi.Sunan:744	744	775	Shakir / ʿAbd al-Baqi numbering	heading in the layer's own text		
urn:hadith:0279Tirmidhi.Sunan:745	745	776	Shakir / ʿAbd al-Baqi numbering	heading in the layer's own text		
urn:hadith:0279Tirmidhi.Sunan:746	746	777	Shakir / ʿAbd al-Baqi numbering	heading in the layer's own text		
urn:hadith:0279Tirmidhi.Sunan:747	747	778	Shakir / ʿAbd al-Baqi numbering	heading in the layer's own text		
urn:hadith:0279Tirmidhi.Sunan:748	748	779	Shakir / ʿAbd al-Baqi numbering	heading in the layer's own text		
urn:hadith:0279Tirmidhi.Sunan:749	749	780	Shakir / ʿAbd al-Baqi numbering	heading in the layer's own text		
urn:hadith:0279Tirmidhi.Sunan:750	750	781	Shakir / ʿAbd al-Baqi numbering	heading in the layer's own text		
urn:hadith:0279Tirmidhi.Sunan:751	751	782	Shakir / ʿAbd al-Baqi numbering	heading in the layer's own text		
urn:hadith:0279Tirmidhi.Sunan:752	752	783	Shakir / ʿAbd al-Baqi numbering	heading in the layer's own text		
urn:hadith:0279Tirmidhi.Sunan:753	753	784	Shakir / ʿAbd al-Baqi numbering	heading in the layer's own text		
urn:hadith:0279Tirmidhi.Sunan:754	754	785	Shakir / ʿAbd al-Baqi numbering	heading in the layer's own text		
urn:hadith:0279Tirmidhi.Sunan:755	755	786	Shakir / ʿAbd al-Baqi numbering	heading in the layer's own text		
urn:hadith:0279Tirmidhi.Sunan:756	756	787	Shakir / ʿAbd al-Baqi numbering	heading in the layer's own text		
urn:hadith:0279Tirmidhi.Sunan:757	757	788	Shakir / ʿAbd al-Baqi numbering	heading in the layer's own text		
urn:hadith:0279Tirmidhi.Sunan:758	758	789	Shakir / ʿAbd al-Baqi numbering	heading in the layer's own text		
urn:hadith:0279Tirmidhi.Sunan:759	759	790	Shakir / ʿAbd al-Baqi numbering	heading in the layer's own text		
urn:hadith:0279Tirmidhi.Sunan:760	760	791	Shakir / ʿAbd al-Baqi numbering	heading in the layer's own text		
urn:hadith:0279Tirmidhi.Sunan:761	761	792	Shakir / ʿAbd al-Baqi numbering	heading in the layer's own text		
urn:hadith:0279Tirmidhi.Sunan:762	762	793	Shakir / ʿAbd al-Baqi numbering	heading in the layer's own text		
urn:hadith:0279Tirmidhi.Sunan:763	763	794	Shakir / ʿAbd al-Baqi numbering	heading in the layer's own text		
urn:hadith:0279Tirmidhi.Sunan:764	764	795	Shakir / ʿAbd al-Baqi numbering	heading in the layer's own text		
urn:hadith:0279Tirmidhi.Sunan:765	765	796	Shakir / ʿAbd al-Baqi numbering	heading in the layer's own text		
urn:hadith:0279Tirmidhi.Sunan:766	766	797	Shakir / ʿAbd al-Baqi numbering	heading in the layer's own text		
urn:hadith:0279Tirmidhi.Sunan:767	767	798	Shakir / ʿAbd al-Baqi numbering	heading in the layer's own text		
urn:hadith:0279Tirmidhi.Sunan:768	768	799	Shakir / ʿAbd al-Baqi numbering	heading in the layer's own text		
urn:hadith:0279Tirmidhi.Sunan:769	769	800	Shakir / ʿAbd al-Baqi numbering	heading in the layer's own text		
urn:hadith:0279Tirmidhi.Sunan:770	770	801	Shakir / ʿAbd al-Baqi numbering	heading in the layer's own text		
urn:hadith:0279Tirmidhi.Sunan:771	771	802	Shakir / ʿAbd al-Baqi numbering	heading in the layer's own text		
urn:hadith:0279Tirmidhi.Sunan:772	772	803	Shakir / ʿAbd al-Baqi numbering	heading in the layer's own text		
urn:hadith:0279Tirmidhi.Sunan:773	773	804	Shakir / ʿAbd al-Baqi numbering	heading in the layer's own text		
urn:hadith:0279Tirmidhi.Sunan:774	774	805	Shakir / ʿAbd al-Baqi numbering	heading in the layer's own text		
urn:hadith:0279Tirmidhi.Sunan:775	775	806	Shakir / ʿAbd al-Baqi numbering	heading in the layer's own text		
urn:hadith:0279Tirmidhi.Sunan:776	776	807	Shakir / ʿAbd al-Baqi numbering	heading in the layer's own text		
urn:hadith:0279Tirmidhi.Sunan:777	777	808	Shakir / ʿAbd al-Baqi numbering	heading in the layer's own text		
urn:hadith:0279Tirmidhi.Sunan:778	778	809	Shakir / ʿAbd al-Baqi numbering	heading in the layer's own text		
urn:hadith:0279Tirmidhi.Sunan:780	780	811	Shakir / ʿAbd al-Baqi numbering	heading in the layer's own text		
urn:hadith:0279Tirmidhi.Sunan:781	781	812	Shakir / ʿAbd al-Baqi numbering	heading in the layer's own text		
urn:hadith:0279Tirmidhi.Sunan:782	782	813	Shakir / ʿAbd al-Baqi numbering	heading in the layer's own text		
urn:hadith:0279Tirmidhi.Sunan:783	783	814	Shakir / ʿAbd al-Baqi numbering	heading in the layer's own text		
urn:hadith:0279Tirmidhi.Sunan:784	784	815	Shakir / ʿAbd al-Baqi numbering	heading in the layer's own text		
urn:hadith:0279Tirmidhi.Sunan:785	785	816	Shakir / ʿAbd al-Baqi numbering	heading in the layer's own text		
urn:hadith:0279Tirmidhi.Sunan:786	786	817	Shakir / ʿAbd al-Baqi numbering	heading in the layer's own text		
urn:hadith:0279Tirmidhi.Sunan:787	787	818	Shakir / ʿAbd al-Baqi numbering	heading in the layer's own text		
urn:hadith:0279Tirmidhi.Sunan:788	788	819	Shakir / ʿAbd al-Baqi numbering	heading in the layer's own text		
urn:hadith:0279Tirmidhi.Sunan:789	789	820	Shakir / ʿAbd al-Baqi numbering	heading in the layer's own text		
urn:hadith:0279Tirmidhi.Sunan:790	790	821	Shakir / ʿAbd al-Baqi numbering	heading in the layer's own text		
urn:hadith:0279Tirmidhi.Sunan:791	791	822	Shakir / ʿAbd al-Baqi numbering	heading in the layer's own text		
urn:hadith:0279Tirmidhi.Sunan:792	792	823	Shakir / ʿAbd al-Baqi numbering	heading in the layer's own text		
urn:hadith:0279Tirmidhi.Sunan:793	793	824	Shakir / ʿAbd al-Baqi numbering	heading in the layer's own text		
urn:hadith:0279Tirmidhi.Sunan:794	794	825	Shakir / ʿAbd al-Baqi numbering	heading in the layer's own text		
urn:hadith:0279Tirmidhi.Sunan:795	795	826	Shakir / ʿAbd al-Baqi numbering	heading in the layer's own text		
urn:hadith:0279Tirmidhi.Sunan:796	796	827	Shakir / ʿAbd al-Baqi numbering	heading in the layer's own text		
urn:hadith:0279Tirmidhi.Sunan:797	797	828	Shakir / ʿAbd al-Baqi numbering	heading in the layer's own text		
urn:hadith:0279Tirmidhi.Sunan:799	799	830	Shakir / ʿAbd al-Baqi numbering	heading in the layer's own text		
urn:hadith:0279Tirmidhi.Sunan:800	800	831	Shakir / ʿAbd al-Baqi numbering	heading in the layer's own text		
urn:hadith:0279Tirmidhi.Sunan:801	801	832	Shakir / ʿAbd al-Baqi numbering	heading in the layer's own text		
urn:hadith:0279Tirmidhi.Sunan:802	802	833	Shakir / ʿAbd al-Baqi numbering	heading in the layer's own text		
urn:hadith:0279Tirmidhi.Sunan:803	803	834	Shakir / ʿAbd al-Baqi numbering	heading in the layer's own text		
urn:hadith:0279Tirmidhi.Sunan:804	804	835	Shakir / ʿAbd al-Baqi numbering	heading in the layer's own text		
urn:hadith:0279Tirmidhi.Sunan:806	806	837	Shakir / ʿAbd al-Baqi numbering	heading in the layer's own text		
urn:hadith:0279Tirmidhi.Sunan:807	807	838	Shakir / ʿAbd al-Baqi numbering	heading in the layer's own text		
urn:hadith:0279Tirmidhi.Sunan:808	808	839	Shakir / ʿAbd al-Baqi numbering	heading in the layer's own text		
urn:hadith:0279Tirmidhi.Sunan:809	809	840	Shakir / ʿAbd al-Baqi numbering	heading in the layer's own text		
urn:hadith:0279Tirmidhi.Sunan:810	810	841	Shakir / ʿAbd al-Baqi numbering	heading in the layer's own text		
urn:hadith:0279Tirmidhi.Sunan:811	811	842	Shakir / ʿAbd al-Baqi numbering	heading in the layer's own text		
urn:hadith:0279Tirmidhi.Sunan:812	812	843	Shakir / ʿAbd al-Baqi numbering	heading in the layer's own text		
urn:hadith:0279Tirmidhi.Sunan:813	813	844	Shakir / ʿAbd al-Baqi numbering	heading in the layer's own text		
urn:hadith:0279Tirmidhi.Sunan:814	814	845	Shakir / ʿAbd al-Baqi numbering	heading in the layer's own text		
urn:hadith:0279Tirmidhi.Sunan:815	815	846	Shakir / ʿAbd al-Baqi numbering	heading in the layer's own text		
urn:hadith:0279Tirmidhi.Sunan:816	816	847	Shakir / ʿAbd al-Baqi numbering	heading in the layer's own text		
urn:hadith:0279Tirmidhi.Sunan:817	817	848	Shakir / ʿAbd al-Baqi numbering	heading in the layer's own text		
urn:hadith:0279Tirmidhi.Sunan:818	818	849	Shakir / ʿAbd al-Baqi numbering	heading in the layer's own text		
urn:hadith:0279Tirmidhi.Sunan:819	819	850	Shakir / ʿAbd al-Baqi numbering	heading in the layer's own text		
urn:hadith:0279Tirmidhi.Sunan:820	820	851	Shakir / ʿAbd al-Baqi numbering	heading in the layer's own text		
urn:hadith:0279Tirmidhi.Sunan:821	821	852	Shakir / ʿAbd al-Baqi numbering	heading in the layer's own text		
urn:hadith:0279Tirmidhi.Sunan:823	823	854	Shakir / ʿAbd al-Baqi numbering	heading in the layer's own text		
urn:hadith:0279Tirmidhi.Sunan:824	824	855	Shakir / ʿAbd al-Baqi numbering	heading in the layer's own text		
urn:hadith:0279Tirmidhi.Sunan:825	825	856	Shakir / ʿAbd al-Baqi numbering	heading in the layer's own text		
urn:hadith:0279Tirmidhi.Sunan:826	826	857	Shakir / ʿAbd al-Baqi numbering	heading in the layer's own text		
urn:hadith:0279Tirmidhi.Sunan:827	827	858	Shakir / ʿAbd al-Baqi numbering	heading in the layer's own text		
urn:hadith:0279Tirmidhi.Sunan:828	828	859	Shakir / ʿAbd al-Baqi numbering	heading in the layer's own text		
urn:hadith:0279Tirmidhi.Sunan:829	829	860	Shakir / ʿAbd al-Baqi numbering	heading in the layer's own text		
urn:hadith:0279Tirmidhi.Sunan:830	830	861	Shakir / ʿAbd al-Baqi numbering	heading in the layer's own text		
urn:hadith:0279Tirmidhi.Sunan:831	831	862	Shakir / ʿAbd al-Baqi numbering	heading in the layer's own text		
urn:hadith:0279Tirmidhi.Sunan:832	832	863	Shakir / ʿAbd al-Baqi numbering	heading in the layer's own text		
urn:hadith:0279Tirmidhi.Sunan:833	833	864	Shakir / ʿAbd al-Baqi numbering	heading in the layer's own text		
urn:hadith:0279Tirmidhi.Sunan:834	834	865	Shakir / ʿAbd al-Baqi numbering	heading in the layer's own text		
urn:hadith:0279Tirmidhi.Sunan:835	835	866	Shakir / ʿAbd al-Baqi numbering	heading in the layer's own text		
urn:hadith:0279Tirmidhi.Sunan:836	836	867	Shakir / ʿAbd al-Baqi numbering	heading in the layer's own text		
urn:hadith:0279Tirmidhi.Sunan:837	837	868	Shakir / ʿAbd al-Baqi numbering	heading in the layer's own text		
urn:hadith:0279Tirmidhi.Sunan:838	838	869	Shakir / ʿAbd al-Baqi numbering	heading in the layer's own text		
urn:hadith:0279Tirmidhi.Sunan:839	839	870	Shakir / ʿAbd al-Baqi numbering	heading in the layer's own text		
urn:hadith:0279Tirmidhi.Sunan:840	840	871	Shakir / ʿAbd al-Baqi numbering	heading in the layer's own text		
urn:hadith:0279Tirmidhi.Sunan:841	841	872	Shakir / ʿAbd al-Baqi numbering	heading in the layer's own text		
urn:hadith:0279Tirmidhi.Sunan:842	842	873	Shakir / ʿAbd al-Baqi numbering	heading in the layer's own text		
urn:hadith:0279Tirmidhi.Sunan:843	843	874	Shakir / ʿAbd al-Baqi numbering	heading in the layer's own text		
urn:hadith:0279Tirmidhi.Sunan:844	844	875	Shakir / ʿAbd al-Baqi numbering	heading in the layer's own text		
urn:hadith:0279Tirmidhi.Sunan:845	845	876	Shakir / ʿAbd al-Baqi numbering	heading in the layer's own text		
urn:hadith:0279Tirmidhi.Sunan:846	846	877	Shakir / ʿAbd al-Baqi numbering	heading in the layer's own text		
urn:hadith:0279Tirmidhi.Sunan:847	847	878	Shakir / ʿAbd al-Baqi numbering	heading in the layer's own text		
urn:hadith:0279Tirmidhi.Sunan:848	848	879	Shakir / ʿAbd al-Baqi numbering	heading in the layer's own text		
urn:hadith:0279Tirmidhi.Sunan:849	849	880	Shakir / ʿAbd al-Baqi numbering	heading in the layer's own text		
urn:hadith:0279Tirmidhi.Sunan:850	850	881	Shakir / ʿAbd al-Baqi numbering	heading in the layer's own text		
urn:hadith:0279Tirmidhi.Sunan:851	851	882	Shakir / ʿAbd al-Baqi numbering	heading in the layer's own text		
urn:hadith:0279Tirmidhi.Sunan:852	852	883	Shakir / ʿAbd al-Baqi numbering	heading in the layer's own text		
urn:hadith:0279Tirmidhi.Sunan:853	853	884	Shakir / ʿAbd al-Baqi numbering	heading in the layer's own text		
urn:hadith:0279Tirmidhi.Sunan:854	854	885	Shakir / ʿAbd al-Baqi numbering	heading in the layer's own text		
urn:hadith:0279Tirmidhi.Sunan:855	855	886	Shakir / ʿAbd al-Baqi numbering	heading in the layer's own text		
urn:hadith:0279Tirmidhi.Sunan:856	856	887	Shakir / ʿAbd al-Baqi numbering	heading in the layer's own text		
urn:hadith:0279Tirmidhi.Sunan:857	857	888	Shakir / ʿAbd al-Baqi numbering	heading in the layer's own text		
urn:hadith:0279Tirmidhi.Sunan:858	858	889	Shakir / ʿAbd al-Baqi numbering	heading in the layer's own text		
urn:hadith:0279Tirmidhi.Sunan:859	859	890	Shakir / ʿAbd al-Baqi numbering	heading in the layer's own text		
urn:hadith:0279Tirmidhi.Sunan:860	860	891	Shakir / ʿAbd al-Baqi numbering	heading in the layer's own text		
urn:hadith:0279Tirmidhi.Sunan:861	861	892	Shakir / ʿAbd al-Baqi numbering	heading in the layer's own text		
urn:hadith:0279Tirmidhi.Sunan:862	862	893	Shakir / ʿAbd al-Baqi numbering	heading in the layer's own text		
urn:hadith:0279Tirmidhi.Sunan:863	863	894	Shakir / ʿAbd al-Baqi numbering	heading in the layer's own text		
urn:hadith:0279Tirmidhi.Sunan:864	864	895	Shakir / ʿAbd al-Baqi numbering	heading in the layer's own text		
urn:hadith:0279Tirmidhi.Sunan:865	865	896	Shakir / ʿAbd al-Baqi numbering	heading in the layer's own text		
urn:hadith:0279Tirmidhi.Sunan:866	866	897	Shakir / ʿAbd al-Baqi numbering	heading in the layer's own text		
urn:hadith:0279Tirmidhi.Sunan:867	867	898	Shakir / ʿAbd al-Baqi numbering	heading in the layer's own text		
urn:hadith:0279Tirmidhi.Sunan:868	868	899	Shakir / ʿAbd al-Baqi numbering	heading in the layer's own text		
urn:hadith:0279Tirmidhi.Sunan:869	869	900	Shakir / ʿAbd al-Baqi numbering	heading in the layer's own text		
urn:hadith:0279Tirmidhi.Sunan:870	870	901	Shakir / ʿAbd al-Baqi numbering	heading in the layer's own text		
urn:hadith:0279Tirmidhi.Sunan:871	871	902	Shakir / ʿAbd al-Baqi numbering	heading in the layer's own text		
urn:hadith:0279Tirmidhi.Sunan:872	872	903	Shakir / ʿAbd al-Baqi numbering	heading in the layer's own text		
urn:hadith:0279Tirmidhi.Sunan:873	873	904	Shakir / ʿAbd al-Baqi numbering	heading in the layer's own text		
urn:hadith:0279Tirmidhi.Sunan:874	874	905	Shakir / ʿAbd al-Baqi numbering	heading in the layer's own text		
urn:hadith:0279Tirmidhi.Sunan:875	875	906	Shakir / ʿAbd al-Baqi numbering	heading in the layer's own text		
urn:hadith:0279Tirmidhi.Sunan:876	876	907	Shakir / ʿAbd al-Baqi numbering	heading in the layer's own text		
urn:hadith:0279Tirmidhi.Sunan:877	877	908	Shakir / ʿAbd al-Baqi numbering	heading in the layer's own text		
urn:hadith:0279Tirmidhi.Sunan:878	878	909	Shakir / ʿAbd al-Baqi numbering	heading in the layer's own text		
urn:hadith:0279Tirmidhi.Sunan:879	879	910	Shakir / ʿAbd al-Baqi numbering	heading in the layer's own text		
urn:hadith:0279Tirmidhi.Sunan:880	880	911	Shakir / ʿAbd al-Baqi numbering	heading in the layer's own text		
urn:hadith:0279Tirmidhi.Sunan:881	881	912	Shakir / ʿAbd al-Baqi numbering	heading in the layer's own text		
urn:hadith:0279Tirmidhi.Sunan:882	882	913	Shakir / ʿAbd al-Baqi numbering	heading in the layer's own text		
urn:hadith:0279Tirmidhi.Sunan:883	883	914	Shakir / ʿAbd al-Baqi numbering	heading in the layer's own text		
urn:hadith:0279Tirmidhi.Sunan:884	884	915	Shakir / ʿAbd al-Baqi numbering	heading in the layer's own text		
urn:hadith:0279Tirmidhi.Sunan:885	885	916	Shakir / ʿAbd al-Baqi numbering	heading in the layer's own text		
urn:hadith:0279Tirmidhi.Sunan:886	886	917	Shakir / ʿAbd al-Baqi numbering	heading in the layer's own text		
urn:hadith:0279Tirmidhi.Sunan:887	887	918	Shakir / ʿAbd al-Baqi numbering	heading in the layer's own text		
urn:hadith:0279Tirmidhi.Sunan:888	888	919	Shakir / ʿAbd al-Baqi numbering	heading in the layer's own text		
urn:hadith:0279Tirmidhi.Sunan:889	889	920	Shakir / ʿAbd al-Baqi numbering	heading in the layer's own text		
urn:hadith:0279Tirmidhi.Sunan:890	890	921	Shakir / ʿAbd al-Baqi numbering	heading in the layer's own text		
urn:hadith:0279Tirmidhi.Sunan:891	891	922	Shakir / ʿAbd al-Baqi numbering	heading in the layer's own text		
urn:hadith:0279Tirmidhi.Sunan:892	892	923	Shakir / ʿAbd al-Baqi numbering	heading in the layer's own text		
urn:hadith:0279Tirmidhi.Sunan:893	893	924	Shakir / ʿAbd al-Baqi numbering	heading in the layer's own text		
urn:hadith:0279Tirmidhi.Sunan:894	894	925	Shakir / ʿAbd al-Baqi numbering	heading in the layer's own text		
urn:hadith:0279Tirmidhi.Sunan:895	895	926	Shakir / ʿAbd al-Baqi numbering	heading in the layer's own text		
urn:hadith:0279Tirmidhi.Sunan:896	896	927	Shakir / ʿAbd al-Baqi numbering	heading in the layer's own text		
urn:hadith:0279Tirmidhi.Sunan:897	897	928	Shakir / ʿAbd al-Baqi numbering	heading in the layer's own text		
urn:hadith:0279Tirmidhi.Sunan:898	898	929	Shakir / ʿAbd al-Baqi numbering	heading in the layer's own text		
urn:hadith:0279Tirmidhi.Sunan:899	899	930	Shakir / ʿAbd al-Baqi numbering	heading in the layer's own text		
urn:hadith:0279Tirmidhi.Sunan:900	900	931	Shakir / ʿAbd al-Baqi numbering	heading in the layer's own text		
urn:hadith:0279Tirmidhi.Sunan:901	901	932	Shakir / ʿAbd al-Baqi numbering	heading in the layer's own text		
urn:hadith:0279Tirmidhi.Sunan:902	902	933	Shakir / ʿAbd al-Baqi numbering	heading in the layer's own text		
urn:hadith:0279Tirmidhi.Sunan:903	903	934	Shakir / ʿAbd al-Baqi numbering	heading in the layer's own text		
urn:hadith:0279Tirmidhi.Sunan:904	904	935	Shakir / ʿAbd al-Baqi numbering	heading in the layer's own text		
urn:hadith:0279Tirmidhi.Sunan:905	905	936	Shakir / ʿAbd al-Baqi numbering	heading in the layer's own text		
urn:hadith:0279Tirmidhi.Sunan:906	906	937	Shakir / ʿAbd al-Baqi numbering	heading in the layer's own text		
urn:hadith:0279Tirmidhi.Sunan:907	907	938	Shakir / ʿAbd al-Baqi numbering	heading in the layer's own text		
urn:hadith:0279Tirmidhi.Sunan:908	908	939	Shakir / ʿAbd al-Baqi numbering	heading in the layer's own text		
urn:hadith:0279Tirmidhi.Sunan:909	909	940	Shakir / ʿAbd al-Baqi numbering	heading in the layer's own text		
urn:hadith:0279Tirmidhi.Sunan:910	910	941	Shakir / ʿAbd al-Baqi numbering	heading in the layer's own text		
urn:hadith:0279Tirmidhi.Sunan:911	911	942	Shakir / ʿAbd al-Baqi numbering	heading in the layer's own text		
urn:hadith:0279Tirmidhi.Sunan:913	913	944	Shakir / ʿAbd al-Baqi numbering	heading in the layer's own text		
urn:hadith:0279Tirmidhi.Sunan:914	914	945	Shakir / ʿAbd al-Baqi numbering	heading in the layer's own text		
urn:hadith:0279Tirmidhi.Sunan:915	915	946	Shakir / ʿAbd al-Baqi numbering	heading in the layer's own text		
urn:hadith:0279Tirmidhi.Sunan:916	916	947	Shakir / ʿAbd al-Baqi numbering	heading in the layer's own text		
urn:hadith:0279Tirmidhi.Sunan:917	917	948	Shakir / ʿAbd al-Baqi numbering	heading in the layer's own text		
urn:hadith:0279Tirmidhi.Sunan:918	918	949	Shakir / ʿAbd al-Baqi numbering	heading in the layer's own text		
urn:hadith:0279Tirmidhi.Sunan:919	919	950	Shakir / ʿAbd al-Baqi numbering	heading in the layer's own text		
urn:hadith:0279Tirmidhi.Sunan:920	920	951	Shakir / ʿAbd al-Baqi numbering	heading in the layer's own text		
urn:hadith:0279Tirmidhi.Sunan:921	921	952	Shakir / ʿAbd al-Baqi numbering	heading in the layer's own text		
urn:hadith:0279Tirmidhi.Sunan:922	922	953	Shakir / ʿAbd al-Baqi numbering	heading in the layer's own text		
urn:hadith:0279Tirmidhi.Sunan:923	923	954	Shakir / ʿAbd al-Baqi numbering	heading in the layer's own text		
urn:hadith:0279Tirmidhi.Sunan:924	924	955	Shakir / ʿAbd al-Baqi numbering	heading in the layer's own text		
urn:hadith:0279Tirmidhi.Sunan:925	925	956	Shakir / ʿAbd al-Baqi numbering	heading in the layer's own text		
urn:hadith:0279Tirmidhi.Sunan:926	926	957	Shakir / ʿAbd al-Baqi numbering	heading in the layer's own text		
urn:hadith:0279Tirmidhi.Sunan:927	927	958	Shakir / ʿAbd al-Baqi numbering	heading in the layer's own text		
urn:hadith:0279Tirmidhi.Sunan:928	928	959	Shakir / ʿAbd al-Baqi numbering	heading in the layer's own text		
urn:hadith:0279Tirmidhi.Sunan:929	929	960	Shakir / ʿAbd al-Baqi numbering	heading in the layer's own text		
urn:hadith:0279Tirmidhi.Sunan:930	930	961	Shakir / ʿAbd al-Baqi numbering	heading in the layer's own text		
urn:hadith:0279Tirmidhi.Sunan:931	931	962	Shakir / ʿAbd al-Baqi numbering	heading in the layer's own text		
urn:hadith:0279Tirmidhi.Sunan:932	932	963	Shakir / ʿAbd al-Baqi numbering	heading in the layer's own text		
urn:hadith:0279Tirmidhi.Sunan:933	933	964	Shakir / ʿAbd al-Baqi numbering	heading in the layer's own text		
urn:hadith:0279Tirmidhi.Sunan:934	934	965	Shakir / ʿAbd al-Baqi numbering	heading in the layer's own text		
urn:hadith:0279Tirmidhi.Sunan:935	935	966	Shakir / ʿAbd al-Baqi numbering	heading in the layer's own text		
urn:hadith:0279Tirmidhi.Sunan:936	936	967	Shakir / ʿAbd al-Baqi numbering	heading in the layer's own text		
urn:hadith:0279Tirmidhi.Sunan:937	937	968	Shakir / ʿAbd al-Baqi numbering	heading in the layer's own text		
urn:hadith:0279Tirmidhi.Sunan:938	938	969	Shakir / ʿAbd al-Baqi numbering	heading in the layer's own text		
urn:hadith:0279Tirmidhi.Sunan:939	939	970	Shakir / ʿAbd al-Baqi numbering	heading in the layer's own text		
urn:hadith:0279Tirmidhi.Sunan:940	940	971	Shakir / ʿAbd al-Baqi numbering	heading in the layer's own text		
urn:hadith:0279Tirmidhi.Sunan:941	941	972	Shakir / ʿAbd al-Baqi numbering	heading in the layer's own text		
urn:hadith:0279Tirmidhi.Sunan:942	942	973	Shakir / ʿAbd al-Baqi numbering	heading in the layer's own text		
urn:hadith:0279Tirmidhi.Sunan:943	943	974	Shakir / ʿAbd al-Baqi numbering	heading in the layer's own text		
urn:hadith:0279Tirmidhi.Sunan:944	944	975	Shakir / ʿAbd al-Baqi numbering	heading in the layer's own text		
urn:hadith:0279Tirmidhi.Sunan:945	945	976	Shakir / ʿAbd al-Baqi numbering	heading in the layer's own text		
urn:hadith:0279Tirmidhi.Sunan:946	946	977	Shakir / ʿAbd al-Baqi numbering	heading in the layer's own text		
urn:hadith:0279Tirmidhi.Sunan:947	947	978	Shakir / ʿAbd al-Baqi numbering	heading in the layer's own text		
urn:hadith:0279Tirmidhi.Sunan:948	948	979	Shakir / ʿAbd al-Baqi numbering	heading in the layer's own text		
urn:hadith:0279Tirmidhi.Sunan:949	949	980	Shakir / ʿAbd al-Baqi numbering	heading in the layer's own text		
urn:hadith:0279Tirmidhi.Sunan:950	950	981	Shakir / ʿAbd al-Baqi numbering	heading in the layer's own text		
urn:hadith:0279Tirmidhi.Sunan:951	951	982	Shakir / ʿAbd al-Baqi numbering	heading in the layer's own text		
urn:hadith:0279Tirmidhi.Sunan:952	952	983	Shakir / ʿAbd al-Baqi numbering	heading in the layer's own text		
urn:hadith:0279Tirmidhi.Sunan:953	953	984	Shakir / ʿAbd al-Baqi numbering	heading in the layer's own text		
urn:hadith:0279Tirmidhi.Sunan:954	954	985	Shakir / ʿAbd al-Baqi numbering	heading in the layer's own text		
urn:hadith:0279Tirmidhi.Sunan:955	955	986	Shakir / ʿAbd al-Baqi numbering	heading in the layer's own text		
urn:hadith:0279Tirmidhi.Sunan:956	956	987	Shakir / ʿAbd al-Baqi numbering	heading in the layer's own text		
urn:hadith:0279Tirmidhi.Sunan:957	957	988	Shakir / ʿAbd al-Baqi numbering	heading in the layer's own text		
urn:hadith:0279Tirmidhi.Sunan:958	958	989	Shakir / ʿAbd al-Baqi numbering	heading in the layer's own text		
urn:hadith:0279Tirmidhi.Sunan:959	959	990	Shakir / ʿAbd al-Baqi numbering	heading in the layer's own text		
urn:hadith:0279Tirmidhi.Sunan:960	960	991	Shakir / ʿAbd al-Baqi numbering	heading in the layer's own text		
urn:hadith:0279Tirmidhi.Sunan:961	961	992	Shakir / ʿAbd al-Baqi numbering	heading in the layer's own text		
urn:hadith:0279Tirmidhi.Sunan:962	962	993	Shakir / ʿAbd al-Baqi numbering	heading in the layer's own text		
urn:hadith:0279Tirmidhi.Sunan:963	963	994	Shakir / ʿAbd al-Baqi numbering	heading in the layer's own text		
urn:hadith:0279Tirmidhi.Sunan:964	964	995	Shakir / ʿAbd al-Baqi numbering	heading in the layer's own text		
urn:hadith:0279Tirmidhi.Sunan:965	965	996	Shakir / ʿAbd al-Baqi numbering	heading in the layer's own text		
urn:hadith:0279Tirmidhi.Sunan:966	966	997	Shakir / ʿAbd al-Baqi numbering	heading in the layer's own text		
urn:hadith:0279Tirmidhi.Sunan:967	967	998	Shakir / ʿAbd al-Baqi numbering	heading in the layer's own text		
urn:hadith:0279Tirmidhi.Sunan:968	968	999	Shakir / ʿAbd al-Baqi numbering	heading in the layer's own text		
urn:hadith:0279Tirmidhi.Sunan:969	969	1000	Shakir / ʿAbd al-Baqi numbering	heading in the layer's own text		
urn:hadith:0279Tirmidhi.Sunan:970	970	1001	Shakir / ʿAbd al-Baqi numbering	heading in the layer's own text		
urn:hadith:0279Tirmidhi.Sunan:971	971	1002	Shakir / ʿAbd al-Baqi numbering	heading in the layer's own text		
urn:hadith:0279Tirmidhi.Sunan:972	972	1003	Shakir / ʿAbd al-Baqi numbering	heading in the layer's own text		
urn:hadith:0279Tirmidhi.Sunan:973	973	1004	Shakir / ʿAbd al-Baqi numbering	heading in the layer's own text		
urn:hadith:0279Tirmidhi.Sunan:974	974	1005	Shakir / ʿAbd al-Baqi numbering	heading in the layer's own text		
urn:hadith:0279Tirmidhi.Sunan:975	975	1006	Shakir / ʿAbd al-Baqi numbering	heading in the layer's own text		
urn:hadith:0279Tirmidhi.Sunan:976	976	1007	Shakir / ʿAbd al-Baqi numbering	heading in the layer's own text		
urn:hadith:0279Tirmidhi.Sunan:977	977	1008	Shakir / ʿAbd al-Baqi numbering	heading in the layer's own text		
urn:hadith:0279Tirmidhi.Sunan:978	978	1009	Shakir / ʿAbd al-Baqi numbering	heading in the layer's own text		
urn:hadith:0279Tirmidhi.Sunan:979	979	1010	Shakir / ʿAbd al-Baqi numbering	heading in the layer's own text		
urn:hadith:0279Tirmidhi.Sunan:980	980	1011	Shakir / ʿAbd al-Baqi numbering	heading in the layer's own text		
urn:hadith:0279Tirmidhi.Sunan:981	981	1012	Shakir / ʿAbd al-Baqi numbering	heading in the layer's own text		
urn:hadith:0279Tirmidhi.Sunan:982	982	1013	Shakir / ʿAbd al-Baqi numbering	heading in the layer's own text		
urn:hadith:0279Tirmidhi.Sunan:983	983	1014	Shakir / ʿAbd al-Baqi numbering	heading in the layer's own text		
urn:hadith:0279Tirmidhi.Sunan:984	984	1015	Shakir / ʿAbd al-Baqi numbering	heading in the layer's own text		
urn:hadith:0279Tirmidhi.Sunan:985	985	1016	Shakir / ʿAbd al-Baqi numbering	heading in the layer's own text		
urn:hadith:0279Tirmidhi.Sunan:986	986	1017	Shakir / ʿAbd al-Baqi numbering	heading in the layer's own text		
urn:hadith:0279Tirmidhi.Sunan:987	987	1018	Shakir / ʿAbd al-Baqi numbering	heading in the layer's own text		
urn:hadith:0279Tirmidhi.Sunan:988	988	1019	Shakir / ʿAbd al-Baqi numbering	heading in the layer's own text		
urn:hadith:0279Tirmidhi.Sunan:989	989	1020	Shakir / ʿAbd al-Baqi numbering	heading in the layer's own text		
urn:hadith:0279Tirmidhi.Sunan:990	990	1021	Shakir / ʿAbd al-Baqi numbering	heading in the layer's own text		
urn:hadith:0279Tirmidhi.Sunan:991	991	1022	Shakir / ʿAbd al-Baqi numbering	heading in the layer's own text		
urn:hadith:0279Tirmidhi.Sunan:992	992	1023	Shakir / ʿAbd al-Baqi numbering	heading in the layer's own text		
urn:hadith:0279Tirmidhi.Sunan:993	993	1024	Shakir / ʿAbd al-Baqi numbering	heading in the layer's own text		
urn:hadith:0279Tirmidhi.Sunan:994	994	1025	Shakir / ʿAbd al-Baqi numbering	heading in the layer's own text		
urn:hadith:0279Tirmidhi.Sunan:995	995	1026	Shakir / ʿAbd al-Baqi numbering	heading in the layer's own text		
urn:hadith:0279Tirmidhi.Sunan:996	996	1027	Shakir / ʿAbd al-Baqi numbering	heading in the layer's own text		
urn:hadith:0279Tirmidhi.Sunan:997	997	1028	Shakir / ʿAbd al-Baqi numbering	heading in the layer's own text		
urn:hadith:0279Tirmidhi.Sunan:998	998	1029	Shakir / ʿAbd al-Baqi numbering	heading in the layer's own text		
urn:hadith:0279Tirmidhi.Sunan:999	999	1030	Shakir / ʿAbd al-Baqi numbering	heading in the layer's own text		
urn:hadith:0279Tirmidhi.Sunan:1000	1000	1031	Shakir / ʿAbd al-Baqi numbering	heading in the layer's own text		
urn:hadith:0279Tirmidhi.Sunan:1001	1001	1032	Shakir / ʿAbd al-Baqi numbering	heading in the layer's own text		
urn:hadith:0279Tirmidhi.Sunan:1002	1002	1033	Shakir / ʿAbd al-Baqi numbering	heading in the layer's own text		
urn:hadith:0279Tirmidhi.Sunan:1003	1003	1034	Shakir / ʿAbd al-Baqi numbering	heading in the layer's own text		
urn:hadith:0279Tirmidhi.Sunan:1004	1004	1035	Shakir / ʿAbd al-Baqi numbering	heading in the layer's own text		
urn:hadith:0279Tirmidhi.Sunan:1005	1005	1036	Shakir / ʿAbd al-Baqi numbering	heading in the layer's own text		
urn:hadith:0279Tirmidhi.Sunan:1006	1006	1037	Shakir / ʿAbd al-Baqi numbering	heading in the layer's own text		
urn:hadith:0279Tirmidhi.Sunan:1007	1007	1038	Shakir / ʿAbd al-Baqi numbering	heading in the layer's own text		
urn:hadith:0279Tirmidhi.Sunan:1008	1008	1039	Shakir / ʿAbd al-Baqi numbering	heading in the layer's own text		
urn:hadith:0279Tirmidhi.Sunan:1009	1009	1040	Shakir / ʿAbd al-Baqi numbering	heading in the layer's own text		
urn:hadith:0279Tirmidhi.Sunan:1010	1010	1041	Shakir / ʿAbd al-Baqi numbering	heading in the layer's own text		
urn:hadith:0279Tirmidhi.Sunan:1012	1012	1042	Shakir / ʿAbd al-Baqi numbering	heading in the layer's own text		
urn:hadith:0279Tirmidhi.Sunan:1013	1013	1043	Shakir / ʿAbd al-Baqi numbering	heading in the layer's own text		
urn:hadith:0279Tirmidhi.Sunan:1014	1014	1044	Shakir / ʿAbd al-Baqi numbering	heading in the layer's own text		
urn:hadith:0279Tirmidhi.Sunan:1015	1015	1045	Shakir / ʿAbd al-Baqi numbering	heading in the layer's own text		
urn:hadith:0279Tirmidhi.Sunan:1016	1016	1046	Shakir / ʿAbd al-Baqi numbering	heading in the layer's own text		
urn:hadith:0279Tirmidhi.Sunan:1017	1017	1047	Shakir / ʿAbd al-Baqi numbering	heading in the layer's own text		
urn:hadith:0279Tirmidhi.Sunan:1018	1018	1048	Shakir / ʿAbd al-Baqi numbering	heading in the layer's own text		
urn:hadith:0279Tirmidhi.Sunan:1019	1019	1049	Shakir / ʿAbd al-Baqi numbering	heading in the layer's own text		
urn:hadith:0279Tirmidhi.Sunan:1020	1020	1050	Shakir / ʿAbd al-Baqi numbering	heading in the layer's own text		
urn:hadith:0279Tirmidhi.Sunan:1021	1021	1051	Shakir / ʿAbd al-Baqi numbering	heading in the layer's own text		
urn:hadith:0279Tirmidhi.Sunan:1022	1022	1052	Shakir / ʿAbd al-Baqi numbering	heading in the layer's own text		
urn:hadith:0279Tirmidhi.Sunan:1023	1023	1053	Shakir / ʿAbd al-Baqi numbering	heading in the layer's own text		
urn:hadith:0279Tirmidhi.Sunan:1024	1024	1054	Shakir / ʿAbd al-Baqi numbering	heading in the layer's own text		
urn:hadith:0279Tirmidhi.Sunan:1025	1025	1055	Shakir / ʿAbd al-Baqi numbering	heading in the layer's own text		
urn:hadith:0279Tirmidhi.Sunan:1026	1026	1056	Shakir / ʿAbd al-Baqi numbering	heading in the layer's own text		
urn:hadith:0279Tirmidhi.Sunan:1027	1027	1057	Shakir / ʿAbd al-Baqi numbering	heading in the layer's own text		
urn:hadith:0279Tirmidhi.Sunan:1028	1028	1058	Shakir / ʿAbd al-Baqi numbering	heading in the layer's own text		
urn:hadith:0279Tirmidhi.Sunan:1029	1029	1059	Shakir / ʿAbd al-Baqi numbering	heading in the layer's own text		
urn:hadith:0279Tirmidhi.Sunan:1030	1030	1060	Shakir / ʿAbd al-Baqi numbering	heading in the layer's own text		
urn:hadith:0279Tirmidhi.Sunan:1031	1031	1061	Shakir / ʿAbd al-Baqi numbering	heading in the layer's own text		
urn:hadith:0279Tirmidhi.Sunan:1032	1032	1062	Shakir / ʿAbd al-Baqi numbering	heading in the layer's own text		
urn:hadith:0279Tirmidhi.Sunan:1033	1033	1063	Shakir / ʿAbd al-Baqi numbering	heading in the layer's own text		
urn:hadith:0279Tirmidhi.Sunan:1034	1034	1064	Shakir / ʿAbd al-Baqi numbering	heading in the layer's own text		
urn:hadith:0279Tirmidhi.Sunan:1035	1035	1065	Shakir / ʿAbd al-Baqi numbering	heading in the layer's own text		
urn:hadith:0279Tirmidhi.Sunan:1036	1036	1066	Shakir / ʿAbd al-Baqi numbering	heading in the layer's own text		
urn:hadith:0279Tirmidhi.Sunan:1037	1037	1067	Shakir / ʿAbd al-Baqi numbering	heading in the layer's own text		
urn:hadith:0279Tirmidhi.Sunan:1038	1038	1068	Shakir / ʿAbd al-Baqi numbering	heading in the layer's own text		
urn:hadith:0279Tirmidhi.Sunan:1039	1039	1069	Shakir / ʿAbd al-Baqi numbering	heading in the layer's own text		
urn:hadith:0279Tirmidhi.Sunan:1040	1040	1070	Shakir / ʿAbd al-Baqi numbering	heading in the layer's own text		
urn:hadith:0279Tirmidhi.Sunan:1041	1041	1071	Shakir / ʿAbd al-Baqi numbering	heading in the layer's own text		
urn:hadith:0279Tirmidhi.Sunan:1042	1042	1072	Shakir / ʿAbd al-Baqi numbering	heading in the layer's own text		
urn:hadith:0279Tirmidhi.Sunan:1043	1043	1073	Shakir / ʿAbd al-Baqi numbering	heading in the layer's own text		
urn:hadith:0279Tirmidhi.Sunan:1044	1044	1074	Shakir / ʿAbd al-Baqi numbering	heading in the layer's own text		
urn:hadith:0279Tirmidhi.Sunan:1045	1045	1075	Shakir / ʿAbd al-Baqi numbering	heading in the layer's own text		
urn:hadith:0279Tirmidhi.Sunan:1046	1046	1076	Shakir / ʿAbd al-Baqi numbering	heading in the layer's own text		
urn:hadith:0279Tirmidhi.Sunan:1047	1047	1077	Shakir / ʿAbd al-Baqi numbering	heading in the layer's own text		
urn:hadith:0279Tirmidhi.Sunan:1048	1048	1078	Shakir / ʿAbd al-Baqi numbering	heading in the layer's own text		
urn:hadith:0279Tirmidhi.Sunan:1049	1049	1079	Shakir / ʿAbd al-Baqi numbering	heading in the layer's own text		
urn:hadith:0279Tirmidhi.Sunan:1050	1050	1080	Shakir / ʿAbd al-Baqi numbering	heading in the layer's own text		
urn:hadith:0279Tirmidhi.Sunan:1051	1051	1081	Shakir / ʿAbd al-Baqi numbering	heading in the layer's own text		
urn:hadith:0279Tirmidhi.Sunan:1052	1052	1082	Shakir / ʿAbd al-Baqi numbering	heading in the layer's own text		
urn:hadith:0279Tirmidhi.Sunan:1053	1053	1083	Shakir / ʿAbd al-Baqi numbering	heading in the layer's own text		
urn:hadith:0279Tirmidhi.Sunan:1054	1054	1084	Shakir / ʿAbd al-Baqi numbering	heading in the layer's own text		
urn:hadith:0279Tirmidhi.Sunan:1055	1055	1085	Shakir / ʿAbd al-Baqi numbering	heading in the layer's own text		
urn:hadith:0279Tirmidhi.Sunan:1056	1056	1086	Shakir / ʿAbd al-Baqi numbering	heading in the layer's own text		
urn:hadith:0279Tirmidhi.Sunan:1057	1057	1087	Shakir / ʿAbd al-Baqi numbering	heading in the layer's own text		
urn:hadith:0279Tirmidhi.Sunan:1058	1058	1088	Shakir / ʿAbd al-Baqi numbering	heading in the layer's own text		
urn:hadith:0279Tirmidhi.Sunan:1059	1059	1089	Shakir / ʿAbd al-Baqi numbering	heading in the layer's own text		
urn:hadith:0279Tirmidhi.Sunan:1060	1060	1090	Shakir / ʿAbd al-Baqi numbering	heading in the layer's own text		
urn:hadith:0279Tirmidhi.Sunan:1061	1061	1091	Shakir / ʿAbd al-Baqi numbering	heading in the layer's own text		
urn:hadith:0279Tirmidhi.Sunan:1062	1062	1092	Shakir / ʿAbd al-Baqi numbering	heading in the layer's own text		
urn:hadith:0279Tirmidhi.Sunan:1063	1063	1093	Shakir / ʿAbd al-Baqi numbering	heading in the layer's own text		
urn:hadith:0279Tirmidhi.Sunan:1064	1064	1094	Shakir / ʿAbd al-Baqi numbering	heading in the layer's own text		
urn:hadith:0279Tirmidhi.Sunan:1065	1065	1095	Shakir / ʿAbd al-Baqi numbering	heading in the layer's own text		
urn:hadith:0279Tirmidhi.Sunan:1066	1066	1096	Shakir / ʿAbd al-Baqi numbering	heading in the layer's own text		
urn:hadith:0279Tirmidhi.Sunan:1067	1067	1097	Shakir / ʿAbd al-Baqi numbering	heading in the layer's own text		
urn:hadith:0279Tirmidhi.Sunan:1068	1068	1098	Shakir / ʿAbd al-Baqi numbering	heading in the layer's own text		
urn:hadith:0279Tirmidhi.Sunan:1069	1069	1099	Shakir / ʿAbd al-Baqi numbering	heading in the layer's own text		
urn:hadith:0279Tirmidhi.Sunan:1070	1070	1100	Shakir / ʿAbd al-Baqi numbering	heading in the layer's own text		
urn:hadith:0279Tirmidhi.Sunan:1071	1071	1101	Shakir / ʿAbd al-Baqi numbering	heading in the layer's own text		
urn:hadith:0279Tirmidhi.Sunan:1072	1072	1102	Shakir / ʿAbd al-Baqi numbering	heading in the layer's own text		
urn:hadith:0279Tirmidhi.Sunan:1073	1073	1103	Shakir / ʿAbd al-Baqi numbering	heading in the layer's own text		
urn:hadith:0279Tirmidhi.Sunan:1074	1074	1104	Shakir / ʿAbd al-Baqi numbering	heading in the layer's own text		
urn:hadith:0279Tirmidhi.Sunan:1075	1075	1105	Shakir / ʿAbd al-Baqi numbering	heading in the layer's own text		
urn:hadith:0279Tirmidhi.Sunan:1076	1076	1106	Shakir / ʿAbd al-Baqi numbering	heading in the layer's own text		
urn:hadith:0279Tirmidhi.Sunan:1077	1077	1107	Shakir / ʿAbd al-Baqi numbering	heading in the layer's own text		
urn:hadith:0279Tirmidhi.Sunan:1078	1078	1108	Shakir / ʿAbd al-Baqi numbering	heading in the layer's own text		
urn:hadith:0279Tirmidhi.Sunan:1079	1079	1109	Shakir / ʿAbd al-Baqi numbering	heading in the layer's own text		
urn:hadith:0279Tirmidhi.Sunan:1080	1080	1110	Shakir / ʿAbd al-Baqi numbering	heading in the layer's own text		
urn:hadith:0279Tirmidhi.Sunan:1081	1081	1111	Shakir / ʿAbd al-Baqi numbering	heading in the layer's own text		
urn:hadith:0279Tirmidhi.Sunan:1082	1082	1112	Shakir / ʿAbd al-Baqi numbering	heading in the layer's own text		
urn:hadith:0279Tirmidhi.Sunan:1083	1083	1113	Shakir / ʿAbd al-Baqi numbering	heading in the layer's own text		
urn:hadith:0279Tirmidhi.Sunan:1084	1084	1114	Shakir / ʿAbd al-Baqi numbering	heading in the layer's own text		
urn:hadith:0279Tirmidhi.Sunan:1085	1085	1115	Shakir / ʿAbd al-Baqi numbering	heading in the layer's own text		
urn:hadith:0279Tirmidhi.Sunan:1086	1086	1116	Shakir / ʿAbd al-Baqi numbering	heading in the layer's own text		
urn:hadith:0279Tirmidhi.Sunan:1087	1087	1117	Shakir / ʿAbd al-Baqi numbering	heading in the layer's own text		
urn:hadith:0279Tirmidhi.Sunan:1088	1088	1118	Shakir / ʿAbd al-Baqi numbering	heading in the layer's own text		
urn:hadith:0279Tirmidhi.Sunan:1089	1089	1119	Shakir / ʿAbd al-Baqi numbering	heading in the layer's own text		
urn:hadith:0279Tirmidhi.Sunan:1090	1090	1120	Shakir / ʿAbd al-Baqi numbering	heading in the layer's own text		
urn:hadith:0279Tirmidhi.Sunan:1091	1091	1121	Shakir / ʿAbd al-Baqi numbering	heading in the layer's own text		
urn:hadith:0279Tirmidhi.Sunan:1092	1092	1122	Shakir / ʿAbd al-Baqi numbering	heading in the layer's own text		
urn:hadith:0279Tirmidhi.Sunan:1093	1093	1123	Shakir / ʿAbd al-Baqi numbering	heading in the layer's own text		
urn:hadith:0279Tirmidhi.Sunan:1094	1094	1124	Shakir / ʿAbd al-Baqi numbering	heading in the layer's own text		
urn:hadith:0279Tirmidhi.Sunan:1095	1095	1125	Shakir / ʿAbd al-Baqi numbering	heading in the layer's own text		
urn:hadith:0279Tirmidhi.Sunan:1096	1096	1126	Shakir / ʿAbd al-Baqi numbering	heading in the layer's own text		
urn:hadith:0279Tirmidhi.Sunan:1097	1097	1127	Shakir / ʿAbd al-Baqi numbering	heading in the layer's own text		
urn:hadith:0279Tirmidhi.Sunan:1098	1098	1128	Shakir / ʿAbd al-Baqi numbering	heading in the layer's own text		
urn:hadith:0279Tirmidhi.Sunan:1099	1099	1129	Shakir / ʿAbd al-Baqi numbering	heading in the layer's own text		
urn:hadith:0279Tirmidhi.Sunan:1100	1100	1130	Shakir / ʿAbd al-Baqi numbering	heading in the layer's own text		
urn:hadith:0279Tirmidhi.Sunan:1101	1101	1131	Shakir / ʿAbd al-Baqi numbering	heading in the layer's own text		
urn:hadith:0279Tirmidhi.Sunan:1102	1102	1132	Shakir / ʿAbd al-Baqi numbering	heading in the layer's own text		
urn:hadith:0279Tirmidhi.Sunan:1103	1103	1133	Shakir / ʿAbd al-Baqi numbering	heading in the layer's own text		
urn:hadith:0279Tirmidhi.Sunan:1104	1104	1134	Shakir / ʿAbd al-Baqi numbering	heading in the layer's own text		
urn:hadith:0279Tirmidhi.Sunan:1105	1105	1135	Shakir / ʿAbd al-Baqi numbering	heading in the layer's own text		
urn:hadith:0279Tirmidhi.Sunan:1106	1106	1136	Shakir / ʿAbd al-Baqi numbering	heading in the layer's own text		
urn:hadith:0279Tirmidhi.Sunan:1107	1107	1137	Shakir / ʿAbd al-Baqi numbering	heading in the layer's own text		
urn:hadith:0279Tirmidhi.Sunan:1108	1108	1138	Shakir / ʿAbd al-Baqi numbering	heading in the layer's own text		
urn:hadith:0279Tirmidhi.Sunan:1109	1109	1139	Shakir / ʿAbd al-Baqi numbering	heading in the layer's own text		
urn:hadith:0279Tirmidhi.Sunan:1110	1110	1140	Shakir / ʿAbd al-Baqi numbering	heading in the layer's own text		
urn:hadith:0279Tirmidhi.Sunan:1111	1111	1141	Shakir / ʿAbd al-Baqi numbering	heading in the layer's own text		
urn:hadith:0279Tirmidhi.Sunan:1112	1112	1142	Shakir / ʿAbd al-Baqi numbering	heading in the layer's own text		
urn:hadith:0279Tirmidhi.Sunan:1113	1113	1143	Shakir / ʿAbd al-Baqi numbering	heading in the layer's own text		
urn:hadith:0279Tirmidhi.Sunan:1114	1114	1144	Shakir / ʿAbd al-Baqi numbering	heading in the layer's own text		
urn:hadith:0279Tirmidhi.Sunan:1115	1115	1145	Shakir / ʿAbd al-Baqi numbering	heading in the layer's own text		
urn:hadith:0279Tirmidhi.Sunan:1116	1116	1146	Shakir / ʿAbd al-Baqi numbering	heading in the layer's own text		
urn:hadith:0279Tirmidhi.Sunan:1117	1117	1147	Shakir / ʿAbd al-Baqi numbering	heading in the layer's own text		
urn:hadith:0279Tirmidhi.Sunan:1118	1118	1148	Shakir / ʿAbd al-Baqi numbering	heading in the layer's own text		
urn:hadith:0279Tirmidhi.Sunan:1119	1119	1149	Shakir / ʿAbd al-Baqi numbering	heading in the layer's own text		
urn:hadith:0279Tirmidhi.Sunan:1120	1120	1150	Shakir / ʿAbd al-Baqi numbering	heading in the layer's own text		
urn:hadith:0279Tirmidhi.Sunan:1121	1121	1151	Shakir / ʿAbd al-Baqi numbering	heading in the layer's own text		
urn:hadith:0279Tirmidhi.Sunan:1122	1122	1152	Shakir / ʿAbd al-Baqi numbering	heading in the layer's own text		
urn:hadith:0279Tirmidhi.Sunan:1123	1123	1153	Shakir / ʿAbd al-Baqi numbering	heading in the layer's own text		
urn:hadith:0279Tirmidhi.Sunan:1124	1124	1154	Shakir / ʿAbd al-Baqi numbering	heading in the layer's own text		
urn:hadith:0279Tirmidhi.Sunan:1125	1125	1155	Shakir / ʿAbd al-Baqi numbering	heading in the layer's own text		
urn:hadith:0279Tirmidhi.Sunan:1126	1126	1156	Shakir / ʿAbd al-Baqi numbering	heading in the layer's own text		
urn:hadith:0279Tirmidhi.Sunan:1127	1127	1157	Shakir / ʿAbd al-Baqi numbering	heading in the layer's own text		
urn:hadith:0279Tirmidhi.Sunan:1128	1128	1158	Shakir / ʿAbd al-Baqi numbering	heading in the layer's own text		
urn:hadith:0279Tirmidhi.Sunan:1129	1129	1159	Shakir / ʿAbd al-Baqi numbering	heading in the layer's own text		
urn:hadith:0279Tirmidhi.Sunan:1130	1130	1160	Shakir / ʿAbd al-Baqi numbering	heading in the layer's own text		
urn:hadith:0279Tirmidhi.Sunan:1131	1131	1161	Shakir / ʿAbd al-Baqi numbering	heading in the layer's own text		
urn:hadith:0279Tirmidhi.Sunan:1132	1132	1162	Shakir / ʿAbd al-Baqi numbering	heading in the layer's own text		
urn:hadith:0279Tirmidhi.Sunan:1133	1133	1163	Shakir / ʿAbd al-Baqi numbering	heading in the layer's own text		
urn:hadith:0279Tirmidhi.Sunan:1134	1134	1164	Shakir / ʿAbd al-Baqi numbering	heading in the layer's own text		
urn:hadith:0279Tirmidhi.Sunan:1135	1135	1165	Shakir / ʿAbd al-Baqi numbering	heading in the layer's own text		
urn:hadith:0279Tirmidhi.Sunan:1136	1136	1166	Shakir / ʿAbd al-Baqi numbering	heading in the layer's own text		
urn:hadith:0279Tirmidhi.Sunan:1137	1137	1167	Shakir / ʿAbd al-Baqi numbering	heading in the layer's own text		
urn:hadith:0279Tirmidhi.Sunan:1138	1138	1168	Shakir / ʿAbd al-Baqi numbering	heading in the layer's own text		
urn:hadith:0279Tirmidhi.Sunan:1139	1139	1169	Shakir / ʿAbd al-Baqi numbering	heading in the layer's own text		
urn:hadith:0279Tirmidhi.Sunan:1140	1140	1170	Shakir / ʿAbd al-Baqi numbering	heading in the layer's own text		
urn:hadith:0279Tirmidhi.Sunan:1141	1141	1171	Shakir / ʿAbd al-Baqi numbering	heading in the layer's own text		
urn:hadith:0279Tirmidhi.Sunan:1142	1142	1172	Shakir / ʿAbd al-Baqi numbering	heading in the layer's own text		
urn:hadith:0279Tirmidhi.Sunan:1143	1143	1173	Shakir / ʿAbd al-Baqi numbering	heading in the layer's own text		
urn:hadith:0279Tirmidhi.Sunan:1144	1144	1174	Shakir / ʿAbd al-Baqi numbering	heading in the layer's own text		
urn:hadith:0279Tirmidhi.Sunan:1145	1145	1175	Shakir / ʿAbd al-Baqi numbering	heading in the layer's own text		
urn:hadith:0279Tirmidhi.Sunan:1146	1146	1176	Shakir / ʿAbd al-Baqi numbering	heading in the layer's own text		
urn:hadith:0279Tirmidhi.Sunan:1147	1147	1177	Shakir / ʿAbd al-Baqi numbering	heading in the layer's own text		
urn:hadith:0279Tirmidhi.Sunan:1148	1148	1178	Shakir / ʿAbd al-Baqi numbering	heading in the layer's own text		
urn:hadith:0279Tirmidhi.Sunan:1149	1149	1179	Shakir / ʿAbd al-Baqi numbering	heading in the layer's own text		
urn:hadith:0279Tirmidhi.Sunan:1150	1150	1180	Shakir / ʿAbd al-Baqi numbering	heading in the layer's own text		
urn:hadith:0279Tirmidhi.Sunan:1151	1151	1181	Shakir / ʿAbd al-Baqi numbering	heading in the layer's own text		
urn:hadith:0279Tirmidhi.Sunan:1152	1152	1182	Shakir / ʿAbd al-Baqi numbering	heading in the layer's own text		
urn:hadith:0279Tirmidhi.Sunan:1153	1153	1183	Shakir / ʿAbd al-Baqi numbering	heading in the layer's own text		
urn:hadith:0279Tirmidhi.Sunan:1154	1154	1184	Shakir / ʿAbd al-Baqi numbering	heading in the layer's own text		
urn:hadith:0279Tirmidhi.Sunan:1155	1155	1185	Shakir / ʿAbd al-Baqi numbering	heading in the layer's own text		
urn:hadith:0279Tirmidhi.Sunan:1156	1156	1186	Shakir / ʿAbd al-Baqi numbering	heading in the layer's own text		
urn:hadith:0279Tirmidhi.Sunan:1157	1157	1187	Shakir / ʿAbd al-Baqi numbering	heading in the layer's own text		
urn:hadith:0279Tirmidhi.Sunan:1158	1158	1188	Shakir / ʿAbd al-Baqi numbering	heading in the layer's own text		
urn:hadith:0279Tirmidhi.Sunan:1159	1159	1189	Shakir / ʿAbd al-Baqi numbering	heading in the layer's own text		
urn:hadith:0279Tirmidhi.Sunan:1160	1160	1190	Shakir / ʿAbd al-Baqi numbering	heading in the layer's own text		
urn:hadith:0279Tirmidhi.Sunan:1161	1161	1191	Shakir / ʿAbd al-Baqi numbering	heading in the layer's own text		
urn:hadith:0279Tirmidhi.Sunan:1162	1162	1192	Shakir / ʿAbd al-Baqi numbering	heading in the layer's own text		
urn:hadith:0279Tirmidhi.Sunan:1163	1163	1193	Shakir / ʿAbd al-Baqi numbering	heading in the layer's own text		
urn:hadith:0279Tirmidhi.Sunan:1164	1164	1194	Shakir / ʿAbd al-Baqi numbering	heading in the layer's own text		
urn:hadith:0279Tirmidhi.Sunan:1165	1165	1195	Shakir / ʿAbd al-Baqi numbering	heading in the layer's own text		
urn:hadith:0279Tirmidhi.Sunan:1166	1166	1198	Shakir / ʿAbd al-Baqi numbering	heading in the layer's own text		
urn:hadith:0279Tirmidhi.Sunan:1167	1167	1199	Shakir / ʿAbd al-Baqi numbering	heading in the layer's own text		
urn:hadith:0279Tirmidhi.Sunan:1168	1168	1200	Shakir / ʿAbd al-Baqi numbering	heading in the layer's own text		
urn:hadith:0279Tirmidhi.Sunan:1169	1169	1201	Shakir / ʿAbd al-Baqi numbering	heading in the layer's own text		
urn:hadith:0279Tirmidhi.Sunan:1170	1170	1202	Shakir / ʿAbd al-Baqi numbering	heading in the layer's own text		
urn:hadith:0279Tirmidhi.Sunan:1171	1171	1203	Shakir / ʿAbd al-Baqi numbering	heading in the layer's own text		
urn:hadith:0279Tirmidhi.Sunan:1172	1172	1204	Shakir / ʿAbd al-Baqi numbering	heading in the layer's own text		
urn:hadith:0279Tirmidhi.Sunan:1173	1173	1205	Shakir / ʿAbd al-Baqi numbering	heading in the layer's own text		
urn:hadith:0279Tirmidhi.Sunan:1174	1174	1206	Shakir / ʿAbd al-Baqi numbering	heading in the layer's own text		
urn:hadith:0279Tirmidhi.Sunan:1175	1175	1207	Shakir / ʿAbd al-Baqi numbering	heading in the layer's own text		
urn:hadith:0279Tirmidhi.Sunan:1176	1176	1208	Shakir / ʿAbd al-Baqi numbering	heading in the layer's own text		
urn:hadith:0279Tirmidhi.Sunan:1177	1177	1209	Shakir / ʿAbd al-Baqi numbering	heading in the layer's own text		
urn:hadith:0279Tirmidhi.Sunan:1178	1178	1210	Shakir / ʿAbd al-Baqi numbering	heading in the layer's own text		
urn:hadith:0279Tirmidhi.Sunan:1179	1179	1211	Shakir / ʿAbd al-Baqi numbering	heading in the layer's own text		
urn:hadith:0279Tirmidhi.Sunan:1180	1180	1212	Shakir / ʿAbd al-Baqi numbering	heading in the layer's own text		
urn:hadith:0279Tirmidhi.Sunan:1181	1181	1213	Shakir / ʿAbd al-Baqi numbering	heading in the layer's own text		
urn:hadith:0279Tirmidhi.Sunan:1182	1182	1214	Shakir / ʿAbd al-Baqi numbering	heading in the layer's own text		
urn:hadith:0279Tirmidhi.Sunan:1183	1183	1215	Shakir / ʿAbd al-Baqi numbering	heading in the layer's own text		
urn:hadith:0279Tirmidhi.Sunan:1184	1184	1216	Shakir / ʿAbd al-Baqi numbering	heading in the layer's own text		
urn:hadith:0279Tirmidhi.Sunan:1185	1185	1217	Shakir / ʿAbd al-Baqi numbering	heading in the layer's own text		
urn:hadith:0279Tirmidhi.Sunan:1186	1186	1218	Shakir / ʿAbd al-Baqi numbering	heading in the layer's own text		
urn:hadith:0279Tirmidhi.Sunan:1187	1187	1219	Shakir / ʿAbd al-Baqi numbering	heading in the layer's own text		
urn:hadith:0279Tirmidhi.Sunan:1188	1188	1220	Shakir / ʿAbd al-Baqi numbering	heading in the layer's own text		
urn:hadith:0279Tirmidhi.Sunan:1189	1189	1221	Shakir / ʿAbd al-Baqi numbering	heading in the layer's own text		
urn:hadith:0279Tirmidhi.Sunan:1190	1190	1222	Shakir / ʿAbd al-Baqi numbering	heading in the layer's own text		
urn:hadith:0279Tirmidhi.Sunan:1191	1191	1223	Shakir / ʿAbd al-Baqi numbering	heading in the layer's own text		
urn:hadith:0279Tirmidhi.Sunan:1192	1192	1224	Shakir / ʿAbd al-Baqi numbering	heading in the layer's own text		
urn:hadith:0279Tirmidhi.Sunan:1193	1193	1225	Shakir / ʿAbd al-Baqi numbering	heading in the layer's own text		
urn:hadith:0279Tirmidhi.Sunan:1194	1194	1226	Shakir / ʿAbd al-Baqi numbering	heading in the layer's own text		
urn:hadith:0279Tirmidhi.Sunan:1195	1195	1228	Shakir / ʿAbd al-Baqi numbering	heading in the layer's own text		
urn:hadith:0279Tirmidhi.Sunan:1196	1196	1229	Shakir / ʿAbd al-Baqi numbering	heading in the layer's own text		
urn:hadith:0279Tirmidhi.Sunan:1197	1197	1230	Shakir / ʿAbd al-Baqi numbering	heading in the layer's own text		
urn:hadith:0279Tirmidhi.Sunan:1198	1198	1231	Shakir / ʿAbd al-Baqi numbering	heading in the layer's own text		
urn:hadith:0279Tirmidhi.Sunan:1199	1199	1232	Shakir / ʿAbd al-Baqi numbering	heading in the layer's own text		
urn:hadith:0279Tirmidhi.Sunan:1200	1200	1233	Shakir / ʿAbd al-Baqi numbering	heading in the layer's own text		
urn:hadith:0279Tirmidhi.Sunan:1201	1201	1234	Shakir / ʿAbd al-Baqi numbering	heading in the layer's own text		
urn:hadith:0279Tirmidhi.Sunan:1202	1202	1235	Shakir / ʿAbd al-Baqi numbering	heading in the layer's own text		
urn:hadith:0279Tirmidhi.Sunan:1203	1203	1236	Shakir / ʿAbd al-Baqi numbering	heading in the layer's own text		
urn:hadith:0279Tirmidhi.Sunan:1204	1204	1237	Shakir / ʿAbd al-Baqi numbering	heading in the layer's own text		
urn:hadith:0279Tirmidhi.Sunan:1205	1205	1238	Shakir / ʿAbd al-Baqi numbering	heading in the layer's own text		
urn:hadith:0279Tirmidhi.Sunan:1206	1206	1239	Shakir / ʿAbd al-Baqi numbering	heading in the layer's own text		
urn:hadith:0279Tirmidhi.Sunan:1207	1207	1240	Shakir / ʿAbd al-Baqi numbering	heading in the layer's own text		
urn:hadith:0279Tirmidhi.Sunan:1208	1208	1241	Shakir / ʿAbd al-Baqi numbering	heading in the layer's own text		
urn:hadith:0279Tirmidhi.Sunan:1209	1209	1242	Shakir / ʿAbd al-Baqi numbering	heading in the layer's own text		
urn:hadith:0279Tirmidhi.Sunan:1210	1210	1243	Shakir / ʿAbd al-Baqi numbering	heading in the layer's own text		
urn:hadith:0279Tirmidhi.Sunan:1211	1211	1244	Shakir / ʿAbd al-Baqi numbering	heading in the layer's own text		
urn:hadith:0279Tirmidhi.Sunan:1212	1212	1245	Shakir / ʿAbd al-Baqi numbering	heading in the layer's own text		
urn:hadith:0279Tirmidhi.Sunan:1213	1213	1246	Shakir / ʿAbd al-Baqi numbering	heading in the layer's own text		
urn:hadith:0279Tirmidhi.Sunan:1214	1214	1247	Shakir / ʿAbd al-Baqi numbering	heading in the layer's own text		
urn:hadith:0279Tirmidhi.Sunan:1215	1215	1248	Shakir / ʿAbd al-Baqi numbering	heading in the layer's own text		
urn:hadith:0279Tirmidhi.Sunan:1216	1216	1249	Shakir / ʿAbd al-Baqi numbering	heading in the layer's own text		
urn:hadith:0279Tirmidhi.Sunan:1217	1217	1250	Shakir / ʿAbd al-Baqi numbering	heading in the layer's own text		
urn:hadith:0279Tirmidhi.Sunan:1218	1218	1251	Shakir / ʿAbd al-Baqi numbering	heading in the layer's own text		
urn:hadith:0279Tirmidhi.Sunan:1219	1219	1252	Shakir / ʿAbd al-Baqi numbering	heading in the layer's own text		
urn:hadith:0279Tirmidhi.Sunan:1220	1220	1253	Shakir / ʿAbd al-Baqi numbering	heading in the layer's own text		
urn:hadith:0279Tirmidhi.Sunan:1221	1221	1254	Shakir / ʿAbd al-Baqi numbering	heading in the layer's own text		
urn:hadith:0279Tirmidhi.Sunan:1222	1222	1255	Shakir / ʿAbd al-Baqi numbering	heading in the layer's own text		
urn:hadith:0279Tirmidhi.Sunan:1223	1223	1256	Shakir / ʿAbd al-Baqi numbering	heading in the layer's own text		
urn:hadith:0279Tirmidhi.Sunan:1224	1224	1257	Shakir / ʿAbd al-Baqi numbering	heading in the layer's own text		
urn:hadith:0279Tirmidhi.Sunan:1225	1225	1258	Shakir / ʿAbd al-Baqi numbering	heading in the layer's own text		
urn:hadith:0279Tirmidhi.Sunan:1226	1226	1259	Shakir / ʿAbd al-Baqi numbering	heading in the layer's own text		
urn:hadith:0279Tirmidhi.Sunan:1227	1227	1260	Shakir / ʿAbd al-Baqi numbering	heading in the layer's own text		
urn:hadith:0279Tirmidhi.Sunan:1228	1228	1261	Shakir / ʿAbd al-Baqi numbering	heading in the layer's own text		
urn:hadith:0279Tirmidhi.Sunan:1229	1229	1262	Shakir / ʿAbd al-Baqi numbering	heading in the layer's own text		
urn:hadith:0279Tirmidhi.Sunan:1230	1230	1263	Shakir / ʿAbd al-Baqi numbering	heading in the layer's own text		
urn:hadith:0279Tirmidhi.Sunan:1231	1231	1264	Shakir / ʿAbd al-Baqi numbering	heading in the layer's own text		
urn:hadith:0279Tirmidhi.Sunan:1232	1232	1265	Shakir / ʿAbd al-Baqi numbering	heading in the layer's own text		
urn:hadith:0279Tirmidhi.Sunan:1233	1233	1266	Shakir / ʿAbd al-Baqi numbering	heading in the layer's own text		
urn:hadith:0279Tirmidhi.Sunan:1234	1234	1267	Shakir / ʿAbd al-Baqi numbering	heading in the layer's own text		
urn:hadith:0279Tirmidhi.Sunan:1235	1235	1268	Shakir / ʿAbd al-Baqi numbering	heading in the layer's own text		
urn:hadith:0279Tirmidhi.Sunan:1236	1236	1269	Shakir / ʿAbd al-Baqi numbering	heading in the layer's own text		
urn:hadith:0279Tirmidhi.Sunan:1237	1237	1270	Shakir / ʿAbd al-Baqi numbering	heading in the layer's own text		
urn:hadith:0279Tirmidhi.Sunan:1238	1238	1271	Shakir / ʿAbd al-Baqi numbering	heading in the layer's own text		
urn:hadith:0279Tirmidhi.Sunan:1239	1239	1272	Shakir / ʿAbd al-Baqi numbering	heading in the layer's own text		
urn:hadith:0279Tirmidhi.Sunan:1240	1240	1273	Shakir / ʿAbd al-Baqi numbering	heading in the layer's own text		
urn:hadith:0279Tirmidhi.Sunan:1241	1241	1274	Shakir / ʿAbd al-Baqi numbering	heading in the layer's own text		
urn:hadith:0279Tirmidhi.Sunan:1242	1242	1275	Shakir / ʿAbd al-Baqi numbering	heading in the layer's own text		
urn:hadith:0279Tirmidhi.Sunan:1243	1243	1276	Shakir / ʿAbd al-Baqi numbering	heading in the layer's own text		
urn:hadith:0279Tirmidhi.Sunan:1244	1244	1277	Shakir / ʿAbd al-Baqi numbering	heading in the layer's own text		
urn:hadith:0279Tirmidhi.Sunan:1245	1245	1278	Shakir / ʿAbd al-Baqi numbering	heading in the layer's own text		
urn:hadith:0279Tirmidhi.Sunan:1246	1246	1279	Shakir / ʿAbd al-Baqi numbering	heading in the layer's own text		
urn:hadith:0279Tirmidhi.Sunan:1247	1247	1280	Shakir / ʿAbd al-Baqi numbering	heading in the layer's own text		
urn:hadith:0279Tirmidhi.Sunan:1248	1248	1281	Shakir / ʿAbd al-Baqi numbering	heading in the layer's own text		
urn:hadith:0279Tirmidhi.Sunan:1249	1249	1282	Shakir / ʿAbd al-Baqi numbering	heading in the layer's own text		
urn:hadith:0279Tirmidhi.Sunan:1250	1250	1283	Shakir / ʿAbd al-Baqi numbering	heading in the layer's own text		
urn:hadith:0279Tirmidhi.Sunan:1251	1251	1284	Shakir / ʿAbd al-Baqi numbering	heading in the layer's own text		
urn:hadith:0279Tirmidhi.Sunan:1252	1252	1285	Shakir / ʿAbd al-Baqi numbering	heading in the layer's own text		
urn:hadith:0279Tirmidhi.Sunan:1253	1253	1286	Shakir / ʿAbd al-Baqi numbering	heading in the layer's own text		
urn:hadith:0279Tirmidhi.Sunan:1254	1254	1287	Shakir / ʿAbd al-Baqi numbering	heading in the layer's own text		
urn:hadith:0279Tirmidhi.Sunan:1255	1255	1288	Shakir / ʿAbd al-Baqi numbering	heading in the layer's own text		
urn:hadith:0279Tirmidhi.Sunan:1256	1256	1289	Shakir / ʿAbd al-Baqi numbering	heading in the layer's own text		
urn:hadith:0279Tirmidhi.Sunan:1257	1257	1290	Shakir / ʿAbd al-Baqi numbering	heading in the layer's own text		
urn:hadith:0279Tirmidhi.Sunan:1258	1258	1291	Shakir / ʿAbd al-Baqi numbering	heading in the layer's own text		
urn:hadith:0279Tirmidhi.Sunan:1259	1259	1292	Shakir / ʿAbd al-Baqi numbering	heading in the layer's own text		
urn:hadith:0279Tirmidhi.Sunan:1260	1260	1293	Shakir / ʿAbd al-Baqi numbering	heading in the layer's own text		
urn:hadith:0279Tirmidhi.Sunan:1261	1261	1294	Shakir / ʿAbd al-Baqi numbering	heading in the layer's own text		
urn:hadith:0279Tirmidhi.Sunan:1262	1262	1295	Shakir / ʿAbd al-Baqi numbering	heading in the layer's own text		
urn:hadith:0279Tirmidhi.Sunan:1264	1264	1297	Shakir / ʿAbd al-Baqi numbering	heading in the layer's own text		
urn:hadith:0279Tirmidhi.Sunan:1265	1265	1298	Shakir / ʿAbd al-Baqi numbering	heading in the layer's own text		
urn:hadith:0279Tirmidhi.Sunan:1266	1266	1299	Shakir / ʿAbd al-Baqi numbering	heading in the layer's own text		
urn:hadith:0279Tirmidhi.Sunan:1267	1267	1300	Shakir / ʿAbd al-Baqi numbering	heading in the layer's own text		
urn:hadith:0279Tirmidhi.Sunan:1268	1268	1301	Shakir / ʿAbd al-Baqi numbering	heading in the layer's own text		
urn:hadith:0279Tirmidhi.Sunan:1269	1269	1302	Shakir / ʿAbd al-Baqi numbering	heading in the layer's own text		
urn:hadith:0279Tirmidhi.Sunan:1270	1270	1303	Shakir / ʿAbd al-Baqi numbering	heading in the layer's own text		
urn:hadith:0279Tirmidhi.Sunan:1271	1271	1304	Shakir / ʿAbd al-Baqi numbering	heading in the layer's own text		
urn:hadith:0279Tirmidhi.Sunan:1272	1272	1305	Shakir / ʿAbd al-Baqi numbering	heading in the layer's own text		
urn:hadith:0279Tirmidhi.Sunan:1273	1273	1306	Shakir / ʿAbd al-Baqi numbering	heading in the layer's own text		
urn:hadith:0279Tirmidhi.Sunan:1274	1274	1307	Shakir / ʿAbd al-Baqi numbering	heading in the layer's own text		
urn:hadith:0279Tirmidhi.Sunan:1275	1275	1308	Shakir / ʿAbd al-Baqi numbering	heading in the layer's own text		
urn:hadith:0279Tirmidhi.Sunan:1276	1276	1309	Shakir / ʿAbd al-Baqi numbering	heading in the layer's own text		
urn:hadith:0279Tirmidhi.Sunan:1277	1277	1310	Shakir / ʿAbd al-Baqi numbering	heading in the layer's own text		
urn:hadith:0279Tirmidhi.Sunan:1278	1278	1311	Shakir / ʿAbd al-Baqi numbering	heading in the layer's own text		
urn:hadith:0279Tirmidhi.Sunan:1279	1279	1312	Shakir / ʿAbd al-Baqi numbering	heading in the layer's own text		
urn:hadith:0279Tirmidhi.Sunan:1280	1280	1313	Shakir / ʿAbd al-Baqi numbering	heading in the layer's own text		
urn:hadith:0279Tirmidhi.Sunan:1281	1281	1314	Shakir / ʿAbd al-Baqi numbering	heading in the layer's own text		
urn:hadith:0279Tirmidhi.Sunan:1282	1282	1315	Shakir / ʿAbd al-Baqi numbering	heading in the layer's own text		
urn:hadith:0279Tirmidhi.Sunan:1283	1283	1316	Shakir / ʿAbd al-Baqi numbering	heading in the layer's own text		
urn:hadith:0279Tirmidhi.Sunan:1284	1284	1317	Shakir / ʿAbd al-Baqi numbering	heading in the layer's own text		
urn:hadith:0279Tirmidhi.Sunan:1285	1285	1318	Shakir / ʿAbd al-Baqi numbering	heading in the layer's own text		
urn:hadith:0279Tirmidhi.Sunan:1286	1286	1319	Shakir / ʿAbd al-Baqi numbering	heading in the layer's own text		
urn:hadith:0279Tirmidhi.Sunan:1287	1287	1320	Shakir / ʿAbd al-Baqi numbering	heading in the layer's own text		
urn:hadith:0279Tirmidhi.Sunan:1288	1288	1321	Shakir / ʿAbd al-Baqi numbering	heading in the layer's own text		
urn:hadith:0279Tirmidhi.Sunan:1289	1289	1322	Shakir / ʿAbd al-Baqi numbering	heading in the layer's own text		
urn:hadith:0279Tirmidhi.Sunan:1290	1290	1323	Shakir / ʿAbd al-Baqi numbering	heading in the layer's own text		
urn:hadith:0279Tirmidhi.Sunan:1291	1291	1324	Shakir / ʿAbd al-Baqi numbering	heading in the layer's own text		
urn:hadith:0279Tirmidhi.Sunan:1292	1292	1325	Shakir / ʿAbd al-Baqi numbering	heading in the layer's own text		
urn:hadith:0279Tirmidhi.Sunan:1293	1293	1326	Shakir / ʿAbd al-Baqi numbering	heading in the layer's own text		
urn:hadith:0279Tirmidhi.Sunan:1294	1294	1327	Shakir / ʿAbd al-Baqi numbering	heading in the layer's own text		
urn:hadith:0279Tirmidhi.Sunan:1295	1295	1328	Shakir / ʿAbd al-Baqi numbering	heading in the layer's own text		
urn:hadith:0279Tirmidhi.Sunan:1296	1296	1329	Shakir / ʿAbd al-Baqi numbering	heading in the layer's own text		
urn:hadith:0279Tirmidhi.Sunan:1297	1297	1330	Shakir / ʿAbd al-Baqi numbering	heading in the layer's own text		
urn:hadith:0279Tirmidhi.Sunan:1298	1298	1331	Shakir / ʿAbd al-Baqi numbering	heading in the layer's own text		
urn:hadith:0279Tirmidhi.Sunan:1299	1299	1332	Shakir / ʿAbd al-Baqi numbering	heading in the layer's own text		
urn:hadith:0279Tirmidhi.Sunan:1300	1300	1333	Shakir / ʿAbd al-Baqi numbering	heading in the layer's own text		
urn:hadith:0279Tirmidhi.Sunan:1301	1301	1334	Shakir / ʿAbd al-Baqi numbering	heading in the layer's own text		
urn:hadith:0279Tirmidhi.Sunan:1302	1302	1335	Shakir / ʿAbd al-Baqi numbering	heading in the layer's own text		
urn:hadith:0279Tirmidhi.Sunan:1303	1303	1336	Shakir / ʿAbd al-Baqi numbering	heading in the layer's own text		
urn:hadith:0279Tirmidhi.Sunan:1304	1304	1337	Shakir / ʿAbd al-Baqi numbering	heading in the layer's own text		
urn:hadith:0279Tirmidhi.Sunan:1305	1305	1338	Shakir / ʿAbd al-Baqi numbering	heading in the layer's own text		
urn:hadith:0279Tirmidhi.Sunan:1306	1306	1339	Shakir / ʿAbd al-Baqi numbering	heading in the layer's own text		
urn:hadith:0279Tirmidhi.Sunan:1307	1307	1340	Shakir / ʿAbd al-Baqi numbering	heading in the layer's own text		
urn:hadith:0279Tirmidhi.Sunan:1308	1308	1341	Shakir / ʿAbd al-Baqi numbering	heading in the layer's own text		
urn:hadith:0279Tirmidhi.Sunan:1309	1309	1342	Shakir / ʿAbd al-Baqi numbering	heading in the layer's own text		
urn:hadith:0279Tirmidhi.Sunan:1310	1310	1343	Shakir / ʿAbd al-Baqi numbering	heading in the layer's own text		
urn:hadith:0279Tirmidhi.Sunan:1311	1311	1344	Shakir / ʿAbd al-Baqi numbering	heading in the layer's own text		
urn:hadith:0279Tirmidhi.Sunan:1312	1312	1345	Shakir / ʿAbd al-Baqi numbering	heading in the layer's own text		
urn:hadith:0279Tirmidhi.Sunan:1313	1313	1346	Shakir / ʿAbd al-Baqi numbering	heading in the layer's own text		
urn:hadith:0279Tirmidhi.Sunan:1314	1314	1347	Shakir / ʿAbd al-Baqi numbering	heading in the layer's own text		
urn:hadith:0279Tirmidhi.Sunan:1315	1315	1348	Shakir / ʿAbd al-Baqi numbering	heading in the layer's own text		
urn:hadith:0279Tirmidhi.Sunan:1316	1316	1349	Shakir / ʿAbd al-Baqi numbering	heading in the layer's own text		
urn:hadith:0279Tirmidhi.Sunan:1317	1317	1350	Shakir / ʿAbd al-Baqi numbering	heading in the layer's own text		
urn:hadith:0279Tirmidhi.Sunan:1318	1318	1351	Shakir / ʿAbd al-Baqi numbering	heading in the layer's own text		
urn:hadith:0279Tirmidhi.Sunan:1319	1319	1352	Shakir / ʿAbd al-Baqi numbering	heading in the layer's own text		
urn:hadith:0279Tirmidhi.Sunan:1320	1320	1353	Shakir / ʿAbd al-Baqi numbering	heading in the layer's own text		
urn:hadith:0279Tirmidhi.Sunan:1321	1321	1354	Shakir / ʿAbd al-Baqi numbering	heading in the layer's own text		
urn:hadith:0279Tirmidhi.Sunan:1322	1322	1355	Shakir / ʿAbd al-Baqi numbering	heading in the layer's own text		
urn:hadith:0279Tirmidhi.Sunan:1323	1323	1356	Shakir / ʿAbd al-Baqi numbering	heading in the layer's own text		
urn:hadith:0279Tirmidhi.Sunan:1324	1324	1357	Shakir / ʿAbd al-Baqi numbering	heading in the layer's own text		
urn:hadith:0279Tirmidhi.Sunan:1325	1325	1358	Shakir / ʿAbd al-Baqi numbering	heading in the layer's own text		
urn:hadith:0279Tirmidhi.Sunan:1326	1326	1359	Shakir / ʿAbd al-Baqi numbering	heading in the layer's own text		
urn:hadith:0279Tirmidhi.Sunan:1327	1327	1360	Shakir / ʿAbd al-Baqi numbering	heading in the layer's own text		
urn:hadith:0279Tirmidhi.Sunan:1328	1328	1361	Shakir / ʿAbd al-Baqi numbering	heading in the layer's own text		
urn:hadith:0279Tirmidhi.Sunan:1330	1330	1363	Shakir / ʿAbd al-Baqi numbering	heading in the layer's own text		
urn:hadith:0279Tirmidhi.Sunan:1331	1331	1364	Shakir / ʿAbd al-Baqi numbering	heading in the layer's own text		
urn:hadith:0279Tirmidhi.Sunan:1332	1332	1365	Shakir / ʿAbd al-Baqi numbering	heading in the layer's own text		
urn:hadith:0279Tirmidhi.Sunan:1333	1333	1366	Shakir / ʿAbd al-Baqi numbering	heading in the layer's own text		
urn:hadith:0279Tirmidhi.Sunan:1334	1334	1367	Shakir / ʿAbd al-Baqi numbering	heading in the layer's own text		
urn:hadith:0279Tirmidhi.Sunan:1335	1335	1368	Shakir / ʿAbd al-Baqi numbering	heading in the layer's own text		
urn:hadith:0279Tirmidhi.Sunan:1336	1336	1369	Shakir / ʿAbd al-Baqi numbering	heading in the layer's own text		
urn:hadith:0279Tirmidhi.Sunan:1337	1337	1370	Shakir / ʿAbd al-Baqi numbering	heading in the layer's own text		
urn:hadith:0279Tirmidhi.Sunan:1338	1338	1371	Shakir / ʿAbd al-Baqi numbering	heading in the layer's own text		
urn:hadith:0279Tirmidhi.Sunan:1339	1339	1372	Shakir / ʿAbd al-Baqi numbering	heading in the layer's own text		
urn:hadith:0279Tirmidhi.Sunan:1340	1340	1373	Shakir / ʿAbd al-Baqi numbering	heading in the layer's own text		
urn:hadith:0279Tirmidhi.Sunan:1341	1341	1374	Shakir / ʿAbd al-Baqi numbering	heading in the layer's own text		
urn:hadith:0279Tirmidhi.Sunan:1342	1342	1375	Shakir / ʿAbd al-Baqi numbering	heading in the layer's own text		
urn:hadith:0279Tirmidhi.Sunan:1343	1343	1376	Shakir / ʿAbd al-Baqi numbering	heading in the layer's own text		
urn:hadith:0279Tirmidhi.Sunan:1344	1344	1377	Shakir / ʿAbd al-Baqi numbering	heading in the layer's own text		
urn:hadith:0279Tirmidhi.Sunan:1345	1345	1378	Shakir / ʿAbd al-Baqi numbering	heading in the layer's own text		
urn:hadith:0279Tirmidhi.Sunan:1346	1346	1379	Shakir / ʿAbd al-Baqi numbering	heading in the layer's own text		
urn:hadith:0279Tirmidhi.Sunan:1347	1347	1381	Shakir / ʿAbd al-Baqi numbering	heading in the layer's own text		
urn:hadith:0279Tirmidhi.Sunan:1348	1348	1382	Shakir / ʿAbd al-Baqi numbering	heading in the layer's own text		
urn:hadith:0279Tirmidhi.Sunan:1349	1349	1383	Shakir / ʿAbd al-Baqi numbering	heading in the layer's own text		
urn:hadith:0279Tirmidhi.Sunan:1350	1350	1384	Shakir / ʿAbd al-Baqi numbering	heading in the layer's own text		
urn:hadith:0279Tirmidhi.Sunan:1351	1351	1385	Shakir / ʿAbd al-Baqi numbering	heading in the layer's own text		
urn:hadith:0279Tirmidhi.Sunan:1352	1352	1386	Shakir / ʿAbd al-Baqi numbering	heading in the layer's own text		
urn:hadith:0279Tirmidhi.Sunan:1353	1353	1387	Shakir / ʿAbd al-Baqi numbering	heading in the layer's own text		
urn:hadith:0279Tirmidhi.Sunan:1354	1354	1388	Shakir / ʿAbd al-Baqi numbering	heading in the layer's own text		
urn:hadith:0279Tirmidhi.Sunan:1355	1355	1389	Shakir / ʿAbd al-Baqi numbering	heading in the layer's own text		
urn:hadith:0279Tirmidhi.Sunan:1356	1356	1390	Shakir / ʿAbd al-Baqi numbering	heading in the layer's own text		
urn:hadith:0279Tirmidhi.Sunan:1357	1357	1391	Shakir / ʿAbd al-Baqi numbering	heading in the layer's own text		
urn:hadith:0279Tirmidhi.Sunan:1358	1358	1392	Shakir / ʿAbd al-Baqi numbering	heading in the layer's own text		
urn:hadith:0279Tirmidhi.Sunan:1359	1359	1393	Shakir / ʿAbd al-Baqi numbering	heading in the layer's own text		
urn:hadith:0279Tirmidhi.Sunan:1360	1360	1394	Shakir / ʿAbd al-Baqi numbering	heading in the layer's own text		
urn:hadith:0279Tirmidhi.Sunan:1361	1361	1395	Shakir / ʿAbd al-Baqi numbering	heading in the layer's own text		
urn:hadith:0279Tirmidhi.Sunan:1362	1362	1396	Shakir / ʿAbd al-Baqi numbering	heading in the layer's own text		
urn:hadith:0279Tirmidhi.Sunan:1363	1363	1397	Shakir / ʿAbd al-Baqi numbering	heading in the layer's own text		
urn:hadith:0279Tirmidhi.Sunan:1364	1364	1398	Shakir / ʿAbd al-Baqi numbering	heading in the layer's own text		
urn:hadith:0279Tirmidhi.Sunan:1365	1365	1399	Shakir / ʿAbd al-Baqi numbering	heading in the layer's own text		
urn:hadith:0279Tirmidhi.Sunan:1366	1366	1400	Shakir / ʿAbd al-Baqi numbering	heading in the layer's own text		
urn:hadith:0279Tirmidhi.Sunan:1367	1367	1401	Shakir / ʿAbd al-Baqi numbering	heading in the layer's own text		
urn:hadith:0279Tirmidhi.Sunan:1368	1368	1402	Shakir / ʿAbd al-Baqi numbering	heading in the layer's own text		
urn:hadith:0279Tirmidhi.Sunan:1369	1369	1403	Shakir / ʿAbd al-Baqi numbering	heading in the layer's own text		
urn:hadith:0279Tirmidhi.Sunan:1370	1370	1404	Shakir / ʿAbd al-Baqi numbering	heading in the layer's own text		
urn:hadith:0279Tirmidhi.Sunan:1371	1371	1405	Shakir / ʿAbd al-Baqi numbering	heading in the layer's own text		
urn:hadith:0279Tirmidhi.Sunan:1372	1372	1406	Shakir / ʿAbd al-Baqi numbering	heading in the layer's own text		
urn:hadith:0279Tirmidhi.Sunan:1373	1373	1407	Shakir / ʿAbd al-Baqi numbering	heading in the layer's own text		
urn:hadith:0279Tirmidhi.Sunan:1374	1374	1408	Shakir / ʿAbd al-Baqi numbering	heading in the layer's own text		
urn:hadith:0279Tirmidhi.Sunan:1375	1375	1409	Shakir / ʿAbd al-Baqi numbering	heading in the layer's own text		
urn:hadith:0279Tirmidhi.Sunan:1376	1376	1410	Shakir / ʿAbd al-Baqi numbering	heading in the layer's own text		
urn:hadith:0279Tirmidhi.Sunan:1377	1377	1411	Shakir / ʿAbd al-Baqi numbering	heading in the layer's own text		
urn:hadith:0279Tirmidhi.Sunan:1378	1378	1412	Shakir / ʿAbd al-Baqi numbering	heading in the layer's own text		
urn:hadith:0279Tirmidhi.Sunan:1379	1379	1413	Shakir / ʿAbd al-Baqi numbering	heading in the layer's own text		
urn:hadith:0279Tirmidhi.Sunan:1380	1380	1414	Shakir / ʿAbd al-Baqi numbering	heading in the layer's own text		
urn:hadith:0279Tirmidhi.Sunan:1381	1381	1415	Shakir / ʿAbd al-Baqi numbering	heading in the layer's own text		
urn:hadith:0279Tirmidhi.Sunan:1382	1382	1416	Shakir / ʿAbd al-Baqi numbering	heading in the layer's own text		
urn:hadith:0279Tirmidhi.Sunan:1383	1383	1417	Shakir / ʿAbd al-Baqi numbering	heading in the layer's own text		
urn:hadith:0279Tirmidhi.Sunan:1384	1384	1418	Shakir / ʿAbd al-Baqi numbering	heading in the layer's own text		
urn:hadith:0279Tirmidhi.Sunan:1385	1385	1419	Shakir / ʿAbd al-Baqi numbering	heading in the layer's own text		
urn:hadith:0279Tirmidhi.Sunan:1386	1386	1420	Shakir / ʿAbd al-Baqi numbering	heading in the layer's own text		
urn:hadith:0279Tirmidhi.Sunan:1387	1387	1421	Shakir / ʿAbd al-Baqi numbering	heading in the layer's own text		
urn:hadith:0279Tirmidhi.Sunan:1388	1388	1422	Shakir / ʿAbd al-Baqi numbering	heading in the layer's own text		
urn:hadith:0279Tirmidhi.Sunan:1389	1389	1423	Shakir / ʿAbd al-Baqi numbering	heading in the layer's own text		
urn:hadith:0279Tirmidhi.Sunan:1390	1390	1424	Shakir / ʿAbd al-Baqi numbering	heading in the layer's own text		
urn:hadith:0279Tirmidhi.Sunan:1391	1391	1425	Shakir / ʿAbd al-Baqi numbering	heading in the layer's own text		
urn:hadith:0279Tirmidhi.Sunan:1392	1392	1426	Shakir / ʿAbd al-Baqi numbering	heading in the layer's own text		
urn:hadith:0279Tirmidhi.Sunan:1393	1393	1427	Shakir / ʿAbd al-Baqi numbering	heading in the layer's own text		
urn:hadith:0279Tirmidhi.Sunan:1394	1394	1428	Shakir / ʿAbd al-Baqi numbering	heading in the layer's own text		
urn:hadith:0279Tirmidhi.Sunan:1395	1395	1429	Shakir / ʿAbd al-Baqi numbering	heading in the layer's own text		
urn:hadith:0279Tirmidhi.Sunan:1396	1396	1430	Shakir / ʿAbd al-Baqi numbering	heading in the layer's own text		
urn:hadith:0279Tirmidhi.Sunan:1397	1397	1431	Shakir / ʿAbd al-Baqi numbering	heading in the layer's own text		
urn:hadith:0279Tirmidhi.Sunan:1398	1398	1432	Shakir / ʿAbd al-Baqi numbering	heading in the layer's own text		
urn:hadith:0279Tirmidhi.Sunan:1399	1399	1433	Shakir / ʿAbd al-Baqi numbering	heading in the layer's own text		
urn:hadith:0279Tirmidhi.Sunan:1400	1400	1434	Shakir / ʿAbd al-Baqi numbering	heading in the layer's own text		
urn:hadith:0279Tirmidhi.Sunan:1401	1401	1435	Shakir / ʿAbd al-Baqi numbering	heading in the layer's own text		
urn:hadith:0279Tirmidhi.Sunan:1402	1402	1436	Shakir / ʿAbd al-Baqi numbering	heading in the layer's own text		
urn:hadith:0279Tirmidhi.Sunan:1403	1403	1437	Shakir / ʿAbd al-Baqi numbering	heading in the layer's own text		
urn:hadith:0279Tirmidhi.Sunan:1404	1404	1438	Shakir / ʿAbd al-Baqi numbering	heading in the layer's own text		
urn:hadith:0279Tirmidhi.Sunan:1405	1405	1439	Shakir / ʿAbd al-Baqi numbering	heading in the layer's own text		
urn:hadith:0279Tirmidhi.Sunan:1406	1406	1440	Shakir / ʿAbd al-Baqi numbering	heading in the layer's own text		
urn:hadith:0279Tirmidhi.Sunan:1407	1407	1441	Shakir / ʿAbd al-Baqi numbering	heading in the layer's own text		
urn:hadith:0279Tirmidhi.Sunan:1408	1408	1442	Shakir / ʿAbd al-Baqi numbering	heading in the layer's own text		
urn:hadith:0279Tirmidhi.Sunan:1409	1409	1443	Shakir / ʿAbd al-Baqi numbering	heading in the layer's own text		
urn:hadith:0279Tirmidhi.Sunan:1410	1410	1444	Shakir / ʿAbd al-Baqi numbering	heading in the layer's own text		
urn:hadith:0279Tirmidhi.Sunan:1411	1411	1445	Shakir / ʿAbd al-Baqi numbering	heading in the layer's own text		
urn:hadith:0279Tirmidhi.Sunan:1412	1412	1446	Shakir / ʿAbd al-Baqi numbering	heading in the layer's own text		
urn:hadith:0279Tirmidhi.Sunan:1413	1413	1447	Shakir / ʿAbd al-Baqi numbering	heading in the layer's own text		
urn:hadith:0279Tirmidhi.Sunan:1414	1414	1448	Shakir / ʿAbd al-Baqi numbering	heading in the layer's own text		
urn:hadith:0279Tirmidhi.Sunan:1415	1415	1449	Shakir / ʿAbd al-Baqi numbering	heading in the layer's own text		
urn:hadith:0279Tirmidhi.Sunan:1416	1416	1450	Shakir / ʿAbd al-Baqi numbering	heading in the layer's own text		
urn:hadith:0279Tirmidhi.Sunan:1417	1417	1451	Shakir / ʿAbd al-Baqi numbering	heading in the layer's own text		
urn:hadith:0279Tirmidhi.Sunan:1418	1418	1452	Shakir / ʿAbd al-Baqi numbering	heading in the layer's own text		
urn:hadith:0279Tirmidhi.Sunan:1419	1419	1453	Shakir / ʿAbd al-Baqi numbering	heading in the layer's own text		
urn:hadith:0279Tirmidhi.Sunan:1420	1420	1454	Shakir / ʿAbd al-Baqi numbering	heading in the layer's own text		
urn:hadith:0279Tirmidhi.Sunan:1421	1421	1455	Shakir / ʿAbd al-Baqi numbering	heading in the layer's own text		
urn:hadith:0279Tirmidhi.Sunan:1422	1422	1456	Shakir / ʿAbd al-Baqi numbering	heading in the layer's own text		
urn:hadith:0279Tirmidhi.Sunan:1423	1423	1457	Shakir / ʿAbd al-Baqi numbering	heading in the layer's own text		
urn:hadith:0279Tirmidhi.Sunan:1424	1424	1458	Shakir / ʿAbd al-Baqi numbering	heading in the layer's own text		
urn:hadith:0279Tirmidhi.Sunan:1425	1425	1459	Shakir / ʿAbd al-Baqi numbering	heading in the layer's own text		
urn:hadith:0279Tirmidhi.Sunan:1426	1426	1460	Shakir / ʿAbd al-Baqi numbering	heading in the layer's own text		
urn:hadith:0279Tirmidhi.Sunan:1427	1427	1461	Shakir / ʿAbd al-Baqi numbering	heading in the layer's own text		
urn:hadith:0279Tirmidhi.Sunan:1428	1428	1462	Shakir / ʿAbd al-Baqi numbering	heading in the layer's own text		
urn:hadith:0279Tirmidhi.Sunan:1429	1429	1463	Shakir / ʿAbd al-Baqi numbering	heading in the layer's own text		
urn:hadith:0279Tirmidhi.Sunan:1430	1430	1464	Shakir / ʿAbd al-Baqi numbering	heading in the layer's own text		
urn:hadith:0279Tirmidhi.Sunan:1431	1431	1465	Shakir / ʿAbd al-Baqi numbering	heading in the layer's own text		
urn:hadith:0279Tirmidhi.Sunan:1432	1432	1466	Shakir / ʿAbd al-Baqi numbering	heading in the layer's own text		
urn:hadith:0279Tirmidhi.Sunan:1433	1433	1467	Shakir / ʿAbd al-Baqi numbering	heading in the layer's own text		
urn:hadith:0279Tirmidhi.Sunan:1434	1434	1468	Shakir / ʿAbd al-Baqi numbering	heading in the layer's own text		
urn:hadith:0279Tirmidhi.Sunan:1435	1435	1469	Shakir / ʿAbd al-Baqi numbering	heading in the layer's own text		
urn:hadith:0279Tirmidhi.Sunan:1436	1436	1470	Shakir / ʿAbd al-Baqi numbering	heading in the layer's own text		
urn:hadith:0279Tirmidhi.Sunan:1437	1437	1471	Shakir / ʿAbd al-Baqi numbering	heading in the layer's own text		
urn:hadith:0279Tirmidhi.Sunan:1438	1438	1472	Shakir / ʿAbd al-Baqi numbering	heading in the layer's own text		
urn:hadith:0279Tirmidhi.Sunan:1439	1439	1473	Shakir / ʿAbd al-Baqi numbering	heading in the layer's own text		
urn:hadith:0279Tirmidhi.Sunan:1440	1440	1474	Shakir / ʿAbd al-Baqi numbering	heading in the layer's own text		
urn:hadith:0279Tirmidhi.Sunan:1441	1441	1475	Shakir / ʿAbd al-Baqi numbering	heading in the layer's own text		
urn:hadith:0279Tirmidhi.Sunan:1442	1442	1476	Shakir / ʿAbd al-Baqi numbering	heading in the layer's own text		
urn:hadith:0279Tirmidhi.Sunan:1443	1443	1477	Shakir / ʿAbd al-Baqi numbering	heading in the layer's own text		
urn:hadith:0279Tirmidhi.Sunan:1444	1444	1478	Shakir / ʿAbd al-Baqi numbering	heading in the layer's own text		
urn:hadith:0279Tirmidhi.Sunan:1445	1445	1479	Shakir / ʿAbd al-Baqi numbering	heading in the layer's own text		
urn:hadith:0279Tirmidhi.Sunan:1446	1446	1480	Shakir / ʿAbd al-Baqi numbering	heading in the layer's own text		
urn:hadith:0279Tirmidhi.Sunan:1447	1447	1481	Shakir / ʿAbd al-Baqi numbering	heading in the layer's own text		
urn:hadith:0279Tirmidhi.Sunan:1448	1448	1482	Shakir / ʿAbd al-Baqi numbering	heading in the layer's own text		
urn:hadith:0279Tirmidhi.Sunan:1449	1449	1483	Shakir / ʿAbd al-Baqi numbering	heading in the layer's own text		
urn:hadith:0279Tirmidhi.Sunan:1450	1450	1484	Shakir / ʿAbd al-Baqi numbering	heading in the layer's own text		
urn:hadith:0279Tirmidhi.Sunan:1451	1451	1485	Shakir / ʿAbd al-Baqi numbering	heading in the layer's own text		
urn:hadith:0279Tirmidhi.Sunan:1452	1452	1486	Shakir / ʿAbd al-Baqi numbering	heading in the layer's own text		
urn:hadith:0279Tirmidhi.Sunan:1453	1453	1487	Shakir / ʿAbd al-Baqi numbering	heading in the layer's own text		
urn:hadith:0279Tirmidhi.Sunan:1454	1454	1488	Shakir / ʿAbd al-Baqi numbering	heading in the layer's own text		
urn:hadith:0279Tirmidhi.Sunan:1455	1455	1489	Shakir / ʿAbd al-Baqi numbering	heading in the layer's own text		
urn:hadith:0279Tirmidhi.Sunan:1456	1456	1490	Shakir / ʿAbd al-Baqi numbering	heading in the layer's own text		
urn:hadith:0279Tirmidhi.Sunan:1457	1457	1491	Shakir / ʿAbd al-Baqi numbering	heading in the layer's own text		
urn:hadith:0279Tirmidhi.Sunan:1458	1458	1492	Shakir / ʿAbd al-Baqi numbering	heading in the layer's own text		
urn:hadith:0279Tirmidhi.Sunan:1459	1459	1493	Shakir / ʿAbd al-Baqi numbering	heading in the layer's own text		
urn:hadith:0279Tirmidhi.Sunan:1460	1460	1494	Shakir / ʿAbd al-Baqi numbering	heading in the layer's own text		
urn:hadith:0279Tirmidhi.Sunan:1461	1461	1495	Shakir / ʿAbd al-Baqi numbering	heading in the layer's own text		
urn:hadith:0279Tirmidhi.Sunan:1462	1462	1496	Shakir / ʿAbd al-Baqi numbering	heading in the layer's own text		
urn:hadith:0279Tirmidhi.Sunan:1463	1463	1497	Shakir / ʿAbd al-Baqi numbering	heading in the layer's own text		
urn:hadith:0279Tirmidhi.Sunan:1464	1464	1498	Shakir / ʿAbd al-Baqi numbering	heading in the layer's own text		
urn:hadith:0279Tirmidhi.Sunan:1465	1465	1499	Shakir / ʿAbd al-Baqi numbering	heading in the layer's own text		
urn:hadith:0279Tirmidhi.Sunan:1466	1466	1500	Shakir / ʿAbd al-Baqi numbering	heading in the layer's own text		
urn:hadith:0279Tirmidhi.Sunan:1467	1467	1501	Shakir / ʿAbd al-Baqi numbering	heading in the layer's own text		
urn:hadith:0279Tirmidhi.Sunan:1468	1468	1502	Shakir / ʿAbd al-Baqi numbering	heading in the layer's own text		
urn:hadith:0279Tirmidhi.Sunan:1469	1469	1503	Shakir / ʿAbd al-Baqi numbering	heading in the layer's own text		
urn:hadith:0279Tirmidhi.Sunan:1470	1470	1504	Shakir / ʿAbd al-Baqi numbering	heading in the layer's own text		
urn:hadith:0279Tirmidhi.Sunan:1471	1471	1505	Shakir / ʿAbd al-Baqi numbering	heading in the layer's own text		
urn:hadith:0279Tirmidhi.Sunan:1472	1472	1506	Shakir / ʿAbd al-Baqi numbering	heading in the layer's own text		
urn:hadith:0279Tirmidhi.Sunan:1473	1473	1507	Shakir / ʿAbd al-Baqi numbering	heading in the layer's own text		
urn:hadith:0279Tirmidhi.Sunan:1474	1474	1508	Shakir / ʿAbd al-Baqi numbering	heading in the layer's own text		
urn:hadith:0279Tirmidhi.Sunan:1475	1475	1509	Shakir / ʿAbd al-Baqi numbering	heading in the layer's own text		
urn:hadith:0279Tirmidhi.Sunan:1476	1476	1510	Shakir / ʿAbd al-Baqi numbering	heading in the layer's own text		
urn:hadith:0279Tirmidhi.Sunan:1477	1477	1511	Shakir / ʿAbd al-Baqi numbering	heading in the layer's own text		
urn:hadith:0279Tirmidhi.Sunan:1478	1478	1512	Shakir / ʿAbd al-Baqi numbering	heading in the layer's own text		
urn:hadith:0279Tirmidhi.Sunan:1479	1479	1513	Shakir / ʿAbd al-Baqi numbering	heading in the layer's own text		
urn:hadith:0279Tirmidhi.Sunan:1480	1480	1514	Shakir / ʿAbd al-Baqi numbering	heading in the layer's own text		
urn:hadith:0279Tirmidhi.Sunan:1481	1481	1515	Shakir / ʿAbd al-Baqi numbering	heading in the layer's own text		
urn:hadith:0279Tirmidhi.Sunan:1482	1482	1516	Shakir / ʿAbd al-Baqi numbering	heading in the layer's own text		
urn:hadith:0279Tirmidhi.Sunan:1483	1483	1517	Shakir / ʿAbd al-Baqi numbering	heading in the layer's own text		
urn:hadith:0279Tirmidhi.Sunan:1484	1484	1518	Shakir / ʿAbd al-Baqi numbering	heading in the layer's own text		
urn:hadith:0279Tirmidhi.Sunan:1485	1485	1519	Shakir / ʿAbd al-Baqi numbering	heading in the layer's own text		
urn:hadith:0279Tirmidhi.Sunan:1486	1486	1520	Shakir / ʿAbd al-Baqi numbering	heading in the layer's own text		
urn:hadith:0279Tirmidhi.Sunan:1487	1487	1521	Shakir / ʿAbd al-Baqi numbering	heading in the layer's own text		
urn:hadith:0279Tirmidhi.Sunan:1488	1488	1522	Shakir / ʿAbd al-Baqi numbering	heading in the layer's own text		
urn:hadith:0279Tirmidhi.Sunan:1489	1489	1523	Shakir / ʿAbd al-Baqi numbering	heading in the layer's own text		
urn:hadith:0279Tirmidhi.Sunan:1490	1490	1524	Shakir / ʿAbd al-Baqi numbering	heading in the layer's own text		
urn:hadith:0279Tirmidhi.Sunan:1491	1491	1525	Shakir / ʿAbd al-Baqi numbering	heading in the layer's own text		
urn:hadith:0279Tirmidhi.Sunan:1492	1492	1526	Shakir / ʿAbd al-Baqi numbering	heading in the layer's own text		
urn:hadith:0279Tirmidhi.Sunan:1493	1493	1527	Shakir / ʿAbd al-Baqi numbering	heading in the layer's own text		
urn:hadith:0279Tirmidhi.Sunan:1494	1494	1528	Shakir / ʿAbd al-Baqi numbering	heading in the layer's own text		
urn:hadith:0279Tirmidhi.Sunan:1495	1495	1529	Shakir / ʿAbd al-Baqi numbering	heading in the layer's own text		
urn:hadith:0279Tirmidhi.Sunan:1496	1496	1530	Shakir / ʿAbd al-Baqi numbering	heading in the layer's own text		
urn:hadith:0279Tirmidhi.Sunan:1497	1497	1531	Shakir / ʿAbd al-Baqi numbering	heading in the layer's own text		
urn:hadith:0279Tirmidhi.Sunan:1498	1498	1532	Shakir / ʿAbd al-Baqi numbering	heading in the layer's own text		
urn:hadith:0279Tirmidhi.Sunan:1499	1499	1533	Shakir / ʿAbd al-Baqi numbering	heading in the layer's own text		
urn:hadith:0279Tirmidhi.Sunan:1500	1500	1534	Shakir / ʿAbd al-Baqi numbering	heading in the layer's own text		
urn:hadith:0279Tirmidhi.Sunan:1501	1501	1535	Shakir / ʿAbd al-Baqi numbering	heading in the layer's own text		
urn:hadith:0279Tirmidhi.Sunan:1502	1502	1536	Shakir / ʿAbd al-Baqi numbering	heading in the layer's own text		
urn:hadith:0279Tirmidhi.Sunan:1503	1503	1537	Shakir / ʿAbd al-Baqi numbering	heading in the layer's own text		
urn:hadith:0279Tirmidhi.Sunan:1504	1504	1538	Shakir / ʿAbd al-Baqi numbering	heading in the layer's own text		
urn:hadith:0279Tirmidhi.Sunan:1505	1505	1539	Shakir / ʿAbd al-Baqi numbering	heading in the layer's own text		
urn:hadith:0279Tirmidhi.Sunan:1506	1506	1540	Shakir / ʿAbd al-Baqi numbering	heading in the layer's own text		
urn:hadith:0279Tirmidhi.Sunan:1507	1507	1541	Shakir / ʿAbd al-Baqi numbering	heading in the layer's own text		
urn:hadith:0279Tirmidhi.Sunan:1508	1508	1542	Shakir / ʿAbd al-Baqi numbering	heading in the layer's own text		
urn:hadith:0279Tirmidhi.Sunan:1509	1509	1543	Shakir / ʿAbd al-Baqi numbering	heading in the layer's own text		
urn:hadith:0279Tirmidhi.Sunan:1510	1510	1544	Shakir / ʿAbd al-Baqi numbering	heading in the layer's own text		
urn:hadith:0279Tirmidhi.Sunan:1511	1511	1545	Shakir / ʿAbd al-Baqi numbering	heading in the layer's own text		
urn:hadith:0279Tirmidhi.Sunan:1512	1512	1546	Shakir / ʿAbd al-Baqi numbering	heading in the layer's own text		
urn:hadith:0279Tirmidhi.Sunan:1513	1513	1547	Shakir / ʿAbd al-Baqi numbering	heading in the layer's own text		
urn:hadith:0279Tirmidhi.Sunan:1514	1514	1548	Shakir / ʿAbd al-Baqi numbering	heading in the layer's own text		
urn:hadith:0279Tirmidhi.Sunan:1515	1515	1549	Shakir / ʿAbd al-Baqi numbering	heading in the layer's own text		
urn:hadith:0279Tirmidhi.Sunan:1516	1516	1550	Shakir / ʿAbd al-Baqi numbering	heading in the layer's own text		
urn:hadith:0279Tirmidhi.Sunan:1517	1517	1551	Shakir / ʿAbd al-Baqi numbering	heading in the layer's own text		
urn:hadith:0279Tirmidhi.Sunan:1518	1518	1552	Shakir / ʿAbd al-Baqi numbering	heading in the layer's own text		
urn:hadith:0279Tirmidhi.Sunan:1519	1519	1553	Shakir / ʿAbd al-Baqi numbering	heading in the layer's own text		
urn:hadith:0279Tirmidhi.Sunan:1520	1520	1554	Shakir / ʿAbd al-Baqi numbering	heading in the layer's own text		
urn:hadith:0279Tirmidhi.Sunan:1521	1521	1555	Shakir / ʿAbd al-Baqi numbering	heading in the layer's own text		
urn:hadith:0279Tirmidhi.Sunan:1522	1522	1556	Shakir / ʿAbd al-Baqi numbering	heading in the layer's own text		
urn:hadith:0279Tirmidhi.Sunan:1523	1523	1557	Shakir / ʿAbd al-Baqi numbering	heading in the layer's own text		
urn:hadith:0279Tirmidhi.Sunan:1524	1524	1558	Shakir / ʿAbd al-Baqi numbering	heading in the layer's own text		
urn:hadith:0279Tirmidhi.Sunan:1525	1525	1559	Shakir / ʿAbd al-Baqi numbering	heading in the layer's own text		
urn:hadith:0279Tirmidhi.Sunan:1526	1526	1560	Shakir / ʿAbd al-Baqi numbering	heading in the layer's own text		
urn:hadith:0279Tirmidhi.Sunan:1527	1527	1561	Shakir / ʿAbd al-Baqi numbering	heading in the layer's own text		
urn:hadith:0279Tirmidhi.Sunan:1528	1528	1562	Shakir / ʿAbd al-Baqi numbering	heading in the layer's own text		
urn:hadith:0279Tirmidhi.Sunan:1529	1529	1563	Shakir / ʿAbd al-Baqi numbering	heading in the layer's own text		
urn:hadith:0279Tirmidhi.Sunan:1530	1530	1564	Shakir / ʿAbd al-Baqi numbering	heading in the layer's own text		
urn:hadith:0279Tirmidhi.Sunan:1531	1531	1565	Shakir / ʿAbd al-Baqi numbering	heading in the layer's own text		
urn:hadith:0279Tirmidhi.Sunan:1532	1532	1566	Shakir / ʿAbd al-Baqi numbering	heading in the layer's own text		
urn:hadith:0279Tirmidhi.Sunan:1533	1533	1567	Shakir / ʿAbd al-Baqi numbering	heading in the layer's own text		
urn:hadith:0279Tirmidhi.Sunan:1534	1534	1568	Shakir / ʿAbd al-Baqi numbering	heading in the layer's own text		
urn:hadith:0279Tirmidhi.Sunan:1535	1535	1569	Shakir / ʿAbd al-Baqi numbering	heading in the layer's own text		
urn:hadith:0279Tirmidhi.Sunan:1536	1536	1570	Shakir / ʿAbd al-Baqi numbering	heading in the layer's own text		
urn:hadith:0279Tirmidhi.Sunan:1537	1537	1571	Shakir / ʿAbd al-Baqi numbering	heading in the layer's own text		
urn:hadith:0279Tirmidhi.Sunan:1538	1538	1572	Shakir / ʿAbd al-Baqi numbering	heading in the layer's own text		
urn:hadith:0279Tirmidhi.Sunan:1539	1539	1573	Shakir / ʿAbd al-Baqi numbering	heading in the layer's own text		
urn:hadith:0279Tirmidhi.Sunan:1540	1540	1574	Shakir / ʿAbd al-Baqi numbering	heading in the layer's own text		
urn:hadith:0279Tirmidhi.Sunan:1541	1541	1575	Shakir / ʿAbd al-Baqi numbering	heading in the layer's own text		
urn:hadith:0279Tirmidhi.Sunan:1542	1542	1576	Shakir / ʿAbd al-Baqi numbering	heading in the layer's own text		
urn:hadith:0279Tirmidhi.Sunan:1543	1543	1577	Shakir / ʿAbd al-Baqi numbering	heading in the layer's own text		
urn:hadith:0279Tirmidhi.Sunan:1544	1544	1578	Shakir / ʿAbd al-Baqi numbering	heading in the layer's own text		
urn:hadith:0279Tirmidhi.Sunan:1545	1545	1579	Shakir / ʿAbd al-Baqi numbering	heading in the layer's own text		
urn:hadith:0279Tirmidhi.Sunan:1546	1546	1580	Shakir / ʿAbd al-Baqi numbering	heading in the layer's own text		
urn:hadith:0279Tirmidhi.Sunan:1547	1547	1581	Shakir / ʿAbd al-Baqi numbering	heading in the layer's own text		
urn:hadith:0279Tirmidhi.Sunan:1548	1548	1582	Shakir / ʿAbd al-Baqi numbering	heading in the layer's own text		
urn:hadith:0279Tirmidhi.Sunan:1549	1549	1583	Shakir / ʿAbd al-Baqi numbering	heading in the layer's own text		
urn:hadith:0279Tirmidhi.Sunan:1550	1550	1584	Shakir / ʿAbd al-Baqi numbering	heading in the layer's own text		
urn:hadith:0279Tirmidhi.Sunan:1551	1551	1585	Shakir / ʿAbd al-Baqi numbering	heading in the layer's own text		
urn:hadith:0279Tirmidhi.Sunan:1552	1552	1586	Shakir / ʿAbd al-Baqi numbering	heading in the layer's own text		
urn:hadith:0279Tirmidhi.Sunan:1553	1553	1587	Shakir / ʿAbd al-Baqi numbering	heading in the layer's own text		
urn:hadith:0279Tirmidhi.Sunan:1554	1554	1588	Shakir / ʿAbd al-Baqi numbering	heading in the layer's own text		
urn:hadith:0279Tirmidhi.Sunan:1555	1555	1589	Shakir / ʿAbd al-Baqi numbering	heading in the layer's own text		
urn:hadith:0279Tirmidhi.Sunan:1556	1556	1590	Shakir / ʿAbd al-Baqi numbering	heading in the layer's own text		
urn:hadith:0279Tirmidhi.Sunan:1557	1557	1591	Shakir / ʿAbd al-Baqi numbering	heading in the layer's own text		
urn:hadith:0279Tirmidhi.Sunan:1558	1558	1592	Shakir / ʿAbd al-Baqi numbering	heading in the layer's own text		
urn:hadith:0279Tirmidhi.Sunan:1559	1559	1593	Shakir / ʿAbd al-Baqi numbering	heading in the layer's own text		
urn:hadith:0279Tirmidhi.Sunan:1560	1560	1594	Shakir / ʿAbd al-Baqi numbering	heading in the layer's own text		
urn:hadith:0279Tirmidhi.Sunan:1561	1561	1595	Shakir / ʿAbd al-Baqi numbering	heading in the layer's own text		
urn:hadith:0279Tirmidhi.Sunan:1562	1562	1596	Shakir / ʿAbd al-Baqi numbering	heading in the layer's own text		
urn:hadith:0279Tirmidhi.Sunan:1563	1563	1597	Shakir / ʿAbd al-Baqi numbering	heading in the layer's own text		
urn:hadith:0279Tirmidhi.Sunan:1564	1564	1598	Shakir / ʿAbd al-Baqi numbering	heading in the layer's own text		
urn:hadith:0279Tirmidhi.Sunan:1565	1565	1599	Shakir / ʿAbd al-Baqi numbering	heading in the layer's own text		
urn:hadith:0279Tirmidhi.Sunan:1566	1566	1600	Shakir / ʿAbd al-Baqi numbering	heading in the layer's own text		
urn:hadith:0279Tirmidhi.Sunan:1567	1567	1601	Shakir / ʿAbd al-Baqi numbering	heading in the layer's own text		
urn:hadith:0279Tirmidhi.Sunan:1568	1568	1602	Shakir / ʿAbd al-Baqi numbering	heading in the layer's own text		
urn:hadith:0279Tirmidhi.Sunan:1569	1569	1603	Shakir / ʿAbd al-Baqi numbering	heading in the layer's own text		
urn:hadith:0279Tirmidhi.Sunan:1570	1570	1604	Shakir / ʿAbd al-Baqi numbering	heading in the layer's own text		
urn:hadith:0279Tirmidhi.Sunan:1571	1571	1605	Shakir / ʿAbd al-Baqi numbering	heading in the layer's own text		
urn:hadith:0279Tirmidhi.Sunan:1572	1572	1606	Shakir / ʿAbd al-Baqi numbering	heading in the layer's own text		
urn:hadith:0279Tirmidhi.Sunan:1573	1573	1607	Shakir / ʿAbd al-Baqi numbering	heading in the layer's own text		
urn:hadith:0279Tirmidhi.Sunan:1574	1574	1608	Shakir / ʿAbd al-Baqi numbering	heading in the layer's own text		
urn:hadith:0279Tirmidhi.Sunan:1575	1575	1609	Shakir / ʿAbd al-Baqi numbering	heading in the layer's own text		
urn:hadith:0279Tirmidhi.Sunan:1576	1576	1610	Shakir / ʿAbd al-Baqi numbering	heading in the layer's own text		
urn:hadith:0279Tirmidhi.Sunan:1577	1577	1611	Shakir / ʿAbd al-Baqi numbering	heading in the layer's own text		
urn:hadith:0279Tirmidhi.Sunan:1578	1578	1612	Shakir / ʿAbd al-Baqi numbering	heading in the layer's own text		
urn:hadith:0279Tirmidhi.Sunan:1579	1579	1613	Shakir / ʿAbd al-Baqi numbering	heading in the layer's own text		
urn:hadith:0279Tirmidhi.Sunan:1580	1580	1614	Shakir / ʿAbd al-Baqi numbering	heading in the layer's own text		
urn:hadith:0279Tirmidhi.Sunan:1581	1581	1615	Shakir / ʿAbd al-Baqi numbering	heading in the layer's own text		
urn:hadith:0279Tirmidhi.Sunan:1582	1582	1616	Shakir / ʿAbd al-Baqi numbering	heading in the layer's own text		
urn:hadith:0279Tirmidhi.Sunan:1583	1583	1617	Shakir / ʿAbd al-Baqi numbering	heading in the layer's own text		
urn:hadith:0279Tirmidhi.Sunan:1584	1584	1618	Shakir / ʿAbd al-Baqi numbering	heading in the layer's own text		
urn:hadith:0279Tirmidhi.Sunan:1585	1585	1619	Shakir / ʿAbd al-Baqi numbering	heading in the layer's own text		
urn:hadith:0279Tirmidhi.Sunan:1586	1586	1620	Shakir / ʿAbd al-Baqi numbering	heading in the layer's own text		
urn:hadith:0279Tirmidhi.Sunan:1587	1587	1621	Shakir / ʿAbd al-Baqi numbering	heading in the layer's own text		
urn:hadith:0279Tirmidhi.Sunan:1588	1588	1622	Shakir / ʿAbd al-Baqi numbering	heading in the layer's own text		
urn:hadith:0279Tirmidhi.Sunan:1589	1589	1623	Shakir / ʿAbd al-Baqi numbering	heading in the layer's own text		
urn:hadith:0279Tirmidhi.Sunan:1590	1590	1624	Shakir / ʿAbd al-Baqi numbering	heading in the layer's own text		
urn:hadith:0279Tirmidhi.Sunan:1591	1591	1625	Shakir / ʿAbd al-Baqi numbering	heading in the layer's own text		
urn:hadith:0279Tirmidhi.Sunan:1592	1592	1626	Shakir / ʿAbd al-Baqi numbering	heading in the layer's own text		
urn:hadith:0279Tirmidhi.Sunan:1593	1593	1627	Shakir / ʿAbd al-Baqi numbering	heading in the layer's own text		
urn:hadith:0279Tirmidhi.Sunan:1594	1594	1628	Shakir / ʿAbd al-Baqi numbering	heading in the layer's own text		
urn:hadith:0279Tirmidhi.Sunan:1595	1595	1629	Shakir / ʿAbd al-Baqi numbering	heading in the layer's own text		
urn:hadith:0279Tirmidhi.Sunan:1596	1596	1630	Shakir / ʿAbd al-Baqi numbering	heading in the layer's own text		
urn:hadith:0279Tirmidhi.Sunan:1597	1597	1631	Shakir / ʿAbd al-Baqi numbering	heading in the layer's own text		
urn:hadith:0279Tirmidhi.Sunan:1598	1598	1632	Shakir / ʿAbd al-Baqi numbering	heading in the layer's own text		
urn:hadith:0279Tirmidhi.Sunan:1599	1599	1633	Shakir / ʿAbd al-Baqi numbering	heading in the layer's own text		
urn:hadith:0279Tirmidhi.Sunan:1600	1600	1634	Shakir / ʿAbd al-Baqi numbering	heading in the layer's own text		
urn:hadith:0279Tirmidhi.Sunan:1601	1601	1635	Shakir / ʿAbd al-Baqi numbering	heading in the layer's own text		
urn:hadith:0279Tirmidhi.Sunan:1602	1602	1636	Shakir / ʿAbd al-Baqi numbering	heading in the layer's own text		
urn:hadith:0279Tirmidhi.Sunan:1603	1603	1637	Shakir / ʿAbd al-Baqi numbering	heading in the layer's own text		
urn:hadith:0279Tirmidhi.Sunan:1604	1604	1638	Shakir / ʿAbd al-Baqi numbering	heading in the layer's own text		
urn:hadith:0279Tirmidhi.Sunan:1605	1605	1639	Shakir / ʿAbd al-Baqi numbering	heading in the layer's own text		
urn:hadith:0279Tirmidhi.Sunan:1606	1606	1640	Shakir / ʿAbd al-Baqi numbering	heading in the layer's own text		
urn:hadith:0279Tirmidhi.Sunan:1607	1607	1641	Shakir / ʿAbd al-Baqi numbering	heading in the layer's own text		
urn:hadith:0279Tirmidhi.Sunan:1608	1608	1642	Shakir / ʿAbd al-Baqi numbering	heading in the layer's own text		
urn:hadith:0279Tirmidhi.Sunan:1609	1609	1643	Shakir / ʿAbd al-Baqi numbering	heading in the layer's own text		
urn:hadith:0279Tirmidhi.Sunan:1610	1610	1644	Shakir / ʿAbd al-Baqi numbering	heading in the layer's own text		
urn:hadith:0279Tirmidhi.Sunan:1611	1611	1645	Shakir / ʿAbd al-Baqi numbering	heading in the layer's own text		
urn:hadith:0279Tirmidhi.Sunan:1612	1612	1646	Shakir / ʿAbd al-Baqi numbering	heading in the layer's own text		
urn:hadith:0279Tirmidhi.Sunan:1613	1613	1647	Shakir / ʿAbd al-Baqi numbering	heading in the layer's own text		
urn:hadith:0279Tirmidhi.Sunan:1614	1614	1648	Shakir / ʿAbd al-Baqi numbering	heading in the layer's own text		
urn:hadith:0279Tirmidhi.Sunan:1615	1615	1649	Shakir / ʿAbd al-Baqi numbering	heading in the layer's own text		
urn:hadith:0279Tirmidhi.Sunan:1616	1616	1650	Shakir / ʿAbd al-Baqi numbering	heading in the layer's own text		
urn:hadith:0279Tirmidhi.Sunan:1617	1617	1651	Shakir / ʿAbd al-Baqi numbering	heading in the layer's own text		
urn:hadith:0279Tirmidhi.Sunan:1618	1618	1652	Shakir / ʿAbd al-Baqi numbering	heading in the layer's own text		
urn:hadith:0279Tirmidhi.Sunan:1619	1619	1653	Shakir / ʿAbd al-Baqi numbering	heading in the layer's own text		
urn:hadith:0279Tirmidhi.Sunan:1620	1620	1654	Shakir / ʿAbd al-Baqi numbering	heading in the layer's own text		
urn:hadith:0279Tirmidhi.Sunan:1621	1621	1655	Shakir / ʿAbd al-Baqi numbering	heading in the layer's own text		
urn:hadith:0279Tirmidhi.Sunan:1622	1622	1656	Shakir / ʿAbd al-Baqi numbering	heading in the layer's own text		
urn:hadith:0279Tirmidhi.Sunan:1623	1623	1657	Shakir / ʿAbd al-Baqi numbering	heading in the layer's own text		
urn:hadith:0279Tirmidhi.Sunan:1624	1624	1658	Shakir / ʿAbd al-Baqi numbering	heading in the layer's own text		
urn:hadith:0279Tirmidhi.Sunan:1625	1625	1659	Shakir / ʿAbd al-Baqi numbering	heading in the layer's own text		
urn:hadith:0279Tirmidhi.Sunan:1626	1626	1660	Shakir / ʿAbd al-Baqi numbering	heading in the layer's own text		
urn:hadith:0279Tirmidhi.Sunan:1627	1627	1661	Shakir / ʿAbd al-Baqi numbering	heading in the layer's own text		
urn:hadith:0279Tirmidhi.Sunan:1628	1628	1662	Shakir / ʿAbd al-Baqi numbering	heading in the layer's own text		
urn:hadith:0279Tirmidhi.Sunan:1629	1629	1663	Shakir / ʿAbd al-Baqi numbering	heading in the layer's own text		
urn:hadith:0279Tirmidhi.Sunan:1630	1630	1664	Shakir / ʿAbd al-Baqi numbering	heading in the layer's own text		
urn:hadith:0279Tirmidhi.Sunan:1631	1631	1665	Shakir / ʿAbd al-Baqi numbering	heading in the layer's own text		
urn:hadith:0279Tirmidhi.Sunan:1632	1632	1666	Shakir / ʿAbd al-Baqi numbering	heading in the layer's own text		
urn:hadith:0279Tirmidhi.Sunan:1633	1633	1667	Shakir / ʿAbd al-Baqi numbering	heading in the layer's own text		
urn:hadith:0279Tirmidhi.Sunan:1634	1634	1668	Shakir / ʿAbd al-Baqi numbering	heading in the layer's own text		
urn:hadith:0279Tirmidhi.Sunan:1635	1635	1669	Shakir / ʿAbd al-Baqi numbering	heading in the layer's own text		
urn:hadith:0279Tirmidhi.Sunan:1636	1636	1670	Shakir / ʿAbd al-Baqi numbering	heading in the layer's own text		
urn:hadith:0279Tirmidhi.Sunan:1637	1637	1671	Shakir / ʿAbd al-Baqi numbering	heading in the layer's own text		
urn:hadith:0279Tirmidhi.Sunan:1638	1638	1672	Shakir / ʿAbd al-Baqi numbering	heading in the layer's own text		
urn:hadith:0279Tirmidhi.Sunan:1639	1639	1673	Shakir / ʿAbd al-Baqi numbering	heading in the layer's own text		
urn:hadith:0279Tirmidhi.Sunan:1640	1640	1674	Shakir / ʿAbd al-Baqi numbering	heading in the layer's own text		
urn:hadith:0279Tirmidhi.Sunan:1641	1641	1675	Shakir / ʿAbd al-Baqi numbering	heading in the layer's own text		
urn:hadith:0279Tirmidhi.Sunan:1642	1642	1676	Shakir / ʿAbd al-Baqi numbering	heading in the layer's own text		
urn:hadith:0279Tirmidhi.Sunan:1643	1643	1677	Shakir / ʿAbd al-Baqi numbering	heading in the layer's own text		
urn:hadith:0279Tirmidhi.Sunan:1645	1645	1679	Shakir / ʿAbd al-Baqi numbering	heading in the layer's own text		
urn:hadith:0279Tirmidhi.Sunan:1646	1646	1680	Shakir / ʿAbd al-Baqi numbering	heading in the layer's own text		
urn:hadith:0279Tirmidhi.Sunan:1647	1647	1681	Shakir / ʿAbd al-Baqi numbering	heading in the layer's own text		
urn:hadith:0279Tirmidhi.Sunan:1648	1648	1682	Shakir / ʿAbd al-Baqi numbering	heading in the layer's own text		
urn:hadith:0279Tirmidhi.Sunan:1649	1649	1683	Shakir / ʿAbd al-Baqi numbering	heading in the layer's own text		
urn:hadith:0279Tirmidhi.Sunan:1650	1650	1684	Shakir / ʿAbd al-Baqi numbering	heading in the layer's own text		
urn:hadith:0279Tirmidhi.Sunan:1651	1651	1685	Shakir / ʿAbd al-Baqi numbering	heading in the layer's own text		
urn:hadith:0279Tirmidhi.Sunan:1652	1652	1686	Shakir / ʿAbd al-Baqi numbering	heading in the layer's own text		
urn:hadith:0279Tirmidhi.Sunan:1653	1653	1687	Shakir / ʿAbd al-Baqi numbering	heading in the layer's own text		
urn:hadith:0279Tirmidhi.Sunan:1654	1654	1688	Shakir / ʿAbd al-Baqi numbering	heading in the layer's own text		
urn:hadith:0279Tirmidhi.Sunan:1655	1655	1689	Shakir / ʿAbd al-Baqi numbering	heading in the layer's own text		
urn:hadith:0279Tirmidhi.Sunan:1656	1656	1690	Shakir / ʿAbd al-Baqi numbering	heading in the layer's own text		
urn:hadith:0279Tirmidhi.Sunan:1657	1657	1691	Shakir / ʿAbd al-Baqi numbering	heading in the layer's own text		
urn:hadith:0279Tirmidhi.Sunan:1658	1658	1692	Shakir / ʿAbd al-Baqi numbering	heading in the layer's own text		
urn:hadith:0279Tirmidhi.Sunan:1659	1659	1693	Shakir / ʿAbd al-Baqi numbering	heading in the layer's own text		
urn:hadith:0279Tirmidhi.Sunan:1660	1660	1694	Shakir / ʿAbd al-Baqi numbering	heading in the layer's own text		
urn:hadith:0279Tirmidhi.Sunan:1661	1661	1695	Shakir / ʿAbd al-Baqi numbering	heading in the layer's own text		
urn:hadith:0279Tirmidhi.Sunan:1662	1662	1696	Shakir / ʿAbd al-Baqi numbering	heading in the layer's own text		
urn:hadith:0279Tirmidhi.Sunan:1663	1663	1697	Shakir / ʿAbd al-Baqi numbering	heading in the layer's own text		
urn:hadith:0279Tirmidhi.Sunan:1664	1664	1698	Shakir / ʿAbd al-Baqi numbering	heading in the layer's own text		
urn:hadith:0279Tirmidhi.Sunan:1665	1665	1699	Shakir / ʿAbd al-Baqi numbering	heading in the layer's own text		
urn:hadith:0279Tirmidhi.Sunan:1666	1666	1700	Shakir / ʿAbd al-Baqi numbering	heading in the layer's own text		
urn:hadith:0279Tirmidhi.Sunan:1667	1667	1701	Shakir / ʿAbd al-Baqi numbering	heading in the layer's own text		
urn:hadith:0279Tirmidhi.Sunan:1668	1668	1702	Shakir / ʿAbd al-Baqi numbering	heading in the layer's own text		
urn:hadith:0279Tirmidhi.Sunan:1669	1669	1703	Shakir / ʿAbd al-Baqi numbering	heading in the layer's own text		
urn:hadith:0279Tirmidhi.Sunan:1670	1670	1704	Shakir / ʿAbd al-Baqi numbering	heading in the layer's own text		
urn:hadith:0279Tirmidhi.Sunan:1671	1671	1705	Shakir / ʿAbd al-Baqi numbering	heading in the layer's own text		
urn:hadith:0279Tirmidhi.Sunan:1672	1672	1706	Shakir / ʿAbd al-Baqi numbering	heading in the layer's own text		
urn:hadith:0279Tirmidhi.Sunan:1673	1673	1707	Shakir / ʿAbd al-Baqi numbering	heading in the layer's own text		
urn:hadith:0279Tirmidhi.Sunan:1674	1674	1708	Shakir / ʿAbd al-Baqi numbering	heading in the layer's own text		
urn:hadith:0279Tirmidhi.Sunan:1675	1675	1709	Shakir / ʿAbd al-Baqi numbering	heading in the layer's own text		
urn:hadith:0279Tirmidhi.Sunan:1676	1676	1710	Shakir / ʿAbd al-Baqi numbering	heading in the layer's own text		
urn:hadith:0279Tirmidhi.Sunan:1677	1677	1711	Shakir / ʿAbd al-Baqi numbering	heading in the layer's own text		
urn:hadith:0279Tirmidhi.Sunan:1678	1678	1712	Shakir / ʿAbd al-Baqi numbering	heading in the layer's own text		
urn:hadith:0279Tirmidhi.Sunan:1679	1679	1713	Shakir / ʿAbd al-Baqi numbering	heading in the layer's own text		
urn:hadith:0279Tirmidhi.Sunan:1680	1680	1714	Shakir / ʿAbd al-Baqi numbering	heading in the layer's own text		
urn:hadith:0279Tirmidhi.Sunan:1681	1681	1715	Shakir / ʿAbd al-Baqi numbering	heading in the layer's own text		
urn:hadith:0279Tirmidhi.Sunan:1682	1682	1716	Shakir / ʿAbd al-Baqi numbering	heading in the layer's own text		
urn:hadith:0279Tirmidhi.Sunan:1683	1683	1717	Shakir / ʿAbd al-Baqi numbering	heading in the layer's own text		
urn:hadith:0279Tirmidhi.Sunan:1684	1684	1718	Shakir / ʿAbd al-Baqi numbering	heading in the layer's own text		
urn:hadith:0279Tirmidhi.Sunan:1685	1685	1719	Shakir / ʿAbd al-Baqi numbering	heading in the layer's own text		
urn:hadith:0279Tirmidhi.Sunan:1686	1686	1720	Shakir / ʿAbd al-Baqi numbering	heading in the layer's own text		
urn:hadith:0279Tirmidhi.Sunan:1687	1687	1721	Shakir / ʿAbd al-Baqi numbering	heading in the layer's own text		
urn:hadith:0279Tirmidhi.Sunan:1688	1688	1722	Shakir / ʿAbd al-Baqi numbering	heading in the layer's own text		
urn:hadith:0279Tirmidhi.Sunan:1689	1689	1723	Shakir / ʿAbd al-Baqi numbering	heading in the layer's own text		
urn:hadith:0279Tirmidhi.Sunan:1690	1690	1724	Shakir / ʿAbd al-Baqi numbering	heading in the layer's own text		
urn:hadith:0279Tirmidhi.Sunan:1691	1691	1725	Shakir / ʿAbd al-Baqi numbering	heading in the layer's own text		
urn:hadith:0279Tirmidhi.Sunan:1692	1692	1726	Shakir / ʿAbd al-Baqi numbering	heading in the layer's own text		
urn:hadith:0279Tirmidhi.Sunan:1693	1693	1727	Shakir / ʿAbd al-Baqi numbering	heading in the layer's own text		
urn:hadith:0279Tirmidhi.Sunan:1694	1694	1728	Shakir / ʿAbd al-Baqi numbering	heading in the layer's own text		
urn:hadith:0279Tirmidhi.Sunan:1695	1695	1729	Shakir / ʿAbd al-Baqi numbering	heading in the layer's own text		
urn:hadith:0279Tirmidhi.Sunan:1696	1696	1730	Shakir / ʿAbd al-Baqi numbering	heading in the layer's own text		
urn:hadith:0279Tirmidhi.Sunan:1697	1697	1731	Shakir / ʿAbd al-Baqi numbering	heading in the layer's own text		
urn:hadith:0279Tirmidhi.Sunan:1698	1698	1732	Shakir / ʿAbd al-Baqi numbering	heading in the layer's own text		
urn:hadith:0279Tirmidhi.Sunan:1699	1699	1733	Shakir / ʿAbd al-Baqi numbering	heading in the layer's own text		
urn:hadith:0279Tirmidhi.Sunan:1700	1700	1734	Shakir / ʿAbd al-Baqi numbering	heading in the layer's own text		
urn:hadith:0279Tirmidhi.Sunan:1701	1701	1735	Shakir / ʿAbd al-Baqi numbering	heading in the layer's own text		
urn:hadith:0279Tirmidhi.Sunan:1702	1702	1736	Shakir / ʿAbd al-Baqi numbering	heading in the layer's own text		
urn:hadith:0279Tirmidhi.Sunan:1703	1703	1737	Shakir / ʿAbd al-Baqi numbering	heading in the layer's own text		
urn:hadith:0279Tirmidhi.Sunan:1704	1704	1738	Shakir / ʿAbd al-Baqi numbering	heading in the layer's own text		
urn:hadith:0279Tirmidhi.Sunan:1705	1705	1739	Shakir / ʿAbd al-Baqi numbering	heading in the layer's own text		
urn:hadith:0279Tirmidhi.Sunan:1706	1706	1740	Shakir / ʿAbd al-Baqi numbering	heading in the layer's own text		
urn:hadith:0279Tirmidhi.Sunan:1707	1707	1741	Shakir / ʿAbd al-Baqi numbering	heading in the layer's own text		
urn:hadith:0279Tirmidhi.Sunan:1708	1708	1742	Shakir / ʿAbd al-Baqi numbering	heading in the layer's own text		
urn:hadith:0279Tirmidhi.Sunan:1709	1709	1743	Shakir / ʿAbd al-Baqi numbering	heading in the layer's own text		
urn:hadith:0279Tirmidhi.Sunan:1710	1710	1744	Shakir / ʿAbd al-Baqi numbering	heading in the layer's own text		
urn:hadith:0279Tirmidhi.Sunan:1711	1711	1745	Shakir / ʿAbd al-Baqi numbering	heading in the layer's own text		
urn:hadith:0279Tirmidhi.Sunan:1712	1712	1746	Shakir / ʿAbd al-Baqi numbering	heading in the layer's own text		
urn:hadith:0279Tirmidhi.Sunan:1713	1713	1747	Shakir / ʿAbd al-Baqi numbering	heading in the layer's own text		
urn:hadith:0279Tirmidhi.Sunan:1714	1714	1748	Shakir / ʿAbd al-Baqi numbering	heading in the layer's own text		
urn:hadith:0279Tirmidhi.Sunan:1715	1715	1749	Shakir / ʿAbd al-Baqi numbering	heading in the layer's own text		
urn:hadith:0279Tirmidhi.Sunan:1716	1716	1750	Shakir / ʿAbd al-Baqi numbering	heading in the layer's own text		
urn:hadith:0279Tirmidhi.Sunan:1717	1717	1751	Shakir / ʿAbd al-Baqi numbering	heading in the layer's own text		
urn:hadith:0279Tirmidhi.Sunan:1718	1718	1752	Shakir / ʿAbd al-Baqi numbering	heading in the layer's own text		
urn:hadith:0279Tirmidhi.Sunan:1719	1719	1753	Shakir / ʿAbd al-Baqi numbering	heading in the layer's own text		
urn:hadith:0279Tirmidhi.Sunan:1720	1720	1754	Shakir / ʿAbd al-Baqi numbering	heading in the layer's own text		
urn:hadith:0279Tirmidhi.Sunan:1721	1721	1755	Shakir / ʿAbd al-Baqi numbering	heading in the layer's own text		
urn:hadith:0279Tirmidhi.Sunan:1722	1722	1756	Shakir / ʿAbd al-Baqi numbering	heading in the layer's own text		
urn:hadith:0279Tirmidhi.Sunan:1723	1723	1757	Shakir / ʿAbd al-Baqi numbering	heading in the layer's own text		
urn:hadith:0279Tirmidhi.Sunan:1724	1724	1758	Shakir / ʿAbd al-Baqi numbering	heading in the layer's own text		
urn:hadith:0279Tirmidhi.Sunan:1725	1725	1759	Shakir / ʿAbd al-Baqi numbering	heading in the layer's own text		
urn:hadith:0279Tirmidhi.Sunan:1726	1726	1760	Shakir / ʿAbd al-Baqi numbering	heading in the layer's own text		
urn:hadith:0279Tirmidhi.Sunan:1727	1727	1761	Shakir / ʿAbd al-Baqi numbering	heading in the layer's own text		
urn:hadith:0279Tirmidhi.Sunan:1728	1728	1762	Shakir / ʿAbd al-Baqi numbering	heading in the layer's own text		
urn:hadith:0279Tirmidhi.Sunan:1729	1729	1763	Shakir / ʿAbd al-Baqi numbering	heading in the layer's own text		
urn:hadith:0279Tirmidhi.Sunan:1730	1730	1764	Shakir / ʿAbd al-Baqi numbering	heading in the layer's own text		
urn:hadith:0279Tirmidhi.Sunan:1731	1731	1765	Shakir / ʿAbd al-Baqi numbering	heading in the layer's own text		
urn:hadith:0279Tirmidhi.Sunan:1732	1732	1766	Shakir / ʿAbd al-Baqi numbering	heading in the layer's own text		
urn:hadith:0279Tirmidhi.Sunan:1733	1733	1767	Shakir / ʿAbd al-Baqi numbering	heading in the layer's own text		
urn:hadith:0279Tirmidhi.Sunan:1734	1734	1768	Shakir / ʿAbd al-Baqi numbering	heading in the layer's own text		
urn:hadith:0279Tirmidhi.Sunan:1735	1735	1769	Shakir / ʿAbd al-Baqi numbering	heading in the layer's own text		
urn:hadith:0279Tirmidhi.Sunan:1736	1736	1770	Shakir / ʿAbd al-Baqi numbering	heading in the layer's own text		
urn:hadith:0279Tirmidhi.Sunan:1737	1737	1771	Shakir / ʿAbd al-Baqi numbering	heading in the layer's own text		
urn:hadith:0279Tirmidhi.Sunan:1738	1738	1772	Shakir / ʿAbd al-Baqi numbering	heading in the layer's own text		
urn:hadith:0279Tirmidhi.Sunan:1739	1739	1773	Shakir / ʿAbd al-Baqi numbering	heading in the layer's own text		
urn:hadith:0279Tirmidhi.Sunan:1740	1740	1774	Shakir / ʿAbd al-Baqi numbering	heading in the layer's own text		
urn:hadith:0279Tirmidhi.Sunan:1741	1741	1775	Shakir / ʿAbd al-Baqi numbering	heading in the layer's own text		
urn:hadith:0279Tirmidhi.Sunan:1742	1742	1776	Shakir / ʿAbd al-Baqi numbering	heading in the layer's own text		
urn:hadith:0279Tirmidhi.Sunan:1743	1743	1777	Shakir / ʿAbd al-Baqi numbering	heading in the layer's own text		
urn:hadith:0279Tirmidhi.Sunan:1744	1744	1778	Shakir / ʿAbd al-Baqi numbering	heading in the layer's own text		
urn:hadith:0279Tirmidhi.Sunan:1745	1745	1779	Shakir / ʿAbd al-Baqi numbering	heading in the layer's own text		
urn:hadith:0279Tirmidhi.Sunan:1746	1746	1780	Shakir / ʿAbd al-Baqi numbering	heading in the layer's own text		
urn:hadith:0279Tirmidhi.Sunan:1747	1747	1781	Shakir / ʿAbd al-Baqi numbering	heading in the layer's own text		
urn:hadith:0279Tirmidhi.Sunan:1748	1748	1782	Shakir / ʿAbd al-Baqi numbering	heading in the layer's own text		
urn:hadith:0279Tirmidhi.Sunan:1749	1749	1783	Shakir / ʿAbd al-Baqi numbering	heading in the layer's own text		
urn:hadith:0279Tirmidhi.Sunan:1750	1750	1784	Shakir / ʿAbd al-Baqi numbering	heading in the layer's own text		
urn:hadith:0279Tirmidhi.Sunan:1751	1751	1785	Shakir / ʿAbd al-Baqi numbering	heading in the layer's own text		
urn:hadith:0279Tirmidhi.Sunan:1752	1752	1786	Shakir / ʿAbd al-Baqi numbering	heading in the layer's own text		
urn:hadith:0279Tirmidhi.Sunan:1753	1753	1787	Shakir / ʿAbd al-Baqi numbering	heading in the layer's own text		
urn:hadith:0279Tirmidhi.Sunan:1754	1754	1788	Shakir / ʿAbd al-Baqi numbering	heading in the layer's own text		
urn:hadith:0279Tirmidhi.Sunan:1755	1755	1789	Shakir / ʿAbd al-Baqi numbering	heading in the layer's own text		
urn:hadith:0279Tirmidhi.Sunan:1756	1756	1790	Shakir / ʿAbd al-Baqi numbering	heading in the layer's own text		
urn:hadith:0279Tirmidhi.Sunan:1757	1757	1791	Shakir / ʿAbd al-Baqi numbering	heading in the layer's own text		
urn:hadith:0279Tirmidhi.Sunan:1758	1758	1792	Shakir / ʿAbd al-Baqi numbering	heading in the layer's own text		
urn:hadith:0279Tirmidhi.Sunan:1759	1759	1793	Shakir / ʿAbd al-Baqi numbering	heading in the layer's own text		
urn:hadith:0279Tirmidhi.Sunan:1760	1760	1794	Shakir / ʿAbd al-Baqi numbering	heading in the layer's own text		
urn:hadith:0279Tirmidhi.Sunan:1761	1761	1795	Shakir / ʿAbd al-Baqi numbering	heading in the layer's own text		
urn:hadith:0279Tirmidhi.Sunan:1762	1762	1796	Shakir / ʿAbd al-Baqi numbering	heading in the layer's own text		
urn:hadith:0279Tirmidhi.Sunan:1763	1763	1797	Shakir / ʿAbd al-Baqi numbering	heading in the layer's own text		
urn:hadith:0279Tirmidhi.Sunan:1764	1764	1798	Shakir / ʿAbd al-Baqi numbering	heading in the layer's own text		
urn:hadith:0279Tirmidhi.Sunan:1765	1765	1799	Shakir / ʿAbd al-Baqi numbering	heading in the layer's own text		
urn:hadith:0279Tirmidhi.Sunan:1766	1766	1800	Shakir / ʿAbd al-Baqi numbering	heading in the layer's own text		
urn:hadith:0279Tirmidhi.Sunan:1767	1767	1801	Shakir / ʿAbd al-Baqi numbering	heading in the layer's own text		
urn:hadith:0279Tirmidhi.Sunan:1768	1768	1802	Shakir / ʿAbd al-Baqi numbering	heading in the layer's own text		
urn:hadith:0279Tirmidhi.Sunan:1769	1769	1803	Shakir / ʿAbd al-Baqi numbering	heading in the layer's own text		
urn:hadith:0279Tirmidhi.Sunan:1770	1770	1804	Shakir / ʿAbd al-Baqi numbering	heading in the layer's own text		
urn:hadith:0279Tirmidhi.Sunan:1771	1771	1805	Shakir / ʿAbd al-Baqi numbering	heading in the layer's own text		
urn:hadith:0279Tirmidhi.Sunan:1772	1772	1806	Shakir / ʿAbd al-Baqi numbering	heading in the layer's own text		
urn:hadith:0279Tirmidhi.Sunan:1773	1773	1807	Shakir / ʿAbd al-Baqi numbering	heading in the layer's own text		
urn:hadith:0279Tirmidhi.Sunan:1774	1774	1808	Shakir / ʿAbd al-Baqi numbering	heading in the layer's own text		
urn:hadith:0279Tirmidhi.Sunan:1775	1775	1809	Shakir / ʿAbd al-Baqi numbering	heading in the layer's own text		
urn:hadith:0279Tirmidhi.Sunan:1776	1776	1810	Shakir / ʿAbd al-Baqi numbering	heading in the layer's own text		
urn:hadith:0279Tirmidhi.Sunan:1777	1777	1811	Shakir / ʿAbd al-Baqi numbering	heading in the layer's own text		
urn:hadith:0279Tirmidhi.Sunan:1778	1778	1812	Shakir / ʿAbd al-Baqi numbering	heading in the layer's own text		
urn:hadith:0279Tirmidhi.Sunan:1779	1779	1813	Shakir / ʿAbd al-Baqi numbering	heading in the layer's own text		
urn:hadith:0279Tirmidhi.Sunan:1780	1780	1814	Shakir / ʿAbd al-Baqi numbering	heading in the layer's own text		
urn:hadith:0279Tirmidhi.Sunan:1781	1781	1815	Shakir / ʿAbd al-Baqi numbering	heading in the layer's own text		
urn:hadith:0279Tirmidhi.Sunan:1782	1782	1816	Shakir / ʿAbd al-Baqi numbering	heading in the layer's own text		
urn:hadith:0279Tirmidhi.Sunan:1783	1783	1817	Shakir / ʿAbd al-Baqi numbering	heading in the layer's own text		
urn:hadith:0279Tirmidhi.Sunan:1784	1784	1818	Shakir / ʿAbd al-Baqi numbering	heading in the layer's own text		
urn:hadith:0279Tirmidhi.Sunan:1785	1785	1819	Shakir / ʿAbd al-Baqi numbering	heading in the layer's own text		
urn:hadith:0279Tirmidhi.Sunan:1786	1786	1820	Shakir / ʿAbd al-Baqi numbering	heading in the layer's own text		
urn:hadith:0279Tirmidhi.Sunan:1787	1787	1821	Shakir / ʿAbd al-Baqi numbering	heading in the layer's own text		
urn:hadith:0279Tirmidhi.Sunan:1788	1788	1822	Shakir / ʿAbd al-Baqi numbering	heading in the layer's own text		
urn:hadith:0279Tirmidhi.Sunan:1789	1789	1823	Shakir / ʿAbd al-Baqi numbering	heading in the layer's own text		
urn:hadith:0279Tirmidhi.Sunan:1790	1790	1824	Shakir / ʿAbd al-Baqi numbering	heading in the layer's own text		
urn:hadith:0279Tirmidhi.Sunan:1791	1791	1825	Shakir / ʿAbd al-Baqi numbering	heading in the layer's own text		
urn:hadith:0279Tirmidhi.Sunan:1792	1792	1826	Shakir / ʿAbd al-Baqi numbering	heading in the layer's own text		
urn:hadith:0279Tirmidhi.Sunan:1793	1793	1827	Shakir / ʿAbd al-Baqi numbering	heading in the layer's own text		
urn:hadith:0279Tirmidhi.Sunan:1794	1794	1828	Shakir / ʿAbd al-Baqi numbering	heading in the layer's own text		
urn:hadith:0279Tirmidhi.Sunan:1795	1795	1829	Shakir / ʿAbd al-Baqi numbering	heading in the layer's own text		
urn:hadith:0279Tirmidhi.Sunan:1796	1796	1830	Shakir / ʿAbd al-Baqi numbering	heading in the layer's own text		
urn:hadith:0279Tirmidhi.Sunan:1797	1797	1831	Shakir / ʿAbd al-Baqi numbering	heading in the layer's own text		
urn:hadith:0279Tirmidhi.Sunan:1798	1798	1832	Shakir / ʿAbd al-Baqi numbering	heading in the layer's own text		
urn:hadith:0279Tirmidhi.Sunan:1799	1799	1833	Shakir / ʿAbd al-Baqi numbering	heading in the layer's own text		
urn:hadith:0279Tirmidhi.Sunan:1800	1800	1834	Shakir / ʿAbd al-Baqi numbering	heading in the layer's own text		
urn:hadith:0279Tirmidhi.Sunan:1801	1801	1835	Shakir / ʿAbd al-Baqi numbering	heading in the layer's own text		
urn:hadith:0279Tirmidhi.Sunan:1802	1802	1836	Shakir / ʿAbd al-Baqi numbering	heading in the layer's own text		
urn:hadith:0279Tirmidhi.Sunan:1803	1803	1837	Shakir / ʿAbd al-Baqi numbering	heading in the layer's own text		
urn:hadith:0279Tirmidhi.Sunan:1804	1804	1838	Shakir / ʿAbd al-Baqi numbering	heading in the layer's own text		
urn:hadith:0279Tirmidhi.Sunan:1805	1805	1839	Shakir / ʿAbd al-Baqi numbering	heading in the layer's own text		
urn:hadith:0279Tirmidhi.Sunan:1806	1806	1840	Shakir / ʿAbd al-Baqi numbering	heading in the layer's own text		
urn:hadith:0279Tirmidhi.Sunan:1807	1807	1841	Shakir / ʿAbd al-Baqi numbering	heading in the layer's own text		
urn:hadith:0279Tirmidhi.Sunan:1808	1808	1842	Shakir / ʿAbd al-Baqi numbering	heading in the layer's own text		
urn:hadith:0279Tirmidhi.Sunan:1809	1809	1843	Shakir / ʿAbd al-Baqi numbering	heading in the layer's own text		
urn:hadith:0279Tirmidhi.Sunan:1810	1810	1844	Shakir / ʿAbd al-Baqi numbering	heading in the layer's own text		
urn:hadith:0279Tirmidhi.Sunan:1811	1811	1845	Shakir / ʿAbd al-Baqi numbering	heading in the layer's own text		
urn:hadith:0279Tirmidhi.Sunan:1812	1812	1846	Shakir / ʿAbd al-Baqi numbering	heading in the layer's own text		
urn:hadith:0279Tirmidhi.Sunan:1813	1813	1847	Shakir / ʿAbd al-Baqi numbering	heading in the layer's own text		
urn:hadith:0279Tirmidhi.Sunan:1814	1814	1848	Shakir / ʿAbd al-Baqi numbering	heading in the layer's own text		
urn:hadith:0279Tirmidhi.Sunan:1815	1815	1849	Shakir / ʿAbd al-Baqi numbering	heading in the layer's own text		
urn:hadith:0279Tirmidhi.Sunan:1816	1816	1850	Shakir / ʿAbd al-Baqi numbering	heading in the layer's own text		
urn:hadith:0279Tirmidhi.Sunan:1817	1817	1851	Shakir / ʿAbd al-Baqi numbering	heading in the layer's own text		
urn:hadith:0279Tirmidhi.Sunan:1818	1818	1852	Shakir / ʿAbd al-Baqi numbering	heading in the layer's own text		
urn:hadith:0279Tirmidhi.Sunan:1819	1819	1853	Shakir / ʿAbd al-Baqi numbering	heading in the layer's own text		
urn:hadith:0279Tirmidhi.Sunan:1820	1820	1854	Shakir / ʿAbd al-Baqi numbering	heading in the layer's own text		
urn:hadith:0279Tirmidhi.Sunan:1821	1821	1855	Shakir / ʿAbd al-Baqi numbering	heading in the layer's own text		
urn:hadith:0279Tirmidhi.Sunan:1822	1822	1856	Shakir / ʿAbd al-Baqi numbering	heading in the layer's own text		
urn:hadith:0279Tirmidhi.Sunan:1823	1823	1857	Shakir / ʿAbd al-Baqi numbering	heading in the layer's own text		
urn:hadith:0279Tirmidhi.Sunan:1824	1824	1858	Shakir / ʿAbd al-Baqi numbering	heading in the layer's own text		
urn:hadith:0279Tirmidhi.Sunan:1825	1825	1859	Shakir / ʿAbd al-Baqi numbering	heading in the layer's own text		
urn:hadith:0279Tirmidhi.Sunan:1826	1826	1860	Shakir / ʿAbd al-Baqi numbering	heading in the layer's own text		
urn:hadith:0279Tirmidhi.Sunan:1827	1827	1861	Shakir / ʿAbd al-Baqi numbering	heading in the layer's own text		
urn:hadith:0279Tirmidhi.Sunan:1828	1828	1862	Shakir / ʿAbd al-Baqi numbering	heading in the layer's own text		
urn:hadith:0279Tirmidhi.Sunan:1829	1829	1863	Shakir / ʿAbd al-Baqi numbering	heading in the layer's own text		
urn:hadith:0279Tirmidhi.Sunan:1830	1830	1864	Shakir / ʿAbd al-Baqi numbering	heading in the layer's own text		
urn:hadith:0279Tirmidhi.Sunan:1831	1831	1865	Shakir / ʿAbd al-Baqi numbering	heading in the layer's own text		
urn:hadith:0279Tirmidhi.Sunan:1832	1832	1866	Shakir / ʿAbd al-Baqi numbering	heading in the layer's own text		
urn:hadith:0279Tirmidhi.Sunan:1833	1833	1867	Shakir / ʿAbd al-Baqi numbering	heading in the layer's own text		
urn:hadith:0279Tirmidhi.Sunan:1834	1834	1868	Shakir / ʿAbd al-Baqi numbering	heading in the layer's own text		
urn:hadith:0279Tirmidhi.Sunan:1835	1835	1869	Shakir / ʿAbd al-Baqi numbering	heading in the layer's own text		
urn:hadith:0279Tirmidhi.Sunan:1836	1836	1870	Shakir / ʿAbd al-Baqi numbering	heading in the layer's own text		
urn:hadith:0279Tirmidhi.Sunan:1837	1837	1871	Shakir / ʿAbd al-Baqi numbering	heading in the layer's own text		
urn:hadith:0279Tirmidhi.Sunan:1838	1838	1872	Shakir / ʿAbd al-Baqi numbering	heading in the layer's own text		
urn:hadith:0279Tirmidhi.Sunan:1839	1839	1873	Shakir / ʿAbd al-Baqi numbering	heading in the layer's own text		
urn:hadith:0279Tirmidhi.Sunan:1840	1840	1874	Shakir / ʿAbd al-Baqi numbering	heading in the layer's own text		
urn:hadith:0279Tirmidhi.Sunan:1841	1841	1875	Shakir / ʿAbd al-Baqi numbering	heading in the layer's own text		
urn:hadith:0279Tirmidhi.Sunan:1842	1842	1876	Shakir / ʿAbd al-Baqi numbering	heading in the layer's own text		
urn:hadith:0279Tirmidhi.Sunan:1843	1843	1877	Shakir / ʿAbd al-Baqi numbering	heading in the layer's own text		
urn:hadith:0279Tirmidhi.Sunan:1844	1844	1878	Shakir / ʿAbd al-Baqi numbering	heading in the layer's own text		
urn:hadith:0279Tirmidhi.Sunan:1845	1845	1879	Shakir / ʿAbd al-Baqi numbering	heading in the layer's own text		
urn:hadith:0279Tirmidhi.Sunan:1846	1846	1880	Shakir / ʿAbd al-Baqi numbering	heading in the layer's own text		
urn:hadith:0279Tirmidhi.Sunan:1847	1847	1881	Shakir / ʿAbd al-Baqi numbering	heading in the layer's own text		
urn:hadith:0279Tirmidhi.Sunan:1848	1848	1882	Shakir / ʿAbd al-Baqi numbering	heading in the layer's own text		
urn:hadith:0279Tirmidhi.Sunan:1849	1849	1883	Shakir / ʿAbd al-Baqi numbering	heading in the layer's own text		
urn:hadith:0279Tirmidhi.Sunan:1850	1850	1884	Shakir / ʿAbd al-Baqi numbering	heading in the layer's own text		
urn:hadith:0279Tirmidhi.Sunan:1851	1851	1885	Shakir / ʿAbd al-Baqi numbering	heading in the layer's own text		
urn:hadith:0279Tirmidhi.Sunan:1852	1852	1886	Shakir / ʿAbd al-Baqi numbering	heading in the layer's own text		
urn:hadith:0279Tirmidhi.Sunan:1853	1853	1887	Shakir / ʿAbd al-Baqi numbering	heading in the layer's own text		
urn:hadith:0279Tirmidhi.Sunan:1854	1854	1888	Shakir / ʿAbd al-Baqi numbering	heading in the layer's own text		
urn:hadith:0279Tirmidhi.Sunan:1855	1855	1889	Shakir / ʿAbd al-Baqi numbering	heading in the layer's own text		
urn:hadith:0279Tirmidhi.Sunan:1856	1856	1890	Shakir / ʿAbd al-Baqi numbering	heading in the layer's own text		
urn:hadith:0279Tirmidhi.Sunan:1857	1857	1891	Shakir / ʿAbd al-Baqi numbering	heading in the layer's own text		
urn:hadith:0279Tirmidhi.Sunan:1858	1858	1892	Shakir / ʿAbd al-Baqi numbering	heading in the layer's own text		
urn:hadith:0279Tirmidhi.Sunan:1859	1859	1893	Shakir / ʿAbd al-Baqi numbering	heading in the layer's own text		
urn:hadith:0279Tirmidhi.Sunan:1860	1860	1894	Shakir / ʿAbd al-Baqi numbering	heading in the layer's own text		
urn:hadith:0279Tirmidhi.Sunan:1861	1861	1895	Shakir / ʿAbd al-Baqi numbering	heading in the layer's own text		
urn:hadith:0279Tirmidhi.Sunan:1862	1862	1896	Shakir / ʿAbd al-Baqi numbering	heading in the layer's own text		
urn:hadith:0279Tirmidhi.Sunan:1863	1863	1897	Shakir / ʿAbd al-Baqi numbering	heading in the layer's own text		
urn:hadith:0279Tirmidhi.Sunan:1864	1864	1898	Shakir / ʿAbd al-Baqi numbering	heading in the layer's own text		
urn:hadith:0279Tirmidhi.Sunan:1865	1865	1899	Shakir / ʿAbd al-Baqi numbering	heading in the layer's own text		
urn:hadith:0279Tirmidhi.Sunan:1866	1866	1900	Shakir / ʿAbd al-Baqi numbering	heading in the layer's own text		
urn:hadith:0279Tirmidhi.Sunan:1867	1867	1901	Shakir / ʿAbd al-Baqi numbering	heading in the layer's own text		
urn:hadith:0279Tirmidhi.Sunan:1868	1868	1902	Shakir / ʿAbd al-Baqi numbering	heading in the layer's own text		
urn:hadith:0279Tirmidhi.Sunan:1869	1869	1903	Shakir / ʿAbd al-Baqi numbering	heading in the layer's own text		
urn:hadith:0279Tirmidhi.Sunan:1870	1870	1904	Shakir / ʿAbd al-Baqi numbering	heading in the layer's own text		
urn:hadith:0279Tirmidhi.Sunan:1871	1871	1905	Shakir / ʿAbd al-Baqi numbering	heading in the layer's own text		
urn:hadith:0279Tirmidhi.Sunan:1872	1872	1906	Shakir / ʿAbd al-Baqi numbering	heading in the layer's own text		
urn:hadith:0279Tirmidhi.Sunan:1873	1873	1907	Shakir / ʿAbd al-Baqi numbering	heading in the layer's own text		
urn:hadith:0279Tirmidhi.Sunan:1874	1874	1908	Shakir / ʿAbd al-Baqi numbering	heading in the layer's own text		
urn:hadith:0279Tirmidhi.Sunan:1875	1875	1909	Shakir / ʿAbd al-Baqi numbering	heading in the layer's own text		
urn:hadith:0279Tirmidhi.Sunan:1876	1876	1910	Shakir / ʿAbd al-Baqi numbering	heading in the layer's own text		
urn:hadith:0279Tirmidhi.Sunan:1877	1877	1911	Shakir / ʿAbd al-Baqi numbering	heading in the layer's own text		
urn:hadith:0279Tirmidhi.Sunan:1878	1878	1912	Shakir / ʿAbd al-Baqi numbering	heading in the layer's own text		
urn:hadith:0279Tirmidhi.Sunan:1879	1879	1913	Shakir / ʿAbd al-Baqi numbering	heading in the layer's own text		
urn:hadith:0279Tirmidhi.Sunan:1880	1880	1914	Shakir / ʿAbd al-Baqi numbering	heading in the layer's own text		
urn:hadith:0279Tirmidhi.Sunan:1881	1881	1915	Shakir / ʿAbd al-Baqi numbering	heading in the layer's own text		
urn:hadith:0279Tirmidhi.Sunan:1882	1882	1916	Shakir / ʿAbd al-Baqi numbering	heading in the layer's own text		
urn:hadith:0279Tirmidhi.Sunan:1883	1883	1917	Shakir / ʿAbd al-Baqi numbering	heading in the layer's own text		
urn:hadith:0279Tirmidhi.Sunan:1884	1884	1918	Shakir / ʿAbd al-Baqi numbering	heading in the layer's own text		
urn:hadith:0279Tirmidhi.Sunan:1885	1885	1919	Shakir / ʿAbd al-Baqi numbering	heading in the layer's own text		
urn:hadith:0279Tirmidhi.Sunan:1886	1886	1920	Shakir / ʿAbd al-Baqi numbering	heading in the layer's own text		
urn:hadith:0279Tirmidhi.Sunan:1887	1887	1921	Shakir / ʿAbd al-Baqi numbering	heading in the layer's own text		
urn:hadith:0279Tirmidhi.Sunan:1888	1888	1922	Shakir / ʿAbd al-Baqi numbering	heading in the layer's own text		
urn:hadith:0279Tirmidhi.Sunan:1889	1889	1923	Shakir / ʿAbd al-Baqi numbering	heading in the layer's own text		
urn:hadith:0279Tirmidhi.Sunan:1890	1890	1924	Shakir / ʿAbd al-Baqi numbering	heading in the layer's own text		
urn:hadith:0279Tirmidhi.Sunan:1891	1891	1925	Shakir / ʿAbd al-Baqi numbering	heading in the layer's own text		
urn:hadith:0279Tirmidhi.Sunan:1892	1892	1926	Shakir / ʿAbd al-Baqi numbering	heading in the layer's own text		
urn:hadith:0279Tirmidhi.Sunan:1893	1893	1927	Shakir / ʿAbd al-Baqi numbering	heading in the layer's own text		
urn:hadith:0279Tirmidhi.Sunan:1894	1894	1928	Shakir / ʿAbd al-Baqi numbering	heading in the layer's own text		
urn:hadith:0279Tirmidhi.Sunan:1895	1895	1929	Shakir / ʿAbd al-Baqi numbering	heading in the layer's own text		
urn:hadith:0279Tirmidhi.Sunan:1896	1896	1930	Shakir / ʿAbd al-Baqi numbering	heading in the layer's own text		
urn:hadith:0279Tirmidhi.Sunan:1897	1897	1931	Shakir / ʿAbd al-Baqi numbering	heading in the layer's own text		
urn:hadith:0279Tirmidhi.Sunan:1898	1898	1932	Shakir / ʿAbd al-Baqi numbering	heading in the layer's own text		
urn:hadith:0279Tirmidhi.Sunan:1899	1899	1933	Shakir / ʿAbd al-Baqi numbering	heading in the layer's own text		
urn:hadith:0279Tirmidhi.Sunan:1900	1900	1934	Shakir / ʿAbd al-Baqi numbering	heading in the layer's own text		
urn:hadith:0279Tirmidhi.Sunan:1901	1901	1935	Shakir / ʿAbd al-Baqi numbering	heading in the layer's own text		
urn:hadith:0279Tirmidhi.Sunan:1902	1902	1936	Shakir / ʿAbd al-Baqi numbering	heading in the layer's own text		
urn:hadith:0279Tirmidhi.Sunan:1903	1903	1937	Shakir / ʿAbd al-Baqi numbering	heading in the layer's own text		
urn:hadith:0279Tirmidhi.Sunan:1904	1904	1938	Shakir / ʿAbd al-Baqi numbering	heading in the layer's own text		
urn:hadith:0279Tirmidhi.Sunan:1905	1905	1939	Shakir / ʿAbd al-Baqi numbering	heading in the layer's own text		
urn:hadith:0279Tirmidhi.Sunan:1906	1906	1940	Shakir / ʿAbd al-Baqi numbering	heading in the layer's own text		
urn:hadith:0279Tirmidhi.Sunan:1907	1907	1941	Shakir / ʿAbd al-Baqi numbering	heading in the layer's own text		
urn:hadith:0279Tirmidhi.Sunan:1908	1908	1942	Shakir / ʿAbd al-Baqi numbering	heading in the layer's own text		
urn:hadith:0279Tirmidhi.Sunan:1909	1909	1943	Shakir / ʿAbd al-Baqi numbering	heading in the layer's own text		
urn:hadith:0279Tirmidhi.Sunan:1910	1910	1944	Shakir / ʿAbd al-Baqi numbering	heading in the layer's own text		
urn:hadith:0279Tirmidhi.Sunan:1911	1911	1945	Shakir / ʿAbd al-Baqi numbering	heading in the layer's own text		
urn:hadith:0279Tirmidhi.Sunan:1912	1912	1946	Shakir / ʿAbd al-Baqi numbering	heading in the layer's own text		
urn:hadith:0279Tirmidhi.Sunan:1913	1913	1947	Shakir / ʿAbd al-Baqi numbering	heading in the layer's own text		
urn:hadith:0279Tirmidhi.Sunan:1914	1914	1948	Shakir / ʿAbd al-Baqi numbering	heading in the layer's own text		
urn:hadith:0279Tirmidhi.Sunan:1915	1915	1949	Shakir / ʿAbd al-Baqi numbering	heading in the layer's own text		
urn:hadith:0279Tirmidhi.Sunan:1916	1916	1950	Shakir / ʿAbd al-Baqi numbering	heading in the layer's own text		
urn:hadith:0279Tirmidhi.Sunan:1917	1917	1951	Shakir / ʿAbd al-Baqi numbering	heading in the layer's own text		
urn:hadith:0279Tirmidhi.Sunan:1918	1918	1952	Shakir / ʿAbd al-Baqi numbering	heading in the layer's own text		
urn:hadith:0279Tirmidhi.Sunan:1919	1919	1953	Shakir / ʿAbd al-Baqi numbering	heading in the layer's own text		
urn:hadith:0279Tirmidhi.Sunan:1920	1920	1954	Shakir / ʿAbd al-Baqi numbering	heading in the layer's own text		
urn:hadith:0279Tirmidhi.Sunan:1921	1921	1955	Shakir / ʿAbd al-Baqi numbering	heading in the layer's own text		
urn:hadith:0279Tirmidhi.Sunan:1922	1922	1956	Shakir / ʿAbd al-Baqi numbering	heading in the layer's own text		
urn:hadith:0279Tirmidhi.Sunan:1923	1923	1957	Shakir / ʿAbd al-Baqi numbering	heading in the layer's own text		
urn:hadith:0279Tirmidhi.Sunan:1924	1924	1958	Shakir / ʿAbd al-Baqi numbering	heading in the layer's own text		
urn:hadith:0279Tirmidhi.Sunan:1925	1925	1959	Shakir / ʿAbd al-Baqi numbering	heading in the layer's own text		
urn:hadith:0279Tirmidhi.Sunan:1926	1926	1960	Shakir / ʿAbd al-Baqi numbering	heading in the layer's own text		
urn:hadith:0279Tirmidhi.Sunan:1927	1927	1961	Shakir / ʿAbd al-Baqi numbering	heading in the layer's own text		
urn:hadith:0279Tirmidhi.Sunan:1928	1928	1962	Shakir / ʿAbd al-Baqi numbering	heading in the layer's own text		
urn:hadith:0279Tirmidhi.Sunan:1929	1929	1963	Shakir / ʿAbd al-Baqi numbering	heading in the layer's own text		
urn:hadith:0279Tirmidhi.Sunan:1930	1930	1964	Shakir / ʿAbd al-Baqi numbering	heading in the layer's own text		
urn:hadith:0279Tirmidhi.Sunan:1931	1931	1965	Shakir / ʿAbd al-Baqi numbering	heading in the layer's own text		
urn:hadith:0279Tirmidhi.Sunan:1932	1932	1966	Shakir / ʿAbd al-Baqi numbering	heading in the layer's own text		
urn:hadith:0279Tirmidhi.Sunan:1933	1933	1967	Shakir / ʿAbd al-Baqi numbering	heading in the layer's own text		
urn:hadith:0279Tirmidhi.Sunan:1934	1934	1968	Shakir / ʿAbd al-Baqi numbering	heading in the layer's own text		
urn:hadith:0279Tirmidhi.Sunan:1935	1935	1969	Shakir / ʿAbd al-Baqi numbering	heading in the layer's own text		
urn:hadith:0279Tirmidhi.Sunan:1936	1936	1970	Shakir / ʿAbd al-Baqi numbering	heading in the layer's own text		
urn:hadith:0279Tirmidhi.Sunan:1937	1937	1971	Shakir / ʿAbd al-Baqi numbering	heading in the layer's own text		
urn:hadith:0279Tirmidhi.Sunan:1938	1938	1972	Shakir / ʿAbd al-Baqi numbering	heading in the layer's own text		
urn:hadith:0279Tirmidhi.Sunan:1939	1939	1973	Shakir / ʿAbd al-Baqi numbering	heading in the layer's own text		
urn:hadith:0279Tirmidhi.Sunan:1940	1940	1974	Shakir / ʿAbd al-Baqi numbering	heading in the layer's own text		
urn:hadith:0279Tirmidhi.Sunan:1941	1941	1975	Shakir / ʿAbd al-Baqi numbering	heading in the layer's own text		
urn:hadith:0279Tirmidhi.Sunan:1942	1942	1976	Shakir / ʿAbd al-Baqi numbering	heading in the layer's own text		
urn:hadith:0279Tirmidhi.Sunan:1943	1943	1977	Shakir / ʿAbd al-Baqi numbering	heading in the layer's own text		
urn:hadith:0279Tirmidhi.Sunan:1944	1944	1978	Shakir / ʿAbd al-Baqi numbering	heading in the layer's own text		
urn:hadith:0279Tirmidhi.Sunan:1945	1945	1979	Shakir / ʿAbd al-Baqi numbering	heading in the layer's own text		
urn:hadith:0279Tirmidhi.Sunan:1946	1946	1980	Shakir / ʿAbd al-Baqi numbering	heading in the layer's own text		
urn:hadith:0279Tirmidhi.Sunan:1947	1947	1981	Shakir / ʿAbd al-Baqi numbering	heading in the layer's own text		
urn:hadith:0279Tirmidhi.Sunan:1948	1948	1982	Shakir / ʿAbd al-Baqi numbering	heading in the layer's own text		
urn:hadith:0279Tirmidhi.Sunan:1949	1949	1983	Shakir / ʿAbd al-Baqi numbering	heading in the layer's own text		
urn:hadith:0279Tirmidhi.Sunan:1950	1950	1984	Shakir / ʿAbd al-Baqi numbering	heading in the layer's own text		
urn:hadith:0279Tirmidhi.Sunan:1951	1951	1985	Shakir / ʿAbd al-Baqi numbering	heading in the layer's own text		
urn:hadith:0279Tirmidhi.Sunan:1952	1952	1986	Shakir / ʿAbd al-Baqi numbering	heading in the layer's own text		
urn:hadith:0279Tirmidhi.Sunan:1953	1953	1987	Shakir / ʿAbd al-Baqi numbering	heading in the layer's own text		
urn:hadith:0279Tirmidhi.Sunan:1954	1954	1988	Shakir / ʿAbd al-Baqi numbering	heading in the layer's own text		
urn:hadith:0279Tirmidhi.Sunan:1955	1955	1989	Shakir / ʿAbd al-Baqi numbering	heading in the layer's own text		
urn:hadith:0279Tirmidhi.Sunan:1956	1956	1990	Shakir / ʿAbd al-Baqi numbering	heading in the layer's own text		
urn:hadith:0279Tirmidhi.Sunan:1957	1957	1991	Shakir / ʿAbd al-Baqi numbering	heading in the layer's own text		
urn:hadith:0279Tirmidhi.Sunan:1958	1958	1992	Shakir / ʿAbd al-Baqi numbering	heading in the layer's own text		
urn:hadith:0279Tirmidhi.Sunan:1959	1959	1993	Shakir / ʿAbd al-Baqi numbering	heading in the layer's own text		
urn:hadith:0279Tirmidhi.Sunan:1960	1960	1994	Shakir / ʿAbd al-Baqi numbering	heading in the layer's own text		
urn:hadith:0279Tirmidhi.Sunan:1961	1961	1995	Shakir / ʿAbd al-Baqi numbering	heading in the layer's own text		
urn:hadith:0279Tirmidhi.Sunan:1962	1962	1996	Shakir / ʿAbd al-Baqi numbering	heading in the layer's own text		
urn:hadith:0279Tirmidhi.Sunan:1963	1963	1997	Shakir / ʿAbd al-Baqi numbering	heading in the layer's own text		
urn:hadith:0279Tirmidhi.Sunan:1964	1964	1998	Shakir / ʿAbd al-Baqi numbering	heading in the layer's own text		
urn:hadith:0279Tirmidhi.Sunan:1965	1965	1999	Shakir / ʿAbd al-Baqi numbering	heading in the layer's own text		
urn:hadith:0279Tirmidhi.Sunan:1966	1966	2000	Shakir / ʿAbd al-Baqi numbering	heading in the layer's own text		
urn:hadith:0279Tirmidhi.Sunan:1967	1967	2001	Shakir / ʿAbd al-Baqi numbering	heading in the layer's own text		
urn:hadith:0279Tirmidhi.Sunan:1968	1968	2002	Shakir / ʿAbd al-Baqi numbering	heading in the layer's own text		
urn:hadith:0279Tirmidhi.Sunan:1969	1969	2003	Shakir / ʿAbd al-Baqi numbering	heading in the layer's own text		
urn:hadith:0279Tirmidhi.Sunan:1970	1970	2004	Shakir / ʿAbd al-Baqi numbering	heading in the layer's own text		
urn:hadith:0279Tirmidhi.Sunan:1971	1971	2005	Shakir / ʿAbd al-Baqi numbering	heading in the layer's own text		
urn:hadith:0279Tirmidhi.Sunan:1972	1972	2006	Shakir / ʿAbd al-Baqi numbering	heading in the layer's own text		
urn:hadith:0279Tirmidhi.Sunan:1973	1973	2007	Shakir / ʿAbd al-Baqi numbering	heading in the layer's own text		
urn:hadith:0279Tirmidhi.Sunan:1974	1974	2008	Shakir / ʿAbd al-Baqi numbering	heading in the layer's own text		
urn:hadith:0279Tirmidhi.Sunan:1975	1975	2009	Shakir / ʿAbd al-Baqi numbering	heading in the layer's own text		
urn:hadith:0279Tirmidhi.Sunan:1976	1976	2010	Shakir / ʿAbd al-Baqi numbering	heading in the layer's own text		
urn:hadith:0279Tirmidhi.Sunan:1977	1977	2011	Shakir / ʿAbd al-Baqi numbering	heading in the layer's own text		
urn:hadith:0279Tirmidhi.Sunan:1978	1978	2012	Shakir / ʿAbd al-Baqi numbering	heading in the layer's own text		
urn:hadith:0279Tirmidhi.Sunan:1979	1979	2013	Shakir / ʿAbd al-Baqi numbering	heading in the layer's own text		
urn:hadith:0279Tirmidhi.Sunan:1980	1980	2014	Shakir / ʿAbd al-Baqi numbering	heading in the layer's own text		
urn:hadith:0279Tirmidhi.Sunan:1981	1981	2015	Shakir / ʿAbd al-Baqi numbering	heading in the layer's own text		
urn:hadith:0279Tirmidhi.Sunan:1982	1982	2016	Shakir / ʿAbd al-Baqi numbering	heading in the layer's own text		
urn:hadith:0279Tirmidhi.Sunan:1983	1983	2017	Shakir / ʿAbd al-Baqi numbering	heading in the layer's own text		
urn:hadith:0279Tirmidhi.Sunan:1984	1984	2018	Shakir / ʿAbd al-Baqi numbering	heading in the layer's own text		
urn:hadith:0279Tirmidhi.Sunan:1985	1985	2019	Shakir / ʿAbd al-Baqi numbering	heading in the layer's own text		
urn:hadith:0279Tirmidhi.Sunan:1986	1986	2020	Shakir / ʿAbd al-Baqi numbering	heading in the layer's own text		
urn:hadith:0279Tirmidhi.Sunan:1987	1987	2021	Shakir / ʿAbd al-Baqi numbering	heading in the layer's own text		
urn:hadith:0279Tirmidhi.Sunan:1988	1988	2022	Shakir / ʿAbd al-Baqi numbering	heading in the layer's own text		
urn:hadith:0279Tirmidhi.Sunan:1989	1989	2023	Shakir / ʿAbd al-Baqi numbering	heading in the layer's own text		
urn:hadith:0279Tirmidhi.Sunan:1990	1990	2024	Shakir / ʿAbd al-Baqi numbering	heading in the layer's own text		
urn:hadith:0279Tirmidhi.Sunan:1991	1991	2025	Shakir / ʿAbd al-Baqi numbering	heading in the layer's own text		
urn:hadith:0279Tirmidhi.Sunan:1992	1992	2026	Shakir / ʿAbd al-Baqi numbering	heading in the layer's own text		
urn:hadith:0279Tirmidhi.Sunan:1993	1993	2027	Shakir / ʿAbd al-Baqi numbering	heading in the layer's own text		
urn:hadith:0279Tirmidhi.Sunan:1994	1994	2028	Shakir / ʿAbd al-Baqi numbering	heading in the layer's own text		
urn:hadith:0279Tirmidhi.Sunan:1995	1995	2029	Shakir / ʿAbd al-Baqi numbering	heading in the layer's own text		
urn:hadith:0279Tirmidhi.Sunan:1996	1996	2030	Shakir / ʿAbd al-Baqi numbering	heading in the layer's own text		
urn:hadith:0279Tirmidhi.Sunan:1997	1997	2031	Shakir / ʿAbd al-Baqi numbering	heading in the layer's own text		
urn:hadith:0279Tirmidhi.Sunan:1998	1998	2032	Shakir / ʿAbd al-Baqi numbering	heading in the layer's own text		
urn:hadith:0279Tirmidhi.Sunan:1999	1999	2033	Shakir / ʿAbd al-Baqi numbering	heading in the layer's own text		
urn:hadith:0279Tirmidhi.Sunan:2000	2000	2034	Shakir / ʿAbd al-Baqi numbering	heading in the layer's own text		
urn:hadith:0279Tirmidhi.Sunan:2001	2001	2035	Shakir / ʿAbd al-Baqi numbering	heading in the layer's own text		
urn:hadith:0279Tirmidhi.Sunan:2002	2002	2036	Shakir / ʿAbd al-Baqi numbering	heading in the layer's own text		
urn:hadith:0279Tirmidhi.Sunan:2003	2003	2037	Shakir / ʿAbd al-Baqi numbering	heading in the layer's own text		
urn:hadith:0279Tirmidhi.Sunan:2004	2004	2038	Shakir / ʿAbd al-Baqi numbering	heading in the layer's own text		
urn:hadith:0279Tirmidhi.Sunan:2005	2005	2039	Shakir / ʿAbd al-Baqi numbering	heading in the layer's own text		
urn:hadith:0279Tirmidhi.Sunan:2006	2006	2040	Shakir / ʿAbd al-Baqi numbering	heading in the layer's own text		
urn:hadith:0279Tirmidhi.Sunan:2007	2007	2041	Shakir / ʿAbd al-Baqi numbering	heading in the layer's own text		
urn:hadith:0279Tirmidhi.Sunan:2008	2008	2042	Shakir / ʿAbd al-Baqi numbering	heading in the layer's own text		
urn:hadith:0279Tirmidhi.Sunan:2009	2009	2043	Shakir / ʿAbd al-Baqi numbering	heading in the layer's own text		
urn:hadith:0279Tirmidhi.Sunan:2010	2010	2044	Shakir / ʿAbd al-Baqi numbering	heading in the layer's own text		
urn:hadith:0279Tirmidhi.Sunan:2011	2011	2045	Shakir / ʿAbd al-Baqi numbering	heading in the layer's own text		
urn:hadith:0279Tirmidhi.Sunan:2012	2012	2046	Shakir / ʿAbd al-Baqi numbering	heading in the layer's own text		
urn:hadith:0279Tirmidhi.Sunan:2013	2013	2047	Shakir / ʿAbd al-Baqi numbering	heading in the layer's own text		
urn:hadith:0279Tirmidhi.Sunan:2014	2014	2048	Shakir / ʿAbd al-Baqi numbering	heading in the layer's own text		
urn:hadith:0279Tirmidhi.Sunan:2015	2015	2049	Shakir / ʿAbd al-Baqi numbering	heading in the layer's own text		
urn:hadith:0279Tirmidhi.Sunan:2016	2016	2050	Shakir / ʿAbd al-Baqi numbering	heading in the layer's own text		
urn:hadith:0279Tirmidhi.Sunan:2017	2017	2051	Shakir / ʿAbd al-Baqi numbering	heading in the layer's own text		
urn:hadith:0279Tirmidhi.Sunan:2018	2018	2052	Shakir / ʿAbd al-Baqi numbering	heading in the layer's own text		
urn:hadith:0279Tirmidhi.Sunan:2019	2019	2053	Shakir / ʿAbd al-Baqi numbering	heading in the layer's own text		
urn:hadith:0279Tirmidhi.Sunan:2020	2020	2054	Shakir / ʿAbd al-Baqi numbering	heading in the layer's own text		
urn:hadith:0279Tirmidhi.Sunan:2021	2021	2055	Shakir / ʿAbd al-Baqi numbering	heading in the layer's own text		
urn:hadith:0279Tirmidhi.Sunan:2022	2022	2056	Shakir / ʿAbd al-Baqi numbering	heading in the layer's own text		
urn:hadith:0279Tirmidhi.Sunan:2023	2023	2057	Shakir / ʿAbd al-Baqi numbering	heading in the layer's own text		
urn:hadith:0279Tirmidhi.Sunan:2024	2024	2058	Shakir / ʿAbd al-Baqi numbering	heading in the layer's own text		
urn:hadith:0279Tirmidhi.Sunan:2025	2025	2059	Shakir / ʿAbd al-Baqi numbering	heading in the layer's own text		
urn:hadith:0279Tirmidhi.Sunan:2026	2026	2060	Shakir / ʿAbd al-Baqi numbering	heading in the layer's own text		
urn:hadith:0279Tirmidhi.Sunan:2027	2027	2061	Shakir / ʿAbd al-Baqi numbering	heading in the layer's own text		
urn:hadith:0279Tirmidhi.Sunan:2028	2028	2062	Shakir / ʿAbd al-Baqi numbering	heading in the layer's own text		
urn:hadith:0279Tirmidhi.Sunan:2029	2029	2063	Shakir / ʿAbd al-Baqi numbering	heading in the layer's own text		
urn:hadith:0279Tirmidhi.Sunan:2030	2030	2064	Shakir / ʿAbd al-Baqi numbering	heading in the layer's own text		
urn:hadith:0279Tirmidhi.Sunan:2031	2031	2065	Shakir / ʿAbd al-Baqi numbering	heading in the layer's own text		
urn:hadith:0279Tirmidhi.Sunan:2032	2032	2066	Shakir / ʿAbd al-Baqi numbering	heading in the layer's own text		
urn:hadith:0279Tirmidhi.Sunan:2033	2033	2067	Shakir / ʿAbd al-Baqi numbering	heading in the layer's own text		
urn:hadith:0279Tirmidhi.Sunan:2034	2034	2068	Shakir / ʿAbd al-Baqi numbering	heading in the layer's own text		
urn:hadith:0279Tirmidhi.Sunan:2035	2035	2069	Shakir / ʿAbd al-Baqi numbering	heading in the layer's own text		
urn:hadith:0279Tirmidhi.Sunan:2036	2036	2070	Shakir / ʿAbd al-Baqi numbering	heading in the layer's own text		
urn:hadith:0279Tirmidhi.Sunan:2037	2037	2071	Shakir / ʿAbd al-Baqi numbering	heading in the layer's own text		
urn:hadith:0279Tirmidhi.Sunan:2038	2038	2072	Shakir / ʿAbd al-Baqi numbering	heading in the layer's own text		
urn:hadith:0279Tirmidhi.Sunan:2039	2039	2073	Shakir / ʿAbd al-Baqi numbering	heading in the layer's own text		
urn:hadith:0279Tirmidhi.Sunan:2040	2040	2074	Shakir / ʿAbd al-Baqi numbering	heading in the layer's own text		
urn:hadith:0279Tirmidhi.Sunan:2041	2041	2075	Shakir / ʿAbd al-Baqi numbering	heading in the layer's own text		
urn:hadith:0279Tirmidhi.Sunan:2042	2042	2076	Shakir / ʿAbd al-Baqi numbering	heading in the layer's own text		
urn:hadith:0279Tirmidhi.Sunan:2043	2043	2077	Shakir / ʿAbd al-Baqi numbering	heading in the layer's own text		
urn:hadith:0279Tirmidhi.Sunan:2044	2044	2078	Shakir / ʿAbd al-Baqi numbering	heading in the layer's own text		
urn:hadith:0279Tirmidhi.Sunan:2045	2045	2079	Shakir / ʿAbd al-Baqi numbering	heading in the layer's own text		
urn:hadith:0279Tirmidhi.Sunan:2046	2046	2080	Shakir / ʿAbd al-Baqi numbering	heading in the layer's own text		
urn:hadith:0279Tirmidhi.Sunan:2047	2047	2081	Shakir / ʿAbd al-Baqi numbering	heading in the layer's own text		
urn:hadith:0279Tirmidhi.Sunan:2048	2048	2082	Shakir / ʿAbd al-Baqi numbering	heading in the layer's own text		
urn:hadith:0279Tirmidhi.Sunan:2049	2049	2083	Shakir / ʿAbd al-Baqi numbering	heading in the layer's own text		
urn:hadith:0279Tirmidhi.Sunan:2050	2050	2084	Shakir / ʿAbd al-Baqi numbering	heading in the layer's own text		
urn:hadith:0279Tirmidhi.Sunan:2051	2051	2085	Shakir / ʿAbd al-Baqi numbering	heading in the layer's own text		
urn:hadith:0279Tirmidhi.Sunan:2052	2052	2086	Shakir / ʿAbd al-Baqi numbering	heading in the layer's own text		
urn:hadith:0279Tirmidhi.Sunan:2053	2053	2087	Shakir / ʿAbd al-Baqi numbering	heading in the layer's own text		
urn:hadith:0279Tirmidhi.Sunan:2054	2054	2088	Shakir / ʿAbd al-Baqi numbering	heading in the layer's own text		
urn:hadith:0279Tirmidhi.Sunan:2055	2055	2089	Shakir / ʿAbd al-Baqi numbering	heading in the layer's own text		
urn:hadith:0279Tirmidhi.Sunan:2056	2056	2090	Shakir / ʿAbd al-Baqi numbering	heading in the layer's own text		
urn:hadith:0279Tirmidhi.Sunan:2057	2057	2091	Shakir / ʿAbd al-Baqi numbering	heading in the layer's own text		
urn:hadith:0279Tirmidhi.Sunan:2058	2058	2092	Shakir / ʿAbd al-Baqi numbering	heading in the layer's own text		
urn:hadith:0279Tirmidhi.Sunan:2059	2059	2093	Shakir / ʿAbd al-Baqi numbering	heading in the layer's own text		
urn:hadith:0279Tirmidhi.Sunan:2060	2060	2094	Shakir / ʿAbd al-Baqi numbering	heading in the layer's own text		
urn:hadith:0279Tirmidhi.Sunan:2061	2061	2095	Shakir / ʿAbd al-Baqi numbering	heading in the layer's own text		
urn:hadith:0279Tirmidhi.Sunan:2062	2062	2096	Shakir / ʿAbd al-Baqi numbering	heading in the layer's own text		
urn:hadith:0279Tirmidhi.Sunan:2063	2063	2097	Shakir / ʿAbd al-Baqi numbering	heading in the layer's own text		
urn:hadith:0279Tirmidhi.Sunan:2064	2064	2098	Shakir / ʿAbd al-Baqi numbering	heading in the layer's own text		
urn:hadith:0279Tirmidhi.Sunan:2065	2065	2099	Shakir / ʿAbd al-Baqi numbering	heading in the layer's own text		
urn:hadith:0279Tirmidhi.Sunan:2066	2066	2100	Shakir / ʿAbd al-Baqi numbering	heading in the layer's own text		
urn:hadith:0279Tirmidhi.Sunan:2067	2067	2101	Shakir / ʿAbd al-Baqi numbering	heading in the layer's own text		
urn:hadith:0279Tirmidhi.Sunan:2068	2068	2102	Shakir / ʿAbd al-Baqi numbering	heading in the layer's own text		
urn:hadith:0279Tirmidhi.Sunan:2069	2069	2103	Shakir / ʿAbd al-Baqi numbering	heading in the layer's own text		
urn:hadith:0279Tirmidhi.Sunan:2070	2070	2104	Shakir / ʿAbd al-Baqi numbering	heading in the layer's own text		
urn:hadith:0279Tirmidhi.Sunan:2071	2071	2105	Shakir / ʿAbd al-Baqi numbering	heading in the layer's own text		
urn:hadith:0279Tirmidhi.Sunan:2072	2072	2106	Shakir / ʿAbd al-Baqi numbering	heading in the layer's own text		
urn:hadith:0279Tirmidhi.Sunan:2073	2073	2107	Shakir / ʿAbd al-Baqi numbering	heading in the layer's own text		
urn:hadith:0279Tirmidhi.Sunan:2074	2074	2108	Shakir / ʿAbd al-Baqi numbering	heading in the layer's own text		
urn:hadith:0279Tirmidhi.Sunan:2075	2075	2109	Shakir / ʿAbd al-Baqi numbering	heading in the layer's own text		
urn:hadith:0279Tirmidhi.Sunan:2076	2076	2110	Shakir / ʿAbd al-Baqi numbering	heading in the layer's own text		
urn:hadith:0279Tirmidhi.Sunan:2077	2077	2111	Shakir / ʿAbd al-Baqi numbering	heading in the layer's own text		
urn:hadith:0279Tirmidhi.Sunan:2078	2078	2112	Shakir / ʿAbd al-Baqi numbering	heading in the layer's own text		
urn:hadith:0279Tirmidhi.Sunan:2079	2079	2113	Shakir / ʿAbd al-Baqi numbering	heading in the layer's own text		
urn:hadith:0279Tirmidhi.Sunan:2080	2080	2114	Shakir / ʿAbd al-Baqi numbering	heading in the layer's own text		
urn:hadith:0279Tirmidhi.Sunan:2081	2081	2115	Shakir / ʿAbd al-Baqi numbering	heading in the layer's own text		
urn:hadith:0279Tirmidhi.Sunan:2082	2082	2116	Shakir / ʿAbd al-Baqi numbering	heading in the layer's own text		
urn:hadith:0279Tirmidhi.Sunan:2083	2083	2117	Shakir / ʿAbd al-Baqi numbering	heading in the layer's own text		
urn:hadith:0279Tirmidhi.Sunan:2084	2084	2118	Shakir / ʿAbd al-Baqi numbering	heading in the layer's own text		
urn:hadith:0279Tirmidhi.Sunan:2085	2085	2119	Shakir / ʿAbd al-Baqi numbering	heading in the layer's own text		
urn:hadith:0279Tirmidhi.Sunan:2086	2086	2120	Shakir / ʿAbd al-Baqi numbering	heading in the layer's own text		
urn:hadith:0279Tirmidhi.Sunan:2087	2087	2121	Shakir / ʿAbd al-Baqi numbering	heading in the layer's own text		
urn:hadith:0279Tirmidhi.Sunan:2088	2088	2122	Shakir / ʿAbd al-Baqi numbering	heading in the layer's own text		
urn:hadith:0279Tirmidhi.Sunan:2089	2089	2123	Shakir / ʿAbd al-Baqi numbering	heading in the layer's own text		
urn:hadith:0279Tirmidhi.Sunan:2090	2090	2124	Shakir / ʿAbd al-Baqi numbering	heading in the layer's own text		
urn:hadith:0279Tirmidhi.Sunan:2091	2091	2125	Shakir / ʿAbd al-Baqi numbering	heading in the layer's own text		
urn:hadith:0279Tirmidhi.Sunan:2092	2092	2126	Shakir / ʿAbd al-Baqi numbering	heading in the layer's own text		
urn:hadith:0279Tirmidhi.Sunan:2093	2093	2127	Shakir / ʿAbd al-Baqi numbering	heading in the layer's own text		
urn:hadith:0279Tirmidhi.Sunan:2094	2094	2128	Shakir / ʿAbd al-Baqi numbering	heading in the layer's own text		
urn:hadith:0279Tirmidhi.Sunan:2095	2095	2129	Shakir / ʿAbd al-Baqi numbering	heading in the layer's own text		
urn:hadith:0279Tirmidhi.Sunan:2096	2096	2130	Shakir / ʿAbd al-Baqi numbering	heading in the layer's own text		
urn:hadith:0279Tirmidhi.Sunan:2097	2097	2131	Shakir / ʿAbd al-Baqi numbering	heading in the layer's own text		
urn:hadith:0279Tirmidhi.Sunan:2098	2098	2132	Shakir / ʿAbd al-Baqi numbering	heading in the layer's own text		
urn:hadith:0279Tirmidhi.Sunan:2099	2099	2133	Shakir / ʿAbd al-Baqi numbering	heading in the layer's own text		
urn:hadith:0279Tirmidhi.Sunan:2100	2100	2134	Shakir / ʿAbd al-Baqi numbering	heading in the layer's own text		
urn:hadith:0279Tirmidhi.Sunan:2101	2101	2135	Shakir / ʿAbd al-Baqi numbering	heading in the layer's own text		
urn:hadith:0279Tirmidhi.Sunan:2102	2102	2136	Shakir / ʿAbd al-Baqi numbering	heading in the layer's own text		
urn:hadith:0279Tirmidhi.Sunan:2103	2103	2137	Shakir / ʿAbd al-Baqi numbering	heading in the layer's own text		
urn:hadith:0279Tirmidhi.Sunan:2104	2104	2138	Shakir / ʿAbd al-Baqi numbering	heading in the layer's own text		
urn:hadith:0279Tirmidhi.Sunan:2105	2105	2139	Shakir / ʿAbd al-Baqi numbering	heading in the layer's own text		
urn:hadith:0279Tirmidhi.Sunan:2106	2106	2140	Shakir / ʿAbd al-Baqi numbering	heading in the layer's own text		
urn:hadith:0279Tirmidhi.Sunan:2107	2107	2141	Shakir / ʿAbd al-Baqi numbering	heading in the layer's own text		
urn:hadith:0279Tirmidhi.Sunan:2108	2108	2142	Shakir / ʿAbd al-Baqi numbering	heading in the layer's own text		
urn:hadith:0279Tirmidhi.Sunan:2109	2109	2143	Shakir / ʿAbd al-Baqi numbering	heading in the layer's own text		
urn:hadith:0279Tirmidhi.Sunan:2110	2110	2144	Shakir / ʿAbd al-Baqi numbering	heading in the layer's own text		
urn:hadith:0279Tirmidhi.Sunan:2111	2111	2145	Shakir / ʿAbd al-Baqi numbering	heading in the layer's own text		
urn:hadith:0279Tirmidhi.Sunan:2112	2112	2146	Shakir / ʿAbd al-Baqi numbering	heading in the layer's own text		
urn:hadith:0279Tirmidhi.Sunan:2113	2113	2147	Shakir / ʿAbd al-Baqi numbering	heading in the layer's own text		
urn:hadith:0279Tirmidhi.Sunan:2114	2114	2148	Shakir / ʿAbd al-Baqi numbering	heading in the layer's own text		
urn:hadith:0279Tirmidhi.Sunan:2115	2115	2149	Shakir / ʿAbd al-Baqi numbering	heading in the layer's own text		
urn:hadith:0279Tirmidhi.Sunan:2116	2116	2150	Shakir / ʿAbd al-Baqi numbering	heading in the layer's own text		
urn:hadith:0279Tirmidhi.Sunan:2117	2117	2151	Shakir / ʿAbd al-Baqi numbering	heading in the layer's own text		
urn:hadith:0279Tirmidhi.Sunan:2118	2118	2152	Shakir / ʿAbd al-Baqi numbering	heading in the layer's own text		
urn:hadith:0279Tirmidhi.Sunan:2119	2119	2153	Shakir / ʿAbd al-Baqi numbering	heading in the layer's own text		
urn:hadith:0279Tirmidhi.Sunan:2120	2120	2154	Shakir / ʿAbd al-Baqi numbering	heading in the layer's own text		
urn:hadith:0279Tirmidhi.Sunan:2121	2121	2155	Shakir / ʿAbd al-Baqi numbering	heading in the layer's own text		
urn:hadith:0279Tirmidhi.Sunan:2122	2122	2156	Shakir / ʿAbd al-Baqi numbering	heading in the layer's own text		
urn:hadith:0279Tirmidhi.Sunan:2123	2123	2157	Shakir / ʿAbd al-Baqi numbering	heading in the layer's own text		
urn:hadith:0279Tirmidhi.Sunan:2124	2124	2158	Shakir / ʿAbd al-Baqi numbering	heading in the layer's own text		
urn:hadith:0279Tirmidhi.Sunan:2125	2125	2159	Shakir / ʿAbd al-Baqi numbering	heading in the layer's own text		
urn:hadith:0279Tirmidhi.Sunan:2126	2126	2160	Shakir / ʿAbd al-Baqi numbering	heading in the layer's own text		
urn:hadith:0279Tirmidhi.Sunan:2127	2127	2161	Shakir / ʿAbd al-Baqi numbering	heading in the layer's own text		
urn:hadith:0279Tirmidhi.Sunan:2128	2128	2162	Shakir / ʿAbd al-Baqi numbering	heading in the layer's own text		
urn:hadith:0279Tirmidhi.Sunan:2129	2129	2163	Shakir / ʿAbd al-Baqi numbering	heading in the layer's own text		
urn:hadith:0279Tirmidhi.Sunan:2130	2130	2164	Shakir / ʿAbd al-Baqi numbering	heading in the layer's own text		
urn:hadith:0279Tirmidhi.Sunan:2131	2131	2165	Shakir / ʿAbd al-Baqi numbering	heading in the layer's own text		
urn:hadith:0279Tirmidhi.Sunan:2132	2132	2166	Shakir / ʿAbd al-Baqi numbering	heading in the layer's own text		
urn:hadith:0279Tirmidhi.Sunan:2133	2133	2167	Shakir / ʿAbd al-Baqi numbering	heading in the layer's own text		
urn:hadith:0279Tirmidhi.Sunan:2134	2134	2168	Shakir / ʿAbd al-Baqi numbering	heading in the layer's own text		
urn:hadith:0279Tirmidhi.Sunan:2135	2135	2169	Shakir / ʿAbd al-Baqi numbering	heading in the layer's own text		
urn:hadith:0279Tirmidhi.Sunan:2136	2136	2170	Shakir / ʿAbd al-Baqi numbering	heading in the layer's own text		
urn:hadith:0279Tirmidhi.Sunan:2137	2137	2171	Shakir / ʿAbd al-Baqi numbering	heading in the layer's own text		
urn:hadith:0279Tirmidhi.Sunan:2138	2138	2172	Shakir / ʿAbd al-Baqi numbering	heading in the layer's own text		
urn:hadith:0279Tirmidhi.Sunan:2139	2139	2173	Shakir / ʿAbd al-Baqi numbering	heading in the layer's own text		
urn:hadith:0279Tirmidhi.Sunan:2140	2140	2174	Shakir / ʿAbd al-Baqi numbering	heading in the layer's own text		
urn:hadith:0279Tirmidhi.Sunan:2141	2141	2175	Shakir / ʿAbd al-Baqi numbering	heading in the layer's own text		
urn:hadith:0279Tirmidhi.Sunan:2142	2142	2176	Shakir / ʿAbd al-Baqi numbering	heading in the layer's own text		
urn:hadith:0279Tirmidhi.Sunan:2143	2143	2177	Shakir / ʿAbd al-Baqi numbering	heading in the layer's own text		
urn:hadith:0279Tirmidhi.Sunan:2144	2144	2178	Shakir / ʿAbd al-Baqi numbering	heading in the layer's own text		
urn:hadith:0279Tirmidhi.Sunan:2145	2145	2179	Shakir / ʿAbd al-Baqi numbering	heading in the layer's own text		
urn:hadith:0279Tirmidhi.Sunan:2146	2146	2180	Shakir / ʿAbd al-Baqi numbering	heading in the layer's own text		
urn:hadith:0279Tirmidhi.Sunan:2147	2147	2181	Shakir / ʿAbd al-Baqi numbering	heading in the layer's own text		
urn:hadith:0279Tirmidhi.Sunan:2148	2148	2182	Shakir / ʿAbd al-Baqi numbering	heading in the layer's own text		
urn:hadith:0279Tirmidhi.Sunan:2149	2149	2183	Shakir / ʿAbd al-Baqi numbering	heading in the layer's own text		
urn:hadith:0279Tirmidhi.Sunan:2150	2150	2184	Shakir / ʿAbd al-Baqi numbering	heading in the layer's own text		
urn:hadith:0279Tirmidhi.Sunan:2151	2151	2185	Shakir / ʿAbd al-Baqi numbering	heading in the layer's own text		
urn:hadith:0279Tirmidhi.Sunan:2152	2152	2186	Shakir / ʿAbd al-Baqi numbering	heading in the layer's own text		
urn:hadith:0279Tirmidhi.Sunan:2153	2153	2187	Shakir / ʿAbd al-Baqi numbering	heading in the layer's own text		
urn:hadith:0279Tirmidhi.Sunan:2154	2154	2188	Shakir / ʿAbd al-Baqi numbering	heading in the layer's own text		
urn:hadith:0279Tirmidhi.Sunan:2155	2155	2189	Shakir / ʿAbd al-Baqi numbering	heading in the layer's own text		
urn:hadith:0279Tirmidhi.Sunan:2156	2156	2190	Shakir / ʿAbd al-Baqi numbering	heading in the layer's own text		
urn:hadith:0279Tirmidhi.Sunan:2157	2157	2191	Shakir / ʿAbd al-Baqi numbering	heading in the layer's own text		
urn:hadith:0279Tirmidhi.Sunan:2158	2158	2192	Shakir / ʿAbd al-Baqi numbering	heading in the layer's own text		
urn:hadith:0279Tirmidhi.Sunan:2159	2159	2193	Shakir / ʿAbd al-Baqi numbering	heading in the layer's own text		
urn:hadith:0279Tirmidhi.Sunan:2160	2160	2194	Shakir / ʿAbd al-Baqi numbering	heading in the layer's own text		
urn:hadith:0279Tirmidhi.Sunan:2161	2161	2195	Shakir / ʿAbd al-Baqi numbering	heading in the layer's own text		
urn:hadith:0279Tirmidhi.Sunan:2162	2162	2196	Shakir / ʿAbd al-Baqi numbering	heading in the layer's own text		
urn:hadith:0279Tirmidhi.Sunan:2163	2163	2197	Shakir / ʿAbd al-Baqi numbering	heading in the layer's own text		
urn:hadith:0279Tirmidhi.Sunan:2164	2164	2198	Shakir / ʿAbd al-Baqi numbering	heading in the layer's own text		
urn:hadith:0279Tirmidhi.Sunan:2165	2165	2199	Shakir / ʿAbd al-Baqi numbering	heading in the layer's own text		
urn:hadith:0279Tirmidhi.Sunan:2166	2166	2200	Shakir / ʿAbd al-Baqi numbering	heading in the layer's own text		
urn:hadith:0279Tirmidhi.Sunan:2167	2167	2201	Shakir / ʿAbd al-Baqi numbering	heading in the layer's own text		
urn:hadith:0279Tirmidhi.Sunan:2168	2168	2202	Shakir / ʿAbd al-Baqi numbering	heading in the layer's own text		
urn:hadith:0279Tirmidhi.Sunan:2169	2169	2203	Shakir / ʿAbd al-Baqi numbering	heading in the layer's own text		
urn:hadith:0279Tirmidhi.Sunan:2170	2170	2204	Shakir / ʿAbd al-Baqi numbering	heading in the layer's own text		
urn:hadith:0279Tirmidhi.Sunan:2171	2171	2205	Shakir / ʿAbd al-Baqi numbering	heading in the layer's own text		
urn:hadith:0279Tirmidhi.Sunan:2172	2172	2206	Shakir / ʿAbd al-Baqi numbering	heading in the layer's own text		
urn:hadith:0279Tirmidhi.Sunan:2173	2173	2207	Shakir / ʿAbd al-Baqi numbering	heading in the layer's own text		
urn:hadith:0279Tirmidhi.Sunan:2174	2174	2208	Shakir / ʿAbd al-Baqi numbering	heading in the layer's own text		
urn:hadith:0279Tirmidhi.Sunan:2175	2175	2209	Shakir / ʿAbd al-Baqi numbering	heading in the layer's own text		
urn:hadith:0279Tirmidhi.Sunan:2176	2176	2210	Shakir / ʿAbd al-Baqi numbering	heading in the layer's own text		
urn:hadith:0279Tirmidhi.Sunan:2177	2177	2211	Shakir / ʿAbd al-Baqi numbering	heading in the layer's own text		
urn:hadith:0279Tirmidhi.Sunan:2178	2178	2212	Shakir / ʿAbd al-Baqi numbering	heading in the layer's own text		
urn:hadith:0279Tirmidhi.Sunan:2179	2179	2213	Shakir / ʿAbd al-Baqi numbering	heading in the layer's own text		
urn:hadith:0279Tirmidhi.Sunan:2180	2180	2214	Shakir / ʿAbd al-Baqi numbering	heading in the layer's own text		
urn:hadith:0279Tirmidhi.Sunan:2181	2181	2215	Shakir / ʿAbd al-Baqi numbering	heading in the layer's own text		
urn:hadith:0279Tirmidhi.Sunan:2182	2182	2216	Shakir / ʿAbd al-Baqi numbering	heading in the layer's own text		
urn:hadith:0279Tirmidhi.Sunan:2183	2183	2217	Shakir / ʿAbd al-Baqi numbering	heading in the layer's own text		
urn:hadith:0279Tirmidhi.Sunan:2184	2184	2218	Shakir / ʿAbd al-Baqi numbering	heading in the layer's own text		
urn:hadith:0279Tirmidhi.Sunan:2185	2185	2219	Shakir / ʿAbd al-Baqi numbering	heading in the layer's own text		
urn:hadith:0279Tirmidhi.Sunan:2186	2186	2220	Shakir / ʿAbd al-Baqi numbering	heading in the layer's own text		
urn:hadith:0279Tirmidhi.Sunan:2187	2187	2221	Shakir / ʿAbd al-Baqi numbering	heading in the layer's own text		
urn:hadith:0279Tirmidhi.Sunan:2188	2188	2222	Shakir / ʿAbd al-Baqi numbering	heading in the layer's own text		
urn:hadith:0279Tirmidhi.Sunan:2189	2189	2223	Shakir / ʿAbd al-Baqi numbering	heading in the layer's own text		
urn:hadith:0279Tirmidhi.Sunan:2190	2190	2224	Shakir / ʿAbd al-Baqi numbering	heading in the layer's own text		
urn:hadith:0279Tirmidhi.Sunan:2191	2191	2225	Shakir / ʿAbd al-Baqi numbering	heading in the layer's own text		
urn:hadith:0279Tirmidhi.Sunan:2192	2192	2226	Shakir / ʿAbd al-Baqi numbering	heading in the layer's own text		
urn:hadith:0279Tirmidhi.Sunan:2193	2193	2227	Shakir / ʿAbd al-Baqi numbering	heading in the layer's own text		
urn:hadith:0279Tirmidhi.Sunan:2194	2194	2228	Shakir / ʿAbd al-Baqi numbering	heading in the layer's own text		
urn:hadith:0279Tirmidhi.Sunan:2195	2195	2229	Shakir / ʿAbd al-Baqi numbering	heading in the layer's own text		
urn:hadith:0279Tirmidhi.Sunan:2196	2196	2230	Shakir / ʿAbd al-Baqi numbering	heading in the layer's own text		
urn:hadith:0279Tirmidhi.Sunan:2197	2197	2231	Shakir / ʿAbd al-Baqi numbering	heading in the layer's own text		
urn:hadith:0279Tirmidhi.Sunan:2198	2198	2232	Shakir / ʿAbd al-Baqi numbering	heading in the layer's own text		
urn:hadith:0279Tirmidhi.Sunan:2199	2199	2233	Shakir / ʿAbd al-Baqi numbering	heading in the layer's own text		
urn:hadith:0279Tirmidhi.Sunan:2200	2200	2234	Shakir / ʿAbd al-Baqi numbering	heading in the layer's own text		
urn:hadith:0279Tirmidhi.Sunan:2201	2201	2235	Shakir / ʿAbd al-Baqi numbering	heading in the layer's own text		
urn:hadith:0279Tirmidhi.Sunan:2202	2202	2236	Shakir / ʿAbd al-Baqi numbering	heading in the layer's own text		
urn:hadith:0279Tirmidhi.Sunan:2203	2203	2237	Shakir / ʿAbd al-Baqi numbering	heading in the layer's own text		
urn:hadith:0279Tirmidhi.Sunan:2204	2204	2238	Shakir / ʿAbd al-Baqi numbering	heading in the layer's own text		
urn:hadith:0279Tirmidhi.Sunan:2205	2205	2239	Shakir / ʿAbd al-Baqi numbering	heading in the layer's own text		
urn:hadith:0279Tirmidhi.Sunan:2206	2206	2240	Shakir / ʿAbd al-Baqi numbering	heading in the layer's own text		
urn:hadith:0279Tirmidhi.Sunan:2207	2207	2241	Shakir / ʿAbd al-Baqi numbering	heading in the layer's own text		
urn:hadith:0279Tirmidhi.Sunan:2208	2208	2242	Shakir / ʿAbd al-Baqi numbering	heading in the layer's own text		
urn:hadith:0279Tirmidhi.Sunan:2209	2209	2243	Shakir / ʿAbd al-Baqi numbering	heading in the layer's own text		
urn:hadith:0279Tirmidhi.Sunan:2210	2210	2244	Shakir / ʿAbd al-Baqi numbering	heading in the layer's own text		
urn:hadith:0279Tirmidhi.Sunan:2211	2211	2245	Shakir / ʿAbd al-Baqi numbering	heading in the layer's own text		
urn:hadith:0279Tirmidhi.Sunan:2212	2212	2246	Shakir / ʿAbd al-Baqi numbering	heading in the layer's own text		
urn:hadith:0279Tirmidhi.Sunan:2213	2213	2247	Shakir / ʿAbd al-Baqi numbering	heading in the layer's own text		
urn:hadith:0279Tirmidhi.Sunan:2214	2214	2248	Shakir / ʿAbd al-Baqi numbering	heading in the layer's own text		
urn:hadith:0279Tirmidhi.Sunan:2215	2215	2249	Shakir / ʿAbd al-Baqi numbering	heading in the layer's own text		
urn:hadith:0279Tirmidhi.Sunan:2216	2216	2250	Shakir / ʿAbd al-Baqi numbering	heading in the layer's own text		
urn:hadith:0279Tirmidhi.Sunan:2217	2217	2251	Shakir / ʿAbd al-Baqi numbering	heading in the layer's own text		
urn:hadith:0279Tirmidhi.Sunan:2218	2218	2252	Shakir / ʿAbd al-Baqi numbering	heading in the layer's own text		
urn:hadith:0279Tirmidhi.Sunan:2219	2219	2253	Shakir / ʿAbd al-Baqi numbering	heading in the layer's own text		
urn:hadith:0279Tirmidhi.Sunan:2220	2220	2254	Shakir / ʿAbd al-Baqi numbering	heading in the layer's own text		
urn:hadith:0279Tirmidhi.Sunan:2221	2221	2255	Shakir / ʿAbd al-Baqi numbering	heading in the layer's own text		
urn:hadith:0279Tirmidhi.Sunan:2222	2222	2256	Shakir / ʿAbd al-Baqi numbering	heading in the layer's own text		
urn:hadith:0279Tirmidhi.Sunan:2223	2223	2257	Shakir / ʿAbd al-Baqi numbering	heading in the layer's own text		
urn:hadith:0279Tirmidhi.Sunan:2224	2224	2258	Shakir / ʿAbd al-Baqi numbering	heading in the layer's own text		
urn:hadith:0279Tirmidhi.Sunan:2225	2225	2259	Shakir / ʿAbd al-Baqi numbering	heading in the layer's own text		
urn:hadith:0279Tirmidhi.Sunan:2226	2226	2260	Shakir / ʿAbd al-Baqi numbering	heading in the layer's own text		
urn:hadith:0279Tirmidhi.Sunan:2227	2227	2261	Shakir / ʿAbd al-Baqi numbering	heading in the layer's own text		
urn:hadith:0279Tirmidhi.Sunan:2228	2228	2262	Shakir / ʿAbd al-Baqi numbering	heading in the layer's own text		
urn:hadith:0279Tirmidhi.Sunan:2229	2229	2263	Shakir / ʿAbd al-Baqi numbering	heading in the layer's own text		
urn:hadith:0279Tirmidhi.Sunan:2230	2230	2264	Shakir / ʿAbd al-Baqi numbering	heading in the layer's own text		
urn:hadith:0279Tirmidhi.Sunan:2231	2231	2265	Shakir / ʿAbd al-Baqi numbering	heading in the layer's own text		
urn:hadith:0279Tirmidhi.Sunan:2232	2232	2266	Shakir / ʿAbd al-Baqi numbering	heading in the layer's own text		
urn:hadith:0279Tirmidhi.Sunan:2233	2233	2267	Shakir / ʿAbd al-Baqi numbering	heading in the layer's own text		
urn:hadith:0279Tirmidhi.Sunan:2234	2234	2268	Shakir / ʿAbd al-Baqi numbering	heading in the layer's own text		
urn:hadith:0279Tirmidhi.Sunan:2235	2235	2269	Shakir / ʿAbd al-Baqi numbering	heading in the layer's own text		
urn:hadith:0279Tirmidhi.Sunan:2236	2236	2270	Shakir / ʿAbd al-Baqi numbering	heading in the layer's own text		
urn:hadith:0279Tirmidhi.Sunan:2237	2237	2271	Shakir / ʿAbd al-Baqi numbering	heading in the layer's own text		
urn:hadith:0279Tirmidhi.Sunan:2238	2238	2272	Shakir / ʿAbd al-Baqi numbering	heading in the layer's own text		
urn:hadith:0279Tirmidhi.Sunan:2239	2239	2273	Shakir / ʿAbd al-Baqi numbering	heading in the layer's own text		
urn:hadith:0279Tirmidhi.Sunan:2240	2240	2274	Shakir / ʿAbd al-Baqi numbering	heading in the layer's own text		
urn:hadith:0279Tirmidhi.Sunan:2241	2241	2275	Shakir / ʿAbd al-Baqi numbering	heading in the layer's own text		
urn:hadith:0279Tirmidhi.Sunan:2242	2242	2276	Shakir / ʿAbd al-Baqi numbering	heading in the layer's own text		
urn:hadith:0279Tirmidhi.Sunan:2243	2243	2277	Shakir / ʿAbd al-Baqi numbering	heading in the layer's own text		
urn:hadith:0279Tirmidhi.Sunan:2244	2244	2278	Shakir / ʿAbd al-Baqi numbering	heading in the layer's own text		
urn:hadith:0279Tirmidhi.Sunan:2245	2245	2279	Shakir / ʿAbd al-Baqi numbering	heading in the layer's own text		
urn:hadith:0279Tirmidhi.Sunan:2246	2246	2280	Shakir / ʿAbd al-Baqi numbering	heading in the layer's own text		
urn:hadith:0279Tirmidhi.Sunan:2247	2247	2281	Shakir / ʿAbd al-Baqi numbering	heading in the layer's own text		
urn:hadith:0279Tirmidhi.Sunan:2248	2248	2282	Shakir / ʿAbd al-Baqi numbering	heading in the layer's own text		
urn:hadith:0279Tirmidhi.Sunan:2249	2249	2283	Shakir / ʿAbd al-Baqi numbering	heading in the layer's own text		
urn:hadith:0279Tirmidhi.Sunan:2250	2250	2284	Shakir / ʿAbd al-Baqi numbering	heading in the layer's own text		
urn:hadith:0279Tirmidhi.Sunan:2251	2251	2285	Shakir / ʿAbd al-Baqi numbering	heading in the layer's own text		
urn:hadith:0279Tirmidhi.Sunan:2252	2252	2286	Shakir / ʿAbd al-Baqi numbering	heading in the layer's own text		
urn:hadith:0279Tirmidhi.Sunan:2253	2253	2287	Shakir / ʿAbd al-Baqi numbering	heading in the layer's own text		
urn:hadith:0279Tirmidhi.Sunan:2254	2254	2288	Shakir / ʿAbd al-Baqi numbering	heading in the layer's own text		
urn:hadith:0279Tirmidhi.Sunan:2255	2255	2289	Shakir / ʿAbd al-Baqi numbering	heading in the layer's own text		
urn:hadith:0279Tirmidhi.Sunan:2256	2256	2290	Shakir / ʿAbd al-Baqi numbering	heading in the layer's own text		
urn:hadith:0279Tirmidhi.Sunan:2257	2257	2291	Shakir / ʿAbd al-Baqi numbering	heading in the layer's own text		
urn:hadith:0279Tirmidhi.Sunan:2258	2258	2292	Shakir / ʿAbd al-Baqi numbering	heading in the layer's own text		
urn:hadith:0279Tirmidhi.Sunan:2259	2259	2293	Shakir / ʿAbd al-Baqi numbering	heading in the layer's own text		
urn:hadith:0279Tirmidhi.Sunan:2260	2260	2294	Shakir / ʿAbd al-Baqi numbering	heading in the layer's own text		
urn:hadith:0279Tirmidhi.Sunan:2261	2261	2295	Shakir / ʿAbd al-Baqi numbering	heading in the layer's own text		
urn:hadith:0279Tirmidhi.Sunan:2262	2262	2296	Shakir / ʿAbd al-Baqi numbering	heading in the layer's own text		
urn:hadith:0279Tirmidhi.Sunan:2263	2263	2297	Shakir / ʿAbd al-Baqi numbering	heading in the layer's own text		
urn:hadith:0279Tirmidhi.Sunan:2264	2264	2298	Shakir / ʿAbd al-Baqi numbering	heading in the layer's own text		
urn:hadith:0279Tirmidhi.Sunan:2265	2265	2299	Shakir / ʿAbd al-Baqi numbering	heading in the layer's own text		
urn:hadith:0279Tirmidhi.Sunan:2266	2266	2300	Shakir / ʿAbd al-Baqi numbering	heading in the layer's own text		
urn:hadith:0279Tirmidhi.Sunan:2267	2267	2301	Shakir / ʿAbd al-Baqi numbering	heading in the layer's own text		
urn:hadith:0279Tirmidhi.Sunan:2268	2268	2302	Shakir / ʿAbd al-Baqi numbering	heading in the layer's own text		
urn:hadith:0279Tirmidhi.Sunan:2269	2269	2303	Shakir / ʿAbd al-Baqi numbering	heading in the layer's own text		
urn:hadith:0279Tirmidhi.Sunan:2270	2270	2304	Shakir / ʿAbd al-Baqi numbering	heading in the layer's own text		
urn:hadith:0279Tirmidhi.Sunan:2271	2271	2305	Shakir / ʿAbd al-Baqi numbering	heading in the layer's own text		
urn:hadith:0279Tirmidhi.Sunan:2272	2272	2306	Shakir / ʿAbd al-Baqi numbering	heading in the layer's own text		
urn:hadith:0279Tirmidhi.Sunan:2273	2273	2307	Shakir / ʿAbd al-Baqi numbering	heading in the layer's own text		
urn:hadith:0279Tirmidhi.Sunan:2274	2274	2308	Shakir / ʿAbd al-Baqi numbering	heading in the layer's own text		
urn:hadith:0279Tirmidhi.Sunan:2275	2275	2309	Shakir / ʿAbd al-Baqi numbering	heading in the layer's own text		
urn:hadith:0279Tirmidhi.Sunan:2276	2276	2310	Shakir / ʿAbd al-Baqi numbering	heading in the layer's own text		
urn:hadith:0279Tirmidhi.Sunan:2277	2277	2311	Shakir / ʿAbd al-Baqi numbering	heading in the layer's own text		
urn:hadith:0279Tirmidhi.Sunan:2278	2278	2312	Shakir / ʿAbd al-Baqi numbering	heading in the layer's own text		
urn:hadith:0279Tirmidhi.Sunan:2279	2279	2313	Shakir / ʿAbd al-Baqi numbering	heading in the layer's own text		
urn:hadith:0279Tirmidhi.Sunan:2280	2280	2314	Shakir / ʿAbd al-Baqi numbering	heading in the layer's own text		
urn:hadith:0279Tirmidhi.Sunan:2281	2281	2315	Shakir / ʿAbd al-Baqi numbering	heading in the layer's own text		
urn:hadith:0279Tirmidhi.Sunan:2282	2282	2316	Shakir / ʿAbd al-Baqi numbering	heading in the layer's own text		
urn:hadith:0279Tirmidhi.Sunan:2283	2283	2317	Shakir / ʿAbd al-Baqi numbering	heading in the layer's own text		
urn:hadith:0279Tirmidhi.Sunan:2284	2284	2318	Shakir / ʿAbd al-Baqi numbering	heading in the layer's own text		
urn:hadith:0279Tirmidhi.Sunan:2285	2285	2319	Shakir / ʿAbd al-Baqi numbering	heading in the layer's own text		
urn:hadith:0279Tirmidhi.Sunan:2286	2286	2320	Shakir / ʿAbd al-Baqi numbering	heading in the layer's own text		
urn:hadith:0279Tirmidhi.Sunan:2287	2287	2321	Shakir / ʿAbd al-Baqi numbering	heading in the layer's own text		
urn:hadith:0279Tirmidhi.Sunan:2288	2288	2322	Shakir / ʿAbd al-Baqi numbering	heading in the layer's own text		
urn:hadith:0279Tirmidhi.Sunan:2289	2289	2323	Shakir / ʿAbd al-Baqi numbering	heading in the layer's own text		
urn:hadith:0279Tirmidhi.Sunan:2290	2290	2324	Shakir / ʿAbd al-Baqi numbering	heading in the layer's own text		
urn:hadith:0279Tirmidhi.Sunan:2291	2291	2325	Shakir / ʿAbd al-Baqi numbering	heading in the layer's own text		
urn:hadith:0279Tirmidhi.Sunan:2292	2292	2326	Shakir / ʿAbd al-Baqi numbering	heading in the layer's own text		
urn:hadith:0279Tirmidhi.Sunan:2293	2293	2327	Shakir / ʿAbd al-Baqi numbering	heading in the layer's own text		
urn:hadith:0279Tirmidhi.Sunan:2294	2294	2328	Shakir / ʿAbd al-Baqi numbering	heading in the layer's own text		
urn:hadith:0279Tirmidhi.Sunan:2295	2295	2329	Shakir / ʿAbd al-Baqi numbering	heading in the layer's own text		
urn:hadith:0279Tirmidhi.Sunan:2296	2296	2330	Shakir / ʿAbd al-Baqi numbering	heading in the layer's own text		
urn:hadith:0279Tirmidhi.Sunan:2297	2297	2331	Shakir / ʿAbd al-Baqi numbering	heading in the layer's own text		
urn:hadith:0279Tirmidhi.Sunan:2298	2298	2332	Shakir / ʿAbd al-Baqi numbering	heading in the layer's own text		
urn:hadith:0279Tirmidhi.Sunan:2299	2299	2333	Shakir / ʿAbd al-Baqi numbering	heading in the layer's own text		
urn:hadith:0279Tirmidhi.Sunan:2300	2300	2334	Shakir / ʿAbd al-Baqi numbering	heading in the layer's own text		
urn:hadith:0279Tirmidhi.Sunan:2301	2301	2335	Shakir / ʿAbd al-Baqi numbering	heading in the layer's own text		
urn:hadith:0279Tirmidhi.Sunan:2302	2302	2336	Shakir / ʿAbd al-Baqi numbering	heading in the layer's own text		
urn:hadith:0279Tirmidhi.Sunan:2303	2303	2337	Shakir / ʿAbd al-Baqi numbering	heading in the layer's own text		
urn:hadith:0279Tirmidhi.Sunan:2304	2304	2338	Shakir / ʿAbd al-Baqi numbering	heading in the layer's own text		
urn:hadith:0279Tirmidhi.Sunan:2305	2305	2339	Shakir / ʿAbd al-Baqi numbering	heading in the layer's own text		
urn:hadith:0279Tirmidhi.Sunan:2306	2306	2340	Shakir / ʿAbd al-Baqi numbering	heading in the layer's own text		
urn:hadith:0279Tirmidhi.Sunan:2307	2307	2341	Shakir / ʿAbd al-Baqi numbering	heading in the layer's own text		
urn:hadith:0279Tirmidhi.Sunan:2308	2308	2342	Shakir / ʿAbd al-Baqi numbering	heading in the layer's own text		
urn:hadith:0279Tirmidhi.Sunan:2309	2309	2343	Shakir / ʿAbd al-Baqi numbering	heading in the layer's own text		
urn:hadith:0279Tirmidhi.Sunan:2310	2310	2344	Shakir / ʿAbd al-Baqi numbering	heading in the layer's own text		
urn:hadith:0279Tirmidhi.Sunan:2311	2311	2345	Shakir / ʿAbd al-Baqi numbering	heading in the layer's own text		
urn:hadith:0279Tirmidhi.Sunan:2312	2312	2346	Shakir / ʿAbd al-Baqi numbering	heading in the layer's own text		
urn:hadith:0279Tirmidhi.Sunan:2313	2313	2347	Shakir / ʿAbd al-Baqi numbering	heading in the layer's own text		
urn:hadith:0279Tirmidhi.Sunan:2314	2314	2348	Shakir / ʿAbd al-Baqi numbering	heading in the layer's own text		
urn:hadith:0279Tirmidhi.Sunan:2315	2315	2349	Shakir / ʿAbd al-Baqi numbering	heading in the layer's own text		
urn:hadith:0279Tirmidhi.Sunan:2316	2316	2350	Shakir / ʿAbd al-Baqi numbering	heading in the layer's own text		
urn:hadith:0279Tirmidhi.Sunan:2317	2317	2351	Shakir / ʿAbd al-Baqi numbering	heading in the layer's own text		
urn:hadith:0279Tirmidhi.Sunan:2318	2318	2352	Shakir / ʿAbd al-Baqi numbering	heading in the layer's own text		
urn:hadith:0279Tirmidhi.Sunan:2319	2319	2353	Shakir / ʿAbd al-Baqi numbering	heading in the layer's own text		
urn:hadith:0279Tirmidhi.Sunan:2320	2320	2354	Shakir / ʿAbd al-Baqi numbering	heading in the layer's own text		
urn:hadith:0279Tirmidhi.Sunan:2321	2321	2355	Shakir / ʿAbd al-Baqi numbering	heading in the layer's own text		
urn:hadith:0279Tirmidhi.Sunan:2322	2322	2356	Shakir / ʿAbd al-Baqi numbering	heading in the layer's own text		
urn:hadith:0279Tirmidhi.Sunan:2323	2323	2357	Shakir / ʿAbd al-Baqi numbering	heading in the layer's own text		
urn:hadith:0279Tirmidhi.Sunan:2324	2324	2358	Shakir / ʿAbd al-Baqi numbering	heading in the layer's own text		
urn:hadith:0279Tirmidhi.Sunan:2325	2325	2359	Shakir / ʿAbd al-Baqi numbering	heading in the layer's own text		
urn:hadith:0279Tirmidhi.Sunan:2326	2326	2360	Shakir / ʿAbd al-Baqi numbering	heading in the layer's own text		
urn:hadith:0279Tirmidhi.Sunan:2327	2327	2361	Shakir / ʿAbd al-Baqi numbering	heading in the layer's own text		
urn:hadith:0279Tirmidhi.Sunan:2328	2328	2362	Shakir / ʿAbd al-Baqi numbering	heading in the layer's own text		
urn:hadith:0279Tirmidhi.Sunan:2329	2329	2363	Shakir / ʿAbd al-Baqi numbering	heading in the layer's own text		
urn:hadith:0279Tirmidhi.Sunan:2330	2330	2364	Shakir / ʿAbd al-Baqi numbering	heading in the layer's own text		
urn:hadith:0279Tirmidhi.Sunan:2331	2331	2365	Shakir / ʿAbd al-Baqi numbering	heading in the layer's own text		
urn:hadith:0279Tirmidhi.Sunan:2332	2332	2366	Shakir / ʿAbd al-Baqi numbering	heading in the layer's own text		
urn:hadith:0279Tirmidhi.Sunan:2333	2333	2367	Shakir / ʿAbd al-Baqi numbering	heading in the layer's own text		
urn:hadith:0279Tirmidhi.Sunan:2334	2334	2368	Shakir / ʿAbd al-Baqi numbering	heading in the layer's own text		
urn:hadith:0279Tirmidhi.Sunan:2335	2335	2369	Shakir / ʿAbd al-Baqi numbering	heading in the layer's own text		
urn:hadith:0279Tirmidhi.Sunan:2336	2336	2370	Shakir / ʿAbd al-Baqi numbering	heading in the layer's own text		
urn:hadith:0279Tirmidhi.Sunan:2337	2337	2371	Shakir / ʿAbd al-Baqi numbering	heading in the layer's own text		
urn:hadith:0279Tirmidhi.Sunan:2338	2338	2372	Shakir / ʿAbd al-Baqi numbering	heading in the layer's own text		
urn:hadith:0279Tirmidhi.Sunan:2339	2339	2373	Shakir / ʿAbd al-Baqi numbering	heading in the layer's own text		
urn:hadith:0279Tirmidhi.Sunan:2340	2340	2374	Shakir / ʿAbd al-Baqi numbering	heading in the layer's own text		
urn:hadith:0279Tirmidhi.Sunan:2341	2341	2375	Shakir / ʿAbd al-Baqi numbering	heading in the layer's own text		
urn:hadith:0279Tirmidhi.Sunan:2342	2342	2376	Shakir / ʿAbd al-Baqi numbering	heading in the layer's own text		
urn:hadith:0279Tirmidhi.Sunan:2343	2343	2377	Shakir / ʿAbd al-Baqi numbering	heading in the layer's own text		
urn:hadith:0279Tirmidhi.Sunan:2344	2344	2378	Shakir / ʿAbd al-Baqi numbering	heading in the layer's own text		
urn:hadith:0279Tirmidhi.Sunan:2345	2345	2379	Shakir / ʿAbd al-Baqi numbering	heading in the layer's own text		
urn:hadith:0279Tirmidhi.Sunan:2346	2346	2380	Shakir / ʿAbd al-Baqi numbering	heading in the layer's own text		
urn:hadith:0279Tirmidhi.Sunan:2347	2347	2381	Shakir / ʿAbd al-Baqi numbering	heading in the layer's own text		
urn:hadith:0279Tirmidhi.Sunan:2348	2348	2382	Shakir / ʿAbd al-Baqi numbering	heading in the layer's own text		
urn:hadith:0279Tirmidhi.Sunan:2349	2349	2383	Shakir / ʿAbd al-Baqi numbering	heading in the layer's own text		
urn:hadith:0279Tirmidhi.Sunan:2350	2350	2384	Shakir / ʿAbd al-Baqi numbering	heading in the layer's own text		
urn:hadith:0279Tirmidhi.Sunan:2351	2351	2385	Shakir / ʿAbd al-Baqi numbering	heading in the layer's own text		
urn:hadith:0279Tirmidhi.Sunan:2352	2352	2386	Shakir / ʿAbd al-Baqi numbering	heading in the layer's own text		
urn:hadith:0279Tirmidhi.Sunan:2353	2353	2387	Shakir / ʿAbd al-Baqi numbering	heading in the layer's own text		
urn:hadith:0279Tirmidhi.Sunan:2354	2354	2388	Shakir / ʿAbd al-Baqi numbering	heading in the layer's own text		
urn:hadith:0279Tirmidhi.Sunan:2355	2355	2389	Shakir / ʿAbd al-Baqi numbering	heading in the layer's own text		
urn:hadith:0279Tirmidhi.Sunan:2356	2356	2390	Shakir / ʿAbd al-Baqi numbering	heading in the layer's own text		
urn:hadith:0279Tirmidhi.Sunan:2357	2357	2391	Shakir / ʿAbd al-Baqi numbering	heading in the layer's own text		
urn:hadith:0279Tirmidhi.Sunan:2358	2358	2392	Shakir / ʿAbd al-Baqi numbering	heading in the layer's own text		
urn:hadith:0279Tirmidhi.Sunan:2360	2360	2394	Shakir / ʿAbd al-Baqi numbering	heading in the layer's own text		
urn:hadith:0279Tirmidhi.Sunan:2361	2361	2395	Shakir / ʿAbd al-Baqi numbering	heading in the layer's own text		
urn:hadith:0279Tirmidhi.Sunan:2362	2362	2396	Shakir / ʿAbd al-Baqi numbering	heading in the layer's own text		
urn:hadith:0279Tirmidhi.Sunan:2363	2363	2397	Shakir / ʿAbd al-Baqi numbering	heading in the layer's own text		
urn:hadith:0279Tirmidhi.Sunan:2364	2364	2398	Shakir / ʿAbd al-Baqi numbering	heading in the layer's own text		
urn:hadith:0279Tirmidhi.Sunan:2365	2365	2399	Shakir / ʿAbd al-Baqi numbering	heading in the layer's own text		
urn:hadith:0279Tirmidhi.Sunan:2366	2366	2400	Shakir / ʿAbd al-Baqi numbering	heading in the layer's own text		
urn:hadith:0279Tirmidhi.Sunan:2367	2367	2401	Shakir / ʿAbd al-Baqi numbering	heading in the layer's own text		
urn:hadith:0279Tirmidhi.Sunan:2368	2368	2402	Shakir / ʿAbd al-Baqi numbering	heading in the layer's own text		
urn:hadith:0279Tirmidhi.Sunan:2369	2369	2403	Shakir / ʿAbd al-Baqi numbering	heading in the layer's own text		
urn:hadith:0279Tirmidhi.Sunan:2370	2370	2404	Shakir / ʿAbd al-Baqi numbering	heading in the layer's own text		
urn:hadith:0279Tirmidhi.Sunan:2371	2371	2405	Shakir / ʿAbd al-Baqi numbering	heading in the layer's own text		
urn:hadith:0279Tirmidhi.Sunan:2372	2372	2406	Shakir / ʿAbd al-Baqi numbering	heading in the layer's own text		
urn:hadith:0279Tirmidhi.Sunan:2373	2373	2407	Shakir / ʿAbd al-Baqi numbering	heading in the layer's own text		
urn:hadith:0279Tirmidhi.Sunan:2374	2374	2408	Shakir / ʿAbd al-Baqi numbering	heading in the layer's own text		
urn:hadith:0279Tirmidhi.Sunan:2375	2375	2409	Shakir / ʿAbd al-Baqi numbering	heading in the layer's own text		
urn:hadith:0279Tirmidhi.Sunan:2376	2376	2410	Shakir / ʿAbd al-Baqi numbering	heading in the layer's own text		
urn:hadith:0279Tirmidhi.Sunan:2377	2377	2411	Shakir / ʿAbd al-Baqi numbering	heading in the layer's own text		
urn:hadith:0279Tirmidhi.Sunan:2378	2378	2412	Shakir / ʿAbd al-Baqi numbering	heading in the layer's own text		
urn:hadith:0279Tirmidhi.Sunan:2379	2379	2413	Shakir / ʿAbd al-Baqi numbering	heading in the layer's own text		
urn:hadith:0279Tirmidhi.Sunan:2380	2380	2414	Shakir / ʿAbd al-Baqi numbering	heading in the layer's own text		
urn:hadith:0279Tirmidhi.Sunan:2381	2381	2415	Shakir / ʿAbd al-Baqi numbering	heading in the layer's own text		
urn:hadith:0279Tirmidhi.Sunan:2382	2382	2416	Shakir / ʿAbd al-Baqi numbering	heading in the layer's own text		
urn:hadith:0279Tirmidhi.Sunan:2383	2383	2417	Shakir / ʿAbd al-Baqi numbering	heading in the layer's own text		
urn:hadith:0279Tirmidhi.Sunan:2384	2384	2418	Shakir / ʿAbd al-Baqi numbering	heading in the layer's own text		
urn:hadith:0279Tirmidhi.Sunan:2385	2385	2419	Shakir / ʿAbd al-Baqi numbering	heading in the layer's own text		
urn:hadith:0279Tirmidhi.Sunan:2386	2386	2420	Shakir / ʿAbd al-Baqi numbering	heading in the layer's own text		
urn:hadith:0279Tirmidhi.Sunan:2387	2387	2421	Shakir / ʿAbd al-Baqi numbering	heading in the layer's own text		
urn:hadith:0279Tirmidhi.Sunan:2388	2388	2422	Shakir / ʿAbd al-Baqi numbering	heading in the layer's own text		
urn:hadith:0279Tirmidhi.Sunan:2389	2389	2423	Shakir / ʿAbd al-Baqi numbering	heading in the layer's own text		
urn:hadith:0279Tirmidhi.Sunan:2390	2390	2424	Shakir / ʿAbd al-Baqi numbering	heading in the layer's own text		
urn:hadith:0279Tirmidhi.Sunan:2391	2391	2425	Shakir / ʿAbd al-Baqi numbering	heading in the layer's own text		
urn:hadith:0279Tirmidhi.Sunan:2392	2392	2426	Shakir / ʿAbd al-Baqi numbering	heading in the layer's own text		
urn:hadith:0279Tirmidhi.Sunan:2393	2393	2427	Shakir / ʿAbd al-Baqi numbering	heading in the layer's own text		
urn:hadith:0279Tirmidhi.Sunan:2394	2394	2428	Shakir / ʿAbd al-Baqi numbering	heading in the layer's own text		
urn:hadith:0279Tirmidhi.Sunan:2395	2395	2429	Shakir / ʿAbd al-Baqi numbering	heading in the layer's own text		
urn:hadith:0279Tirmidhi.Sunan:2396	2396	2430	Shakir / ʿAbd al-Baqi numbering	heading in the layer's own text		
urn:hadith:0279Tirmidhi.Sunan:2397	2397	2431	Shakir / ʿAbd al-Baqi numbering	heading in the layer's own text		
urn:hadith:0279Tirmidhi.Sunan:2398	2398	2432	Shakir / ʿAbd al-Baqi numbering	heading in the layer's own text		
urn:hadith:0279Tirmidhi.Sunan:2399	2399	2433	Shakir / ʿAbd al-Baqi numbering	heading in the layer's own text		
urn:hadith:0279Tirmidhi.Sunan:2400	2400	2434	Shakir / ʿAbd al-Baqi numbering	heading in the layer's own text		
urn:hadith:0279Tirmidhi.Sunan:2401	2401	2435	Shakir / ʿAbd al-Baqi numbering	heading in the layer's own text		
urn:hadith:0279Tirmidhi.Sunan:2402	2402	2436	Shakir / ʿAbd al-Baqi numbering	heading in the layer's own text		
urn:hadith:0279Tirmidhi.Sunan:2403	2403	2437	Shakir / ʿAbd al-Baqi numbering	heading in the layer's own text		
urn:hadith:0279Tirmidhi.Sunan:2404	2404	2438	Shakir / ʿAbd al-Baqi numbering	heading in the layer's own text		
urn:hadith:0279Tirmidhi.Sunan:2405	2405	2439	Shakir / ʿAbd al-Baqi numbering	heading in the layer's own text		
urn:hadith:0279Tirmidhi.Sunan:2406	2406	2440	Shakir / ʿAbd al-Baqi numbering	heading in the layer's own text		
urn:hadith:0279Tirmidhi.Sunan:2407	2407	2441	Shakir / ʿAbd al-Baqi numbering	heading in the layer's own text		
urn:hadith:0279Tirmidhi.Sunan:2408	2408	2442	Shakir / ʿAbd al-Baqi numbering	heading in the layer's own text		
urn:hadith:0279Tirmidhi.Sunan:2409	2409	2443	Shakir / ʿAbd al-Baqi numbering	heading in the layer's own text		
urn:hadith:0279Tirmidhi.Sunan:2410	2410	2444	Shakir / ʿAbd al-Baqi numbering	heading in the layer's own text		
urn:hadith:0279Tirmidhi.Sunan:2411	2411	2445	Shakir / ʿAbd al-Baqi numbering	heading in the layer's own text		
urn:hadith:0279Tirmidhi.Sunan:2412	2412	2446	Shakir / ʿAbd al-Baqi numbering	heading in the layer's own text		
urn:hadith:0279Tirmidhi.Sunan:2413	2413	2447	Shakir / ʿAbd al-Baqi numbering	heading in the layer's own text		
urn:hadith:0279Tirmidhi.Sunan:2414	2414	2448	Shakir / ʿAbd al-Baqi numbering	heading in the layer's own text		
urn:hadith:0279Tirmidhi.Sunan:2415	2415	2449	Shakir / ʿAbd al-Baqi numbering	heading in the layer's own text		
urn:hadith:0279Tirmidhi.Sunan:2416	2416	2450	Shakir / ʿAbd al-Baqi numbering	heading in the layer's own text		
urn:hadith:0279Tirmidhi.Sunan:2417	2417	2451	Shakir / ʿAbd al-Baqi numbering	heading in the layer's own text		
urn:hadith:0279Tirmidhi.Sunan:2418	2418	2452	Shakir / ʿAbd al-Baqi numbering	heading in the layer's own text		
urn:hadith:0279Tirmidhi.Sunan:2419	2419	2453	Shakir / ʿAbd al-Baqi numbering	heading in the layer's own text		
urn:hadith:0279Tirmidhi.Sunan:2420	2420	2454	Shakir / ʿAbd al-Baqi numbering	heading in the layer's own text		
urn:hadith:0279Tirmidhi.Sunan:2421	2421	2455	Shakir / ʿAbd al-Baqi numbering	heading in the layer's own text		
urn:hadith:0279Tirmidhi.Sunan:2422	2422	2456	Shakir / ʿAbd al-Baqi numbering	heading in the layer's own text		
urn:hadith:0279Tirmidhi.Sunan:2423	2423	2457	Shakir / ʿAbd al-Baqi numbering	heading in the layer's own text		
urn:hadith:0279Tirmidhi.Sunan:2424	2424	2458	Shakir / ʿAbd al-Baqi numbering	heading in the layer's own text		
urn:hadith:0279Tirmidhi.Sunan:2425	2425	2459	Shakir / ʿAbd al-Baqi numbering	heading in the layer's own text		
urn:hadith:0279Tirmidhi.Sunan:2426	2426	2460	Shakir / ʿAbd al-Baqi numbering	heading in the layer's own text		
urn:hadith:0279Tirmidhi.Sunan:2427	2427	2461	Shakir / ʿAbd al-Baqi numbering	heading in the layer's own text		
urn:hadith:0279Tirmidhi.Sunan:2428	2428	2462	Shakir / ʿAbd al-Baqi numbering	heading in the layer's own text		
urn:hadith:0279Tirmidhi.Sunan:2429	2429	2463	Shakir / ʿAbd al-Baqi numbering	heading in the layer's own text		
urn:hadith:0279Tirmidhi.Sunan:2430	2430	2464	Shakir / ʿAbd al-Baqi numbering	heading in the layer's own text		
urn:hadith:0279Tirmidhi.Sunan:2431	2431	2465	Shakir / ʿAbd al-Baqi numbering	heading in the layer's own text		
urn:hadith:0279Tirmidhi.Sunan:2432	2432	2466	Shakir / ʿAbd al-Baqi numbering	heading in the layer's own text		
urn:hadith:0279Tirmidhi.Sunan:2433	2433	2467	Shakir / ʿAbd al-Baqi numbering	heading in the layer's own text		
urn:hadith:0279Tirmidhi.Sunan:2434	2434	2468	Shakir / ʿAbd al-Baqi numbering	heading in the layer's own text		
urn:hadith:0279Tirmidhi.Sunan:2435	2435	2469	Shakir / ʿAbd al-Baqi numbering	heading in the layer's own text		
urn:hadith:0279Tirmidhi.Sunan:2436	2436	2470	Shakir / ʿAbd al-Baqi numbering	heading in the layer's own text		
urn:hadith:0279Tirmidhi.Sunan:2437	2437	2471	Shakir / ʿAbd al-Baqi numbering	heading in the layer's own text		
urn:hadith:0279Tirmidhi.Sunan:2438	2438	2472	Shakir / ʿAbd al-Baqi numbering	heading in the layer's own text		
urn:hadith:0279Tirmidhi.Sunan:2439	2439	2473	Shakir / ʿAbd al-Baqi numbering	heading in the layer's own text		
urn:hadith:0279Tirmidhi.Sunan:2440	2440	2474	Shakir / ʿAbd al-Baqi numbering	heading in the layer's own text		
urn:hadith:0279Tirmidhi.Sunan:2441	2441	2475	Shakir / ʿAbd al-Baqi numbering	heading in the layer's own text		
urn:hadith:0279Tirmidhi.Sunan:2442	2442	2476	Shakir / ʿAbd al-Baqi numbering	heading in the layer's own text		
urn:hadith:0279Tirmidhi.Sunan:2443	2443	2477	Shakir / ʿAbd al-Baqi numbering	heading in the layer's own text		
urn:hadith:0279Tirmidhi.Sunan:2444	2444	2478	Shakir / ʿAbd al-Baqi numbering	heading in the layer's own text		
urn:hadith:0279Tirmidhi.Sunan:2445	2445	2479	Shakir / ʿAbd al-Baqi numbering	heading in the layer's own text		
urn:hadith:0279Tirmidhi.Sunan:2446	2446	2480	Shakir / ʿAbd al-Baqi numbering	heading in the layer's own text		
urn:hadith:0279Tirmidhi.Sunan:2447	2447	2481	Shakir / ʿAbd al-Baqi numbering	heading in the layer's own text		
urn:hadith:0279Tirmidhi.Sunan:2448	2448	2482	Shakir / ʿAbd al-Baqi numbering	heading in the layer's own text		
urn:hadith:0279Tirmidhi.Sunan:2449	2449	2483	Shakir / ʿAbd al-Baqi numbering	heading in the layer's own text		
urn:hadith:0279Tirmidhi.Sunan:2450	2450	2484	Shakir / ʿAbd al-Baqi numbering	heading in the layer's own text		
urn:hadith:0279Tirmidhi.Sunan:2451	2451	2485	Shakir / ʿAbd al-Baqi numbering	heading in the layer's own text		
urn:hadith:0279Tirmidhi.Sunan:2452	2452	2486	Shakir / ʿAbd al-Baqi numbering	heading in the layer's own text		
urn:hadith:0279Tirmidhi.Sunan:2453	2453	2487	Shakir / ʿAbd al-Baqi numbering	heading in the layer's own text		
urn:hadith:0279Tirmidhi.Sunan:2454	2454	2488	Shakir / ʿAbd al-Baqi numbering	heading in the layer's own text		
urn:hadith:0279Tirmidhi.Sunan:2455	2455	2489	Shakir / ʿAbd al-Baqi numbering	heading in the layer's own text		
urn:hadith:0279Tirmidhi.Sunan:2456	2456	2490	Shakir / ʿAbd al-Baqi numbering	heading in the layer's own text		
urn:hadith:0279Tirmidhi.Sunan:2457	2457	2491	Shakir / ʿAbd al-Baqi numbering	heading in the layer's own text		
urn:hadith:0279Tirmidhi.Sunan:2458	2458	2492	Shakir / ʿAbd al-Baqi numbering	heading in the layer's own text		
urn:hadith:0279Tirmidhi.Sunan:2459	2459	2493	Shakir / ʿAbd al-Baqi numbering	heading in the layer's own text		
urn:hadith:0279Tirmidhi.Sunan:2460	2460	2494	Shakir / ʿAbd al-Baqi numbering	heading in the layer's own text		
urn:hadith:0279Tirmidhi.Sunan:2461	2461	2495	Shakir / ʿAbd al-Baqi numbering	heading in the layer's own text		
urn:hadith:0279Tirmidhi.Sunan:2462	2462	2496	Shakir / ʿAbd al-Baqi numbering	heading in the layer's own text		
urn:hadith:0279Tirmidhi.Sunan:2463	2463	2497	Shakir / ʿAbd al-Baqi numbering	heading in the layer's own text		
urn:hadith:0279Tirmidhi.Sunan:2464	2464	2499	Shakir / ʿAbd al-Baqi numbering	heading in the layer's own text		
urn:hadith:0279Tirmidhi.Sunan:2465	2465	2500	Shakir / ʿAbd al-Baqi numbering	heading in the layer's own text		
urn:hadith:0279Tirmidhi.Sunan:2466	2466	2501	Shakir / ʿAbd al-Baqi numbering	heading in the layer's own text		
urn:hadith:0279Tirmidhi.Sunan:2467	2467	2502	Shakir / ʿAbd al-Baqi numbering	heading in the layer's own text		
urn:hadith:0279Tirmidhi.Sunan:2468	2468	2503	Shakir / ʿAbd al-Baqi numbering	heading in the layer's own text		
urn:hadith:0279Tirmidhi.Sunan:2469	2469	2504	Shakir / ʿAbd al-Baqi numbering	heading in the layer's own text		
urn:hadith:0279Tirmidhi.Sunan:2470	2470	2505	Shakir / ʿAbd al-Baqi numbering	heading in the layer's own text		
urn:hadith:0279Tirmidhi.Sunan:2471	2471	2506	Shakir / ʿAbd al-Baqi numbering	heading in the layer's own text		
urn:hadith:0279Tirmidhi.Sunan:2472	2472	2507	Shakir / ʿAbd al-Baqi numbering	heading in the layer's own text		
urn:hadith:0279Tirmidhi.Sunan:2473	2473	2508	Shakir / ʿAbd al-Baqi numbering	heading in the layer's own text		
urn:hadith:0279Tirmidhi.Sunan:2474	2474	2509	Shakir / ʿAbd al-Baqi numbering	heading in the layer's own text		
urn:hadith:0279Tirmidhi.Sunan:2475	2475	2510	Shakir / ʿAbd al-Baqi numbering	heading in the layer's own text		
urn:hadith:0279Tirmidhi.Sunan:2476	2476	2511	Shakir / ʿAbd al-Baqi numbering	heading in the layer's own text		
urn:hadith:0279Tirmidhi.Sunan:2477	2477	2512	Shakir / ʿAbd al-Baqi numbering	heading in the layer's own text		
urn:hadith:0279Tirmidhi.Sunan:2478	2478	2513	Shakir / ʿAbd al-Baqi numbering	heading in the layer's own text		
urn:hadith:0279Tirmidhi.Sunan:2479	2479	2514	Shakir / ʿAbd al-Baqi numbering	heading in the layer's own text		
urn:hadith:0279Tirmidhi.Sunan:2480	2480	2515	Shakir / ʿAbd al-Baqi numbering	heading in the layer's own text		
urn:hadith:0279Tirmidhi.Sunan:2481	2481	2516	Shakir / ʿAbd al-Baqi numbering	heading in the layer's own text		
urn:hadith:0279Tirmidhi.Sunan:2482	2482	2517	Shakir / ʿAbd al-Baqi numbering	heading in the layer's own text		
urn:hadith:0279Tirmidhi.Sunan:2483	2483	2518	Shakir / ʿAbd al-Baqi numbering	heading in the layer's own text		
urn:hadith:0279Tirmidhi.Sunan:2484	2484	2519	Shakir / ʿAbd al-Baqi numbering	heading in the layer's own text		
urn:hadith:0279Tirmidhi.Sunan:2485	2485	2520	Shakir / ʿAbd al-Baqi numbering	heading in the layer's own text		
urn:hadith:0279Tirmidhi.Sunan:2486	2486	2521	Shakir / ʿAbd al-Baqi numbering	heading in the layer's own text		
urn:hadith:0279Tirmidhi.Sunan:2487	2487	2522	Shakir / ʿAbd al-Baqi numbering	heading in the layer's own text		
urn:hadith:0279Tirmidhi.Sunan:2488	2488	2523	Shakir / ʿAbd al-Baqi numbering	heading in the layer's own text		
urn:hadith:0279Tirmidhi.Sunan:2489	2489	2524	Shakir / ʿAbd al-Baqi numbering	heading in the layer's own text		
urn:hadith:0279Tirmidhi.Sunan:2490	2490	2525	Shakir / ʿAbd al-Baqi numbering	heading in the layer's own text		
urn:hadith:0279Tirmidhi.Sunan:2491	2491	2526	Shakir / ʿAbd al-Baqi numbering	heading in the layer's own text		
urn:hadith:0279Tirmidhi.Sunan:2492	2492	2527	Shakir / ʿAbd al-Baqi numbering	heading in the layer's own text		
urn:hadith:0279Tirmidhi.Sunan:2493	2493	2528	Shakir / ʿAbd al-Baqi numbering	heading in the layer's own text		
urn:hadith:0279Tirmidhi.Sunan:2494	2494	2529	Shakir / ʿAbd al-Baqi numbering	heading in the layer's own text		
urn:hadith:0279Tirmidhi.Sunan:2495	2495	2530	Shakir / ʿAbd al-Baqi numbering	heading in the layer's own text		
urn:hadith:0279Tirmidhi.Sunan:2496	2496	2531	Shakir / ʿAbd al-Baqi numbering	heading in the layer's own text		
urn:hadith:0279Tirmidhi.Sunan:2497	2497	2532	Shakir / ʿAbd al-Baqi numbering	heading in the layer's own text		
urn:hadith:0279Tirmidhi.Sunan:2498	2498	2533	Shakir / ʿAbd al-Baqi numbering	heading in the layer's own text		
urn:hadith:0279Tirmidhi.Sunan:2499	2499	2534	Shakir / ʿAbd al-Baqi numbering	heading in the layer's own text		
urn:hadith:0279Tirmidhi.Sunan:2500	2500	2535	Shakir / ʿAbd al-Baqi numbering	heading in the layer's own text		
urn:hadith:0279Tirmidhi.Sunan:2501	2501	2536	Shakir / ʿAbd al-Baqi numbering	heading in the layer's own text		
urn:hadith:0279Tirmidhi.Sunan:2502	2502	2537	Shakir / ʿAbd al-Baqi numbering	heading in the layer's own text		
urn:hadith:0279Tirmidhi.Sunan:2503	2503	2538	Shakir / ʿAbd al-Baqi numbering	heading in the layer's own text		
urn:hadith:0279Tirmidhi.Sunan:2504	2504	2539	Shakir / ʿAbd al-Baqi numbering	heading in the layer's own text		
urn:hadith:0279Tirmidhi.Sunan:2505	2505	2540	Shakir / ʿAbd al-Baqi numbering	heading in the layer's own text		
urn:hadith:0279Tirmidhi.Sunan:2506	2506	2541	Shakir / ʿAbd al-Baqi numbering	heading in the layer's own text		
urn:hadith:0279Tirmidhi.Sunan:2507	2507	2542	Shakir / ʿAbd al-Baqi numbering	heading in the layer's own text		
urn:hadith:0279Tirmidhi.Sunan:2508	2508	2543	Shakir / ʿAbd al-Baqi numbering	heading in the layer's own text		
urn:hadith:0279Tirmidhi.Sunan:2509	2509	2544	Shakir / ʿAbd al-Baqi numbering	heading in the layer's own text		
urn:hadith:0279Tirmidhi.Sunan:2510	2510	2545	Shakir / ʿAbd al-Baqi numbering	heading in the layer's own text		
urn:hadith:0279Tirmidhi.Sunan:2511	2511	2546	Shakir / ʿAbd al-Baqi numbering	heading in the layer's own text		
urn:hadith:0279Tirmidhi.Sunan:2512	2512	2547	Shakir / ʿAbd al-Baqi numbering	heading in the layer's own text		
urn:hadith:0279Tirmidhi.Sunan:2513	2513	2548	Shakir / ʿAbd al-Baqi numbering	heading in the layer's own text		
urn:hadith:0279Tirmidhi.Sunan:2514	2514	2549	Shakir / ʿAbd al-Baqi numbering	heading in the layer's own text		
urn:hadith:0279Tirmidhi.Sunan:2515	2515	2550	Shakir / ʿAbd al-Baqi numbering	heading in the layer's own text		
urn:hadith:0279Tirmidhi.Sunan:2516	2516	2551	Shakir / ʿAbd al-Baqi numbering	heading in the layer's own text		
urn:hadith:0279Tirmidhi.Sunan:2517	2517	2552	Shakir / ʿAbd al-Baqi numbering	heading in the layer's own text		
urn:hadith:0279Tirmidhi.Sunan:2518	2518	2553	Shakir / ʿAbd al-Baqi numbering	heading in the layer's own text		
urn:hadith:0279Tirmidhi.Sunan:2519	2519	2554	Shakir / ʿAbd al-Baqi numbering	heading in the layer's own text		
urn:hadith:0279Tirmidhi.Sunan:2520	2520	2555	Shakir / ʿAbd al-Baqi numbering	heading in the layer's own text		
urn:hadith:0279Tirmidhi.Sunan:2521	2521	2556	Shakir / ʿAbd al-Baqi numbering	heading in the layer's own text		
urn:hadith:0279Tirmidhi.Sunan:2522	2522	2557	Shakir / ʿAbd al-Baqi numbering	heading in the layer's own text		
urn:hadith:0279Tirmidhi.Sunan:2523	2523	2558	Shakir / ʿAbd al-Baqi numbering	heading in the layer's own text		
urn:hadith:0279Tirmidhi.Sunan:2524	2524	2559	Shakir / ʿAbd al-Baqi numbering	heading in the layer's own text		
urn:hadith:0279Tirmidhi.Sunan:2525	2525	2560	Shakir / ʿAbd al-Baqi numbering	heading in the layer's own text		
urn:hadith:0279Tirmidhi.Sunan:2526	2526	2561	Shakir / ʿAbd al-Baqi numbering	heading in the layer's own text		
urn:hadith:0279Tirmidhi.Sunan:2527	2527	2562	Shakir / ʿAbd al-Baqi numbering	heading in the layer's own text		
urn:hadith:0279Tirmidhi.Sunan:2528	2528	2563	Shakir / ʿAbd al-Baqi numbering	heading in the layer's own text		
urn:hadith:0279Tirmidhi.Sunan:2529	2529	2564	Shakir / ʿAbd al-Baqi numbering	heading in the layer's own text		
urn:hadith:0279Tirmidhi.Sunan:2530	2530	2565	Shakir / ʿAbd al-Baqi numbering	heading in the layer's own text		
urn:hadith:0279Tirmidhi.Sunan:2531	2531	2566	Shakir / ʿAbd al-Baqi numbering	heading in the layer's own text		
urn:hadith:0279Tirmidhi.Sunan:2532	2532	2567	Shakir / ʿAbd al-Baqi numbering	heading in the layer's own text		
urn:hadith:0279Tirmidhi.Sunan:2533	2533	2568	Shakir / ʿAbd al-Baqi numbering	heading in the layer's own text		
urn:hadith:0279Tirmidhi.Sunan:2534	2534	2569	Shakir / ʿAbd al-Baqi numbering	heading in the layer's own text		
urn:hadith:0279Tirmidhi.Sunan:2535	2535	2570	Shakir / ʿAbd al-Baqi numbering	heading in the layer's own text		
urn:hadith:0279Tirmidhi.Sunan:2536	2536	2571	Shakir / ʿAbd al-Baqi numbering	heading in the layer's own text		
urn:hadith:0279Tirmidhi.Sunan:2537	2537	2572	Shakir / ʿAbd al-Baqi numbering	heading in the layer's own text		
urn:hadith:0279Tirmidhi.Sunan:2538	2538	2573	Shakir / ʿAbd al-Baqi numbering	heading in the layer's own text		
urn:hadith:0279Tirmidhi.Sunan:2539	2539	2574	Shakir / ʿAbd al-Baqi numbering	heading in the layer's own text		
urn:hadith:0279Tirmidhi.Sunan:2540	2540	2575	Shakir / ʿAbd al-Baqi numbering	heading in the layer's own text		
urn:hadith:0279Tirmidhi.Sunan:2541	2541	2576	Shakir / ʿAbd al-Baqi numbering	heading in the layer's own text		
urn:hadith:0279Tirmidhi.Sunan:2542	2542	2577	Shakir / ʿAbd al-Baqi numbering	heading in the layer's own text		
urn:hadith:0279Tirmidhi.Sunan:2543	2543	2578	Shakir / ʿAbd al-Baqi numbering	heading in the layer's own text		
urn:hadith:0279Tirmidhi.Sunan:2544	2544	2579	Shakir / ʿAbd al-Baqi numbering	heading in the layer's own text		
urn:hadith:0279Tirmidhi.Sunan:2545	2545	2580	Shakir / ʿAbd al-Baqi numbering	heading in the layer's own text		
urn:hadith:0279Tirmidhi.Sunan:2546	2546	2581	Shakir / ʿAbd al-Baqi numbering	heading in the layer's own text		
urn:hadith:0279Tirmidhi.Sunan:2547	2547	2582	Shakir / ʿAbd al-Baqi numbering	heading in the layer's own text		
urn:hadith:0279Tirmidhi.Sunan:2548	2548	2583	Shakir / ʿAbd al-Baqi numbering	heading in the layer's own text		
urn:hadith:0279Tirmidhi.Sunan:2549	2549	2584	Shakir / ʿAbd al-Baqi numbering	heading in the layer's own text		
urn:hadith:0279Tirmidhi.Sunan:2550	2550	2585	Shakir / ʿAbd al-Baqi numbering	heading in the layer's own text		
urn:hadith:0279Tirmidhi.Sunan:2551	2551	2586	Shakir / ʿAbd al-Baqi numbering	heading in the layer's own text		
urn:hadith:0279Tirmidhi.Sunan:2552	2552	2587	Shakir / ʿAbd al-Baqi numbering	heading in the layer's own text		
urn:hadith:0279Tirmidhi.Sunan:2553	2553	2588	Shakir / ʿAbd al-Baqi numbering	heading in the layer's own text		
urn:hadith:0279Tirmidhi.Sunan:2554	2554	2589	Shakir / ʿAbd al-Baqi numbering	heading in the layer's own text		
urn:hadith:0279Tirmidhi.Sunan:2555	2555	2590	Shakir / ʿAbd al-Baqi numbering	heading in the layer's own text		
urn:hadith:0279Tirmidhi.Sunan:2556	2556	2591	Shakir / ʿAbd al-Baqi numbering	heading in the layer's own text		
urn:hadith:0279Tirmidhi.Sunan:2557	2557	2592	Shakir / ʿAbd al-Baqi numbering	heading in the layer's own text		
urn:hadith:0279Tirmidhi.Sunan:2558	2558	2593	Shakir / ʿAbd al-Baqi numbering	heading in the layer's own text		
urn:hadith:0279Tirmidhi.Sunan:2559	2559	2594	Shakir / ʿAbd al-Baqi numbering	heading in the layer's own text		
urn:hadith:0279Tirmidhi.Sunan:2560	2560	2595	Shakir / ʿAbd al-Baqi numbering	heading in the layer's own text		
urn:hadith:0279Tirmidhi.Sunan:2561	2561	2596	Shakir / ʿAbd al-Baqi numbering	heading in the layer's own text		
urn:hadith:0279Tirmidhi.Sunan:2562	2562	2597	Shakir / ʿAbd al-Baqi numbering	heading in the layer's own text		
urn:hadith:0279Tirmidhi.Sunan:2563	2563	2598	Shakir / ʿAbd al-Baqi numbering	heading in the layer's own text		
urn:hadith:0279Tirmidhi.Sunan:2564	2564	2599	Shakir / ʿAbd al-Baqi numbering	heading in the layer's own text		
urn:hadith:0279Tirmidhi.Sunan:2565	2565	2600	Shakir / ʿAbd al-Baqi numbering	heading in the layer's own text		
urn:hadith:0279Tirmidhi.Sunan:2566	2566	2601	Shakir / ʿAbd al-Baqi numbering	heading in the layer's own text		
urn:hadith:0279Tirmidhi.Sunan:2567	2567	2602	Shakir / ʿAbd al-Baqi numbering	heading in the layer's own text		
urn:hadith:0279Tirmidhi.Sunan:2568	2568	2603	Shakir / ʿAbd al-Baqi numbering	heading in the layer's own text		
urn:hadith:0279Tirmidhi.Sunan:2569	2569	2604	Shakir / ʿAbd al-Baqi numbering	heading in the layer's own text		
urn:hadith:0279Tirmidhi.Sunan:2570	2570	2605	Shakir / ʿAbd al-Baqi numbering	heading in the layer's own text		
urn:hadith:0279Tirmidhi.Sunan:2571	2571	2606	Shakir / ʿAbd al-Baqi numbering	heading in the layer's own text		
urn:hadith:0279Tirmidhi.Sunan:2572	2572	2607	Shakir / ʿAbd al-Baqi numbering	heading in the layer's own text		
urn:hadith:0279Tirmidhi.Sunan:2573	2573	2608	Shakir / ʿAbd al-Baqi numbering	heading in the layer's own text		
urn:hadith:0279Tirmidhi.Sunan:2574	2574	2609	Shakir / ʿAbd al-Baqi numbering	heading in the layer's own text		
urn:hadith:0279Tirmidhi.Sunan:2575	2575	2610	Shakir / ʿAbd al-Baqi numbering	heading in the layer's own text		
urn:hadith:0279Tirmidhi.Sunan:2576	2576	2611	Shakir / ʿAbd al-Baqi numbering	heading in the layer's own text		
urn:hadith:0279Tirmidhi.Sunan:2577	2577	2612	Shakir / ʿAbd al-Baqi numbering	heading in the layer's own text		
urn:hadith:0279Tirmidhi.Sunan:2578	2578	2613	Shakir / ʿAbd al-Baqi numbering	heading in the layer's own text		
urn:hadith:0279Tirmidhi.Sunan:2579	2579	2614	Shakir / ʿAbd al-Baqi numbering	heading in the layer's own text		
urn:hadith:0279Tirmidhi.Sunan:2580	2580	2615	Shakir / ʿAbd al-Baqi numbering	heading in the layer's own text		
urn:hadith:0279Tirmidhi.Sunan:2581	2581	2616	Shakir / ʿAbd al-Baqi numbering	heading in the layer's own text		
urn:hadith:0279Tirmidhi.Sunan:2582	2582	2617	Shakir / ʿAbd al-Baqi numbering	heading in the layer's own text		
urn:hadith:0279Tirmidhi.Sunan:2583	2583	2618	Shakir / ʿAbd al-Baqi numbering	heading in the layer's own text		
urn:hadith:0279Tirmidhi.Sunan:2584	2584	2619	Shakir / ʿAbd al-Baqi numbering	heading in the layer's own text		
urn:hadith:0279Tirmidhi.Sunan:2585	2585	2620	Shakir / ʿAbd al-Baqi numbering	heading in the layer's own text		
urn:hadith:0279Tirmidhi.Sunan:2586	2586	2621	Shakir / ʿAbd al-Baqi numbering	heading in the layer's own text		
urn:hadith:0279Tirmidhi.Sunan:2587	2587	2622	Shakir / ʿAbd al-Baqi numbering	heading in the layer's own text		
urn:hadith:0279Tirmidhi.Sunan:2588	2588	2623	Shakir / ʿAbd al-Baqi numbering	heading in the layer's own text		
urn:hadith:0279Tirmidhi.Sunan:2589	2589	2624	Shakir / ʿAbd al-Baqi numbering	heading in the layer's own text		
urn:hadith:0279Tirmidhi.Sunan:2590	2590	2625	Shakir / ʿAbd al-Baqi numbering	heading in the layer's own text		
urn:hadith:0279Tirmidhi.Sunan:2591	2591	2626	Shakir / ʿAbd al-Baqi numbering	heading in the layer's own text		
urn:hadith:0279Tirmidhi.Sunan:2592	2592	2627	Shakir / ʿAbd al-Baqi numbering	heading in the layer's own text		
urn:hadith:0279Tirmidhi.Sunan:2593	2593	2628	Shakir / ʿAbd al-Baqi numbering	heading in the layer's own text		
urn:hadith:0279Tirmidhi.Sunan:2594	2594	2629	Shakir / ʿAbd al-Baqi numbering	heading in the layer's own text		
urn:hadith:0279Tirmidhi.Sunan:2595	2595	2630	Shakir / ʿAbd al-Baqi numbering	heading in the layer's own text		
urn:hadith:0279Tirmidhi.Sunan:2596	2596	2631	Shakir / ʿAbd al-Baqi numbering	heading in the layer's own text		
urn:hadith:0279Tirmidhi.Sunan:2597	2597	2632	Shakir / ʿAbd al-Baqi numbering	heading in the layer's own text		
urn:hadith:0279Tirmidhi.Sunan:2598	2598	2633	Shakir / ʿAbd al-Baqi numbering	heading in the layer's own text		
urn:hadith:0279Tirmidhi.Sunan:2599	2599	2634	Shakir / ʿAbd al-Baqi numbering	heading in the layer's own text		
urn:hadith:0279Tirmidhi.Sunan:2600	2600	2635	Shakir / ʿAbd al-Baqi numbering	heading in the layer's own text		
urn:hadith:0279Tirmidhi.Sunan:2601	2601	2636	Shakir / ʿAbd al-Baqi numbering	heading in the layer's own text		
urn:hadith:0279Tirmidhi.Sunan:2602	2602	2637	Shakir / ʿAbd al-Baqi numbering	heading in the layer's own text		
urn:hadith:0279Tirmidhi.Sunan:2603	2603	2638	Shakir / ʿAbd al-Baqi numbering	heading in the layer's own text		
urn:hadith:0279Tirmidhi.Sunan:2604	2604	2639	Shakir / ʿAbd al-Baqi numbering	heading in the layer's own text		
urn:hadith:0279Tirmidhi.Sunan:2605	2605	2640	Shakir / ʿAbd al-Baqi numbering	heading in the layer's own text		
urn:hadith:0279Tirmidhi.Sunan:2606	2606	2641	Shakir / ʿAbd al-Baqi numbering	heading in the layer's own text		
urn:hadith:0279Tirmidhi.Sunan:2607	2607	2642	Shakir / ʿAbd al-Baqi numbering	heading in the layer's own text		
urn:hadith:0279Tirmidhi.Sunan:2608	2608	2643	Shakir / ʿAbd al-Baqi numbering	heading in the layer's own text		
urn:hadith:0279Tirmidhi.Sunan:2609	2609	2644	Shakir / ʿAbd al-Baqi numbering	heading in the layer's own text		
urn:hadith:0279Tirmidhi.Sunan:2610	2610	2645	Shakir / ʿAbd al-Baqi numbering	heading in the layer's own text		
urn:hadith:0279Tirmidhi.Sunan:2611	2611	2646	Shakir / ʿAbd al-Baqi numbering	heading in the layer's own text		
urn:hadith:0279Tirmidhi.Sunan:2612	2612	2647	Shakir / ʿAbd al-Baqi numbering	heading in the layer's own text		
urn:hadith:0279Tirmidhi.Sunan:2613	2613	2648	Shakir / ʿAbd al-Baqi numbering	heading in the layer's own text		
urn:hadith:0279Tirmidhi.Sunan:2614	2614	2649	Shakir / ʿAbd al-Baqi numbering	heading in the layer's own text		
urn:hadith:0279Tirmidhi.Sunan:2615	2615	2650	Shakir / ʿAbd al-Baqi numbering	heading in the layer's own text		
urn:hadith:0279Tirmidhi.Sunan:2616	2616	2651	Shakir / ʿAbd al-Baqi numbering	heading in the layer's own text		
urn:hadith:0279Tirmidhi.Sunan:2617	2617	2652	Shakir / ʿAbd al-Baqi numbering	heading in the layer's own text		
urn:hadith:0279Tirmidhi.Sunan:2618	2618	2653	Shakir / ʿAbd al-Baqi numbering	heading in the layer's own text		
urn:hadith:0279Tirmidhi.Sunan:2619	2619	2654	Shakir / ʿAbd al-Baqi numbering	heading in the layer's own text		
urn:hadith:0279Tirmidhi.Sunan:2620	2620	2655	Shakir / ʿAbd al-Baqi numbering	heading in the layer's own text		
urn:hadith:0279Tirmidhi.Sunan:2621	2621	2656	Shakir / ʿAbd al-Baqi numbering	heading in the layer's own text		
urn:hadith:0279Tirmidhi.Sunan:2622	2622	2657	Shakir / ʿAbd al-Baqi numbering	heading in the layer's own text		
urn:hadith:0279Tirmidhi.Sunan:2623	2623	2658	Shakir / ʿAbd al-Baqi numbering	heading in the layer's own text		
urn:hadith:0279Tirmidhi.Sunan:2624	2624	2659	Shakir / ʿAbd al-Baqi numbering	heading in the layer's own text		
urn:hadith:0279Tirmidhi.Sunan:2625	2625	2660	Shakir / ʿAbd al-Baqi numbering	heading in the layer's own text		
urn:hadith:0279Tirmidhi.Sunan:2626	2626	2661	Shakir / ʿAbd al-Baqi numbering	heading in the layer's own text		
urn:hadith:0279Tirmidhi.Sunan:2627	2627	2662	Shakir / ʿAbd al-Baqi numbering	heading in the layer's own text		
urn:hadith:0279Tirmidhi.Sunan:2628	2628	2663	Shakir / ʿAbd al-Baqi numbering	heading in the layer's own text		
urn:hadith:0279Tirmidhi.Sunan:2629	2629	2664	Shakir / ʿAbd al-Baqi numbering	heading in the layer's own text		
urn:hadith:0279Tirmidhi.Sunan:2630	2630	2665	Shakir / ʿAbd al-Baqi numbering	heading in the layer's own text		
urn:hadith:0279Tirmidhi.Sunan:2631	2631	2666	Shakir / ʿAbd al-Baqi numbering	heading in the layer's own text		
urn:hadith:0279Tirmidhi.Sunan:2632	2632	2667	Shakir / ʿAbd al-Baqi numbering	heading in the layer's own text		
urn:hadith:0279Tirmidhi.Sunan:2633	2633	2668	Shakir / ʿAbd al-Baqi numbering	heading in the layer's own text		
urn:hadith:0279Tirmidhi.Sunan:2634	2634	2669	Shakir / ʿAbd al-Baqi numbering	heading in the layer's own text		
urn:hadith:0279Tirmidhi.Sunan:2635	2635	2670	Shakir / ʿAbd al-Baqi numbering	heading in the layer's own text		
urn:hadith:0279Tirmidhi.Sunan:2636	2636	2671	Shakir / ʿAbd al-Baqi numbering	heading in the layer's own text		
urn:hadith:0279Tirmidhi.Sunan:2637	2637	2672	Shakir / ʿAbd al-Baqi numbering	heading in the layer's own text		
urn:hadith:0279Tirmidhi.Sunan:2638	2638	2673	Shakir / ʿAbd al-Baqi numbering	heading in the layer's own text		
urn:hadith:0279Tirmidhi.Sunan:2639	2639	2674	Shakir / ʿAbd al-Baqi numbering	heading in the layer's own text		
urn:hadith:0279Tirmidhi.Sunan:2640	2640	2675	Shakir / ʿAbd al-Baqi numbering	heading in the layer's own text		
urn:hadith:0279Tirmidhi.Sunan:2641	2641	2676	Shakir / ʿAbd al-Baqi numbering	heading in the layer's own text		
urn:hadith:0279Tirmidhi.Sunan:2642	2642	2677	Shakir / ʿAbd al-Baqi numbering	heading in the layer's own text		
urn:hadith:0279Tirmidhi.Sunan:2643	2643	2678	Shakir / ʿAbd al-Baqi numbering	heading in the layer's own text		
urn:hadith:0279Tirmidhi.Sunan:2644	2644	2679	Shakir / ʿAbd al-Baqi numbering	heading in the layer's own text		
urn:hadith:0279Tirmidhi.Sunan:2645	2645	2680	Shakir / ʿAbd al-Baqi numbering	heading in the layer's own text		
urn:hadith:0279Tirmidhi.Sunan:2646	2646	2681	Shakir / ʿAbd al-Baqi numbering	heading in the layer's own text		
urn:hadith:0279Tirmidhi.Sunan:2647	2647	2682	Shakir / ʿAbd al-Baqi numbering	heading in the layer's own text		
urn:hadith:0279Tirmidhi.Sunan:2648	2648	2683	Shakir / ʿAbd al-Baqi numbering	heading in the layer's own text		
urn:hadith:0279Tirmidhi.Sunan:2649	2649	2684	Shakir / ʿAbd al-Baqi numbering	heading in the layer's own text		
urn:hadith:0279Tirmidhi.Sunan:2650	2650	2685	Shakir / ʿAbd al-Baqi numbering	heading in the layer's own text		
urn:hadith:0279Tirmidhi.Sunan:2651	2651	2686	Shakir / ʿAbd al-Baqi numbering	heading in the layer's own text		
urn:hadith:0279Tirmidhi.Sunan:2652	2652	2687	Shakir / ʿAbd al-Baqi numbering	heading in the layer's own text		
urn:hadith:0279Tirmidhi.Sunan:2653	2653	2688	Shakir / ʿAbd al-Baqi numbering	heading in the layer's own text		
urn:hadith:0279Tirmidhi.Sunan:2654	2654	2689	Shakir / ʿAbd al-Baqi numbering	heading in the layer's own text		
urn:hadith:0279Tirmidhi.Sunan:2655	2655	2690	Shakir / ʿAbd al-Baqi numbering	heading in the layer's own text		
urn:hadith:0279Tirmidhi.Sunan:2656	2656	2691	Shakir / ʿAbd al-Baqi numbering	heading in the layer's own text		
urn:hadith:0279Tirmidhi.Sunan:2657	2657	2692	Shakir / ʿAbd al-Baqi numbering	heading in the layer's own text		
urn:hadith:0279Tirmidhi.Sunan:2658	2658	2693	Shakir / ʿAbd al-Baqi numbering	heading in the layer's own text		
urn:hadith:0279Tirmidhi.Sunan:2659	2659	2694	Shakir / ʿAbd al-Baqi numbering	heading in the layer's own text		
urn:hadith:0279Tirmidhi.Sunan:2660	2660	2695	Shakir / ʿAbd al-Baqi numbering	heading in the layer's own text		
urn:hadith:0279Tirmidhi.Sunan:2661	2661	2696	Shakir / ʿAbd al-Baqi numbering	heading in the layer's own text		
urn:hadith:0279Tirmidhi.Sunan:2662	2662	2697	Shakir / ʿAbd al-Baqi numbering	heading in the layer's own text		
urn:hadith:0279Tirmidhi.Sunan:2663	2663	2698	Shakir / ʿAbd al-Baqi numbering	heading in the layer's own text		
urn:hadith:0279Tirmidhi.Sunan:2664	2664	2699	Shakir / ʿAbd al-Baqi numbering	heading in the layer's own text		
urn:hadith:0279Tirmidhi.Sunan:2665	2665	2700	Shakir / ʿAbd al-Baqi numbering	heading in the layer's own text		
urn:hadith:0279Tirmidhi.Sunan:2666	2666	2701	Shakir / ʿAbd al-Baqi numbering	heading in the layer's own text		
urn:hadith:0279Tirmidhi.Sunan:2667	2667	2702	Shakir / ʿAbd al-Baqi numbering	heading in the layer's own text		
urn:hadith:0279Tirmidhi.Sunan:2668	2668	2703	Shakir / ʿAbd al-Baqi numbering	heading in the layer's own text		
urn:hadith:0279Tirmidhi.Sunan:2669	2669	2704	Shakir / ʿAbd al-Baqi numbering	heading in the layer's own text		
urn:hadith:0279Tirmidhi.Sunan:2670	2670	2705	Shakir / ʿAbd al-Baqi numbering	heading in the layer's own text		
urn:hadith:0279Tirmidhi.Sunan:2671	2671	2706	Shakir / ʿAbd al-Baqi numbering	heading in the layer's own text		
urn:hadith:0279Tirmidhi.Sunan:2672	2672	2707	Shakir / ʿAbd al-Baqi numbering	heading in the layer's own text		
urn:hadith:0279Tirmidhi.Sunan:2673	2673	2708	Shakir / ʿAbd al-Baqi numbering	heading in the layer's own text		
urn:hadith:0279Tirmidhi.Sunan:2674	2674	2709	Shakir / ʿAbd al-Baqi numbering	heading in the layer's own text		
urn:hadith:0279Tirmidhi.Sunan:2675	2675	2710	Shakir / ʿAbd al-Baqi numbering	heading in the layer's own text		
urn:hadith:0279Tirmidhi.Sunan:2676	2676	2711	Shakir / ʿAbd al-Baqi numbering	heading in the layer's own text		
urn:hadith:0279Tirmidhi.Sunan:2677	2677	2712	Shakir / ʿAbd al-Baqi numbering	heading in the layer's own text		
urn:hadith:0279Tirmidhi.Sunan:2678	2678	2713	Shakir / ʿAbd al-Baqi numbering	heading in the layer's own text		
urn:hadith:0279Tirmidhi.Sunan:2679	2679	2714	Shakir / ʿAbd al-Baqi numbering	heading in the layer's own text		
urn:hadith:0279Tirmidhi.Sunan:2680	2680	2715	Shakir / ʿAbd al-Baqi numbering	heading in the layer's own text		
urn:hadith:0279Tirmidhi.Sunan:2681	2681	2716	Shakir / ʿAbd al-Baqi numbering	heading in the layer's own text		
urn:hadith:0279Tirmidhi.Sunan:2682	2682	2717	Shakir / ʿAbd al-Baqi numbering	heading in the layer's own text		
urn:hadith:0279Tirmidhi.Sunan:2683	2683	2718	Shakir / ʿAbd al-Baqi numbering	heading in the layer's own text		
urn:hadith:0279Tirmidhi.Sunan:2684	2684	2719	Shakir / ʿAbd al-Baqi numbering	heading in the layer's own text		
urn:hadith:0279Tirmidhi.Sunan:2685	2685	2720	Shakir / ʿAbd al-Baqi numbering	heading in the layer's own text		
urn:hadith:0279Tirmidhi.Sunan:2686	2686	2721	Shakir / ʿAbd al-Baqi numbering	heading in the layer's own text		
urn:hadith:0279Tirmidhi.Sunan:2687	2687	2722	Shakir / ʿAbd al-Baqi numbering	heading in the layer's own text		
urn:hadith:0279Tirmidhi.Sunan:2688	2688	2723	Shakir / ʿAbd al-Baqi numbering	heading in the layer's own text		
urn:hadith:0279Tirmidhi.Sunan:2689	2689	2724	Shakir / ʿAbd al-Baqi numbering	heading in the layer's own text		
urn:hadith:0279Tirmidhi.Sunan:2690	2690	2725	Shakir / ʿAbd al-Baqi numbering	heading in the layer's own text		
urn:hadith:0279Tirmidhi.Sunan:2691	2691	2726	Shakir / ʿAbd al-Baqi numbering	heading in the layer's own text		
urn:hadith:0279Tirmidhi.Sunan:2692	2692	2727	Shakir / ʿAbd al-Baqi numbering	heading in the layer's own text		
urn:hadith:0279Tirmidhi.Sunan:2693	2693	2728	Shakir / ʿAbd al-Baqi numbering	heading in the layer's own text		
urn:hadith:0279Tirmidhi.Sunan:2694	2694	2729	Shakir / ʿAbd al-Baqi numbering	heading in the layer's own text		
urn:hadith:0279Tirmidhi.Sunan:2695	2695	2730	Shakir / ʿAbd al-Baqi numbering	heading in the layer's own text		
urn:hadith:0279Tirmidhi.Sunan:2696	2696	2731	Shakir / ʿAbd al-Baqi numbering	heading in the layer's own text		
urn:hadith:0279Tirmidhi.Sunan:2697	2697	2732	Shakir / ʿAbd al-Baqi numbering	heading in the layer's own text		
urn:hadith:0279Tirmidhi.Sunan:2698	2698	2733	Shakir / ʿAbd al-Baqi numbering	heading in the layer's own text		
urn:hadith:0279Tirmidhi.Sunan:2699	2699	2734	Shakir / ʿAbd al-Baqi numbering	heading in the layer's own text		
urn:hadith:0279Tirmidhi.Sunan:2700	2700	2735	Shakir / ʿAbd al-Baqi numbering	heading in the layer's own text		
urn:hadith:0279Tirmidhi.Sunan:2701	2701	2736	Shakir / ʿAbd al-Baqi numbering	heading in the layer's own text		
urn:hadith:0279Tirmidhi.Sunan:2702	2702	2737	Shakir / ʿAbd al-Baqi numbering	heading in the layer's own text		
urn:hadith:0279Tirmidhi.Sunan:2703	2703	2738	Shakir / ʿAbd al-Baqi numbering	heading in the layer's own text		
urn:hadith:0279Tirmidhi.Sunan:2704	2704	2739	Shakir / ʿAbd al-Baqi numbering	heading in the layer's own text		
urn:hadith:0279Tirmidhi.Sunan:2705	2705	2740	Shakir / ʿAbd al-Baqi numbering	heading in the layer's own text		
urn:hadith:0279Tirmidhi.Sunan:2706	2706	2741	Shakir / ʿAbd al-Baqi numbering	heading in the layer's own text		
urn:hadith:0279Tirmidhi.Sunan:2707	2707	2742	Shakir / ʿAbd al-Baqi numbering	heading in the layer's own text		
urn:hadith:0279Tirmidhi.Sunan:2708	2708	2743	Shakir / ʿAbd al-Baqi numbering	heading in the layer's own text		
urn:hadith:0279Tirmidhi.Sunan:2709	2709	2744	Shakir / ʿAbd al-Baqi numbering	heading in the layer's own text		
urn:hadith:0279Tirmidhi.Sunan:2710	2710	2745	Shakir / ʿAbd al-Baqi numbering	heading in the layer's own text		
urn:hadith:0279Tirmidhi.Sunan:2711	2711	2746	Shakir / ʿAbd al-Baqi numbering	heading in the layer's own text		
urn:hadith:0279Tirmidhi.Sunan:2712	2712	2747	Shakir / ʿAbd al-Baqi numbering	heading in the layer's own text		
urn:hadith:0279Tirmidhi.Sunan:2713	2713	2748	Shakir / ʿAbd al-Baqi numbering	heading in the layer's own text		
urn:hadith:0279Tirmidhi.Sunan:2714	2714	2749	Shakir / ʿAbd al-Baqi numbering	heading in the layer's own text		
urn:hadith:0279Tirmidhi.Sunan:2715	2715	2750	Shakir / ʿAbd al-Baqi numbering	heading in the layer's own text		
urn:hadith:0279Tirmidhi.Sunan:2716	2716	2751	Shakir / ʿAbd al-Baqi numbering	heading in the layer's own text		
urn:hadith:0279Tirmidhi.Sunan:2717	2717	2752	Shakir / ʿAbd al-Baqi numbering	heading in the layer's own text		
urn:hadith:0279Tirmidhi.Sunan:2718	2718	2753	Shakir / ʿAbd al-Baqi numbering	heading in the layer's own text		
urn:hadith:0279Tirmidhi.Sunan:2719	2719	2754	Shakir / ʿAbd al-Baqi numbering	heading in the layer's own text		
urn:hadith:0279Tirmidhi.Sunan:2720	2720	2755	Shakir / ʿAbd al-Baqi numbering	heading in the layer's own text		
urn:hadith:0279Tirmidhi.Sunan:2721	2721	2756	Shakir / ʿAbd al-Baqi numbering	heading in the layer's own text		
urn:hadith:0279Tirmidhi.Sunan:2722	2722	2757	Shakir / ʿAbd al-Baqi numbering	heading in the layer's own text		
urn:hadith:0279Tirmidhi.Sunan:2723	2723	2758	Shakir / ʿAbd al-Baqi numbering	heading in the layer's own text		
urn:hadith:0279Tirmidhi.Sunan:2724	2724	2759	Shakir / ʿAbd al-Baqi numbering	heading in the layer's own text		
urn:hadith:0279Tirmidhi.Sunan:2725	2725	2760	Shakir / ʿAbd al-Baqi numbering	heading in the layer's own text		
urn:hadith:0279Tirmidhi.Sunan:2726	2726	2761	Shakir / ʿAbd al-Baqi numbering	heading in the layer's own text		
urn:hadith:0279Tirmidhi.Sunan:2727	2727	2762	Shakir / ʿAbd al-Baqi numbering	heading in the layer's own text		
urn:hadith:0279Tirmidhi.Sunan:2728	2728	2763	Shakir / ʿAbd al-Baqi numbering	heading in the layer's own text		
urn:hadith:0279Tirmidhi.Sunan:2729	2729	2764	Shakir / ʿAbd al-Baqi numbering	heading in the layer's own text		
urn:hadith:0279Tirmidhi.Sunan:2730	2730	2765	Shakir / ʿAbd al-Baqi numbering	heading in the layer's own text		
urn:hadith:0279Tirmidhi.Sunan:2731	2731	2766	Shakir / ʿAbd al-Baqi numbering	heading in the layer's own text		
urn:hadith:0279Tirmidhi.Sunan:2732	2732	2767	Shakir / ʿAbd al-Baqi numbering	heading in the layer's own text		
urn:hadith:0279Tirmidhi.Sunan:2733	2733	2768	Shakir / ʿAbd al-Baqi numbering	heading in the layer's own text		
urn:hadith:0279Tirmidhi.Sunan:2734	2734	2769	Shakir / ʿAbd al-Baqi numbering	heading in the layer's own text		
urn:hadith:0279Tirmidhi.Sunan:2735	2735	2770	Shakir / ʿAbd al-Baqi numbering	heading in the layer's own text		
urn:hadith:0279Tirmidhi.Sunan:2736	2736	2771	Shakir / ʿAbd al-Baqi numbering	heading in the layer's own text		
urn:hadith:0279Tirmidhi.Sunan:2737	2737	2772	Shakir / ʿAbd al-Baqi numbering	heading in the layer's own text		
urn:hadith:0279Tirmidhi.Sunan:2738	2738	2773	Shakir / ʿAbd al-Baqi numbering	heading in the layer's own text		
urn:hadith:0279Tirmidhi.Sunan:2739	2739	2774	Shakir / ʿAbd al-Baqi numbering	heading in the layer's own text		
urn:hadith:0279Tirmidhi.Sunan:2740	2740	2775	Shakir / ʿAbd al-Baqi numbering	heading in the layer's own text		
urn:hadith:0279Tirmidhi.Sunan:2741	2741	2776	Shakir / ʿAbd al-Baqi numbering	heading in the layer's own text		
urn:hadith:0279Tirmidhi.Sunan:2742	2742	2777	Shakir / ʿAbd al-Baqi numbering	heading in the layer's own text		
urn:hadith:0279Tirmidhi.Sunan:2743	2743	2778	Shakir / ʿAbd al-Baqi numbering	heading in the layer's own text		
urn:hadith:0279Tirmidhi.Sunan:2744	2744	2779	Shakir / ʿAbd al-Baqi numbering	heading in the layer's own text		
urn:hadith:0279Tirmidhi.Sunan:2745	2745	2780	Shakir / ʿAbd al-Baqi numbering	heading in the layer's own text		
urn:hadith:0279Tirmidhi.Sunan:2746	2746	2781	Shakir / ʿAbd al-Baqi numbering	heading in the layer's own text		
urn:hadith:0279Tirmidhi.Sunan:2747	2747	2782	Shakir / ʿAbd al-Baqi numbering	heading in the layer's own text		
urn:hadith:0279Tirmidhi.Sunan:2748	2748	2783	Shakir / ʿAbd al-Baqi numbering	heading in the layer's own text		
urn:hadith:0279Tirmidhi.Sunan:2749	2749	2784	Shakir / ʿAbd al-Baqi numbering	heading in the layer's own text		
urn:hadith:0279Tirmidhi.Sunan:2750	2750	2785	Shakir / ʿAbd al-Baqi numbering	heading in the layer's own text		
urn:hadith:0279Tirmidhi.Sunan:2751	2751	2786	Shakir / ʿAbd al-Baqi numbering	heading in the layer's own text		
urn:hadith:0279Tirmidhi.Sunan:2752	2752	2787	Shakir / ʿAbd al-Baqi numbering	heading in the layer's own text		
urn:hadith:0279Tirmidhi.Sunan:2753	2753	2788	Shakir / ʿAbd al-Baqi numbering	heading in the layer's own text		
urn:hadith:0279Tirmidhi.Sunan:2754	2754	2789	Shakir / ʿAbd al-Baqi numbering	heading in the layer's own text		
urn:hadith:0279Tirmidhi.Sunan:2755	2755	2790	Shakir / ʿAbd al-Baqi numbering	heading in the layer's own text		
urn:hadith:0279Tirmidhi.Sunan:2756	2756	2791	Shakir / ʿAbd al-Baqi numbering	heading in the layer's own text		
urn:hadith:0279Tirmidhi.Sunan:2757	2757	2792	Shakir / ʿAbd al-Baqi numbering	heading in the layer's own text		
urn:hadith:0279Tirmidhi.Sunan:2758	2758	2793	Shakir / ʿAbd al-Baqi numbering	heading in the layer's own text		
urn:hadith:0279Tirmidhi.Sunan:2759	2759	2794	Shakir / ʿAbd al-Baqi numbering	heading in the layer's own text		
urn:hadith:0279Tirmidhi.Sunan:2760	2760	2795	Shakir / ʿAbd al-Baqi numbering	heading in the layer's own text		
urn:hadith:0279Tirmidhi.Sunan:2761	2761	2796	Shakir / ʿAbd al-Baqi numbering	heading in the layer's own text		
urn:hadith:0279Tirmidhi.Sunan:2762	2762	2797	Shakir / ʿAbd al-Baqi numbering	heading in the layer's own text		
urn:hadith:0279Tirmidhi.Sunan:2763	2763	2798	Shakir / ʿAbd al-Baqi numbering	heading in the layer's own text		
urn:hadith:0279Tirmidhi.Sunan:2764	2764	2799	Shakir / ʿAbd al-Baqi numbering	heading in the layer's own text		
urn:hadith:0279Tirmidhi.Sunan:2765	2765	2800	Shakir / ʿAbd al-Baqi numbering	heading in the layer's own text		
urn:hadith:0279Tirmidhi.Sunan:2766	2766	2801	Shakir / ʿAbd al-Baqi numbering	heading in the layer's own text		
urn:hadith:0279Tirmidhi.Sunan:2767	2767	2802	Shakir / ʿAbd al-Baqi numbering	heading in the layer's own text		
urn:hadith:0279Tirmidhi.Sunan:2768	2768	2803	Shakir / ʿAbd al-Baqi numbering	heading in the layer's own text		
urn:hadith:0279Tirmidhi.Sunan:2769	2769	2804	Shakir / ʿAbd al-Baqi numbering	heading in the layer's own text		
urn:hadith:0279Tirmidhi.Sunan:2770	2770	2805	Shakir / ʿAbd al-Baqi numbering	heading in the layer's own text		
urn:hadith:0279Tirmidhi.Sunan:2771	2771	2806	Shakir / ʿAbd al-Baqi numbering	heading in the layer's own text		
urn:hadith:0279Tirmidhi.Sunan:2772	2772	2807	Shakir / ʿAbd al-Baqi numbering	heading in the layer's own text		
urn:hadith:0279Tirmidhi.Sunan:2773	2773	2808	Shakir / ʿAbd al-Baqi numbering	heading in the layer's own text		
urn:hadith:0279Tirmidhi.Sunan:2774	2774	2809	Shakir / ʿAbd al-Baqi numbering	heading in the layer's own text		
urn:hadith:0279Tirmidhi.Sunan:2775	2775	2810	Shakir / ʿAbd al-Baqi numbering	heading in the layer's own text		
urn:hadith:0279Tirmidhi.Sunan:2776	2776	2811	Shakir / ʿAbd al-Baqi numbering	heading in the layer's own text		
urn:hadith:0279Tirmidhi.Sunan:2777	2777	2812	Shakir / ʿAbd al-Baqi numbering	heading in the layer's own text		
urn:hadith:0279Tirmidhi.Sunan:2778	2778	2813	Shakir / ʿAbd al-Baqi numbering	heading in the layer's own text		
urn:hadith:0279Tirmidhi.Sunan:2779	2779	2814	Shakir / ʿAbd al-Baqi numbering	heading in the layer's own text		
urn:hadith:0279Tirmidhi.Sunan:2780	2780	2815	Shakir / ʿAbd al-Baqi numbering	heading in the layer's own text		
urn:hadith:0279Tirmidhi.Sunan:2781	2781	2816	Shakir / ʿAbd al-Baqi numbering	heading in the layer's own text		
urn:hadith:0279Tirmidhi.Sunan:2782	2782	2817	Shakir / ʿAbd al-Baqi numbering	heading in the layer's own text		
urn:hadith:0279Tirmidhi.Sunan:2783	2783	2818	Shakir / ʿAbd al-Baqi numbering	heading in the layer's own text		
urn:hadith:0279Tirmidhi.Sunan:2784	2784	2819	Shakir / ʿAbd al-Baqi numbering	heading in the layer's own text		
urn:hadith:0279Tirmidhi.Sunan:2785	2785	2820	Shakir / ʿAbd al-Baqi numbering	heading in the layer's own text		
urn:hadith:0279Tirmidhi.Sunan:2786	2786	2821	Shakir / ʿAbd al-Baqi numbering	heading in the layer's own text		
urn:hadith:0279Tirmidhi.Sunan:2787	2787	2822	Shakir / ʿAbd al-Baqi numbering	heading in the layer's own text		
urn:hadith:0279Tirmidhi.Sunan:2788	2788	2823	Shakir / ʿAbd al-Baqi numbering	heading in the layer's own text		
urn:hadith:0279Tirmidhi.Sunan:2789	2789	2824	Shakir / ʿAbd al-Baqi numbering	heading in the layer's own text		shared number
urn:hadith:0279Tirmidhi.Sunan:2790	2790	2824	Shakir / ʿAbd al-Baqi numbering	heading in the layer's own text		shared number
urn:hadith:0279Tirmidhi.Sunan:2791	2791	2825	Shakir / ʿAbd al-Baqi numbering	heading in the layer's own text		
urn:hadith:0279Tirmidhi.Sunan:2792	2792	2826	Shakir / ʿAbd al-Baqi numbering	heading in the layer's own text		
urn:hadith:0279Tirmidhi.Sunan:2793	2793	2827	Shakir / ʿAbd al-Baqi numbering	heading in the layer's own text		
urn:hadith:0279Tirmidhi.Sunan:2794	2794	2828	Shakir / ʿAbd al-Baqi numbering	heading in the layer's own text		
urn:hadith:0279Tirmidhi.Sunan:2795	2795	2829	Shakir / ʿAbd al-Baqi numbering	heading in the layer's own text		
urn:hadith:0279Tirmidhi.Sunan:2796	2796	2830	Shakir / ʿAbd al-Baqi numbering	heading in the layer's own text		
urn:hadith:0279Tirmidhi.Sunan:2797	2797	2831	Shakir / ʿAbd al-Baqi numbering	heading in the layer's own text		
urn:hadith:0279Tirmidhi.Sunan:2798	2798	2832	Shakir / ʿAbd al-Baqi numbering	heading in the layer's own text		
urn:hadith:0279Tirmidhi.Sunan:2799	2799	2833	Shakir / ʿAbd al-Baqi numbering	heading in the layer's own text		
urn:hadith:0279Tirmidhi.Sunan:2800	2800	2834	Shakir / ʿAbd al-Baqi numbering	heading in the layer's own text		
urn:hadith:0279Tirmidhi.Sunan:2801	2801	2835	Shakir / ʿAbd al-Baqi numbering	heading in the layer's own text		
urn:hadith:0279Tirmidhi.Sunan:2802	2802	2836	Shakir / ʿAbd al-Baqi numbering	heading in the layer's own text		
urn:hadith:0279Tirmidhi.Sunan:2803	2803	2837	Shakir / ʿAbd al-Baqi numbering	heading in the layer's own text		
urn:hadith:0279Tirmidhi.Sunan:2804	2804	2838	Shakir / ʿAbd al-Baqi numbering	heading in the layer's own text		
urn:hadith:0279Tirmidhi.Sunan:2805	2805	2839	Shakir / ʿAbd al-Baqi numbering	heading in the layer's own text		
urn:hadith:0279Tirmidhi.Sunan:2806	2806	2840	Shakir / ʿAbd al-Baqi numbering	heading in the layer's own text		
urn:hadith:0279Tirmidhi.Sunan:2807	2807	2841	Shakir / ʿAbd al-Baqi numbering	heading in the layer's own text		
urn:hadith:0279Tirmidhi.Sunan:2808	2808	2842	Shakir / ʿAbd al-Baqi numbering	heading in the layer's own text		
urn:hadith:0279Tirmidhi.Sunan:2809	2809	2843	Shakir / ʿAbd al-Baqi numbering	heading in the layer's own text		
urn:hadith:0279Tirmidhi.Sunan:2810	2810	2844	Shakir / ʿAbd al-Baqi numbering	heading in the layer's own text		
urn:hadith:0279Tirmidhi.Sunan:2811	2811	2845	Shakir / ʿAbd al-Baqi numbering	heading in the layer's own text		
urn:hadith:0279Tirmidhi.Sunan:2812	2812	2846	Shakir / ʿAbd al-Baqi numbering	heading in the layer's own text		
urn:hadith:0279Tirmidhi.Sunan:2813	2813	2847	Shakir / ʿAbd al-Baqi numbering	heading in the layer's own text		
urn:hadith:0279Tirmidhi.Sunan:2814	2814	2848	Shakir / ʿAbd al-Baqi numbering	heading in the layer's own text		
urn:hadith:0279Tirmidhi.Sunan:2815	2815	2849	Shakir / ʿAbd al-Baqi numbering	heading in the layer's own text		
urn:hadith:0279Tirmidhi.Sunan:2816	2816	2850	Shakir / ʿAbd al-Baqi numbering	heading in the layer's own text		
urn:hadith:0279Tirmidhi.Sunan:2817	2817	2851	Shakir / ʿAbd al-Baqi numbering	heading in the layer's own text		
urn:hadith:0279Tirmidhi.Sunan:2818	2818	2852	Shakir / ʿAbd al-Baqi numbering	heading in the layer's own text		
urn:hadith:0279Tirmidhi.Sunan:2819	2819	2853	Shakir / ʿAbd al-Baqi numbering	heading in the layer's own text		
urn:hadith:0279Tirmidhi.Sunan:2820	2820	2854	Shakir / ʿAbd al-Baqi numbering	heading in the layer's own text		
urn:hadith:0279Tirmidhi.Sunan:2821	2821	2855	Shakir / ʿAbd al-Baqi numbering	heading in the layer's own text		
urn:hadith:0279Tirmidhi.Sunan:2822	2822	2856	Shakir / ʿAbd al-Baqi numbering	heading in the layer's own text		
urn:hadith:0279Tirmidhi.Sunan:2823	2823	2857	Shakir / ʿAbd al-Baqi numbering	heading in the layer's own text		
urn:hadith:0279Tirmidhi.Sunan:2824	2824	2858	Shakir / ʿAbd al-Baqi numbering	heading in the layer's own text		
urn:hadith:0279Tirmidhi.Sunan:2825	2825	2859	Shakir / ʿAbd al-Baqi numbering	heading in the layer's own text		
urn:hadith:0279Tirmidhi.Sunan:2826	2826	2860	Shakir / ʿAbd al-Baqi numbering	heading in the layer's own text		
urn:hadith:0279Tirmidhi.Sunan:2827	2827	2861	Shakir / ʿAbd al-Baqi numbering	heading in the layer's own text		
urn:hadith:0279Tirmidhi.Sunan:2828	2828	2862	Shakir / ʿAbd al-Baqi numbering	heading in the layer's own text		
urn:hadith:0279Tirmidhi.Sunan:2829	2829	2863	Shakir / ʿAbd al-Baqi numbering	heading in the layer's own text		
urn:hadith:0279Tirmidhi.Sunan:2831	2831	2865	Shakir / ʿAbd al-Baqi numbering	heading in the layer's own text		
urn:hadith:0279Tirmidhi.Sunan:2832	2832	2866	Shakir / ʿAbd al-Baqi numbering	heading in the layer's own text		
urn:hadith:0279Tirmidhi.Sunan:2833	2833	2867	Shakir / ʿAbd al-Baqi numbering	heading in the layer's own text		
urn:hadith:0279Tirmidhi.Sunan:2834	2834	2868	Shakir / ʿAbd al-Baqi numbering	heading in the layer's own text		
urn:hadith:0279Tirmidhi.Sunan:2835	2835	2869	Shakir / ʿAbd al-Baqi numbering	heading in the layer's own text		
urn:hadith:0279Tirmidhi.Sunan:2836	2836	2870	Shakir / ʿAbd al-Baqi numbering	heading in the layer's own text		
urn:hadith:0279Tirmidhi.Sunan:2837	2837	2871	Shakir / ʿAbd al-Baqi numbering	heading in the layer's own text		
urn:hadith:0279Tirmidhi.Sunan:2838	2838	2872	Shakir / ʿAbd al-Baqi numbering	heading in the layer's own text		
urn:hadith:0279Tirmidhi.Sunan:2839	2839	2873	Shakir / ʿAbd al-Baqi numbering	heading in the layer's own text		
urn:hadith:0279Tirmidhi.Sunan:2840	2840	2874	Shakir / ʿAbd al-Baqi numbering	heading in the layer's own text		
urn:hadith:0279Tirmidhi.Sunan:2841	2841	2875	Shakir / ʿAbd al-Baqi numbering	heading in the layer's own text		
urn:hadith:0279Tirmidhi.Sunan:2842	2842	2876	Shakir / ʿAbd al-Baqi numbering	heading in the layer's own text		
urn:hadith:0279Tirmidhi.Sunan:2843	2843	2877	Shakir / ʿAbd al-Baqi numbering	heading in the layer's own text		
urn:hadith:0279Tirmidhi.Sunan:2844	2844	2878	Shakir / ʿAbd al-Baqi numbering	heading in the layer's own text		
urn:hadith:0279Tirmidhi.Sunan:2845	2845	2879	Shakir / ʿAbd al-Baqi numbering	heading in the layer's own text		
urn:hadith:0279Tirmidhi.Sunan:2846	2846	2880	Shakir / ʿAbd al-Baqi numbering	heading in the layer's own text		
urn:hadith:0279Tirmidhi.Sunan:2847	2847	2881	Shakir / ʿAbd al-Baqi numbering	heading in the layer's own text		
urn:hadith:0279Tirmidhi.Sunan:2848	2848	2882	Shakir / ʿAbd al-Baqi numbering	heading in the layer's own text		
urn:hadith:0279Tirmidhi.Sunan:2849	2849	2883	Shakir / ʿAbd al-Baqi numbering	heading in the layer's own text		
urn:hadith:0279Tirmidhi.Sunan:2850	2850	2884	Shakir / ʿAbd al-Baqi numbering	heading in the layer's own text		
urn:hadith:0279Tirmidhi.Sunan:2851	2851	2885	Shakir / ʿAbd al-Baqi numbering	heading in the layer's own text		
urn:hadith:0279Tirmidhi.Sunan:2852	2852	2886	Shakir / ʿAbd al-Baqi numbering	heading in the layer's own text		
urn:hadith:0279Tirmidhi.Sunan:2853	2853	2887	Shakir / ʿAbd al-Baqi numbering	heading in the layer's own text		
urn:hadith:0279Tirmidhi.Sunan:2854	2854	2888	Shakir / ʿAbd al-Baqi numbering	heading in the layer's own text		
urn:hadith:0279Tirmidhi.Sunan:2855	2855	2889	Shakir / ʿAbd al-Baqi numbering	heading in the layer's own text		
urn:hadith:0279Tirmidhi.Sunan:2856	2856	2890	Shakir / ʿAbd al-Baqi numbering	heading in the layer's own text		
urn:hadith:0279Tirmidhi.Sunan:2857	2857	2891	Shakir / ʿAbd al-Baqi numbering	heading in the layer's own text		
urn:hadith:0279Tirmidhi.Sunan:2858	2858	2892	Shakir / ʿAbd al-Baqi numbering	heading in the layer's own text		
urn:hadith:0279Tirmidhi.Sunan:2859	2859	2893	Shakir / ʿAbd al-Baqi numbering	heading in the layer's own text		
urn:hadith:0279Tirmidhi.Sunan:2860	2860	2894	Shakir / ʿAbd al-Baqi numbering	heading in the layer's own text		
urn:hadith:0279Tirmidhi.Sunan:2861	2861	2895	Shakir / ʿAbd al-Baqi numbering	heading in the layer's own text		
urn:hadith:0279Tirmidhi.Sunan:2862	2862	2896	Shakir / ʿAbd al-Baqi numbering	heading in the layer's own text		
urn:hadith:0279Tirmidhi.Sunan:2863	2863	2897	Shakir / ʿAbd al-Baqi numbering	heading in the layer's own text		
urn:hadith:0279Tirmidhi.Sunan:2864	2864	2898	Shakir / ʿAbd al-Baqi numbering	heading in the layer's own text		
urn:hadith:0279Tirmidhi.Sunan:2865	2865	2899	Shakir / ʿAbd al-Baqi numbering	heading in the layer's own text		
urn:hadith:0279Tirmidhi.Sunan:2866	2866	2900	Shakir / ʿAbd al-Baqi numbering	heading in the layer's own text		
urn:hadith:0279Tirmidhi.Sunan:2867	2867	2901	Shakir / ʿAbd al-Baqi numbering	heading in the layer's own text		
urn:hadith:0279Tirmidhi.Sunan:2868	2868	2902	Shakir / ʿAbd al-Baqi numbering	heading in the layer's own text		
urn:hadith:0279Tirmidhi.Sunan:2869	2869	2903	Shakir / ʿAbd al-Baqi numbering	heading in the layer's own text		
urn:hadith:0279Tirmidhi.Sunan:2870	2870	2904	Shakir / ʿAbd al-Baqi numbering	heading in the layer's own text		
urn:hadith:0279Tirmidhi.Sunan:2871	2871	2905	Shakir / ʿAbd al-Baqi numbering	heading in the layer's own text		
urn:hadith:0279Tirmidhi.Sunan:2872	2872	2906	Shakir / ʿAbd al-Baqi numbering	heading in the layer's own text		
urn:hadith:0279Tirmidhi.Sunan:2873	2873	2907	Shakir / ʿAbd al-Baqi numbering	heading in the layer's own text		
urn:hadith:0279Tirmidhi.Sunan:2874	2874	2908	Shakir / ʿAbd al-Baqi numbering	heading in the layer's own text		
urn:hadith:0279Tirmidhi.Sunan:2875	2875	2909	Shakir / ʿAbd al-Baqi numbering	heading in the layer's own text		
urn:hadith:0279Tirmidhi.Sunan:2876	2876	2910	Shakir / ʿAbd al-Baqi numbering	heading in the layer's own text		
urn:hadith:0279Tirmidhi.Sunan:2877	2877	2911	Shakir / ʿAbd al-Baqi numbering	heading in the layer's own text		
urn:hadith:0279Tirmidhi.Sunan:2878	2878	2912	Shakir / ʿAbd al-Baqi numbering	heading in the layer's own text		
urn:hadith:0279Tirmidhi.Sunan:2879	2879	2913	Shakir / ʿAbd al-Baqi numbering	heading in the layer's own text		
urn:hadith:0279Tirmidhi.Sunan:2880	2880	2914	Shakir / ʿAbd al-Baqi numbering	heading in the layer's own text		
urn:hadith:0279Tirmidhi.Sunan:2881	2881	2915	Shakir / ʿAbd al-Baqi numbering	heading in the layer's own text		
urn:hadith:0279Tirmidhi.Sunan:2882	2882	2916	Shakir / ʿAbd al-Baqi numbering	heading in the layer's own text		
urn:hadith:0279Tirmidhi.Sunan:2883	2883	2917	Shakir / ʿAbd al-Baqi numbering	heading in the layer's own text		
urn:hadith:0279Tirmidhi.Sunan:2884	2884	2918	Shakir / ʿAbd al-Baqi numbering	heading in the layer's own text		
urn:hadith:0279Tirmidhi.Sunan:2885	2885	2919	Shakir / ʿAbd al-Baqi numbering	heading in the layer's own text		
urn:hadith:0279Tirmidhi.Sunan:2886	2886	2920	Shakir / ʿAbd al-Baqi numbering	heading in the layer's own text		
urn:hadith:0279Tirmidhi.Sunan:2887	2887	2921	Shakir / ʿAbd al-Baqi numbering	heading in the layer's own text		
urn:hadith:0279Tirmidhi.Sunan:2888	2888	2922	Shakir / ʿAbd al-Baqi numbering	heading in the layer's own text		
urn:hadith:0279Tirmidhi.Sunan:2889	2889	2923	Shakir / ʿAbd al-Baqi numbering	heading in the layer's own text		
urn:hadith:0279Tirmidhi.Sunan:2890	2890	2924	Shakir / ʿAbd al-Baqi numbering	heading in the layer's own text		
urn:hadith:0279Tirmidhi.Sunan:2891	2891	2925	Shakir / ʿAbd al-Baqi numbering	heading in the layer's own text		
urn:hadith:0279Tirmidhi.Sunan:2892	2892	2926	Shakir / ʿAbd al-Baqi numbering	heading in the layer's own text		
urn:hadith:0279Tirmidhi.Sunan:2893	2893	2927	Shakir / ʿAbd al-Baqi numbering	heading in the layer's own text		
urn:hadith:0279Tirmidhi.Sunan:2894	2894	2928	Shakir / ʿAbd al-Baqi numbering	heading in the layer's own text		
urn:hadith:0279Tirmidhi.Sunan:2895	2895	2929	Shakir / ʿAbd al-Baqi numbering	heading in the layer's own text		
urn:hadith:0279Tirmidhi.Sunan:2896	2896	2930	Shakir / ʿAbd al-Baqi numbering	heading in the layer's own text		
urn:hadith:0279Tirmidhi.Sunan:2897	2897	2931	Shakir / ʿAbd al-Baqi numbering	heading in the layer's own text		
urn:hadith:0279Tirmidhi.Sunan:2898	2898	2932	Shakir / ʿAbd al-Baqi numbering	heading in the layer's own text		
urn:hadith:0279Tirmidhi.Sunan:2899	2899	2933	Shakir / ʿAbd al-Baqi numbering	heading in the layer's own text		
urn:hadith:0279Tirmidhi.Sunan:2900	2900	2934	Shakir / ʿAbd al-Baqi numbering	heading in the layer's own text		
urn:hadith:0279Tirmidhi.Sunan:2901	2901	2935	Shakir / ʿAbd al-Baqi numbering	heading in the layer's own text		
urn:hadith:0279Tirmidhi.Sunan:2902	2902	2936	Shakir / ʿAbd al-Baqi numbering	heading in the layer's own text		
urn:hadith:0279Tirmidhi.Sunan:2903	2903	2937	Shakir / ʿAbd al-Baqi numbering	heading in the layer's own text		
urn:hadith:0279Tirmidhi.Sunan:2904	2904	2938	Shakir / ʿAbd al-Baqi numbering	heading in the layer's own text		
urn:hadith:0279Tirmidhi.Sunan:2905	2905	2939	Shakir / ʿAbd al-Baqi numbering	heading in the layer's own text		
urn:hadith:0279Tirmidhi.Sunan:2906	2906	2940	Shakir / ʿAbd al-Baqi numbering	heading in the layer's own text		
urn:hadith:0279Tirmidhi.Sunan:2907	2907	2941	Shakir / ʿAbd al-Baqi numbering	heading in the layer's own text		
urn:hadith:0279Tirmidhi.Sunan:2908	2908	2942	Shakir / ʿAbd al-Baqi numbering	heading in the layer's own text		
urn:hadith:0279Tirmidhi.Sunan:2909	2909	2943	Shakir / ʿAbd al-Baqi numbering	heading in the layer's own text		
urn:hadith:0279Tirmidhi.Sunan:2910	2910	2944	Shakir / ʿAbd al-Baqi numbering	heading in the layer's own text		
urn:hadith:0279Tirmidhi.Sunan:2911	2911	2945	Shakir / ʿAbd al-Baqi numbering	heading in the layer's own text		
urn:hadith:0279Tirmidhi.Sunan:2912	2912	2946	Shakir / ʿAbd al-Baqi numbering	heading in the layer's own text		
urn:hadith:0279Tirmidhi.Sunan:2913	2913	2947	Shakir / ʿAbd al-Baqi numbering	heading in the layer's own text		
urn:hadith:0279Tirmidhi.Sunan:2914	2914	2948	Shakir / ʿAbd al-Baqi numbering	heading in the layer's own text		
urn:hadith:0279Tirmidhi.Sunan:2915	2915	2949	Shakir / ʿAbd al-Baqi numbering	heading in the layer's own text		
urn:hadith:0279Tirmidhi.Sunan:2916	2916	2950	Shakir / ʿAbd al-Baqi numbering	heading in the layer's own text		
urn:hadith:0279Tirmidhi.Sunan:2917	2917	2951	Shakir / ʿAbd al-Baqi numbering	heading in the layer's own text		
urn:hadith:0279Tirmidhi.Sunan:2918	2918	2952	Shakir / ʿAbd al-Baqi numbering	heading in the layer's own text		
urn:hadith:0279Tirmidhi.Sunan:2919	2919	2953	Shakir / ʿAbd al-Baqi numbering	heading in the layer's own text		shared number
urn:hadith:0279Tirmidhi.Sunan:2920	2920	2953	Shakir / ʿAbd al-Baqi numbering	heading in the layer's own text		shared number
urn:hadith:0279Tirmidhi.Sunan:2921	2921	2953	Shakir / ʿAbd al-Baqi numbering	heading in the layer's own text		shared number
urn:hadith:0279Tirmidhi.Sunan:2922	2922	2954	Shakir / ʿAbd al-Baqi numbering	heading in the layer's own text		
urn:hadith:0279Tirmidhi.Sunan:2923	2923	2955	Shakir / ʿAbd al-Baqi numbering	heading in the layer's own text		
urn:hadith:0279Tirmidhi.Sunan:2925	2925	2957	Shakir / ʿAbd al-Baqi numbering	heading in the layer's own text		
urn:hadith:0279Tirmidhi.Sunan:2926	2926	2958	Shakir / ʿAbd al-Baqi numbering	heading in the layer's own text		
urn:hadith:0279Tirmidhi.Sunan:2927	2927	2959	Shakir / ʿAbd al-Baqi numbering	heading in the layer's own text		
urn:hadith:0279Tirmidhi.Sunan:2928	2928	2960	Shakir / ʿAbd al-Baqi numbering	heading in the layer's own text		
urn:hadith:0279Tirmidhi.Sunan:2929	2929	2961	Shakir / ʿAbd al-Baqi numbering	heading in the layer's own text		shared number
urn:hadith:0279Tirmidhi.Sunan:2930	2930	2961	Shakir / ʿAbd al-Baqi numbering	heading in the layer's own text		shared number
urn:hadith:0279Tirmidhi.Sunan:2931	2931	2962	Shakir / ʿAbd al-Baqi numbering	heading in the layer's own text		
urn:hadith:0279Tirmidhi.Sunan:2932	2932	2963	Shakir / ʿAbd al-Baqi numbering	heading in the layer's own text		
urn:hadith:0279Tirmidhi.Sunan:2933	2933	2964	Shakir / ʿAbd al-Baqi numbering	heading in the layer's own text		
urn:hadith:0279Tirmidhi.Sunan:2934	2934	2965	Shakir / ʿAbd al-Baqi numbering	heading in the layer's own text		
urn:hadith:0279Tirmidhi.Sunan:2935	2935	2966	Shakir / ʿAbd al-Baqi numbering	heading in the layer's own text		
urn:hadith:0279Tirmidhi.Sunan:2936	2936	2967	Shakir / ʿAbd al-Baqi numbering	heading in the layer's own text		
urn:hadith:0279Tirmidhi.Sunan:2937	2937	2968	Shakir / ʿAbd al-Baqi numbering	heading in the layer's own text		
urn:hadith:0279Tirmidhi.Sunan:2938	2938	2969	Shakir / ʿAbd al-Baqi numbering	heading in the layer's own text		
urn:hadith:0279Tirmidhi.Sunan:2939	2939	2970	Shakir / ʿAbd al-Baqi numbering	heading in the layer's own text		
urn:hadith:0279Tirmidhi.Sunan:2940	2940	2971	Shakir / ʿAbd al-Baqi numbering	heading in the layer's own text		
urn:hadith:0279Tirmidhi.Sunan:2941	2941	2972	Shakir / ʿAbd al-Baqi numbering	heading in the layer's own text		
urn:hadith:0279Tirmidhi.Sunan:2942	2942	2973	Shakir / ʿAbd al-Baqi numbering	heading in the layer's own text		
urn:hadith:0279Tirmidhi.Sunan:2943	2943	2974	Shakir / ʿAbd al-Baqi numbering	heading in the layer's own text		
urn:hadith:0279Tirmidhi.Sunan:2944	2944	2975	Shakir / ʿAbd al-Baqi numbering	heading in the layer's own text		
urn:hadith:0279Tirmidhi.Sunan:2945	2945	2976	Shakir / ʿAbd al-Baqi numbering	heading in the layer's own text		
urn:hadith:0279Tirmidhi.Sunan:2946	2946	2977	Shakir / ʿAbd al-Baqi numbering	heading in the layer's own text		
urn:hadith:0279Tirmidhi.Sunan:2947	2947	2978	Shakir / ʿAbd al-Baqi numbering	heading in the layer's own text		
urn:hadith:0279Tirmidhi.Sunan:2948	2948	2979	Shakir / ʿAbd al-Baqi numbering	heading in the layer's own text		
urn:hadith:0279Tirmidhi.Sunan:2949	2949	2980	Shakir / ʿAbd al-Baqi numbering	heading in the layer's own text		
urn:hadith:0279Tirmidhi.Sunan:2950	2950	2981	Shakir / ʿAbd al-Baqi numbering	heading in the layer's own text		
urn:hadith:0279Tirmidhi.Sunan:2951	2951	2982	Shakir / ʿAbd al-Baqi numbering	heading in the layer's own text		
urn:hadith:0279Tirmidhi.Sunan:2952	2952	2983	Shakir / ʿAbd al-Baqi numbering	heading in the layer's own text		
urn:hadith:0279Tirmidhi.Sunan:2953	2953	2984	Shakir / ʿAbd al-Baqi numbering	heading in the layer's own text		
urn:hadith:0279Tirmidhi.Sunan:2954	2954	2985	Shakir / ʿAbd al-Baqi numbering	heading in the layer's own text		
urn:hadith:0279Tirmidhi.Sunan:2955	2955	2986	Shakir / ʿAbd al-Baqi numbering	heading in the layer's own text		
urn:hadith:0279Tirmidhi.Sunan:2956	2956	2987	Shakir / ʿAbd al-Baqi numbering	heading in the layer's own text		
urn:hadith:0279Tirmidhi.Sunan:2957	2957	2988	Shakir / ʿAbd al-Baqi numbering	heading in the layer's own text		
urn:hadith:0279Tirmidhi.Sunan:2958	2958	2989	Shakir / ʿAbd al-Baqi numbering	heading in the layer's own text		
urn:hadith:0279Tirmidhi.Sunan:2959	2959	2990	Shakir / ʿAbd al-Baqi numbering	heading in the layer's own text		
urn:hadith:0279Tirmidhi.Sunan:2960	2960	2991	Shakir / ʿAbd al-Baqi numbering	heading in the layer's own text		
urn:hadith:0279Tirmidhi.Sunan:2961	2961	2992	Shakir / ʿAbd al-Baqi numbering	heading in the layer's own text		
urn:hadith:0279Tirmidhi.Sunan:2962	2962	2993	Shakir / ʿAbd al-Baqi numbering	heading in the layer's own text		
urn:hadith:0279Tirmidhi.Sunan:2963	2963	2994	Shakir / ʿAbd al-Baqi numbering	heading in the layer's own text		
urn:hadith:0279Tirmidhi.Sunan:2964	2964	2995	Shakir / ʿAbd al-Baqi numbering	heading in the layer's own text		
urn:hadith:0279Tirmidhi.Sunan:2965	2965	2996	Shakir / ʿAbd al-Baqi numbering	heading in the layer's own text		
urn:hadith:0279Tirmidhi.Sunan:2966	2966	2997	Shakir / ʿAbd al-Baqi numbering	heading in the layer's own text		
urn:hadith:0279Tirmidhi.Sunan:2967	2967	2998	Shakir / ʿAbd al-Baqi numbering	heading in the layer's own text		
urn:hadith:0279Tirmidhi.Sunan:2968	2968	2999	Shakir / ʿAbd al-Baqi numbering	heading in the layer's own text		
urn:hadith:0279Tirmidhi.Sunan:2969	2969	3000	Shakir / ʿAbd al-Baqi numbering	heading in the layer's own text		
urn:hadith:0279Tirmidhi.Sunan:2970	2970	3001	Shakir / ʿAbd al-Baqi numbering	heading in the layer's own text		
urn:hadith:0279Tirmidhi.Sunan:2971	2971	3002	Shakir / ʿAbd al-Baqi numbering	heading in the layer's own text		
urn:hadith:0279Tirmidhi.Sunan:2972	2972	3003	Shakir / ʿAbd al-Baqi numbering	heading in the layer's own text		
urn:hadith:0279Tirmidhi.Sunan:2973	2973	3004	Shakir / ʿAbd al-Baqi numbering	heading in the layer's own text		
urn:hadith:0279Tirmidhi.Sunan:2974	2974	3005	Shakir / ʿAbd al-Baqi numbering	heading in the layer's own text		
urn:hadith:0279Tirmidhi.Sunan:2975	2975	3006	Shakir / ʿAbd al-Baqi numbering	heading in the layer's own text		
urn:hadith:0279Tirmidhi.Sunan:2976	2976	3007	Shakir / ʿAbd al-Baqi numbering	heading in the layer's own text		
urn:hadith:0279Tirmidhi.Sunan:2977	2977	3008	Shakir / ʿAbd al-Baqi numbering	heading in the layer's own text		
urn:hadith:0279Tirmidhi.Sunan:2978	2978	3009	Shakir / ʿAbd al-Baqi numbering	heading in the layer's own text		
urn:hadith:0279Tirmidhi.Sunan:2979	2979	3010	Shakir / ʿAbd al-Baqi numbering	heading in the layer's own text		
urn:hadith:0279Tirmidhi.Sunan:2980	2980	3011	Shakir / ʿAbd al-Baqi numbering	heading in the layer's own text		
urn:hadith:0279Tirmidhi.Sunan:2981	2981	3012	Shakir / ʿAbd al-Baqi numbering	heading in the layer's own text		
urn:hadith:0279Tirmidhi.Sunan:2982	2982	3013	Shakir / ʿAbd al-Baqi numbering	heading in the layer's own text		
urn:hadith:0279Tirmidhi.Sunan:2983	2983	3014	Shakir / ʿAbd al-Baqi numbering	heading in the layer's own text		
urn:hadith:0279Tirmidhi.Sunan:2984	2984	3015	Shakir / ʿAbd al-Baqi numbering	heading in the layer's own text		
urn:hadith:0279Tirmidhi.Sunan:2985	2985	3016	Shakir / ʿAbd al-Baqi numbering	heading in the layer's own text		
urn:hadith:0279Tirmidhi.Sunan:2986	2986	3017	Shakir / ʿAbd al-Baqi numbering	heading in the layer's own text		
urn:hadith:0279Tirmidhi.Sunan:2987	2987	3018	Shakir / ʿAbd al-Baqi numbering	heading in the layer's own text		
urn:hadith:0279Tirmidhi.Sunan:2988	2988	3019	Shakir / ʿAbd al-Baqi numbering	heading in the layer's own text		
urn:hadith:0279Tirmidhi.Sunan:2989	2989	3020	Shakir / ʿAbd al-Baqi numbering	heading in the layer's own text		
urn:hadith:0279Tirmidhi.Sunan:2990	2990	3021	Shakir / ʿAbd al-Baqi numbering	heading in the layer's own text		
urn:hadith:0279Tirmidhi.Sunan:2991	2991	3022	Shakir / ʿAbd al-Baqi numbering	heading in the layer's own text		
urn:hadith:0279Tirmidhi.Sunan:2992	2992	3023	Shakir / ʿAbd al-Baqi numbering	heading in the layer's own text		
urn:hadith:0279Tirmidhi.Sunan:2993	2993	3024	Shakir / ʿAbd al-Baqi numbering	heading in the layer's own text		
urn:hadith:0279Tirmidhi.Sunan:2994	2994	3025	Shakir / ʿAbd al-Baqi numbering	heading in the layer's own text		
urn:hadith:0279Tirmidhi.Sunan:2995	2995	3026	Shakir / ʿAbd al-Baqi numbering	heading in the layer's own text		
urn:hadith:0279Tirmidhi.Sunan:2996	2996	3027	Shakir / ʿAbd al-Baqi numbering	heading in the layer's own text		
urn:hadith:0279Tirmidhi.Sunan:2997	2997	3028	Shakir / ʿAbd al-Baqi numbering	heading in the layer's own text		
urn:hadith:0279Tirmidhi.Sunan:2998	2998	3029	Shakir / ʿAbd al-Baqi numbering	heading in the layer's own text		
urn:hadith:0279Tirmidhi.Sunan:2999	2999	3030	Shakir / ʿAbd al-Baqi numbering	heading in the layer's own text		
urn:hadith:0279Tirmidhi.Sunan:3000	3000	3031	Shakir / ʿAbd al-Baqi numbering	heading in the layer's own text		
urn:hadith:0279Tirmidhi.Sunan:3001	3001	3032	Shakir / ʿAbd al-Baqi numbering	heading in the layer's own text		
urn:hadith:0279Tirmidhi.Sunan:3002	3002	3033	Shakir / ʿAbd al-Baqi numbering	heading in the layer's own text		
urn:hadith:0279Tirmidhi.Sunan:3003	3003	3034	Shakir / ʿAbd al-Baqi numbering	heading in the layer's own text		
urn:hadith:0279Tirmidhi.Sunan:3004	3004	3035	Shakir / ʿAbd al-Baqi numbering	heading in the layer's own text		
urn:hadith:0279Tirmidhi.Sunan:3005	3005	3036	Shakir / ʿAbd al-Baqi numbering	heading in the layer's own text		
urn:hadith:0279Tirmidhi.Sunan:3006	3006	3037	Shakir / ʿAbd al-Baqi numbering	heading in the layer's own text		
urn:hadith:0279Tirmidhi.Sunan:3007	3007	3038	Shakir / ʿAbd al-Baqi numbering	heading in the layer's own text		
urn:hadith:0279Tirmidhi.Sunan:3008	3008	3039	Shakir / ʿAbd al-Baqi numbering	heading in the layer's own text		
urn:hadith:0279Tirmidhi.Sunan:3009	3009	3040	Shakir / ʿAbd al-Baqi numbering	heading in the layer's own text		
urn:hadith:0279Tirmidhi.Sunan:3010	3010	3041	Shakir / ʿAbd al-Baqi numbering	heading in the layer's own text		
urn:hadith:0279Tirmidhi.Sunan:3011	3011	3042	Shakir / ʿAbd al-Baqi numbering	heading in the layer's own text		
urn:hadith:0279Tirmidhi.Sunan:3012	3012	3043	Shakir / ʿAbd al-Baqi numbering	heading in the layer's own text		
urn:hadith:0279Tirmidhi.Sunan:3013	3013	3044	Shakir / ʿAbd al-Baqi numbering	heading in the layer's own text		
urn:hadith:0279Tirmidhi.Sunan:3014	3014	3045	Shakir / ʿAbd al-Baqi numbering	heading in the layer's own text		
urn:hadith:0279Tirmidhi.Sunan:3015	3015	3046	Shakir / ʿAbd al-Baqi numbering	heading in the layer's own text		
urn:hadith:0279Tirmidhi.Sunan:3016	3016	3047	Shakir / ʿAbd al-Baqi numbering	heading in the layer's own text		
urn:hadith:0279Tirmidhi.Sunan:3017	3017	3048	Shakir / ʿAbd al-Baqi numbering	heading in the layer's own text		
urn:hadith:0279Tirmidhi.Sunan:3018	3018	3049	Shakir / ʿAbd al-Baqi numbering	heading in the layer's own text		
urn:hadith:0279Tirmidhi.Sunan:3019	3019	3050	Shakir / ʿAbd al-Baqi numbering	heading in the layer's own text		
urn:hadith:0279Tirmidhi.Sunan:3020	3020	3051	Shakir / ʿAbd al-Baqi numbering	heading in the layer's own text		
urn:hadith:0279Tirmidhi.Sunan:3021	3021	3052	Shakir / ʿAbd al-Baqi numbering	heading in the layer's own text		
urn:hadith:0279Tirmidhi.Sunan:3022	3022	3053	Shakir / ʿAbd al-Baqi numbering	heading in the layer's own text		
urn:hadith:0279Tirmidhi.Sunan:3023	3023	3054	Shakir / ʿAbd al-Baqi numbering	heading in the layer's own text		
urn:hadith:0279Tirmidhi.Sunan:3024	3024	3055	Shakir / ʿAbd al-Baqi numbering	heading in the layer's own text		
urn:hadith:0279Tirmidhi.Sunan:3025	3025	3056	Shakir / ʿAbd al-Baqi numbering	heading in the layer's own text		
urn:hadith:0279Tirmidhi.Sunan:3026	3026	3057	Shakir / ʿAbd al-Baqi numbering	heading in the layer's own text		
urn:hadith:0279Tirmidhi.Sunan:3027	3027	3058	Shakir / ʿAbd al-Baqi numbering	heading in the layer's own text		
urn:hadith:0279Tirmidhi.Sunan:3028	3028	3059	Shakir / ʿAbd al-Baqi numbering	heading in the layer's own text		
urn:hadith:0279Tirmidhi.Sunan:3029	3029	3060	Shakir / ʿAbd al-Baqi numbering	heading in the layer's own text		
urn:hadith:0279Tirmidhi.Sunan:3030	3030	3061	Shakir / ʿAbd al-Baqi numbering	heading in the layer's own text		
urn:hadith:0279Tirmidhi.Sunan:3031	3031	3062	Shakir / ʿAbd al-Baqi numbering	heading in the layer's own text		
urn:hadith:0279Tirmidhi.Sunan:3032	3032	3063	Shakir / ʿAbd al-Baqi numbering	heading in the layer's own text		
urn:hadith:0279Tirmidhi.Sunan:3033	3033	3064	Shakir / ʿAbd al-Baqi numbering	heading in the layer's own text		
urn:hadith:0279Tirmidhi.Sunan:3034	3034	3065	Shakir / ʿAbd al-Baqi numbering	heading in the layer's own text		
urn:hadith:0279Tirmidhi.Sunan:3035	3035	3066	Shakir / ʿAbd al-Baqi numbering	heading in the layer's own text		
urn:hadith:0279Tirmidhi.Sunan:3036	3036	3067	Shakir / ʿAbd al-Baqi numbering	heading in the layer's own text		
urn:hadith:0279Tirmidhi.Sunan:3037	3037	3068	Shakir / ʿAbd al-Baqi numbering	heading in the layer's own text		
urn:hadith:0279Tirmidhi.Sunan:3038	3038	3069	Shakir / ʿAbd al-Baqi numbering	heading in the layer's own text		
urn:hadith:0279Tirmidhi.Sunan:3039	3039	3070	Shakir / ʿAbd al-Baqi numbering	heading in the layer's own text		
urn:hadith:0279Tirmidhi.Sunan:3040	3040	3071	Shakir / ʿAbd al-Baqi numbering	heading in the layer's own text		
urn:hadith:0279Tirmidhi.Sunan:3041	3041	3072	Shakir / ʿAbd al-Baqi numbering	heading in the layer's own text		
urn:hadith:0279Tirmidhi.Sunan:3042	3042	3073	Shakir / ʿAbd al-Baqi numbering	heading in the layer's own text		
urn:hadith:0279Tirmidhi.Sunan:3043	3043	3074	Shakir / ʿAbd al-Baqi numbering	heading in the layer's own text		
urn:hadith:0279Tirmidhi.Sunan:3044	3044	3075	Shakir / ʿAbd al-Baqi numbering	heading in the layer's own text		
urn:hadith:0279Tirmidhi.Sunan:3045	3045	3076	Shakir / ʿAbd al-Baqi numbering	heading in the layer's own text		
urn:hadith:0279Tirmidhi.Sunan:3046	3046	3077	Shakir / ʿAbd al-Baqi numbering	heading in the layer's own text		
urn:hadith:0279Tirmidhi.Sunan:3047	3047	3078	Shakir / ʿAbd al-Baqi numbering	heading in the layer's own text		
urn:hadith:0279Tirmidhi.Sunan:3048	3048	3079	Shakir / ʿAbd al-Baqi numbering	heading in the layer's own text		
urn:hadith:0279Tirmidhi.Sunan:3049	3049	3080	Shakir / ʿAbd al-Baqi numbering	heading in the layer's own text		
urn:hadith:0279Tirmidhi.Sunan:3050	3050	3081	Shakir / ʿAbd al-Baqi numbering	heading in the layer's own text		
urn:hadith:0279Tirmidhi.Sunan:3051	3051	3082	Shakir / ʿAbd al-Baqi numbering	heading in the layer's own text		
urn:hadith:0279Tirmidhi.Sunan:3052	3052	3083	Shakir / ʿAbd al-Baqi numbering	heading in the layer's own text		
urn:hadith:0279Tirmidhi.Sunan:3053	3053	3084	Shakir / ʿAbd al-Baqi numbering	heading in the layer's own text		
urn:hadith:0279Tirmidhi.Sunan:3054	3054	3085	Shakir / ʿAbd al-Baqi numbering	heading in the layer's own text		
urn:hadith:0279Tirmidhi.Sunan:3055	3055	3086	Shakir / ʿAbd al-Baqi numbering	heading in the layer's own text		
urn:hadith:0279Tirmidhi.Sunan:3056	3056	3087	Shakir / ʿAbd al-Baqi numbering	heading in the layer's own text		
urn:hadith:0279Tirmidhi.Sunan:3057	3057	3088	Shakir / ʿAbd al-Baqi numbering	heading in the layer's own text		
urn:hadith:0279Tirmidhi.Sunan:3058	3058	3089	Shakir / ʿAbd al-Baqi numbering	heading in the layer's own text		
urn:hadith:0279Tirmidhi.Sunan:3059	3059	3090	Shakir / ʿAbd al-Baqi numbering	heading in the layer's own text		
urn:hadith:0279Tirmidhi.Sunan:3060	3060	3091	Shakir / ʿAbd al-Baqi numbering	heading in the layer's own text		
urn:hadith:0279Tirmidhi.Sunan:3061	3061	3092	Shakir / ʿAbd al-Baqi numbering	heading in the layer's own text		
urn:hadith:0279Tirmidhi.Sunan:3062	3062	3093	Shakir / ʿAbd al-Baqi numbering	heading in the layer's own text		
urn:hadith:0279Tirmidhi.Sunan:3063	3063	3094	Shakir / ʿAbd al-Baqi numbering	heading in the layer's own text		
urn:hadith:0279Tirmidhi.Sunan:3064	3064	3095	Shakir / ʿAbd al-Baqi numbering	heading in the layer's own text		
urn:hadith:0279Tirmidhi.Sunan:3065	3065	3096	Shakir / ʿAbd al-Baqi numbering	heading in the layer's own text		
urn:hadith:0279Tirmidhi.Sunan:3066	3066	3097	Shakir / ʿAbd al-Baqi numbering	heading in the layer's own text		
urn:hadith:0279Tirmidhi.Sunan:3067	3067	3098	Shakir / ʿAbd al-Baqi numbering	heading in the layer's own text		
urn:hadith:0279Tirmidhi.Sunan:3068	3068	3099	Shakir / ʿAbd al-Baqi numbering	heading in the layer's own text		
urn:hadith:0279Tirmidhi.Sunan:3069	3069	3100	Shakir / ʿAbd al-Baqi numbering	heading in the layer's own text		
urn:hadith:0279Tirmidhi.Sunan:3070	3070	3101	Shakir / ʿAbd al-Baqi numbering	heading in the layer's own text		
urn:hadith:0279Tirmidhi.Sunan:3071	3071	3102	Shakir / ʿAbd al-Baqi numbering	heading in the layer's own text		
urn:hadith:0279Tirmidhi.Sunan:3072	3072	3103	Shakir / ʿAbd al-Baqi numbering	heading in the layer's own text		
urn:hadith:0279Tirmidhi.Sunan:3073	3073	3104	Shakir / ʿAbd al-Baqi numbering	heading in the layer's own text		
urn:hadith:0279Tirmidhi.Sunan:3074	3074	3106	Shakir / ʿAbd al-Baqi numbering	heading in the layer's own text		
urn:hadith:0279Tirmidhi.Sunan:3075	3075	3107	Shakir / ʿAbd al-Baqi numbering	heading in the layer's own text		
urn:hadith:0279Tirmidhi.Sunan:3076	3076	3108	Shakir / ʿAbd al-Baqi numbering	heading in the layer's own text		
urn:hadith:0279Tirmidhi.Sunan:3077	3077	3110	Shakir / ʿAbd al-Baqi numbering	heading in the layer's own text		
urn:hadith:0279Tirmidhi.Sunan:3078	3078	3111	Shakir / ʿAbd al-Baqi numbering	heading in the layer's own text		
urn:hadith:0279Tirmidhi.Sunan:3079	3079	3112	Shakir / ʿAbd al-Baqi numbering	heading in the layer's own text		
urn:hadith:0279Tirmidhi.Sunan:3080	3080	3113	Shakir / ʿAbd al-Baqi numbering	heading in the layer's own text		
urn:hadith:0279Tirmidhi.Sunan:3081	3081	3114	Shakir / ʿAbd al-Baqi numbering	heading in the layer's own text		
urn:hadith:0279Tirmidhi.Sunan:3082	3082	3115	Shakir / ʿAbd al-Baqi numbering	heading in the layer's own text		
urn:hadith:0279Tirmidhi.Sunan:3083	3083	3118	Shakir / ʿAbd al-Baqi numbering	heading in the layer's own text		
urn:hadith:0279Tirmidhi.Sunan:3084	3084	3120	Shakir / ʿAbd al-Baqi numbering	heading in the layer's own text		
urn:hadith:0279Tirmidhi.Sunan:3085	3085	3121	Shakir / ʿAbd al-Baqi numbering	heading in the layer's own text		
urn:hadith:0279Tirmidhi.Sunan:3086	3086	3123	Shakir / ʿAbd al-Baqi numbering	heading in the layer's own text		
urn:hadith:0279Tirmidhi.Sunan:3087	3087	3124	Shakir / ʿAbd al-Baqi numbering	heading in the layer's own text		
urn:hadith:0279Tirmidhi.Sunan:3088	3088	3125	Shakir / ʿAbd al-Baqi numbering	heading in the layer's own text		
urn:hadith:0279Tirmidhi.Sunan:3089	3089	3126	Shakir / ʿAbd al-Baqi numbering	heading in the layer's own text		
urn:hadith:0279Tirmidhi.Sunan:3090	3090	3127	Shakir / ʿAbd al-Baqi numbering	heading in the layer's own text		
urn:hadith:0279Tirmidhi.Sunan:3091	3091	3129	Shakir / ʿAbd al-Baqi numbering	heading in the layer's own text		
urn:hadith:0279Tirmidhi.Sunan:3092	3092	3131	Shakir / ʿAbd al-Baqi numbering	heading in the layer's own text		
urn:hadith:0279Tirmidhi.Sunan:3093	3093	3132	Shakir / ʿAbd al-Baqi numbering	heading in the layer's own text		
urn:hadith:0279Tirmidhi.Sunan:3094	3094	3133	Shakir / ʿAbd al-Baqi numbering	heading in the layer's own text		
urn:hadith:0279Tirmidhi.Sunan:3095	3095	3134	Shakir / ʿAbd al-Baqi numbering	heading in the layer's own text		
urn:hadith:0279Tirmidhi.Sunan:3096	3096	3135	Shakir / ʿAbd al-Baqi numbering	heading in the layer's own text		
urn:hadith:0279Tirmidhi.Sunan:3097	3097	3136	Shakir / ʿAbd al-Baqi numbering	heading in the layer's own text		
urn:hadith:0279Tirmidhi.Sunan:3098	3098	3137	Shakir / ʿAbd al-Baqi numbering	heading in the layer's own text		
urn:hadith:0279Tirmidhi.Sunan:3099	3099	3138	Shakir / ʿAbd al-Baqi numbering	heading in the layer's own text		
urn:hadith:0279Tirmidhi.Sunan:3100	3100	3139	Shakir / ʿAbd al-Baqi numbering	heading in the layer's own text		
urn:hadith:0279Tirmidhi.Sunan:3101	3101	3140	Shakir / ʿAbd al-Baqi numbering	heading in the layer's own text		
urn:hadith:0279Tirmidhi.Sunan:3102	3102	3141	Shakir / ʿAbd al-Baqi numbering	heading in the layer's own text		
urn:hadith:0279Tirmidhi.Sunan:3103	3103	3142	Shakir / ʿAbd al-Baqi numbering	heading in the layer's own text		
urn:hadith:0279Tirmidhi.Sunan:3104	3104	3143	Shakir / ʿAbd al-Baqi numbering	heading in the layer's own text		
urn:hadith:0279Tirmidhi.Sunan:3105	3105	3144	Shakir / ʿAbd al-Baqi numbering	heading in the layer's own text		
urn:hadith:0279Tirmidhi.Sunan:3106	3106	3145	Shakir / ʿAbd al-Baqi numbering	heading in the layer's own text		
urn:hadith:0279Tirmidhi.Sunan:3107	3107	3146	Shakir / ʿAbd al-Baqi numbering	heading in the layer's own text		
urn:hadith:0279Tirmidhi.Sunan:3108	3108	3147	Shakir / ʿAbd al-Baqi numbering	heading in the layer's own text		
urn:hadith:0279Tirmidhi.Sunan:3109	3109	3148	Shakir / ʿAbd al-Baqi numbering	heading in the layer's own text		
urn:hadith:0279Tirmidhi.Sunan:3110	3110	3150	Shakir / ʿAbd al-Baqi numbering	heading in the layer's own text		
urn:hadith:0279Tirmidhi.Sunan:3111	3111	3151	Shakir / ʿAbd al-Baqi numbering	heading in the layer's own text		
urn:hadith:0279Tirmidhi.Sunan:3112	3112	3152	Shakir / ʿAbd al-Baqi numbering	heading in the layer's own text		
urn:hadith:0279Tirmidhi.Sunan:3113	3113	3153	Shakir / ʿAbd al-Baqi numbering	heading in the layer's own text		
urn:hadith:0279Tirmidhi.Sunan:3114	3114	3154	Shakir / ʿAbd al-Baqi numbering	heading in the layer's own text		
urn:hadith:0279Tirmidhi.Sunan:3115	3115	3156	Shakir / ʿAbd al-Baqi numbering	heading in the layer's own text		
urn:hadith:0279Tirmidhi.Sunan:3116	3116	3157	Shakir / ʿAbd al-Baqi numbering	heading in the layer's own text		
urn:hadith:0279Tirmidhi.Sunan:3117	3117	3158	Shakir / ʿAbd al-Baqi numbering	heading in the layer's own text		
urn:hadith:0279Tirmidhi.Sunan:3118	3118	3159	Shakir / ʿAbd al-Baqi numbering	heading in the layer's own text		
urn:hadith:0279Tirmidhi.Sunan:3119	3119	3160	Shakir / ʿAbd al-Baqi numbering	heading in the layer's own text		
urn:hadith:0279Tirmidhi.Sunan:3120	3120	3161	Shakir / ʿAbd al-Baqi numbering	heading in the layer's own text		
urn:hadith:0279Tirmidhi.Sunan:3121	3121	3162	Shakir / ʿAbd al-Baqi numbering	heading in the layer's own text		
urn:hadith:0279Tirmidhi.Sunan:3122	3122	3165	Shakir / ʿAbd al-Baqi numbering	heading in the layer's own text		
urn:hadith:0279Tirmidhi.Sunan:3123	3123	3166	Shakir / ʿAbd al-Baqi numbering	heading in the layer's own text		
urn:hadith:0279Tirmidhi.Sunan:3124	3124	3167	Shakir / ʿAbd al-Baqi numbering	heading in the layer's own text		
urn:hadith:0279Tirmidhi.Sunan:3125	3125	3169	Shakir / ʿAbd al-Baqi numbering	heading in the layer's own text		
urn:hadith:0279Tirmidhi.Sunan:3126	3126	3170	Shakir / ʿAbd al-Baqi numbering	heading in the layer's own text		
urn:hadith:0279Tirmidhi.Sunan:3127	3127	3171	Shakir / ʿAbd al-Baqi numbering	heading in the layer's own text		
urn:hadith:0279Tirmidhi.Sunan:3128	3128	3172	Shakir / ʿAbd al-Baqi numbering	heading in the layer's own text		
urn:hadith:0279Tirmidhi.Sunan:3129	3129	3174	Shakir / ʿAbd al-Baqi numbering	heading in the layer's own text		
urn:hadith:0279Tirmidhi.Sunan:3130	3130	3175	Shakir / ʿAbd al-Baqi numbering	heading in the layer's own text		
urn:hadith:0279Tirmidhi.Sunan:3131	3131	3176	Shakir / ʿAbd al-Baqi numbering	heading in the layer's own text		
urn:hadith:0279Tirmidhi.Sunan:3132	3132	3178	Shakir / ʿAbd al-Baqi numbering	heading in the layer's own text		
urn:hadith:0279Tirmidhi.Sunan:3133	3133	3179	Shakir / ʿAbd al-Baqi numbering	heading in the layer's own text		
urn:hadith:0279Tirmidhi.Sunan:3134	3134	3180	Shakir / ʿAbd al-Baqi numbering	heading in the layer's own text		
urn:hadith:0279Tirmidhi.Sunan:3135	3135	3181	Shakir / ʿAbd al-Baqi numbering	heading in the layer's own text		
urn:hadith:0279Tirmidhi.Sunan:3136	3136	3183	Shakir / ʿAbd al-Baqi numbering	heading in the layer's own text		
urn:hadith:0279Tirmidhi.Sunan:3137	3137	3185	Shakir / ʿAbd al-Baqi numbering	heading in the layer's own text		
urn:hadith:0279Tirmidhi.Sunan:3138	3138	3186	Shakir / ʿAbd al-Baqi numbering	heading in the layer's own text		
urn:hadith:0279Tirmidhi.Sunan:3139	3139	3190	Shakir / ʿAbd al-Baqi numbering	heading in the layer's own text		
urn:hadith:0279Tirmidhi.Sunan:3140	3140	3192	Shakir / ʿAbd al-Baqi numbering	heading in the layer's own text		
urn:hadith:0279Tirmidhi.Sunan:3141	3141	3193	Shakir / ʿAbd al-Baqi numbering	heading in the layer's own text		
urn:hadith:0279Tirmidhi.Sunan:3142	3142	3194	Shakir / ʿAbd al-Baqi numbering	heading in the layer's own text		
urn:hadith:0279Tirmidhi.Sunan:3143	3143	3197	Shakir / ʿAbd al-Baqi numbering	heading in the layer's own text		
urn:hadith:0279Tirmidhi.Sunan:3144	3144	3198	Shakir / ʿAbd al-Baqi numbering	heading in the layer's own text		
urn:hadith:0279Tirmidhi.Sunan:3145	3145	3200	Shakir / ʿAbd al-Baqi numbering	heading in the layer's own text		
urn:hadith:0279Tirmidhi.Sunan:3146	3146	3201	Shakir / ʿAbd al-Baqi numbering	heading in the layer's own text		
urn:hadith:0279Tirmidhi.Sunan:3147	3147	3202	Shakir / ʿAbd al-Baqi numbering	heading in the layer's own text		
urn:hadith:0279Tirmidhi.Sunan:3148	3148	3203	Shakir / ʿAbd al-Baqi numbering	heading in the layer's own text		
urn:hadith:0279Tirmidhi.Sunan:3149	3149	3204	Shakir / ʿAbd al-Baqi numbering	heading in the layer's own text		
urn:hadith:0279Tirmidhi.Sunan:3150	3150	3205	Shakir / ʿAbd al-Baqi numbering	heading in the layer's own text		
urn:hadith:0279Tirmidhi.Sunan:3151	3151	3206	Shakir / ʿAbd al-Baqi numbering	heading in the layer's own text		
urn:hadith:0279Tirmidhi.Sunan:3152	3152	3207	Shakir / ʿAbd al-Baqi numbering	heading in the layer's own text		
urn:hadith:0279Tirmidhi.Sunan:3153	3153	3208	Shakir / ʿAbd al-Baqi numbering	heading in the layer's own text		
urn:hadith:0279Tirmidhi.Sunan:3154	3154	3209	Shakir / ʿAbd al-Baqi numbering	heading in the layer's own text		
urn:hadith:0279Tirmidhi.Sunan:3155	3155	3210	Shakir / ʿAbd al-Baqi numbering	heading in the layer's own text		
urn:hadith:0279Tirmidhi.Sunan:3156	3156	3211	Shakir / ʿAbd al-Baqi numbering	heading in the layer's own text		
urn:hadith:0279Tirmidhi.Sunan:3157	3157	3212	Shakir / ʿAbd al-Baqi numbering	heading in the layer's own text		
urn:hadith:0279Tirmidhi.Sunan:3158	3158	3213	Shakir / ʿAbd al-Baqi numbering	heading in the layer's own text		
urn:hadith:0279Tirmidhi.Sunan:3159	3159	3214	Shakir / ʿAbd al-Baqi numbering	heading in the layer's own text		
urn:hadith:0279Tirmidhi.Sunan:3160	3160	3215	Shakir / ʿAbd al-Baqi numbering	heading in the layer's own text		
urn:hadith:0279Tirmidhi.Sunan:3161	3161	3216	Shakir / ʿAbd al-Baqi numbering	heading in the layer's own text		
urn:hadith:0279Tirmidhi.Sunan:3162	3162	3217	Shakir / ʿAbd al-Baqi numbering	heading in the layer's own text		
urn:hadith:0279Tirmidhi.Sunan:3163	3163	3218	Shakir / ʿAbd al-Baqi numbering	heading in the layer's own text		
urn:hadith:0279Tirmidhi.Sunan:3164	3164	3219	Shakir / ʿAbd al-Baqi numbering	heading in the layer's own text		
urn:hadith:0279Tirmidhi.Sunan:3165	3165	3220	Shakir / ʿAbd al-Baqi numbering	heading in the layer's own text		
urn:hadith:0279Tirmidhi.Sunan:3166	3166	3221	Shakir / ʿAbd al-Baqi numbering	heading in the layer's own text		
urn:hadith:0279Tirmidhi.Sunan:3167	3167	3222	Shakir / ʿAbd al-Baqi numbering	heading in the layer's own text		
urn:hadith:0279Tirmidhi.Sunan:3168	3168	3223	Shakir / ʿAbd al-Baqi numbering	heading in the layer's own text		
urn:hadith:0279Tirmidhi.Sunan:3169	3169	3224	Shakir / ʿAbd al-Baqi numbering	heading in the layer's own text		
urn:hadith:0279Tirmidhi.Sunan:3170	3170	3227	Shakir / ʿAbd al-Baqi numbering	heading in the layer's own text		
urn:hadith:0279Tirmidhi.Sunan:3171	3171	3229	Shakir / ʿAbd al-Baqi numbering	heading in the layer's own text		
urn:hadith:0279Tirmidhi.Sunan:3172	3172	3230	Shakir / ʿAbd al-Baqi numbering	heading in the layer's own text		
urn:hadith:0279Tirmidhi.Sunan:3173	3173	3231	Shakir / ʿAbd al-Baqi numbering	heading in the layer's own text		
urn:hadith:0279Tirmidhi.Sunan:3174	3174	3233	Shakir / ʿAbd al-Baqi numbering	heading in the layer's own text		
urn:hadith:0279Tirmidhi.Sunan:3175	3175	3235	Shakir / ʿAbd al-Baqi numbering	heading in the layer's own text		
urn:hadith:0279Tirmidhi.Sunan:3176	3176	3237	Shakir / ʿAbd al-Baqi numbering	heading in the layer's own text		
urn:hadith:0279Tirmidhi.Sunan:3177	3177	3238	Shakir / ʿAbd al-Baqi numbering	heading in the layer's own text		
urn:hadith:0279Tirmidhi.Sunan:3178	3178	3239	Shakir / ʿAbd al-Baqi numbering	heading in the layer's own text		
urn:hadith:0279Tirmidhi.Sunan:3179	3179	3240	Shakir / ʿAbd al-Baqi numbering	heading in the layer's own text		
urn:hadith:0279Tirmidhi.Sunan:3180	3180	3241	Shakir / ʿAbd al-Baqi numbering	heading in the layer's own text		
urn:hadith:0279Tirmidhi.Sunan:3181	3181	3242	Shakir / ʿAbd al-Baqi numbering	heading in the layer's own text		
urn:hadith:0279Tirmidhi.Sunan:3182	3182	3243	Shakir / ʿAbd al-Baqi numbering	heading in the layer's own text		
urn:hadith:0279Tirmidhi.Sunan:3183	3183	3244	Shakir / ʿAbd al-Baqi numbering	heading in the layer's own text		
urn:hadith:0279Tirmidhi.Sunan:3184	3184	3245	Shakir / ʿAbd al-Baqi numbering	heading in the layer's own text		
urn:hadith:0279Tirmidhi.Sunan:3185	3185	3246	Shakir / ʿAbd al-Baqi numbering	heading in the layer's own text		
urn:hadith:0279Tirmidhi.Sunan:3186	3186	3249	Shakir / ʿAbd al-Baqi numbering	heading in the layer's own text		
urn:hadith:0279Tirmidhi.Sunan:3187	3187	3250	Shakir / ʿAbd al-Baqi numbering	heading in the layer's own text		
urn:hadith:0279Tirmidhi.Sunan:3188	3188	3252	Shakir / ʿAbd al-Baqi numbering	heading in the layer's own text		
urn:hadith:0279Tirmidhi.Sunan:3189	3189	3255	Shakir / ʿAbd al-Baqi numbering	heading in the layer's own text		
urn:hadith:0279Tirmidhi.Sunan:3190	3190	3257	Shakir / ʿAbd al-Baqi numbering	heading in the layer's own text		
urn:hadith:0279Tirmidhi.Sunan:3191	3191	3258	Shakir / ʿAbd al-Baqi numbering	heading in the layer's own text		
urn:hadith:0279Tirmidhi.Sunan:3192	3192	3260	Shakir / ʿAbd al-Baqi numbering	heading in the layer's own text		
urn:hadith:0279Tirmidhi.Sunan:3193	3193	3261	Shakir / ʿAbd al-Baqi numbering	heading in the layer's own text		
urn:hadith:0279Tirmidhi.Sunan:3194	3194	3263	Shakir / ʿAbd al-Baqi numbering	heading in the layer's own text		
urn:hadith:0279Tirmidhi.Sunan:3195	3195	3264	Shakir / ʿAbd al-Baqi numbering	heading in the layer's own text		
urn:hadith:0279Tirmidhi.Sunan:3196	3196	3265	Shakir / ʿAbd al-Baqi numbering	heading in the layer's own text		
urn:hadith:0279Tirmidhi.Sunan:3197	3197	3267	Shakir / ʿAbd al-Baqi numbering	heading in the layer's own text		
urn:hadith:0279Tirmidhi.Sunan:3198	3198	3268	Shakir / ʿAbd al-Baqi numbering	heading in the layer's own text		
urn:hadith:0279Tirmidhi.Sunan:3199	3199	3269	Shakir / ʿAbd al-Baqi numbering	heading in the layer's own text		
urn:hadith:0279Tirmidhi.Sunan:3200	3200	3270	Shakir / ʿAbd al-Baqi numbering	heading in the layer's own text		
urn:hadith:0279Tirmidhi.Sunan:3201	3201	3271	Shakir / ʿAbd al-Baqi numbering	heading in the layer's own text		
urn:hadith:0279Tirmidhi.Sunan:3202	3202	3274	Shakir / ʿAbd al-Baqi numbering	heading in the layer's own text		
urn:hadith:0279Tirmidhi.Sunan:3203	3203	3277	Shakir / ʿAbd al-Baqi numbering	heading in the layer's own text		
urn:hadith:0279Tirmidhi.Sunan:3204	3204	3278	Shakir / ʿAbd al-Baqi numbering	heading in the layer's own text		
urn:hadith:0279Tirmidhi.Sunan:3205	3205	3279	Shakir / ʿAbd al-Baqi numbering	heading in the layer's own text		
urn:hadith:0279Tirmidhi.Sunan:3206	3206	3280	Shakir / ʿAbd al-Baqi numbering	heading in the layer's own text		
urn:hadith:0279Tirmidhi.Sunan:3207	3207	3281	Shakir / ʿAbd al-Baqi numbering	heading in the layer's own text		
urn:hadith:0279Tirmidhi.Sunan:3208	3208	3282	Shakir / ʿAbd al-Baqi numbering	heading in the layer's own text		
urn:hadith:0279Tirmidhi.Sunan:3209	3209	3283	Shakir / ʿAbd al-Baqi numbering	heading in the layer's own text		
urn:hadith:0279Tirmidhi.Sunan:3210	3210	3284	Shakir / ʿAbd al-Baqi numbering	heading in the layer's own text		
urn:hadith:0279Tirmidhi.Sunan:3211	3211	3286	Shakir / ʿAbd al-Baqi numbering	heading in the layer's own text		
urn:hadith:0279Tirmidhi.Sunan:3212	3212	3287	Shakir / ʿAbd al-Baqi numbering	heading in the layer's own text		
urn:hadith:0279Tirmidhi.Sunan:3213	3213	3288	Shakir / ʿAbd al-Baqi numbering	heading in the layer's own text		
urn:hadith:0279Tirmidhi.Sunan:3214	3214	3289	Shakir / ʿAbd al-Baqi numbering	heading in the layer's own text		
urn:hadith:0279Tirmidhi.Sunan:3215	3215	3290	Shakir / ʿAbd al-Baqi numbering	heading in the layer's own text		
urn:hadith:0279Tirmidhi.Sunan:3216	3216	3293	Shakir / ʿAbd al-Baqi numbering	heading in the layer's own text		
urn:hadith:0279Tirmidhi.Sunan:3217	3217	3294	Shakir / ʿAbd al-Baqi numbering	heading in the layer's own text		
urn:hadith:0279Tirmidhi.Sunan:3218	3218	3295	Shakir / ʿAbd al-Baqi numbering	heading in the layer's own text		
urn:hadith:0279Tirmidhi.Sunan:3219	3219	3296	Shakir / ʿAbd al-Baqi numbering	heading in the layer's own text		
urn:hadith:0279Tirmidhi.Sunan:3220	3220	3297	Shakir / ʿAbd al-Baqi numbering	heading in the layer's own text		
urn:hadith:0279Tirmidhi.Sunan:3221	3221	3300	Shakir / ʿAbd al-Baqi numbering	heading in the layer's own text		
urn:hadith:0279Tirmidhi.Sunan:3222	3222	3301	Shakir / ʿAbd al-Baqi numbering	heading in the layer's own text		
urn:hadith:0279Tirmidhi.Sunan:3223	3223	3303	Shakir / ʿAbd al-Baqi numbering	heading in the layer's own text		
urn:hadith:0279Tirmidhi.Sunan:3224	3224	3304	Shakir / ʿAbd al-Baqi numbering	heading in the layer's own text		
urn:hadith:0279Tirmidhi.Sunan:3225	3225	3306	Shakir / ʿAbd al-Baqi numbering	heading in the layer's own text		
urn:hadith:0279Tirmidhi.Sunan:3226	3226	3307	Shakir / ʿAbd al-Baqi numbering	heading in the layer's own text		
urn:hadith:0279Tirmidhi.Sunan:3227	3227	3308	Shakir / ʿAbd al-Baqi numbering	heading in the layer's own text		
urn:hadith:0279Tirmidhi.Sunan:3228	3228	3311	Shakir / ʿAbd al-Baqi numbering	heading in the layer's own text		
urn:hadith:0279Tirmidhi.Sunan:3229	3229	3313	Shakir / ʿAbd al-Baqi numbering	heading in the layer's own text		
urn:hadith:0279Tirmidhi.Sunan:3230	3230	3314	Shakir / ʿAbd al-Baqi numbering	heading in the layer's own text		
urn:hadith:0279Tirmidhi.Sunan:3231	3231	3315	Shakir / ʿAbd al-Baqi numbering	heading in the layer's own text		
urn:hadith:0279Tirmidhi.Sunan:3232	3232	3316	Shakir / ʿAbd al-Baqi numbering	heading in the layer's own text		
urn:hadith:0279Tirmidhi.Sunan:3233	3233	3321	Shakir / ʿAbd al-Baqi numbering	heading in the layer's own text		
urn:hadith:0279Tirmidhi.Sunan:3234	3234	3324	Shakir / ʿAbd al-Baqi numbering	heading in the layer's own text		
urn:hadith:0279Tirmidhi.Sunan:3235	3235	3326	Shakir / ʿAbd al-Baqi numbering	heading in the layer's own text		
urn:hadith:0279Tirmidhi.Sunan:3236	3236	3327	Shakir / ʿAbd al-Baqi numbering	heading in the layer's own text		
urn:hadith:0279Tirmidhi.Sunan:3237	3237	3328	Shakir / ʿAbd al-Baqi numbering	heading in the layer's own text		
urn:hadith:0279Tirmidhi.Sunan:3238	3238	3330	Shakir / ʿAbd al-Baqi numbering	heading in the layer's own text		
urn:hadith:0279Tirmidhi.Sunan:3239	3239	3332	Shakir / ʿAbd al-Baqi numbering	heading in the layer's own text		
urn:hadith:0279Tirmidhi.Sunan:3240	3240	3335	Shakir / ʿAbd al-Baqi numbering	heading in the layer's own text		
urn:hadith:0279Tirmidhi.Sunan:3241	3241	3336	Shakir / ʿAbd al-Baqi numbering	heading in the layer's own text		
urn:hadith:0279Tirmidhi.Sunan:3242	3242	3338	Shakir / ʿAbd al-Baqi numbering	heading in the layer's own text		
urn:hadith:0279Tirmidhi.Sunan:3243	3243	3340	Shakir / ʿAbd al-Baqi numbering	heading in the layer's own text		
urn:hadith:0279Tirmidhi.Sunan:3244	3244	3349	Shakir / ʿAbd al-Baqi numbering	heading in the layer's own text		
urn:hadith:0279Tirmidhi.Sunan:3245	3245	3351	Shakir / ʿAbd al-Baqi numbering	heading in the layer's own text		
urn:hadith:0279Tirmidhi.Sunan:3246	3246	3355	Shakir / ʿAbd al-Baqi numbering	heading in the layer's own text		
urn:hadith:0279Tirmidhi.Sunan:3247	3247	3356	Shakir / ʿAbd al-Baqi numbering	heading in the layer's own text		
urn:hadith:0279Tirmidhi.Sunan:3248	3248	3357	Shakir / ʿAbd al-Baqi numbering	heading in the layer's own text		
urn:hadith:0279Tirmidhi.Sunan:3249	3249	3358	Shakir / ʿAbd al-Baqi numbering	heading in the layer's own text		
urn:hadith:0279Tirmidhi.Sunan:3250	3250	3360	Shakir / ʿAbd al-Baqi numbering	heading in the layer's own text		
urn:hadith:0279Tirmidhi.Sunan:3251	3251	3361	Shakir / ʿAbd al-Baqi numbering	heading in the layer's own text		
urn:hadith:0279Tirmidhi.Sunan:3252	3252	3365	Shakir / ʿAbd al-Baqi numbering	heading in the layer's own text		
urn:hadith:0279Tirmidhi.Sunan:3253	3253	3367	Shakir / ʿAbd al-Baqi numbering	heading in the layer's own text		
urn:hadith:0279Tirmidhi.Sunan:3254	3254	3369	Shakir / ʿAbd al-Baqi numbering	heading in the layer's own text		
urn:hadith:0279Tirmidhi.Sunan:3255	3255	3370	Shakir / ʿAbd al-Baqi numbering	heading in the layer's own text		
urn:hadith:0279Tirmidhi.Sunan:3256	3256	3371	Shakir / ʿAbd al-Baqi numbering	heading in the layer's own text		
urn:hadith:0279Tirmidhi.Sunan:3257	3257	3372	Shakir / ʿAbd al-Baqi numbering	heading in the layer's own text		
urn:hadith:0279Tirmidhi.Sunan:3258	3258	3373	Shakir / ʿAbd al-Baqi numbering	heading in the layer's own text		
urn:hadith:0279Tirmidhi.Sunan:3259	3259	3374	Shakir / ʿAbd al-Baqi numbering	heading in the layer's own text		
urn:hadith:0279Tirmidhi.Sunan:3260	3260	3375	Shakir / ʿAbd al-Baqi numbering	heading in the layer's own text		
urn:hadith:0279Tirmidhi.Sunan:3261	3261	3376	Shakir / ʿAbd al-Baqi numbering	heading in the layer's own text		
urn:hadith:0279Tirmidhi.Sunan:3262	3262	3377	Shakir / ʿAbd al-Baqi numbering	heading in the layer's own text		
urn:hadith:0279Tirmidhi.Sunan:3263	3263	3378	Shakir / ʿAbd al-Baqi numbering	heading in the layer's own text		
urn:hadith:0279Tirmidhi.Sunan:3264	3264	3379	Shakir / ʿAbd al-Baqi numbering	heading in the layer's own text		
urn:hadith:0279Tirmidhi.Sunan:3265	3265	3380	Shakir / ʿAbd al-Baqi numbering	heading in the layer's own text		
urn:hadith:0279Tirmidhi.Sunan:3266	3266	3381	Shakir / ʿAbd al-Baqi numbering	heading in the layer's own text		
urn:hadith:0279Tirmidhi.Sunan:3267	3267	3382	Shakir / ʿAbd al-Baqi numbering	heading in the layer's own text		
urn:hadith:0279Tirmidhi.Sunan:3268	3268	3383	Shakir / ʿAbd al-Baqi numbering	heading in the layer's own text		
urn:hadith:0279Tirmidhi.Sunan:3269	3269	3384	Shakir / ʿAbd al-Baqi numbering	heading in the layer's own text		
urn:hadith:0279Tirmidhi.Sunan:3270	3270	3385	Shakir / ʿAbd al-Baqi numbering	heading in the layer's own text		
urn:hadith:0279Tirmidhi.Sunan:3271	3271	3386	Shakir / ʿAbd al-Baqi numbering	heading in the layer's own text		
urn:hadith:0279Tirmidhi.Sunan:3272	3272	3387	Shakir / ʿAbd al-Baqi numbering	heading in the layer's own text		
urn:hadith:0279Tirmidhi.Sunan:3273	3273	3388	Shakir / ʿAbd al-Baqi numbering	heading in the layer's own text		
urn:hadith:0279Tirmidhi.Sunan:3274	3274	3389	Shakir / ʿAbd al-Baqi numbering	heading in the layer's own text		
urn:hadith:0279Tirmidhi.Sunan:3275	3275	3390	Shakir / ʿAbd al-Baqi numbering	heading in the layer's own text		
urn:hadith:0279Tirmidhi.Sunan:3276	3276	3391	Shakir / ʿAbd al-Baqi numbering	heading in the layer's own text		
urn:hadith:0279Tirmidhi.Sunan:3277	3277	3392	Shakir / ʿAbd al-Baqi numbering	heading in the layer's own text		
urn:hadith:0279Tirmidhi.Sunan:3278	3278	3393	Shakir / ʿAbd al-Baqi numbering	heading in the layer's own text		
urn:hadith:0279Tirmidhi.Sunan:3279	3279	3394	Shakir / ʿAbd al-Baqi numbering	heading in the layer's own text		
urn:hadith:0279Tirmidhi.Sunan:3280	3280	3395	Shakir / ʿAbd al-Baqi numbering	heading in the layer's own text		
urn:hadith:0279Tirmidhi.Sunan:3281	3281	3396	Shakir / ʿAbd al-Baqi numbering	heading in the layer's own text		
urn:hadith:0279Tirmidhi.Sunan:3282	3282	3397	Shakir / ʿAbd al-Baqi numbering	heading in the layer's own text		
urn:hadith:0279Tirmidhi.Sunan:3283	3283	3398	Shakir / ʿAbd al-Baqi numbering	heading in the layer's own text		
urn:hadith:0279Tirmidhi.Sunan:3284	3284	3399	Shakir / ʿAbd al-Baqi numbering	heading in the layer's own text		
urn:hadith:0279Tirmidhi.Sunan:3285	3285	3400	Shakir / ʿAbd al-Baqi numbering	heading in the layer's own text		
urn:hadith:0279Tirmidhi.Sunan:3286	3286	3401	Shakir / ʿAbd al-Baqi numbering	heading in the layer's own text		
urn:hadith:0279Tirmidhi.Sunan:3287	3287	3402	Shakir / ʿAbd al-Baqi numbering	heading in the layer's own text		
urn:hadith:0279Tirmidhi.Sunan:3288	3288	3403	Shakir / ʿAbd al-Baqi numbering	heading in the layer's own text		
urn:hadith:0279Tirmidhi.Sunan:3289	3289	3404	Shakir / ʿAbd al-Baqi numbering	heading in the layer's own text		
urn:hadith:0279Tirmidhi.Sunan:3290	3290	3405	Shakir / ʿAbd al-Baqi numbering	heading in the layer's own text		
urn:hadith:0279Tirmidhi.Sunan:3291	3291	3406	Shakir / ʿAbd al-Baqi numbering	heading in the layer's own text		
urn:hadith:0279Tirmidhi.Sunan:3292	3292	3407	Shakir / ʿAbd al-Baqi numbering	heading in the layer's own text		
urn:hadith:0279Tirmidhi.Sunan:3293	3293	3408	Shakir / ʿAbd al-Baqi numbering	heading in the layer's own text		
urn:hadith:0279Tirmidhi.Sunan:3294	3294	3409	Shakir / ʿAbd al-Baqi numbering	heading in the layer's own text		
urn:hadith:0279Tirmidhi.Sunan:3295	3295	3410	Shakir / ʿAbd al-Baqi numbering	heading in the layer's own text		
urn:hadith:0279Tirmidhi.Sunan:3296	3296	3411	Shakir / ʿAbd al-Baqi numbering	heading in the layer's own text		
urn:hadith:0279Tirmidhi.Sunan:3297	3297	3412	Shakir / ʿAbd al-Baqi numbering	heading in the layer's own text		
urn:hadith:0279Tirmidhi.Sunan:3298	3298	3413	Shakir / ʿAbd al-Baqi numbering	heading in the layer's own text		
urn:hadith:0279Tirmidhi.Sunan:3299	3299	3414	Shakir / ʿAbd al-Baqi numbering	heading in the layer's own text		
urn:hadith:0279Tirmidhi.Sunan:3300	3300	3415	Shakir / ʿAbd al-Baqi numbering	heading in the layer's own text		
urn:hadith:0279Tirmidhi.Sunan:3301	3301	3416	Shakir / ʿAbd al-Baqi numbering	heading in the layer's own text		
urn:hadith:0279Tirmidhi.Sunan:3302	3302	3417	Shakir / ʿAbd al-Baqi numbering	heading in the layer's own text		
urn:hadith:0279Tirmidhi.Sunan:3303	3303	3418	Shakir / ʿAbd al-Baqi numbering	heading in the layer's own text		
urn:hadith:0279Tirmidhi.Sunan:3304	3304	3419	Shakir / ʿAbd al-Baqi numbering	heading in the layer's own text		
urn:hadith:0279Tirmidhi.Sunan:3305	3305	3420	Shakir / ʿAbd al-Baqi numbering	heading in the layer's own text		
urn:hadith:0279Tirmidhi.Sunan:3306	3306	3421	Shakir / ʿAbd al-Baqi numbering	heading in the layer's own text		
urn:hadith:0279Tirmidhi.Sunan:3307	3307	3422	Shakir / ʿAbd al-Baqi numbering	heading in the layer's own text		
urn:hadith:0279Tirmidhi.Sunan:3308	3308	3423	Shakir / ʿAbd al-Baqi numbering	heading in the layer's own text		
urn:hadith:0279Tirmidhi.Sunan:3309	3309	3424	Shakir / ʿAbd al-Baqi numbering	heading in the layer's own text		
urn:hadith:0279Tirmidhi.Sunan:3310	3310	3425	Shakir / ʿAbd al-Baqi numbering	heading in the layer's own text		
urn:hadith:0279Tirmidhi.Sunan:3311	3311	3426	Shakir / ʿAbd al-Baqi numbering	heading in the layer's own text		
urn:hadith:0279Tirmidhi.Sunan:3312	3312	3427	Shakir / ʿAbd al-Baqi numbering	heading in the layer's own text		
urn:hadith:0279Tirmidhi.Sunan:3313	3313	3428	Shakir / ʿAbd al-Baqi numbering	heading in the layer's own text		
urn:hadith:0279Tirmidhi.Sunan:3314	3314	3429	Shakir / ʿAbd al-Baqi numbering	heading in the layer's own text		
urn:hadith:0279Tirmidhi.Sunan:3315	3315	3430	Shakir / ʿAbd al-Baqi numbering	heading in the layer's own text		
urn:hadith:0279Tirmidhi.Sunan:3316	3316	3431	Shakir / ʿAbd al-Baqi numbering	heading in the layer's own text		
urn:hadith:0279Tirmidhi.Sunan:3317	3317	3432	Shakir / ʿAbd al-Baqi numbering	heading in the layer's own text		
urn:hadith:0279Tirmidhi.Sunan:3318	3318	3433	Shakir / ʿAbd al-Baqi numbering	heading in the layer's own text		
urn:hadith:0279Tirmidhi.Sunan:3319	3319	3434	Shakir / ʿAbd al-Baqi numbering	heading in the layer's own text		
urn:hadith:0279Tirmidhi.Sunan:3320	3320	3435	Shakir / ʿAbd al-Baqi numbering	heading in the layer's own text		shared number
urn:hadith:0279Tirmidhi.Sunan:3321	3321	3435	Shakir / ʿAbd al-Baqi numbering	heading in the layer's own text		shared number
urn:hadith:0279Tirmidhi.Sunan:3322	3322	3436	Shakir / ʿAbd al-Baqi numbering	heading in the layer's own text		
urn:hadith:0279Tirmidhi.Sunan:3323	3323	3437	Shakir / ʿAbd al-Baqi numbering	heading in the layer's own text		
urn:hadith:0279Tirmidhi.Sunan:3324	3324	3438	Shakir / ʿAbd al-Baqi numbering	heading in the layer's own text		
urn:hadith:0279Tirmidhi.Sunan:3325	3325	3439	Shakir / ʿAbd al-Baqi numbering	heading in the layer's own text		
urn:hadith:0279Tirmidhi.Sunan:3326	3326	3440	Shakir / ʿAbd al-Baqi numbering	heading in the layer's own text		
urn:hadith:0279Tirmidhi.Sunan:3327	3327	3441	Shakir / ʿAbd al-Baqi numbering	heading in the layer's own text		
urn:hadith:0279Tirmidhi.Sunan:3328	3328	3442	Shakir / ʿAbd al-Baqi numbering	heading in the layer's own text		
urn:hadith:0279Tirmidhi.Sunan:3329	3329	3443	Shakir / ʿAbd al-Baqi numbering	heading in the layer's own text		
urn:hadith:0279Tirmidhi.Sunan:3330	3330	3444	Shakir / ʿAbd al-Baqi numbering	heading in the layer's own text		
urn:hadith:0279Tirmidhi.Sunan:3331	3331	3445	Shakir / ʿAbd al-Baqi numbering	heading in the layer's own text		
urn:hadith:0279Tirmidhi.Sunan:3332	3332	3446	Shakir / ʿAbd al-Baqi numbering	heading in the layer's own text		
urn:hadith:0279Tirmidhi.Sunan:3333	3333	3447	Shakir / ʿAbd al-Baqi numbering	heading in the layer's own text		
urn:hadith:0279Tirmidhi.Sunan:3334	3334	3448	Shakir / ʿAbd al-Baqi numbering	heading in the layer's own text		
urn:hadith:0279Tirmidhi.Sunan:3335	3335	3449	Shakir / ʿAbd al-Baqi numbering	heading in the layer's own text		
urn:hadith:0279Tirmidhi.Sunan:3336	3336	3450	Shakir / ʿAbd al-Baqi numbering	heading in the layer's own text		
urn:hadith:0279Tirmidhi.Sunan:3337	3337	3451	Shakir / ʿAbd al-Baqi numbering	heading in the layer's own text		
urn:hadith:0279Tirmidhi.Sunan:3338	3338	3452	Shakir / ʿAbd al-Baqi numbering	heading in the layer's own text		
urn:hadith:0279Tirmidhi.Sunan:3339	3339	3453	Shakir / ʿAbd al-Baqi numbering	heading in the layer's own text		
urn:hadith:0279Tirmidhi.Sunan:3340	3340	3454	Shakir / ʿAbd al-Baqi numbering	heading in the layer's own text		
urn:hadith:0279Tirmidhi.Sunan:3341	3341	3455	Shakir / ʿAbd al-Baqi numbering	heading in the layer's own text		
urn:hadith:0279Tirmidhi.Sunan:3342	3342	3456	Shakir / ʿAbd al-Baqi numbering	heading in the layer's own text		
urn:hadith:0279Tirmidhi.Sunan:3343	3343	3457	Shakir / ʿAbd al-Baqi numbering	heading in the layer's own text		
urn:hadith:0279Tirmidhi.Sunan:3344	3344	3458	Shakir / ʿAbd al-Baqi numbering	heading in the layer's own text		
urn:hadith:0279Tirmidhi.Sunan:3345	3345	3459	Shakir / ʿAbd al-Baqi numbering	heading in the layer's own text		
urn:hadith:0279Tirmidhi.Sunan:3346	3346	3460	Shakir / ʿAbd al-Baqi numbering	heading in the layer's own text		
urn:hadith:0279Tirmidhi.Sunan:3347	3347	3461	Shakir / ʿAbd al-Baqi numbering	heading in the layer's own text		
urn:hadith:0279Tirmidhi.Sunan:3348	3348	3462	Shakir / ʿAbd al-Baqi numbering	heading in the layer's own text		
urn:hadith:0279Tirmidhi.Sunan:3349	3349	3463	Shakir / ʿAbd al-Baqi numbering	heading in the layer's own text		
urn:hadith:0279Tirmidhi.Sunan:3350	3350	3464	Shakir / ʿAbd al-Baqi numbering	heading in the layer's own text		
urn:hadith:0279Tirmidhi.Sunan:3351	3351	3465	Shakir / ʿAbd al-Baqi numbering	heading in the layer's own text		
urn:hadith:0279Tirmidhi.Sunan:3352	3352	3466	Shakir / ʿAbd al-Baqi numbering	heading in the layer's own text		
urn:hadith:0279Tirmidhi.Sunan:3353	3353	3467	Shakir / ʿAbd al-Baqi numbering	heading in the layer's own text		
urn:hadith:0279Tirmidhi.Sunan:3354	3354	3468	Shakir / ʿAbd al-Baqi numbering	heading in the layer's own text		
urn:hadith:0279Tirmidhi.Sunan:3355	3355	3469	Shakir / ʿAbd al-Baqi numbering	heading in the layer's own text		
urn:hadith:0279Tirmidhi.Sunan:3356	3356	3470	Shakir / ʿAbd al-Baqi numbering	heading in the layer's own text		
urn:hadith:0279Tirmidhi.Sunan:3357	3357	3471	Shakir / ʿAbd al-Baqi numbering	heading in the layer's own text		
urn:hadith:0279Tirmidhi.Sunan:3358	3358	3472	Shakir / ʿAbd al-Baqi numbering	heading in the layer's own text		
urn:hadith:0279Tirmidhi.Sunan:3359	3359	3473	Shakir / ʿAbd al-Baqi numbering	heading in the layer's own text		
urn:hadith:0279Tirmidhi.Sunan:3360	3360	3474	Shakir / ʿAbd al-Baqi numbering	heading in the layer's own text		
urn:hadith:0279Tirmidhi.Sunan:3361	3361	3475	Shakir / ʿAbd al-Baqi numbering	heading in the layer's own text		
urn:hadith:0279Tirmidhi.Sunan:3362	3362	3476	Shakir / ʿAbd al-Baqi numbering	heading in the layer's own text		
urn:hadith:0279Tirmidhi.Sunan:3363	3363	3477	Shakir / ʿAbd al-Baqi numbering	heading in the layer's own text		
urn:hadith:0279Tirmidhi.Sunan:3364	3364	3478	Shakir / ʿAbd al-Baqi numbering	heading in the layer's own text		
urn:hadith:0279Tirmidhi.Sunan:3365	3365	3479	Shakir / ʿAbd al-Baqi numbering	heading in the layer's own text		
urn:hadith:0279Tirmidhi.Sunan:3366	3366	3480	Shakir / ʿAbd al-Baqi numbering	heading in the layer's own text		
urn:hadith:0279Tirmidhi.Sunan:3367	3367	3481	Shakir / ʿAbd al-Baqi numbering	heading in the layer's own text		
urn:hadith:0279Tirmidhi.Sunan:3368	3368	3482	Shakir / ʿAbd al-Baqi numbering	heading in the layer's own text		
urn:hadith:0279Tirmidhi.Sunan:3369	3369	3483	Shakir / ʿAbd al-Baqi numbering	heading in the layer's own text		
urn:hadith:0279Tirmidhi.Sunan:3370	3370	3484	Shakir / ʿAbd al-Baqi numbering	heading in the layer's own text		
urn:hadith:0279Tirmidhi.Sunan:3371	3371	3485	Shakir / ʿAbd al-Baqi numbering	heading in the layer's own text		
urn:hadith:0279Tirmidhi.Sunan:3372	3372	3486	Shakir / ʿAbd al-Baqi numbering	heading in the layer's own text		
urn:hadith:0279Tirmidhi.Sunan:3373	3373	3487	Shakir / ʿAbd al-Baqi numbering	heading in the layer's own text		
urn:hadith:0279Tirmidhi.Sunan:3374	3374	3488	Shakir / ʿAbd al-Baqi numbering	heading in the layer's own text		
urn:hadith:0279Tirmidhi.Sunan:3375	3375	3489	Shakir / ʿAbd al-Baqi numbering	heading in the layer's own text		
urn:hadith:0279Tirmidhi.Sunan:3376	3376	3490	Shakir / ʿAbd al-Baqi numbering	heading in the layer's own text		
urn:hadith:0279Tirmidhi.Sunan:3377	3377	3491	Shakir / ʿAbd al-Baqi numbering	heading in the layer's own text		
urn:hadith:0279Tirmidhi.Sunan:3378	3378	3492	Shakir / ʿAbd al-Baqi numbering	heading in the layer's own text		
urn:hadith:0279Tirmidhi.Sunan:3379	3379	3493	Shakir / ʿAbd al-Baqi numbering	heading in the layer's own text		
urn:hadith:0279Tirmidhi.Sunan:3380	3380	3494	Shakir / ʿAbd al-Baqi numbering	heading in the layer's own text		
urn:hadith:0279Tirmidhi.Sunan:3381	3381	3495	Shakir / ʿAbd al-Baqi numbering	heading in the layer's own text		
urn:hadith:0279Tirmidhi.Sunan:3382	3382	3496	Shakir / ʿAbd al-Baqi numbering	heading in the layer's own text		
urn:hadith:0279Tirmidhi.Sunan:3383	3383	3497	Shakir / ʿAbd al-Baqi numbering	heading in the layer's own text		
urn:hadith:0279Tirmidhi.Sunan:3384	3384	3498	Shakir / ʿAbd al-Baqi numbering	heading in the layer's own text		
urn:hadith:0279Tirmidhi.Sunan:3385	3385	3499	Shakir / ʿAbd al-Baqi numbering	heading in the layer's own text		
urn:hadith:0279Tirmidhi.Sunan:3386	3386	3500	Shakir / ʿAbd al-Baqi numbering	heading in the layer's own text		
urn:hadith:0279Tirmidhi.Sunan:3387	3387	3501	Shakir / ʿAbd al-Baqi numbering	heading in the layer's own text		
urn:hadith:0279Tirmidhi.Sunan:3388	3388	3502	Shakir / ʿAbd al-Baqi numbering	heading in the layer's own text		
urn:hadith:0279Tirmidhi.Sunan:3389	3389	3503	Shakir / ʿAbd al-Baqi numbering	heading in the layer's own text		
urn:hadith:0279Tirmidhi.Sunan:3390	3390	3504	Shakir / ʿAbd al-Baqi numbering	heading in the layer's own text		
urn:hadith:0279Tirmidhi.Sunan:3391	3391	3505	Shakir / ʿAbd al-Baqi numbering	heading in the layer's own text		
urn:hadith:0279Tirmidhi.Sunan:3392	3392	3506	Shakir / ʿAbd al-Baqi numbering	heading in the layer's own text		
urn:hadith:0279Tirmidhi.Sunan:3393	3393	3507	Shakir / ʿAbd al-Baqi numbering	heading in the layer's own text		
urn:hadith:0279Tirmidhi.Sunan:3394	3394	3508	Shakir / ʿAbd al-Baqi numbering	heading in the layer's own text		
urn:hadith:0279Tirmidhi.Sunan:3395	3395	3509	Shakir / ʿAbd al-Baqi numbering	heading in the layer's own text		
urn:hadith:0279Tirmidhi.Sunan:3396	3396	3510	Shakir / ʿAbd al-Baqi numbering	heading in the layer's own text		
urn:hadith:0279Tirmidhi.Sunan:3397	3397	3511	Shakir / ʿAbd al-Baqi numbering	heading in the layer's own text		
urn:hadith:0279Tirmidhi.Sunan:3398	3398	3512	Shakir / ʿAbd al-Baqi numbering	heading in the layer's own text		
urn:hadith:0279Tirmidhi.Sunan:3399	3399	3513	Shakir / ʿAbd al-Baqi numbering	heading in the layer's own text		
urn:hadith:0279Tirmidhi.Sunan:3400	3400	3514	Shakir / ʿAbd al-Baqi numbering	heading in the layer's own text		
urn:hadith:0279Tirmidhi.Sunan:3401	3401	3515	Shakir / ʿAbd al-Baqi numbering	heading in the layer's own text		
urn:hadith:0279Tirmidhi.Sunan:3402	3402	3516	Shakir / ʿAbd al-Baqi numbering	heading in the layer's own text		
urn:hadith:0279Tirmidhi.Sunan:3403	3403	3517	Shakir / ʿAbd al-Baqi numbering	heading in the layer's own text		
urn:hadith:0279Tirmidhi.Sunan:3404	3404	3518	Shakir / ʿAbd al-Baqi numbering	heading in the layer's own text		
urn:hadith:0279Tirmidhi.Sunan:3405	3405	3519	Shakir / ʿAbd al-Baqi numbering	heading in the layer's own text		
urn:hadith:0279Tirmidhi.Sunan:3406	3406	3520	Shakir / ʿAbd al-Baqi numbering	heading in the layer's own text		
urn:hadith:0279Tirmidhi.Sunan:3407	3407	3521	Shakir / ʿAbd al-Baqi numbering	heading in the layer's own text		
urn:hadith:0279Tirmidhi.Sunan:3408	3408	3522	Shakir / ʿAbd al-Baqi numbering	heading in the layer's own text		
urn:hadith:0279Tirmidhi.Sunan:3409	3409	3523	Shakir / ʿAbd al-Baqi numbering	heading in the layer's own text		
urn:hadith:0279Tirmidhi.Sunan:3410	3410	3524	Shakir / ʿAbd al-Baqi numbering	heading in the layer's own text		
urn:hadith:0279Tirmidhi.Sunan:3411	3411	3525	Shakir / ʿAbd al-Baqi numbering	heading in the layer's own text		
urn:hadith:0279Tirmidhi.Sunan:3412	3412	3526	Shakir / ʿAbd al-Baqi numbering	heading in the layer's own text		
urn:hadith:0279Tirmidhi.Sunan:3413	3413	3527	Shakir / ʿAbd al-Baqi numbering	heading in the layer's own text		
urn:hadith:0279Tirmidhi.Sunan:3414	3414	3528	Shakir / ʿAbd al-Baqi numbering	heading in the layer's own text		
urn:hadith:0279Tirmidhi.Sunan:3415	3415	3529	Shakir / ʿAbd al-Baqi numbering	heading in the layer's own text		
urn:hadith:0279Tirmidhi.Sunan:3416	3416	3530	Shakir / ʿAbd al-Baqi numbering	heading in the layer's own text		
urn:hadith:0279Tirmidhi.Sunan:3417	3417	3531	Shakir / ʿAbd al-Baqi numbering	heading in the layer's own text		
urn:hadith:0279Tirmidhi.Sunan:3418	3418	3532	Shakir / ʿAbd al-Baqi numbering	heading in the layer's own text		
urn:hadith:0279Tirmidhi.Sunan:3419	3419	3533	Shakir / ʿAbd al-Baqi numbering	heading in the layer's own text		
urn:hadith:0279Tirmidhi.Sunan:3420	3420	3534	Shakir / ʿAbd al-Baqi numbering	heading in the layer's own text		
urn:hadith:0279Tirmidhi.Sunan:3421	3421	3535	Shakir / ʿAbd al-Baqi numbering	heading in the layer's own text		
urn:hadith:0279Tirmidhi.Sunan:3422	3422	3536	Shakir / ʿAbd al-Baqi numbering	heading in the layer's own text		
urn:hadith:0279Tirmidhi.Sunan:3423	3423	3537	Shakir / ʿAbd al-Baqi numbering	heading in the layer's own text		
urn:hadith:0279Tirmidhi.Sunan:3424	3424	3538	Shakir / ʿAbd al-Baqi numbering	heading in the layer's own text		
urn:hadith:0279Tirmidhi.Sunan:3425	3425	3539	Shakir / ʿAbd al-Baqi numbering	heading in the layer's own text		
urn:hadith:0279Tirmidhi.Sunan:3426	3426	3540	Shakir / ʿAbd al-Baqi numbering	heading in the layer's own text		
urn:hadith:0279Tirmidhi.Sunan:3427	3427	3541	Shakir / ʿAbd al-Baqi numbering	heading in the layer's own text		
urn:hadith:0279Tirmidhi.Sunan:3428	3428	3542	Shakir / ʿAbd al-Baqi numbering	heading in the layer's own text		
urn:hadith:0279Tirmidhi.Sunan:3429	3429	3543	Shakir / ʿAbd al-Baqi numbering	heading in the layer's own text		
urn:hadith:0279Tirmidhi.Sunan:3430	3430	3544	Shakir / ʿAbd al-Baqi numbering	heading in the layer's own text		
urn:hadith:0279Tirmidhi.Sunan:3431	3431	3545	Shakir / ʿAbd al-Baqi numbering	heading in the layer's own text		
urn:hadith:0279Tirmidhi.Sunan:3432	3432	3546	Shakir / ʿAbd al-Baqi numbering	heading in the layer's own text		
urn:hadith:0279Tirmidhi.Sunan:3433	3433	3547	Shakir / ʿAbd al-Baqi numbering	heading in the layer's own text		
urn:hadith:0279Tirmidhi.Sunan:3434	3434	3548	Shakir / ʿAbd al-Baqi numbering	heading in the layer's own text		
urn:hadith:0279Tirmidhi.Sunan:3435	3435	3549	Shakir / ʿAbd al-Baqi numbering	heading in the layer's own text		
urn:hadith:0279Tirmidhi.Sunan:3436	3436	3550	Shakir / ʿAbd al-Baqi numbering	heading in the layer's own text		
urn:hadith:0279Tirmidhi.Sunan:3437	3437	3551	Shakir / ʿAbd al-Baqi numbering	heading in the layer's own text		
urn:hadith:0279Tirmidhi.Sunan:3438	3438	3552	Shakir / ʿAbd al-Baqi numbering	heading in the layer's own text		
urn:hadith:0279Tirmidhi.Sunan:3439	3439	3553	Shakir / ʿAbd al-Baqi numbering	heading in the layer's own text		
urn:hadith:0279Tirmidhi.Sunan:3440	3440	3554	Shakir / ʿAbd al-Baqi numbering	heading in the layer's own text		
urn:hadith:0279Tirmidhi.Sunan:3441	3441	3555	Shakir / ʿAbd al-Baqi numbering	heading in the layer's own text		
urn:hadith:0279Tirmidhi.Sunan:3442	3442	3556	Shakir / ʿAbd al-Baqi numbering	heading in the layer's own text		
urn:hadith:0279Tirmidhi.Sunan:3443	3443	3557	Shakir / ʿAbd al-Baqi numbering	heading in the layer's own text		
urn:hadith:0279Tirmidhi.Sunan:3444	3444	3558	Shakir / ʿAbd al-Baqi numbering	heading in the layer's own text		
urn:hadith:0279Tirmidhi.Sunan:3445	3445	3559	Shakir / ʿAbd al-Baqi numbering	heading in the layer's own text		
urn:hadith:0279Tirmidhi.Sunan:3446	3446	3560	Shakir / ʿAbd al-Baqi numbering	heading in the layer's own text		
urn:hadith:0279Tirmidhi.Sunan:3447	3447	3561	Shakir / ʿAbd al-Baqi numbering	heading in the layer's own text		
urn:hadith:0279Tirmidhi.Sunan:3448	3448	3562	Shakir / ʿAbd al-Baqi numbering	heading in the layer's own text		
urn:hadith:0279Tirmidhi.Sunan:3449	3449	3563	Shakir / ʿAbd al-Baqi numbering	heading in the layer's own text		
urn:hadith:0279Tirmidhi.Sunan:3450	3450	3564	Shakir / ʿAbd al-Baqi numbering	heading in the layer's own text		
urn:hadith:0279Tirmidhi.Sunan:3451	3451	3565	Shakir / ʿAbd al-Baqi numbering	heading in the layer's own text		
urn:hadith:0279Tirmidhi.Sunan:3452	3452	3566	Shakir / ʿAbd al-Baqi numbering	heading in the layer's own text		
urn:hadith:0279Tirmidhi.Sunan:3453	3453	3567	Shakir / ʿAbd al-Baqi numbering	heading in the layer's own text		
urn:hadith:0279Tirmidhi.Sunan:3454	3454	3568	Shakir / ʿAbd al-Baqi numbering	heading in the layer's own text		
urn:hadith:0279Tirmidhi.Sunan:3455	3455	3569	Shakir / ʿAbd al-Baqi numbering	heading in the layer's own text		
urn:hadith:0279Tirmidhi.Sunan:3456	3456	3570	Shakir / ʿAbd al-Baqi numbering	heading in the layer's own text		
urn:hadith:0279Tirmidhi.Sunan:3457	3457	3571	Shakir / ʿAbd al-Baqi numbering	heading in the layer's own text		
urn:hadith:0279Tirmidhi.Sunan:3458	3458	3572	Shakir / ʿAbd al-Baqi numbering	heading in the layer's own text		
urn:hadith:0279Tirmidhi.Sunan:3459	3459	3573	Shakir / ʿAbd al-Baqi numbering	heading in the layer's own text		
urn:hadith:0279Tirmidhi.Sunan:3460	3460	3574	Shakir / ʿAbd al-Baqi numbering	heading in the layer's own text		
urn:hadith:0279Tirmidhi.Sunan:3461	3461	3575	Shakir / ʿAbd al-Baqi numbering	heading in the layer's own text		
urn:hadith:0279Tirmidhi.Sunan:3462	3462	3576	Shakir / ʿAbd al-Baqi numbering	heading in the layer's own text		
urn:hadith:0279Tirmidhi.Sunan:3463	3463	3577	Shakir / ʿAbd al-Baqi numbering	heading in the layer's own text		
urn:hadith:0279Tirmidhi.Sunan:3464	3464	3578	Shakir / ʿAbd al-Baqi numbering	heading in the layer's own text		
urn:hadith:0279Tirmidhi.Sunan:3465	3465	3579	Shakir / ʿAbd al-Baqi numbering	heading in the layer's own text		
urn:hadith:0279Tirmidhi.Sunan:3466	3466	3580	Shakir / ʿAbd al-Baqi numbering	heading in the layer's own text		
urn:hadith:0279Tirmidhi.Sunan:3467	3467	3581	Shakir / ʿAbd al-Baqi numbering	heading in the layer's own text		
urn:hadith:0279Tirmidhi.Sunan:3468	3468	3582	Shakir / ʿAbd al-Baqi numbering	heading in the layer's own text		
urn:hadith:0279Tirmidhi.Sunan:3469	3469	3583	Shakir / ʿAbd al-Baqi numbering	heading in the layer's own text		
urn:hadith:0279Tirmidhi.Sunan:3470	3470	3584	Shakir / ʿAbd al-Baqi numbering	heading in the layer's own text		
urn:hadith:0279Tirmidhi.Sunan:3471	3471	3585	Shakir / ʿAbd al-Baqi numbering	heading in the layer's own text		
urn:hadith:0279Tirmidhi.Sunan:3472	3472	3586	Shakir / ʿAbd al-Baqi numbering	heading in the layer's own text		
urn:hadith:0279Tirmidhi.Sunan:3473	3473	3587	Shakir / ʿAbd al-Baqi numbering	heading in the layer's own text		
urn:hadith:0279Tirmidhi.Sunan:3474	3474	3588	Shakir / ʿAbd al-Baqi numbering	heading in the layer's own text		
urn:hadith:0279Tirmidhi.Sunan:3475	3475	3589	Shakir / ʿAbd al-Baqi numbering	heading in the layer's own text		
urn:hadith:0279Tirmidhi.Sunan:3476	3476	3590	Shakir / ʿAbd al-Baqi numbering	heading in the layer's own text		
urn:hadith:0279Tirmidhi.Sunan:3477	3477	3591	Shakir / ʿAbd al-Baqi numbering	heading in the layer's own text		
urn:hadith:0279Tirmidhi.Sunan:3478	3478	3592	Shakir / ʿAbd al-Baqi numbering	heading in the layer's own text		
urn:hadith:0279Tirmidhi.Sunan:3479	3479	3593	Shakir / ʿAbd al-Baqi numbering	heading in the layer's own text		
urn:hadith:0279Tirmidhi.Sunan:3480	3480	3594	Shakir / ʿAbd al-Baqi numbering	heading in the layer's own text		
urn:hadith:0279Tirmidhi.Sunan:3481	3481	3595	Shakir / ʿAbd al-Baqi numbering	heading in the layer's own text		
urn:hadith:0279Tirmidhi.Sunan:3482	3482	3596	Shakir / ʿAbd al-Baqi numbering	heading in the layer's own text		
urn:hadith:0279Tirmidhi.Sunan:3483	3483	3597	Shakir / ʿAbd al-Baqi numbering	heading in the layer's own text		
urn:hadith:0279Tirmidhi.Sunan:3484	3484	3598	Shakir / ʿAbd al-Baqi numbering	heading in the layer's own text		
urn:hadith:0279Tirmidhi.Sunan:3485	3485	3599	Shakir / ʿAbd al-Baqi numbering	heading in the layer's own text		
urn:hadith:0279Tirmidhi.Sunan:3486	3486	3600	Shakir / ʿAbd al-Baqi numbering	heading in the layer's own text		
urn:hadith:0279Tirmidhi.Sunan:3487	3487	3601	Shakir / ʿAbd al-Baqi numbering	heading in the layer's own text		
urn:hadith:0279Tirmidhi.Sunan:3488	3488	3602	Shakir / ʿAbd al-Baqi numbering	heading in the layer's own text		
urn:hadith:0279Tirmidhi.Sunan:3489	3489	3603	Shakir / ʿAbd al-Baqi numbering	heading in the layer's own text		
urn:hadith:0279Tirmidhi.Sunan:3490	3490	3604	Shakir / ʿAbd al-Baqi numbering	heading in the layer's own text		
urn:hadith:0279Tirmidhi.Sunan:3491	3491	3605	Shakir / ʿAbd al-Baqi numbering	heading in the layer's own text		
urn:hadith:0279Tirmidhi.Sunan:3492	3492	3606	Shakir / ʿAbd al-Baqi numbering	heading in the layer's own text		
urn:hadith:0279Tirmidhi.Sunan:3493	3493	3607	Shakir / ʿAbd al-Baqi numbering	heading in the layer's own text		
urn:hadith:0279Tirmidhi.Sunan:3494	3494	3608	Shakir / ʿAbd al-Baqi numbering	heading in the layer's own text		
urn:hadith:0279Tirmidhi.Sunan:3495	3495	3609	Shakir / ʿAbd al-Baqi numbering	heading in the layer's own text		
urn:hadith:0279Tirmidhi.Sunan:3496	3496	3610	Shakir / ʿAbd al-Baqi numbering	heading in the layer's own text		
urn:hadith:0279Tirmidhi.Sunan:3497	3497	3611	Shakir / ʿAbd al-Baqi numbering	heading in the layer's own text		
urn:hadith:0279Tirmidhi.Sunan:3498	3498	3612	Shakir / ʿAbd al-Baqi numbering	heading in the layer's own text		
urn:hadith:0279Tirmidhi.Sunan:3499	3499	3613	Shakir / ʿAbd al-Baqi numbering	heading in the layer's own text		
urn:hadith:0279Tirmidhi.Sunan:3500	3500	3614	Shakir / ʿAbd al-Baqi numbering	heading in the layer's own text		
urn:hadith:0279Tirmidhi.Sunan:3501	3501	3615	Shakir / ʿAbd al-Baqi numbering	heading in the layer's own text		
urn:hadith:0279Tirmidhi.Sunan:3502	3502	3616	Shakir / ʿAbd al-Baqi numbering	heading in the layer's own text		
urn:hadith:0279Tirmidhi.Sunan:3503	3503	3617	Shakir / ʿAbd al-Baqi numbering	heading in the layer's own text		
urn:hadith:0279Tirmidhi.Sunan:3504	3504	3618	Shakir / ʿAbd al-Baqi numbering	heading in the layer's own text		
urn:hadith:0279Tirmidhi.Sunan:3505	3505	3619	Shakir / ʿAbd al-Baqi numbering	heading in the layer's own text		
urn:hadith:0279Tirmidhi.Sunan:3506	3506	3620	Shakir / ʿAbd al-Baqi numbering	heading in the layer's own text		
urn:hadith:0279Tirmidhi.Sunan:3507	3507	3621	Shakir / ʿAbd al-Baqi numbering	heading in the layer's own text		
urn:hadith:0279Tirmidhi.Sunan:3508	3508	3622	Shakir / ʿAbd al-Baqi numbering	heading in the layer's own text		
urn:hadith:0279Tirmidhi.Sunan:3509	3509	3623	Shakir / ʿAbd al-Baqi numbering	heading in the layer's own text		
urn:hadith:0279Tirmidhi.Sunan:3510	3510	3624	Shakir / ʿAbd al-Baqi numbering	heading in the layer's own text		
urn:hadith:0279Tirmidhi.Sunan:3511	3511	3625	Shakir / ʿAbd al-Baqi numbering	heading in the layer's own text		
urn:hadith:0279Tirmidhi.Sunan:3512	3512	3626	Shakir / ʿAbd al-Baqi numbering	heading in the layer's own text		
urn:hadith:0279Tirmidhi.Sunan:3513	3513	3627	Shakir / ʿAbd al-Baqi numbering	heading in the layer's own text		
urn:hadith:0279Tirmidhi.Sunan:3514	3514	3628	Shakir / ʿAbd al-Baqi numbering	heading in the layer's own text		
urn:hadith:0279Tirmidhi.Sunan:3515	3515	3629	Shakir / ʿAbd al-Baqi numbering	heading in the layer's own text		
urn:hadith:0279Tirmidhi.Sunan:3516	3516	3630	Shakir / ʿAbd al-Baqi numbering	heading in the layer's own text		
urn:hadith:0279Tirmidhi.Sunan:3517	3517	3631	Shakir / ʿAbd al-Baqi numbering	heading in the layer's own text		
urn:hadith:0279Tirmidhi.Sunan:3518	3518	3632	Shakir / ʿAbd al-Baqi numbering	heading in the layer's own text		
urn:hadith:0279Tirmidhi.Sunan:3519	3519	3633	Shakir / ʿAbd al-Baqi numbering	heading in the layer's own text		
urn:hadith:0279Tirmidhi.Sunan:3520	3520	3634	Shakir / ʿAbd al-Baqi numbering	heading in the layer's own text		
urn:hadith:0279Tirmidhi.Sunan:3521	3521	3635	Shakir / ʿAbd al-Baqi numbering	heading in the layer's own text		
urn:hadith:0279Tirmidhi.Sunan:3522	3522	3636	Shakir / ʿAbd al-Baqi numbering	heading in the layer's own text		
urn:hadith:0279Tirmidhi.Sunan:3523	3523	3637	Shakir / ʿAbd al-Baqi numbering	heading in the layer's own text		
urn:hadith:0279Tirmidhi.Sunan:3524	3524	3638	Shakir / ʿAbd al-Baqi numbering	heading in the layer's own text		
urn:hadith:0279Tirmidhi.Sunan:3525	3525	3639	Shakir / ʿAbd al-Baqi numbering	heading in the layer's own text		
urn:hadith:0279Tirmidhi.Sunan:3526	3526	3640	Shakir / ʿAbd al-Baqi numbering	heading in the layer's own text		
urn:hadith:0279Tirmidhi.Sunan:3527	3527	3641	Shakir / ʿAbd al-Baqi numbering	heading in the layer's own text		
urn:hadith:0279Tirmidhi.Sunan:3528	3528	3642	Shakir / ʿAbd al-Baqi numbering	heading in the layer's own text		
urn:hadith:0279Tirmidhi.Sunan:3529	3529	3643	Shakir / ʿAbd al-Baqi numbering	heading in the layer's own text		
urn:hadith:0279Tirmidhi.Sunan:3530	3530	3644	Shakir / ʿAbd al-Baqi numbering	heading in the layer's own text		
urn:hadith:0279Tirmidhi.Sunan:3531	3531	3645	Shakir / ʿAbd al-Baqi numbering	heading in the layer's own text		
urn:hadith:0279Tirmidhi.Sunan:3532	3532	3646	Shakir / ʿAbd al-Baqi numbering	heading in the layer's own text		
urn:hadith:0279Tirmidhi.Sunan:3533	3533	3647	Shakir / ʿAbd al-Baqi numbering	heading in the layer's own text		
urn:hadith:0279Tirmidhi.Sunan:3534	3534	3648	Shakir / ʿAbd al-Baqi numbering	heading in the layer's own text		
urn:hadith:0279Tirmidhi.Sunan:3535	3535	3649	Shakir / ʿAbd al-Baqi numbering	heading in the layer's own text		
urn:hadith:0279Tirmidhi.Sunan:3536	3536	3650	Shakir / ʿAbd al-Baqi numbering	heading in the layer's own text		
urn:hadith:0279Tirmidhi.Sunan:3537	3537	3651	Shakir / ʿAbd al-Baqi numbering	heading in the layer's own text		
urn:hadith:0279Tirmidhi.Sunan:3538	3538	3652	Shakir / ʿAbd al-Baqi numbering	heading in the layer's own text		
urn:hadith:0279Tirmidhi.Sunan:3539	3539	3653	Shakir / ʿAbd al-Baqi numbering	heading in the layer's own text		
urn:hadith:0279Tirmidhi.Sunan:3540	3540	3654	Shakir / ʿAbd al-Baqi numbering	heading in the layer's own text		
urn:hadith:0279Tirmidhi.Sunan:3541	3541	3655	Shakir / ʿAbd al-Baqi numbering	heading in the layer's own text		
urn:hadith:0279Tirmidhi.Sunan:3542	3542	3656	Shakir / ʿAbd al-Baqi numbering	heading in the layer's own text		
urn:hadith:0279Tirmidhi.Sunan:3543	3543	3657	Shakir / ʿAbd al-Baqi numbering	heading in the layer's own text		
urn:hadith:0279Tirmidhi.Sunan:3544	3544	3658	Shakir / ʿAbd al-Baqi numbering	heading in the layer's own text		
urn:hadith:0279Tirmidhi.Sunan:3545	3545	3659	Shakir / ʿAbd al-Baqi numbering	heading in the layer's own text		
urn:hadith:0279Tirmidhi.Sunan:3546	3546	3660	Shakir / ʿAbd al-Baqi numbering	heading in the layer's own text		
urn:hadith:0279Tirmidhi.Sunan:3547	3547	3661	Shakir / ʿAbd al-Baqi numbering	heading in the layer's own text		
urn:hadith:0279Tirmidhi.Sunan:3548	3548	3662	Shakir / ʿAbd al-Baqi numbering	heading in the layer's own text		
urn:hadith:0279Tirmidhi.Sunan:3549	3549	3663	Shakir / ʿAbd al-Baqi numbering	heading in the layer's own text		
urn:hadith:0279Tirmidhi.Sunan:3550	3550	3664	Shakir / ʿAbd al-Baqi numbering	heading in the layer's own text		
urn:hadith:0279Tirmidhi.Sunan:3551	3551	3665	Shakir / ʿAbd al-Baqi numbering	heading in the layer's own text		
urn:hadith:0279Tirmidhi.Sunan:3552	3552	3666	Shakir / ʿAbd al-Baqi numbering	heading in the layer's own text		
urn:hadith:0279Tirmidhi.Sunan:3553	3553	3667	Shakir / ʿAbd al-Baqi numbering	heading in the layer's own text		
urn:hadith:0279Tirmidhi.Sunan:3554	3554	3668	Shakir / ʿAbd al-Baqi numbering	heading in the layer's own text		
urn:hadith:0279Tirmidhi.Sunan:3555	3555	3669	Shakir / ʿAbd al-Baqi numbering	heading in the layer's own text		
urn:hadith:0279Tirmidhi.Sunan:3556	3556	3670	Shakir / ʿAbd al-Baqi numbering	heading in the layer's own text		
urn:hadith:0279Tirmidhi.Sunan:3557	3557	3671	Shakir / ʿAbd al-Baqi numbering	heading in the layer's own text		
urn:hadith:0279Tirmidhi.Sunan:3558	3558	3672	Shakir / ʿAbd al-Baqi numbering	heading in the layer's own text		
urn:hadith:0279Tirmidhi.Sunan:3559	3559	3673	Shakir / ʿAbd al-Baqi numbering	heading in the layer's own text		
urn:hadith:0279Tirmidhi.Sunan:3560	3560	3674	Shakir / ʿAbd al-Baqi numbering	heading in the layer's own text		
urn:hadith:0279Tirmidhi.Sunan:3561	3561	3675	Shakir / ʿAbd al-Baqi numbering	heading in the layer's own text		
urn:hadith:0279Tirmidhi.Sunan:3562	3562	3676	Shakir / ʿAbd al-Baqi numbering	heading in the layer's own text		
urn:hadith:0279Tirmidhi.Sunan:3563	3563	3677	Shakir / ʿAbd al-Baqi numbering	heading in the layer's own text		
urn:hadith:0279Tirmidhi.Sunan:3564	3564	3678	Shakir / ʿAbd al-Baqi numbering	heading in the layer's own text		
urn:hadith:0279Tirmidhi.Sunan:3565	3565	3679	Shakir / ʿAbd al-Baqi numbering	heading in the layer's own text		
urn:hadith:0279Tirmidhi.Sunan:3566	3566	3680	Shakir / ʿAbd al-Baqi numbering	heading in the layer's own text		
urn:hadith:0279Tirmidhi.Sunan:3567	3567	3681	Shakir / ʿAbd al-Baqi numbering	heading in the layer's own text		
urn:hadith:0279Tirmidhi.Sunan:3568	3568	3682	Shakir / ʿAbd al-Baqi numbering	heading in the layer's own text		
urn:hadith:0279Tirmidhi.Sunan:3569	3569	3683	Shakir / ʿAbd al-Baqi numbering	heading in the layer's own text		
urn:hadith:0279Tirmidhi.Sunan:3570	3570	3684	Shakir / ʿAbd al-Baqi numbering	heading in the layer's own text		
urn:hadith:0279Tirmidhi.Sunan:3571	3571	3685	Shakir / ʿAbd al-Baqi numbering	heading in the layer's own text		
urn:hadith:0279Tirmidhi.Sunan:3572	3572	3686	Shakir / ʿAbd al-Baqi numbering	heading in the layer's own text		
urn:hadith:0279Tirmidhi.Sunan:3573	3573	3687	Shakir / ʿAbd al-Baqi numbering	heading in the layer's own text		
urn:hadith:0279Tirmidhi.Sunan:3574	3574	3688	Shakir / ʿAbd al-Baqi numbering	heading in the layer's own text		
urn:hadith:0279Tirmidhi.Sunan:3575	3575	3689	Shakir / ʿAbd al-Baqi numbering	heading in the layer's own text		
urn:hadith:0279Tirmidhi.Sunan:3576	3576	3690	Shakir / ʿAbd al-Baqi numbering	heading in the layer's own text		
urn:hadith:0279Tirmidhi.Sunan:3577	3577	3691	Shakir / ʿAbd al-Baqi numbering	heading in the layer's own text		
urn:hadith:0279Tirmidhi.Sunan:3578	3578	3692	Shakir / ʿAbd al-Baqi numbering	heading in the layer's own text		
urn:hadith:0279Tirmidhi.Sunan:3579	3579	3693	Shakir / ʿAbd al-Baqi numbering	heading in the layer's own text		
urn:hadith:0279Tirmidhi.Sunan:3580	3580	3694	Shakir / ʿAbd al-Baqi numbering	heading in the layer's own text		
urn:hadith:0279Tirmidhi.Sunan:3581	3581	3695	Shakir / ʿAbd al-Baqi numbering	heading in the layer's own text		
urn:hadith:0279Tirmidhi.Sunan:3582	3582	3696	Shakir / ʿAbd al-Baqi numbering	heading in the layer's own text		
urn:hadith:0279Tirmidhi.Sunan:3583	3583	3697	Shakir / ʿAbd al-Baqi numbering	heading in the layer's own text		
urn:hadith:0279Tirmidhi.Sunan:3584	3584	3698	Shakir / ʿAbd al-Baqi numbering	heading in the layer's own text		
urn:hadith:0279Tirmidhi.Sunan:3585	3585	3699	Shakir / ʿAbd al-Baqi numbering	heading in the layer's own text		
urn:hadith:0279Tirmidhi.Sunan:3586	3586	3700	Shakir / ʿAbd al-Baqi numbering	heading in the layer's own text		
urn:hadith:0279Tirmidhi.Sunan:3587	3587	3701	Shakir / ʿAbd al-Baqi numbering	heading in the layer's own text		
urn:hadith:0279Tirmidhi.Sunan:3588	3588	3702	Shakir / ʿAbd al-Baqi numbering	heading in the layer's own text		
urn:hadith:0279Tirmidhi.Sunan:3589	3589	3703	Shakir / ʿAbd al-Baqi numbering	heading in the layer's own text		
urn:hadith:0279Tirmidhi.Sunan:3590	3590	3704	Shakir / ʿAbd al-Baqi numbering	heading in the layer's own text		
urn:hadith:0279Tirmidhi.Sunan:3591	3591	3705	Shakir / ʿAbd al-Baqi numbering	heading in the layer's own text		
urn:hadith:0279Tirmidhi.Sunan:3592	3592	3706	Shakir / ʿAbd al-Baqi numbering	heading in the layer's own text		
urn:hadith:0279Tirmidhi.Sunan:3593	3593	3707	Shakir / ʿAbd al-Baqi numbering	heading in the layer's own text		
urn:hadith:0279Tirmidhi.Sunan:3594	3594	3708	Shakir / ʿAbd al-Baqi numbering	heading in the layer's own text		
urn:hadith:0279Tirmidhi.Sunan:3595	3595	3709	Shakir / ʿAbd al-Baqi numbering	heading in the layer's own text		
urn:hadith:0279Tirmidhi.Sunan:3596	3596	3710	Shakir / ʿAbd al-Baqi numbering	heading in the layer's own text		
urn:hadith:0279Tirmidhi.Sunan:3597	3597	3711	Shakir / ʿAbd al-Baqi numbering	heading in the layer's own text		
urn:hadith:0279Tirmidhi.Sunan:3598	3598	3712	Shakir / ʿAbd al-Baqi numbering	heading in the layer's own text		
urn:hadith:0279Tirmidhi.Sunan:3599	3599	3713	Shakir / ʿAbd al-Baqi numbering	heading in the layer's own text		
urn:hadith:0279Tirmidhi.Sunan:3600	3600	3714	Shakir / ʿAbd al-Baqi numbering	heading in the layer's own text		
urn:hadith:0279Tirmidhi.Sunan:3601	3601	3715	Shakir / ʿAbd al-Baqi numbering	heading in the layer's own text		
urn:hadith:0279Tirmidhi.Sunan:3602	3602	3716	Shakir / ʿAbd al-Baqi numbering	heading in the layer's own text		
urn:hadith:0279Tirmidhi.Sunan:3603	3603	3717	Shakir / ʿAbd al-Baqi numbering	heading in the layer's own text		
urn:hadith:0279Tirmidhi.Sunan:3604	3604	3718	Shakir / ʿAbd al-Baqi numbering	heading in the layer's own text		
urn:hadith:0279Tirmidhi.Sunan:3605	3605	3719	Shakir / ʿAbd al-Baqi numbering	heading in the layer's own text		
urn:hadith:0279Tirmidhi.Sunan:3606	3606	3720	Shakir / ʿAbd al-Baqi numbering	heading in the layer's own text		
urn:hadith:0279Tirmidhi.Sunan:3607	3607	3721	Shakir / ʿAbd al-Baqi numbering	heading in the layer's own text		
urn:hadith:0279Tirmidhi.Sunan:3608	3608	3722	Shakir / ʿAbd al-Baqi numbering	heading in the layer's own text		
urn:hadith:0279Tirmidhi.Sunan:3609	3609	3723	Shakir / ʿAbd al-Baqi numbering	heading in the layer's own text		
urn:hadith:0279Tirmidhi.Sunan:3610	3610	3724	Shakir / ʿAbd al-Baqi numbering	heading in the layer's own text		
urn:hadith:0279Tirmidhi.Sunan:3611	3611	3725	Shakir / ʿAbd al-Baqi numbering	heading in the layer's own text		
urn:hadith:0279Tirmidhi.Sunan:3612	3612	3726	Shakir / ʿAbd al-Baqi numbering	heading in the layer's own text		
urn:hadith:0279Tirmidhi.Sunan:3613	3613	3727	Shakir / ʿAbd al-Baqi numbering	heading in the layer's own text		
urn:hadith:0279Tirmidhi.Sunan:3614	3614	3728	Shakir / ʿAbd al-Baqi numbering	heading in the layer's own text		
urn:hadith:0279Tirmidhi.Sunan:3615	3615	3729	Shakir / ʿAbd al-Baqi numbering	heading in the layer's own text		
urn:hadith:0279Tirmidhi.Sunan:3616	3616	3730	Shakir / ʿAbd al-Baqi numbering	heading in the layer's own text		
urn:hadith:0279Tirmidhi.Sunan:3617	3617	3731	Shakir / ʿAbd al-Baqi numbering	heading in the layer's own text		
urn:hadith:0279Tirmidhi.Sunan:3618	3618	3732	Shakir / ʿAbd al-Baqi numbering	heading in the layer's own text		
urn:hadith:0279Tirmidhi.Sunan:3619	3619	3733	Shakir / ʿAbd al-Baqi numbering	heading in the layer's own text		
urn:hadith:0279Tirmidhi.Sunan:3620	3620	3734	Shakir / ʿAbd al-Baqi numbering	heading in the layer's own text		
urn:hadith:0279Tirmidhi.Sunan:3621	3621	3735	Shakir / ʿAbd al-Baqi numbering	heading in the layer's own text		
urn:hadith:0279Tirmidhi.Sunan:3622	3622	3736	Shakir / ʿAbd al-Baqi numbering	heading in the layer's own text		
urn:hadith:0279Tirmidhi.Sunan:3623	3623	3737	Shakir / ʿAbd al-Baqi numbering	heading in the layer's own text		
urn:hadith:0279Tirmidhi.Sunan:3624	3624	3738	Shakir / ʿAbd al-Baqi numbering	heading in the layer's own text		
urn:hadith:0279Tirmidhi.Sunan:3625	3625	3739	Shakir / ʿAbd al-Baqi numbering	heading in the layer's own text		
urn:hadith:0279Tirmidhi.Sunan:3626	3626	3740	Shakir / ʿAbd al-Baqi numbering	heading in the layer's own text		
urn:hadith:0279Tirmidhi.Sunan:3627	3627	3741	Shakir / ʿAbd al-Baqi numbering	heading in the layer's own text		
urn:hadith:0279Tirmidhi.Sunan:3628	3628	3742	Shakir / ʿAbd al-Baqi numbering	heading in the layer's own text		
urn:hadith:0279Tirmidhi.Sunan:3629	3629	3743	Shakir / ʿAbd al-Baqi numbering	heading in the layer's own text		
urn:hadith:0279Tirmidhi.Sunan:3630	3630	3744	Shakir / ʿAbd al-Baqi numbering	heading in the layer's own text		
urn:hadith:0279Tirmidhi.Sunan:3631	3631	3745	Shakir / ʿAbd al-Baqi numbering	heading in the layer's own text		
urn:hadith:0279Tirmidhi.Sunan:3632	3632	3746	Shakir / ʿAbd al-Baqi numbering	heading in the layer's own text		
urn:hadith:0279Tirmidhi.Sunan:3633	3633	3747	Shakir / ʿAbd al-Baqi numbering	heading in the layer's own text		
urn:hadith:0279Tirmidhi.Sunan:3634	3634	3748	Shakir / ʿAbd al-Baqi numbering	heading in the layer's own text		
urn:hadith:0279Tirmidhi.Sunan:3635	3635	3749	Shakir / ʿAbd al-Baqi numbering	heading in the layer's own text		
urn:hadith:0279Tirmidhi.Sunan:3636	3636	3750	Shakir / ʿAbd al-Baqi numbering	heading in the layer's own text		
urn:hadith:0279Tirmidhi.Sunan:3637	3637	3751	Shakir / ʿAbd al-Baqi numbering	heading in the layer's own text		
urn:hadith:0279Tirmidhi.Sunan:3638	3638	3752	Shakir / ʿAbd al-Baqi numbering	heading in the layer's own text		
urn:hadith:0279Tirmidhi.Sunan:3639	3639	3753	Shakir / ʿAbd al-Baqi numbering	heading in the layer's own text		
urn:hadith:0279Tirmidhi.Sunan:3640	3640	3754	Shakir / ʿAbd al-Baqi numbering	heading in the layer's own text		
urn:hadith:0279Tirmidhi.Sunan:3641	3641	3755	Shakir / ʿAbd al-Baqi numbering	heading in the layer's own text		
urn:hadith:0279Tirmidhi.Sunan:3642	3642	3756	Shakir / ʿAbd al-Baqi numbering	heading in the layer's own text		
urn:hadith:0279Tirmidhi.Sunan:3643	3643	3757	Shakir / ʿAbd al-Baqi numbering	heading in the layer's own text		
urn:hadith:0279Tirmidhi.Sunan:3644	3644	3758	Shakir / ʿAbd al-Baqi numbering	heading in the layer's own text		
urn:hadith:0279Tirmidhi.Sunan:3645	3645	3759	Shakir / ʿAbd al-Baqi numbering	heading in the layer's own text		
urn:hadith:0279Tirmidhi.Sunan:3646	3646	3760	Shakir / ʿAbd al-Baqi numbering	heading in the layer's own text		
urn:hadith:0279Tirmidhi.Sunan:3647	3647	3761	Shakir / ʿAbd al-Baqi numbering	heading in the layer's own text		
urn:hadith:0279Tirmidhi.Sunan:3648	3648	3762	Shakir / ʿAbd al-Baqi numbering	heading in the layer's own text		
urn:hadith:0279Tirmidhi.Sunan:3649	3649	3763	Shakir / ʿAbd al-Baqi numbering	heading in the layer's own text		
urn:hadith:0279Tirmidhi.Sunan:3650	3650	3764	Shakir / ʿAbd al-Baqi numbering	heading in the layer's own text		
urn:hadith:0279Tirmidhi.Sunan:3651	3651	3765	Shakir / ʿAbd al-Baqi numbering	heading in the layer's own text		
urn:hadith:0279Tirmidhi.Sunan:3652	3652	3766	Shakir / ʿAbd al-Baqi numbering	heading in the layer's own text		
urn:hadith:0279Tirmidhi.Sunan:3653	3653	3767	Shakir / ʿAbd al-Baqi numbering	heading in the layer's own text		
urn:hadith:0279Tirmidhi.Sunan:3654	3654	3768	Shakir / ʿAbd al-Baqi numbering	heading in the layer's own text		
urn:hadith:0279Tirmidhi.Sunan:3655	3655	3769	Shakir / ʿAbd al-Baqi numbering	heading in the layer's own text		
urn:hadith:0279Tirmidhi.Sunan:3656	3656	3770	Shakir / ʿAbd al-Baqi numbering	heading in the layer's own text		
urn:hadith:0279Tirmidhi.Sunan:3657	3657	3771	Shakir / ʿAbd al-Baqi numbering	heading in the layer's own text		
urn:hadith:0279Tirmidhi.Sunan:3658	3658	3772	Shakir / ʿAbd al-Baqi numbering	heading in the layer's own text		
urn:hadith:0279Tirmidhi.Sunan:3659	3659	3773	Shakir / ʿAbd al-Baqi numbering	heading in the layer's own text		
urn:hadith:0279Tirmidhi.Sunan:3660	3660	3774	Shakir / ʿAbd al-Baqi numbering	heading in the layer's own text		
urn:hadith:0279Tirmidhi.Sunan:3661	3661	3775	Shakir / ʿAbd al-Baqi numbering	heading in the layer's own text		
urn:hadith:0279Tirmidhi.Sunan:3662	3662	3776	Shakir / ʿAbd al-Baqi numbering	heading in the layer's own text		
urn:hadith:0279Tirmidhi.Sunan:3663	3663	3777	Shakir / ʿAbd al-Baqi numbering	heading in the layer's own text		
urn:hadith:0279Tirmidhi.Sunan:3664	3664	3778	Shakir / ʿAbd al-Baqi numbering	heading in the layer's own text		
urn:hadith:0279Tirmidhi.Sunan:3665	3665	3779	Shakir / ʿAbd al-Baqi numbering	heading in the layer's own text		
urn:hadith:0279Tirmidhi.Sunan:3666	3666	3780	Shakir / ʿAbd al-Baqi numbering	heading in the layer's own text		
urn:hadith:0279Tirmidhi.Sunan:3667	3667	3781	Shakir / ʿAbd al-Baqi numbering	heading in the layer's own text		
urn:hadith:0279Tirmidhi.Sunan:3668	3668	3782	Shakir / ʿAbd al-Baqi numbering	heading in the layer's own text		
urn:hadith:0279Tirmidhi.Sunan:3669	3669	3783	Shakir / ʿAbd al-Baqi numbering	heading in the layer's own text		
urn:hadith:0279Tirmidhi.Sunan:3670	3670	3784	Shakir / ʿAbd al-Baqi numbering	heading in the layer's own text		
urn:hadith:0279Tirmidhi.Sunan:3671	3671	3785	Shakir / ʿAbd al-Baqi numbering	heading in the layer's own text		
urn:hadith:0279Tirmidhi.Sunan:3672	3672	3786	Shakir / ʿAbd al-Baqi numbering	heading in the layer's own text		
urn:hadith:0279Tirmidhi.Sunan:3673	3673	3787	Shakir / ʿAbd al-Baqi numbering	heading in the layer's own text		
urn:hadith:0279Tirmidhi.Sunan:3674	3674	3788	Shakir / ʿAbd al-Baqi numbering	heading in the layer's own text		
urn:hadith:0279Tirmidhi.Sunan:3675	3675	3789	Shakir / ʿAbd al-Baqi numbering	heading in the layer's own text		
urn:hadith:0279Tirmidhi.Sunan:3676	3676	3790	Shakir / ʿAbd al-Baqi numbering	heading in the layer's own text		
urn:hadith:0279Tirmidhi.Sunan:3677	3677	3791	Shakir / ʿAbd al-Baqi numbering	heading in the layer's own text		
urn:hadith:0279Tirmidhi.Sunan:3678	3678	3792	Shakir / ʿAbd al-Baqi numbering	heading in the layer's own text		
urn:hadith:0279Tirmidhi.Sunan:3679	3679	3793	Shakir / ʿAbd al-Baqi numbering	heading in the layer's own text		
urn:hadith:0279Tirmidhi.Sunan:3680	3680	3794	Shakir / ʿAbd al-Baqi numbering	heading in the layer's own text		
urn:hadith:0279Tirmidhi.Sunan:3681	3681	3795	Shakir / ʿAbd al-Baqi numbering	heading in the layer's own text		
urn:hadith:0279Tirmidhi.Sunan:3682	3682	3796	Shakir / ʿAbd al-Baqi numbering	heading in the layer's own text		
urn:hadith:0279Tirmidhi.Sunan:3683	3683	3797	Shakir / ʿAbd al-Baqi numbering	heading in the layer's own text		
urn:hadith:0279Tirmidhi.Sunan:3684	3684	3798	Shakir / ʿAbd al-Baqi numbering	heading in the layer's own text		
urn:hadith:0279Tirmidhi.Sunan:3685	3685	3799	Shakir / ʿAbd al-Baqi numbering	heading in the layer's own text		shared number
urn:hadith:0279Tirmidhi.Sunan:3686	3686	3799	Shakir / ʿAbd al-Baqi numbering	heading in the layer's own text		shared number
urn:hadith:0279Tirmidhi.Sunan:3687	3687	3800	Shakir / ʿAbd al-Baqi numbering	heading in the layer's own text		
urn:hadith:0279Tirmidhi.Sunan:3688	3688	3801	Shakir / ʿAbd al-Baqi numbering	heading in the layer's own text		
urn:hadith:0279Tirmidhi.Sunan:3689	3689	3802	Shakir / ʿAbd al-Baqi numbering	heading in the layer's own text		
urn:hadith:0279Tirmidhi.Sunan:3690	3690	3803	Shakir / ʿAbd al-Baqi numbering	heading in the layer's own text		
urn:hadith:0279Tirmidhi.Sunan:3691	3691	3804	Shakir / ʿAbd al-Baqi numbering	heading in the layer's own text		
urn:hadith:0279Tirmidhi.Sunan:3692	3692	3805	Shakir / ʿAbd al-Baqi numbering	heading in the layer's own text		
urn:hadith:0279Tirmidhi.Sunan:3693	3693	3806	Shakir / ʿAbd al-Baqi numbering	heading in the layer's own text		
urn:hadith:0279Tirmidhi.Sunan:3694	3694	3807	Shakir / ʿAbd al-Baqi numbering	heading in the layer's own text		
urn:hadith:0279Tirmidhi.Sunan:3695	3695	3808	Shakir / ʿAbd al-Baqi numbering	heading in the layer's own text		
urn:hadith:0279Tirmidhi.Sunan:3696	3696	3809	Shakir / ʿAbd al-Baqi numbering	heading in the layer's own text		
urn:hadith:0279Tirmidhi.Sunan:3697	3697	3810	Shakir / ʿAbd al-Baqi numbering	heading in the layer's own text		
urn:hadith:0279Tirmidhi.Sunan:3698	3698	3811	Shakir / ʿAbd al-Baqi numbering	heading in the layer's own text		
urn:hadith:0279Tirmidhi.Sunan:3699	3699	3812	Shakir / ʿAbd al-Baqi numbering	heading in the layer's own text		
urn:hadith:0279Tirmidhi.Sunan:3700	3700	3813	Shakir / ʿAbd al-Baqi numbering	heading in the layer's own text		
urn:hadith:0279Tirmidhi.Sunan:3701	3701	3814	Shakir / ʿAbd al-Baqi numbering	heading in the layer's own text		
urn:hadith:0279Tirmidhi.Sunan:3702	3702	3815	Shakir / ʿAbd al-Baqi numbering	heading in the layer's own text		
urn:hadith:0279Tirmidhi.Sunan:3703	3703	3816	Shakir / ʿAbd al-Baqi numbering	heading in the layer's own text		
urn:hadith:0279Tirmidhi.Sunan:3704	3704	3817	Shakir / ʿAbd al-Baqi numbering	heading in the layer's own text		
urn:hadith:0279Tirmidhi.Sunan:3705	3705	3818	Shakir / ʿAbd al-Baqi numbering	heading in the layer's own text		
urn:hadith:0279Tirmidhi.Sunan:3706	3706	3819	Shakir / ʿAbd al-Baqi numbering	heading in the layer's own text		
urn:hadith:0279Tirmidhi.Sunan:3707	3707	3820	Shakir / ʿAbd al-Baqi numbering	heading in the layer's own text		
urn:hadith:0279Tirmidhi.Sunan:3708	3708	3821	Shakir / ʿAbd al-Baqi numbering	heading in the layer's own text		
urn:hadith:0279Tirmidhi.Sunan:3709	3709	3822	Shakir / ʿAbd al-Baqi numbering	heading in the layer's own text		
urn:hadith:0279Tirmidhi.Sunan:3710	3710	3823	Shakir / ʿAbd al-Baqi numbering	heading in the layer's own text		
urn:hadith:0279Tirmidhi.Sunan:3711	3711	3824	Shakir / ʿAbd al-Baqi numbering	heading in the layer's own text		
urn:hadith:0279Tirmidhi.Sunan:3712	3712	3825	Shakir / ʿAbd al-Baqi numbering	heading in the layer's own text		
urn:hadith:0279Tirmidhi.Sunan:3713	3713	3826	Shakir / ʿAbd al-Baqi numbering	heading in the layer's own text		
urn:hadith:0279Tirmidhi.Sunan:3714	3714	3827	Shakir / ʿAbd al-Baqi numbering	heading in the layer's own text		
urn:hadith:0279Tirmidhi.Sunan:3715	3715	3828	Shakir / ʿAbd al-Baqi numbering	heading in the layer's own text		
urn:hadith:0279Tirmidhi.Sunan:3716	3716	3829	Shakir / ʿAbd al-Baqi numbering	heading in the layer's own text		
urn:hadith:0279Tirmidhi.Sunan:3717	3717	3830	Shakir / ʿAbd al-Baqi numbering	heading in the layer's own text		
urn:hadith:0279Tirmidhi.Sunan:3718	3718	3831	Shakir / ʿAbd al-Baqi numbering	heading in the layer's own text		
urn:hadith:0279Tirmidhi.Sunan:3719	3719	3832	Shakir / ʿAbd al-Baqi numbering	heading in the layer's own text		
urn:hadith:0279Tirmidhi.Sunan:3720	3720	3833	Shakir / ʿAbd al-Baqi numbering	heading in the layer's own text		
urn:hadith:0279Tirmidhi.Sunan:3721	3721	3834	Shakir / ʿAbd al-Baqi numbering	heading in the layer's own text		
urn:hadith:0279Tirmidhi.Sunan:3722	3722	3835	Shakir / ʿAbd al-Baqi numbering	heading in the layer's own text		
urn:hadith:0279Tirmidhi.Sunan:3723	3723	3836	Shakir / ʿAbd al-Baqi numbering	heading in the layer's own text		
urn:hadith:0279Tirmidhi.Sunan:3724	3724	3837	Shakir / ʿAbd al-Baqi numbering	heading in the layer's own text		
urn:hadith:0279Tirmidhi.Sunan:3725	3725	3838	Shakir / ʿAbd al-Baqi numbering	heading in the layer's own text		
urn:hadith:0279Tirmidhi.Sunan:3726	3726	3839	Shakir / ʿAbd al-Baqi numbering	heading in the layer's own text		
urn:hadith:0279Tirmidhi.Sunan:3727	3727	3840	Shakir / ʿAbd al-Baqi numbering	heading in the layer's own text		
urn:hadith:0279Tirmidhi.Sunan:3728	3728	3841	Shakir / ʿAbd al-Baqi numbering	heading in the layer's own text		
urn:hadith:0279Tirmidhi.Sunan:3729	3729	3842	Shakir / ʿAbd al-Baqi numbering	heading in the layer's own text		
urn:hadith:0279Tirmidhi.Sunan:3730	3730	3843	Shakir / ʿAbd al-Baqi numbering	heading in the layer's own text		
urn:hadith:0279Tirmidhi.Sunan:3731	3731	3844	Shakir / ʿAbd al-Baqi numbering	heading in the layer's own text		
urn:hadith:0279Tirmidhi.Sunan:3732	3732	3845	Shakir / ʿAbd al-Baqi numbering	heading in the layer's own text		
urn:hadith:0279Tirmidhi.Sunan:3733	3733	3846	Shakir / ʿAbd al-Baqi numbering	heading in the layer's own text		
urn:hadith:0279Tirmidhi.Sunan:3734	3734	3847	Shakir / ʿAbd al-Baqi numbering	heading in the layer's own text		
urn:hadith:0279Tirmidhi.Sunan:3735	3735	3848	Shakir / ʿAbd al-Baqi numbering	heading in the layer's own text		
urn:hadith:0279Tirmidhi.Sunan:3736	3736	3849	Shakir / ʿAbd al-Baqi numbering	heading in the layer's own text		
urn:hadith:0279Tirmidhi.Sunan:3737	3737	3850	Shakir / ʿAbd al-Baqi numbering	heading in the layer's own text		
urn:hadith:0279Tirmidhi.Sunan:3738	3738	3851	Shakir / ʿAbd al-Baqi numbering	heading in the layer's own text		
urn:hadith:0279Tirmidhi.Sunan:3739	3739	3852	Shakir / ʿAbd al-Baqi numbering	heading in the layer's own text		
urn:hadith:0279Tirmidhi.Sunan:3740	3740	3853	Shakir / ʿAbd al-Baqi numbering	heading in the layer's own text		
urn:hadith:0279Tirmidhi.Sunan:3741	3741	3854	Shakir / ʿAbd al-Baqi numbering	heading in the layer's own text		
urn:hadith:0279Tirmidhi.Sunan:3742	3742	3855	Shakir / ʿAbd al-Baqi numbering	heading in the layer's own text		
urn:hadith:0279Tirmidhi.Sunan:3743	3743	3856	Shakir / ʿAbd al-Baqi numbering	heading in the layer's own text		
urn:hadith:0279Tirmidhi.Sunan:3744	3744	3857	Shakir / ʿAbd al-Baqi numbering	heading in the layer's own text		
urn:hadith:0279Tirmidhi.Sunan:3745	3745	3858	Shakir / ʿAbd al-Baqi numbering	heading in the layer's own text		
urn:hadith:0279Tirmidhi.Sunan:3746	3746	3859	Shakir / ʿAbd al-Baqi numbering	heading in the layer's own text		
urn:hadith:0279Tirmidhi.Sunan:3747	3747	3860	Shakir / ʿAbd al-Baqi numbering	heading in the layer's own text		
urn:hadith:0279Tirmidhi.Sunan:3748	3748	3861	Shakir / ʿAbd al-Baqi numbering	heading in the layer's own text		
urn:hadith:0279Tirmidhi.Sunan:3749	3749	3862	Shakir / ʿAbd al-Baqi numbering	heading in the layer's own text		
urn:hadith:0279Tirmidhi.Sunan:3750	3750	3863	Shakir / ʿAbd al-Baqi numbering	heading in the layer's own text		
urn:hadith:0279Tirmidhi.Sunan:3751	3751	3864	Shakir / ʿAbd al-Baqi numbering	heading in the layer's own text		
urn:hadith:0279Tirmidhi.Sunan:3752	3752	3865	Shakir / ʿAbd al-Baqi numbering	heading in the layer's own text		
urn:hadith:0279Tirmidhi.Sunan:3753	3753	3866	Shakir / ʿAbd al-Baqi numbering	heading in the layer's own text		
urn:hadith:0279Tirmidhi.Sunan:3754	3754	3867	Shakir / ʿAbd al-Baqi numbering	heading in the layer's own text		
urn:hadith:0279Tirmidhi.Sunan:3755	3755	3868	Shakir / ʿAbd al-Baqi numbering	heading in the layer's own text		
urn:hadith:0279Tirmidhi.Sunan:3756	3756	3869	Shakir / ʿAbd al-Baqi numbering	heading in the layer's own text		
urn:hadith:0279Tirmidhi.Sunan:3757	3757	3870	Shakir / ʿAbd al-Baqi numbering	heading in the layer's own text		
urn:hadith:0279Tirmidhi.Sunan:3758	3758	3871	Shakir / ʿAbd al-Baqi numbering	heading in the layer's own text		
urn:hadith:0279Tirmidhi.Sunan:3759	3759	3872	Shakir / ʿAbd al-Baqi numbering	heading in the layer's own text		
urn:hadith:0279Tirmidhi.Sunan:3760	3760	3873	Shakir / ʿAbd al-Baqi numbering	heading in the layer's own text		
urn:hadith:0279Tirmidhi.Sunan:3761	3761	3874	Shakir / ʿAbd al-Baqi numbering	heading in the layer's own text		
urn:hadith:0279Tirmidhi.Sunan:3762	3762	3875	Shakir / ʿAbd al-Baqi numbering	heading in the layer's own text		
urn:hadith:0279Tirmidhi.Sunan:3763	3763	3876	Shakir / ʿAbd al-Baqi numbering	heading in the layer's own text		
urn:hadith:0279Tirmidhi.Sunan:3764	3764	3877	Shakir / ʿAbd al-Baqi numbering	heading in the layer's own text		
urn:hadith:0279Tirmidhi.Sunan:3765	3765	3878	Shakir / ʿAbd al-Baqi numbering	heading in the layer's own text		
urn:hadith:0279Tirmidhi.Sunan:3766	3766	3879	Shakir / ʿAbd al-Baqi numbering	heading in the layer's own text		
urn:hadith:0279Tirmidhi.Sunan:3767	3767	3880	Shakir / ʿAbd al-Baqi numbering	heading in the layer's own text		
urn:hadith:0279Tirmidhi.Sunan:3768	3768	3881	Shakir / ʿAbd al-Baqi numbering	heading in the layer's own text		
urn:hadith:0279Tirmidhi.Sunan:3769	3769	3882	Shakir / ʿAbd al-Baqi numbering	heading in the layer's own text		
urn:hadith:0279Tirmidhi.Sunan:3770	3770	3883	Shakir / ʿAbd al-Baqi numbering	heading in the layer's own text		
urn:hadith:0279Tirmidhi.Sunan:3771	3771	3884	Shakir / ʿAbd al-Baqi numbering	heading in the layer's own text		
urn:hadith:0279Tirmidhi.Sunan:3772	3772	3885	Shakir / ʿAbd al-Baqi numbering	heading in the layer's own text		
urn:hadith:0279Tirmidhi.Sunan:3773	3773	3886	Shakir / ʿAbd al-Baqi numbering	heading in the layer's own text		
urn:hadith:0279Tirmidhi.Sunan:3774	3774	3887	Shakir / ʿAbd al-Baqi numbering	heading in the layer's own text		
urn:hadith:0279Tirmidhi.Sunan:3775	3775	3888	Shakir / ʿAbd al-Baqi numbering	heading in the layer's own text		
urn:hadith:0279Tirmidhi.Sunan:3776	3776	3889	Shakir / ʿAbd al-Baqi numbering	heading in the layer's own text		
urn:hadith:0279Tirmidhi.Sunan:3777	3777	3890	Shakir / ʿAbd al-Baqi numbering	heading in the layer's own text		
urn:hadith:0279Tirmidhi.Sunan:3778	3778	3891	Shakir / ʿAbd al-Baqi numbering	heading in the layer's own text		
urn:hadith:0279Tirmidhi.Sunan:3779	3779	3892	Shakir / ʿAbd al-Baqi numbering	heading in the layer's own text		
urn:hadith:0279Tirmidhi.Sunan:3780	3780	3893	Shakir / ʿAbd al-Baqi numbering	heading in the layer's own text		
urn:hadith:0279Tirmidhi.Sunan:3781	3781	3894	Shakir / ʿAbd al-Baqi numbering	heading in the layer's own text		
urn:hadith:0279Tirmidhi.Sunan:3782	3782	3895	Shakir / ʿAbd al-Baqi numbering	heading in the layer's own text		
urn:hadith:0279Tirmidhi.Sunan:3783	3783	3896	Shakir / ʿAbd al-Baqi numbering	heading in the layer's own text		
urn:hadith:0279Tirmidhi.Sunan:3784	3784	3897	Shakir / ʿAbd al-Baqi numbering	heading in the layer's own text		
urn:hadith:0279Tirmidhi.Sunan:3785	3785	3898	Shakir / ʿAbd al-Baqi numbering	heading in the layer's own text		
urn:hadith:0279Tirmidhi.Sunan:3786	3786	3899	Shakir / ʿAbd al-Baqi numbering	heading in the layer's own text		
urn:hadith:0279Tirmidhi.Sunan:3787	3787	3900	Shakir / ʿAbd al-Baqi numbering	heading in the layer's own text		
urn:hadith:0279Tirmidhi.Sunan:3788	3788	3901	Shakir / ʿAbd al-Baqi numbering	heading in the layer's own text		
urn:hadith:0279Tirmidhi.Sunan:3789	3789	3902	Shakir / ʿAbd al-Baqi numbering	heading in the layer's own text		
urn:hadith:0279Tirmidhi.Sunan:3790	3790	3903	Shakir / ʿAbd al-Baqi numbering	heading in the layer's own text		
urn:hadith:0279Tirmidhi.Sunan:3791	3791	3904	Shakir / ʿAbd al-Baqi numbering	heading in the layer's own text		
urn:hadith:0279Tirmidhi.Sunan:3792	3792	3905	Shakir / ʿAbd al-Baqi numbering	heading in the layer's own text		
urn:hadith:0279Tirmidhi.Sunan:3793	3793	3906	Shakir / ʿAbd al-Baqi numbering	heading in the layer's own text		
urn:hadith:0279Tirmidhi.Sunan:3794	3794	3907	Shakir / ʿAbd al-Baqi numbering	heading in the layer's own text		
urn:hadith:0279Tirmidhi.Sunan:3795	3795	3908	Shakir / ʿAbd al-Baqi numbering	heading in the layer's own text		
urn:hadith:0279Tirmidhi.Sunan:3796	3796	3909	Shakir / ʿAbd al-Baqi numbering	heading in the layer's own text		
urn:hadith:0279Tirmidhi.Sunan:3797	3797	3910	Shakir / ʿAbd al-Baqi numbering	heading in the layer's own text		
urn:hadith:0279Tirmidhi.Sunan:3798	3798	3911	Shakir / ʿAbd al-Baqi numbering	heading in the layer's own text		
urn:hadith:0279Tirmidhi.Sunan:3799	3799	3912	Shakir / ʿAbd al-Baqi numbering	heading in the layer's own text		
urn:hadith:0279Tirmidhi.Sunan:3800	3800	3913	Shakir / ʿAbd al-Baqi numbering	heading in the layer's own text		
urn:hadith:0279Tirmidhi.Sunan:3801	3801	3914	Shakir / ʿAbd al-Baqi numbering	heading in the layer's own text		
urn:hadith:0279Tirmidhi.Sunan:3802	3802	3915	Shakir / ʿAbd al-Baqi numbering	heading in the layer's own text		
urn:hadith:0279Tirmidhi.Sunan:3803	3803	3916	Shakir / ʿAbd al-Baqi numbering	heading in the layer's own text		
urn:hadith:0279Tirmidhi.Sunan:3804	3804	3917	Shakir / ʿAbd al-Baqi numbering	heading in the layer's own text		
urn:hadith:0279Tirmidhi.Sunan:3805	3805	3918	Shakir / ʿAbd al-Baqi numbering	heading in the layer's own text		
urn:hadith:0279Tirmidhi.Sunan:3806	3806	3919	Shakir / ʿAbd al-Baqi numbering	heading in the layer's own text		
urn:hadith:0279Tirmidhi.Sunan:3807	3807	3920	Shakir / ʿAbd al-Baqi numbering	heading in the layer's own text		
urn:hadith:0279Tirmidhi.Sunan:3808	3808	3921	Shakir / ʿAbd al-Baqi numbering	heading in the layer's own text		
urn:hadith:0279Tirmidhi.Sunan:3809	3809	3922	Shakir / ʿAbd al-Baqi numbering	heading in the layer's own text		
urn:hadith:0279Tirmidhi.Sunan:3810	3810	3923	Shakir / ʿAbd al-Baqi numbering	heading in the layer's own text		
urn:hadith:0279Tirmidhi.Sunan:3811	3811	3924	Shakir / ʿAbd al-Baqi numbering	heading in the layer's own text		
urn:hadith:0279Tirmidhi.Sunan:3812	3812	3925	Shakir / ʿAbd al-Baqi numbering	heading in the layer's own text		
urn:hadith:0279Tirmidhi.Sunan:3813	3813	3926	Shakir / ʿAbd al-Baqi numbering	heading in the layer's own text		
urn:hadith:0279Tirmidhi.Sunan:3814	3814	3927	Shakir / ʿAbd al-Baqi numbering	heading in the layer's own text		
urn:hadith:0279Tirmidhi.Sunan:3815	3815	3928	Shakir / ʿAbd al-Baqi numbering	heading in the layer's own text		
urn:hadith:0279Tirmidhi.Sunan:3816	3816	3929	Shakir / ʿAbd al-Baqi numbering	heading in the layer's own text		
urn:hadith:0279Tirmidhi.Sunan:3817	3817	3930	Shakir / ʿAbd al-Baqi numbering	heading in the layer's own text		
urn:hadith:0279Tirmidhi.Sunan:3818	3818	3931	Shakir / ʿAbd al-Baqi numbering	heading in the layer's own text		
urn:hadith:0279Tirmidhi.Sunan:3819	3819	3932	Shakir / ʿAbd al-Baqi numbering	heading in the layer's own text		
urn:hadith:0279Tirmidhi.Sunan:3820	3820	3933	Shakir / ʿAbd al-Baqi numbering	heading in the layer's own text		
urn:hadith:0279Tirmidhi.Sunan:3821	3821	3934	Shakir / ʿAbd al-Baqi numbering	heading in the layer's own text		
urn:hadith:0279Tirmidhi.Sunan:3822	3822	3935	Shakir / ʿAbd al-Baqi numbering	heading in the layer's own text		
urn:hadith:0279Tirmidhi.Sunan:3823	3823	3936	Shakir / ʿAbd al-Baqi numbering	heading in the layer's own text		
urn:hadith:0279Tirmidhi.Sunan:3824	3824	3937	Shakir / ʿAbd al-Baqi numbering	heading in the layer's own text		
urn:hadith:0279Tirmidhi.Sunan:3825	3825	3938	Shakir / ʿAbd al-Baqi numbering	heading in the layer's own text		
urn:hadith:0279Tirmidhi.Sunan:3826	3826	3939	Shakir / ʿAbd al-Baqi numbering	heading in the layer's own text		
urn:hadith:0279Tirmidhi.Sunan:3827	3827	3940	Shakir / ʿAbd al-Baqi numbering	heading in the layer's own text		
urn:hadith:0279Tirmidhi.Sunan:3828	3828	3941	Shakir / ʿAbd al-Baqi numbering	heading in the layer's own text		
urn:hadith:0279Tirmidhi.Sunan:3829	3829	3942	Shakir / ʿAbd al-Baqi numbering	heading in the layer's own text		
urn:hadith:0279Tirmidhi.Sunan:3830	3830	3943	Shakir / ʿAbd al-Baqi numbering	heading in the layer's own text		
urn:hadith:0279Tirmidhi.Sunan:3831	3831	3944	Shakir / ʿAbd al-Baqi numbering	heading in the layer's own text		
urn:hadith:0279Tirmidhi.Sunan:3832	3832	3945	Shakir / ʿAbd al-Baqi numbering	heading in the layer's own text		
urn:hadith:0279Tirmidhi.Sunan:3833	3833	3946	Shakir / ʿAbd al-Baqi numbering	heading in the layer's own text		
urn:hadith:0279Tirmidhi.Sunan:3834	3834	3947	Shakir / ʿAbd al-Baqi numbering	heading in the layer's own text		
urn:hadith:0279Tirmidhi.Sunan:3835	3835	3948	Shakir / ʿAbd al-Baqi numbering	heading in the layer's own text		
urn:hadith:0279Tirmidhi.Sunan:3836	3836	3949	Shakir / ʿAbd al-Baqi numbering	heading in the layer's own text		
urn:hadith:0279Tirmidhi.Sunan:3837	3837	3950	Shakir / ʿAbd al-Baqi numbering	heading in the layer's own text		
urn:hadith:0279Tirmidhi.Sunan:3838	3838	3951	Shakir / ʿAbd al-Baqi numbering	heading in the layer's own text		
urn:hadith:0279Tirmidhi.Sunan:3839	3839	3952	Shakir / ʿAbd al-Baqi numbering	heading in the layer's own text		
urn:hadith:0279Tirmidhi.Sunan:3840	3840	3953	Shakir / ʿAbd al-Baqi numbering	heading in the layer's own text		
urn:hadith:0279Tirmidhi.Sunan:3841	3841	3954	Shakir / ʿAbd al-Baqi numbering	heading in the layer's own text		
urn:hadith:0279Tirmidhi.Sunan:3842	3842	3955	Shakir / ʿAbd al-Baqi numbering	heading in the layer's own text		
urn:hadith:0279Tirmidhi.Sunan:3843	3843	3956	Shakir / ʿAbd al-Baqi numbering	heading in the layer's own text		
