hadith_id	critic	death_ah	layer	scope	class	verdict	match	candidates	critic_record	loc	entry	sources	quoted
urn:hadith:0273IbnMaja.Sunan:19	al-Busiri (Misbah al-zujaja)	840	classical	chain	unknown_narrator	هذا إسناد فيه انقطاع عون بن عبد الله لم يسمع من عبد الله بن مسعود	1.0	1	urn:openiti:0840ShihabDinBusiri.MisbahZujaja.JK000312-ara1:p00044	1:6	7	Ibn Maja	حدثنا أبو بكر بن الخلاد الباهلي حدثنا يحيى بن سعيد عن شعبة عن ابن عجلان أنبأنا عون بن عبد الله عن عبد بن مسعود قال إذا حدثتكم عن رسول الله صلى الله عليه وسلم فظ
urn:hadith:0273IbnMaja.Sunan:20	al-Busiri (Misbah al-zujaja)	840	classical	chain	sound	هذا إسناد صحيح رجاله محتج لهم في الصحيحين	0.86	1	urn:openiti:0840ShihabDinBusiri.MisbahZujaja.JK000312-ara1:p00049	1:7	8	Ibn Maja	حدثنا محمد بن بشار حدثنا يحيى بن سعيد عن شعبة عن عمرو بن مرة عن أبي البحتري عن أبي عبد الرحمن السلمي عن علي بن أبي طالب قال إذا حدثتكم عن رسول الله صلى الله علي
urn:hadith:0273IbnMaja.Sunan:23	al-Busiri (Misbah al-zujaja)	840	classical	chain	sound	هذا إسناد صحيح احتج الشيخان بجميع رواته	1.0	1	urn:openiti:0840ShihabDinBusiri.MisbahZujaja.JK000312-ara1:p00066	1:7	9	Ibn Maja	حدثنا أبو بكر بن أبي شيبة حدثنا معاذ بن معاذ عن ابن عون حدثنا مسلم البطين عن إبراهيم التيمي عن أبيه عن عمرو بن ميمون قال ما أخطأني ابن مسعود عشية خميس إلا أتيته
urn:hadith:0273IbnMaja.Sunan:24	al-Busiri (Misbah al-zujaja)	840	classical	chain	sound	هذا إسناد صحيح على شرط الشيخين فقد احتجا بجميع رواته وقد رواها عن جماعة من الصحابة نحو ما فعله أنس من الحذر والاحتياط منهم ابن مسعود	0.8	1	urn:openiti:0840ShihabDinBusiri.MisbahZujaja.JK000312-ara1:p00073	1:8	10	Ibn Maja	حدثنا أبو بكر بن أبي شيبة حدثنا معاذ بن معاذ عن ابن عون عن محمد بن سيرين قال كان أنس بن مالك إذا حدث عن رسول الله صلى الله عليه وسلم حديثا فيفرغ منه قال أو كما 
urn:hadith:0273IbnMaja.Sunan:25	al-Busiri (Misbah al-zujaja)	840	classical	chain	sound	هذا إسناد صحيح رجاله كلهم ثقات محتج بهم في الكتب الستة	1.0	1	urn:openiti:0840ShihabDinBusiri.MisbahZujaja.JK000312-ara1:p00079	1:8	11	Ibn Maja	حدثنا أبو بكر بن أبي شيبة حدثنا غندر عن شعبة ح وحدثنا محمد بن بشار حدثنا عبد الرحمن بن مهدي حدثنا شعبة عن عمرو بن مرة عن عبد الرحمن بن أبي ليلى قال قلنا لزيد بن
urn:hadith:0273IbnMaja.Sunan:28	al-Busiri (Misbah al-zujaja)	840	classical	chain	weak	هذا إسناد فيه مقال من أجل مجالد لكن لم ينفرد به مجالد عن الشعبي فقد رواه الحاكم في المستدرك عن محمد بن يعقوب الأصم عن محمد بن عبد الله بن عبد الحكم عن ابن وهب عن ابن عيينة عن بيان عن الشعبي به وقال هذا حديث صحيح الإسناد وله طرق تجمع وتذاكر بها	0.9	1	urn:openiti:0840ShihabDinBusiri.MisbahZujaja.JK000312-ara1:p00088	1:8	12	Ibn Maja	حدثنا أحمد بن عبدة حدثنا حماد بن زيد عن مجالد عن الشعبي عن طرفة بن كعب قال بعثنا عمر بن الخطاب إلى الكوفة وشيعنا فمشى معنا إلى موضع يقال له صرار فقال أتدرون لم 
urn:hadith:0273IbnMaja.Sunan:29	al-Busiri (Misbah al-zujaja)	840	classical	chain	sound	هذا إسناد صحيح موقوف	1.0	1	urn:openiti:0840ShihabDinBusiri.MisbahZujaja.JK000312-ara1:p00094	1:8	13	Ibn Maja	حدثنا محمد بن بشار حدثنا عبد الرحمن حدثنا حماد بن زيد عن يحيى بن سعيد عن السائب بن يزيد قال صحبت سعد بن مالك من المدينة إلى مكة فما سمعته يحدث عن النبي صلى الله
urn:hadith:0273IbnMaja.Sunan:35	al-Busiri (Misbah al-zujaja)	840	classical	chain	weak	هذا إسناد ضعيف لتدليس ابن إسحاق	0.9	1	urn:openiti:0840ShihabDinBusiri.MisbahZujaja.JK000312-ara1:p00108	1:9	15	Ibn Maja	حدثنا أبو بكر بن أبي شيبة حدثنا يحيى بن يعلى التيمي عن محمد بن إسحاق عن معبد بن كعب عن أبي قتادة قال سمعت رسول الله صلى الله عليه وسلم يقول على هذا المنبر إياكم
urn:hadith:0273IbnMaja.Sunan:37	al-Busiri (Misbah al-zujaja)	840	classical	chain	weak	هذا إسناد ضعيف لضعف عطية	1.0	1	urn:openiti:0840ShihabDinBusiri.MisbahZujaja.JK000312-ara1:p00112	1:9	16	Ibn Maja	حدثنا سويد بن سعيد حدثنا علي بن مسهر عن مطرف عن عطية عن أبي سعيد قال قال رسول الله صلى الله عليه وسلم من كذب علي متعمدا فليتبوأ مقعده من النار
urn:hadith:0273IbnMaja.Sunan:46	al-Busiri (Misbah al-zujaja)	840	classical	chain	weak	هذا إسناد ضعيف	1.0	1	urn:openiti:0840ShihabDinBusiri.MisbahZujaja.JK000312-ara1:p00143	1:10	r142	Ibn Maja	وإنما البعيد ما ليس بات ألا إنما الشقي من شقي في بطن أمه والسعيد من وعظ بغيره ألا إن قتال المؤمن كفر وسبابه فسوق ولا يحل لمسلم أن يهجر أخاه فوق ثلاث ألا وإياكم 
urn:hadith:0273IbnMaja.Sunan:49	al-Busiri (Misbah al-zujaja)	840	classical	chain	weak	هذا إسناد ضعيف فيه محمد بن محصن وقد اتفقوا على ضعفه	1.0	1	urn:openiti:0840ShihabDinBusiri.MisbahZujaja.JK000312-ara1:p00149	1:10	18	Ibn Maja	حدثنا داود بن سليمان العسكري حدثنا محمد بن علي أبو هاشم عن أبي خداش الموصلي قال حدثنا محمد بن محصن عن إبراهيم بن أبي عبلة عن عبد الله بن الديلمي عن حذيفة قال قا
urn:hadith:0273IbnMaja.Sunan:50	al-Busiri (Misbah al-zujaja)	840	classical	chain	unknown_narrator	هذا إسناد رجاله كلهم مجهولون قاله الذهبي في الكاشف وقال أبو زرعة لا أعرف أبا زيد ولا المغيرة	1.0	1	urn:openiti:0840ShihabDinBusiri.MisbahZujaja.JK000312-ara1:p00152	1:11	19	Ibn Maja	حدثنا بشر بن منصور الخياط عن أبي زيد عن أبي المغيرة عن عبد الله بن عباس قال قال رسول الله صلى الله عليه وسلم أبى الله أن يقبل عمل صاحب بدعة حتى يدع بدعته
urn:hadith:0273IbnMaja.Sunan:55	al-Busiri (Misbah al-zujaja)	840	classical	chain	very_weak	هذا إسناد ضعيف محمد بن سعيد هو المصلوب اتهم بوضع الحديث	1.0	1	urn:openiti:0840ShihabDinBusiri.MisbahZujaja.JK000312-ara1:p00158	1:11	20	Ibn Maja	حدثنا الحسن بن حماد سجادة حدثنا يحيى بن سعيد الأموي عن محمد بن سعيد بن حسان عن عبادة بن نسي عن عبد الرحمن بن غنم حدثنا معاذ بن جبل قال لما بعثني رسول الله صلى ا
urn:hadith:0273IbnMaja.Sunan:61	al-Busiri (Misbah al-zujaja)	840	classical	chain	sound	هذا إسناد صحيح رجاله ثقات	1.0	1	urn:openiti:0840ShihabDinBusiri.MisbahZujaja.JK000312-ara1:p00176	1:12	22	Ibn Maja	حدثنا علي بن محمد حدثنا وكيع حدثنا حماد بن نجيح وكان ثقة عن أبي عمران الجوني عن جندب بن عبد الله قال كنا مع النبي صلى الله عليه وسلم ونحن فتيان حزاورة فتعلمنا ا
urn:hadith:0273IbnMaja.Sunan:70	al-Busiri (Misbah al-zujaja)	840	classical	chain	weak	هذا إسناد ضعيف الربيع بن أنس ضعيف هنا	0.96	1	urn:openiti:0840ShihabDinBusiri.MisbahZujaja.JK000312-ara1:p00189	1:12	24	Ibn Maja	حدثنا نصر بن علي الجهضمي حدثنا أبو أحمد حدثنا أبو جعفر الرازي عن الربيع ابن أنس عن أنس بن مالك قال قال رسول الله صلى الله عليه وسلم من فارق الدنيا على الإخلاص ل
urn:hadith:0273IbnMaja.Sunan:72	al-Busiri (Misbah al-zujaja)	840	classical	chain	fair	هذا إسناد حسن رواه الدارقطني في سننه من هذا الوجه ورواه الشيخان من حديث عمر بن الخطاب رضي تعالى عنه	1.0	1	urn:openiti:0840ShihabDinBusiri.MisbahZujaja.JK000312-ara1:p00194	1:13	25	Ibn Maja	حدثنا أحمد بن الأزهر حدثنا محمد بن يوسف حدثنا عبد الحميد بن بهرام عن شهر بن حوشب عن عبد الرحمن بن غنم عن معاذ بن جبل قال قال رسول الله صلى الله عليه وسلم أمرت أ
urn:hadith:0273IbnMaja.Sunan:73	al-Busiri (Misbah al-zujaja)	840	classical	chain	weak	هذا إسناد ضعيف نزار بن حيان الأسدي قال ابن حبان في كتاب الضعفاء يأتي عن عكرمة بما ليس من حديثه حتى يسبق القلب أنه المتعمد لذلك لا يجوز الاحتجاج به بحال	0.92	1	urn:openiti:0840ShihabDinBusiri.MisbahZujaja.JK000312-ara1:p00201	1:13	26	Ibn Maja	حدثنا محمد بن إسماعيل الرازي أنبأنا يونس بن محمد حدثنا عبد الله بن محمد الليثي حدثنا نزار بن حيان عن عكرمة عن ابن عباس وعن جابر بن عبد الله قالا قال رسول الله ص
urn:hadith:0273IbnMaja.Sunan:84	al-Busiri (Misbah al-zujaja)	840	classical	chain	weak	هذا إسناد ضعيف لاتفاقهم على ضعف يحيى بن عثمان	1.0	1	urn:openiti:0840ShihabDinBusiri.MisbahZujaja.JK000312-ara1:p00214	1:13	27	Ibn Maja	حدثنا أبو بكر بن أبي شيبة قال حدثنا مالك بن إسماعيل حدثنا يحيى بن عثمان مولى أبي بكر حدثنا يحيى بن عبد الله أبي مليكة عن أبيه أنه دخل على عائشة فذكر لها شيئا من
urn:hadith:0273IbnMaja.Sunan:85	al-Busiri (Misbah al-zujaja)	840	classical	chain	sound	هذا إسناد صحيح رجاله ثقات	1.0	1	urn:openiti:0840ShihabDinBusiri.MisbahZujaja.JK000312-ara1:p00225	1:14	28	Ibn Maja	حدثنا علي بن محمد حدثنا أبو معاوية حدثنا داود بن أبي هند عن عمرو بن شعيب عن أبيه عن جده قال خرج رسول الله صلى الله عليه وسلم على أصحابه وهم يختصمون في القدر فكأ
urn:hadith:0273IbnMaja.Sunan:86	al-Busiri (Misbah al-zujaja)	840	classical	chain	weak	هذا إسناد ضعيف لضعف يحيى بن أبي حية ولكونه روي عن أبيه بالعنعنة فإنه كان يدلس وله شاهد من حديث عبد الله بن مسعود رواه الترمذي في الجامع	0.91	1	urn:openiti:0840ShihabDinBusiri.MisbahZujaja.JK000312-ara1:p00232	1:14	29	Ibn Maja	حدثنا أبو بكر بن أبي شيبة و علي بن محمد قالا حدثنا وكيع حدثنا يحيى بن أبي حية أبو جناب الكلبي عن أبيه عن ابن عمر قال قال رسول الله صلى الله عليه وسلم لا عدوى ول
urn:hadith:0273IbnMaja.Sunan:87	al-Busiri (Misbah al-zujaja)	840	classical	chain	weak	هذا إسناد ضعيف لاتفاقهم على ضعف عبد الأعلى وله شاهد من حديث جابر رواه الترمذي في جامعه	1.0	1	urn:openiti:0840ShihabDinBusiri.MisbahZujaja.JK000312-ara1:p00237	1:14	30	Ibn Maja	حدثنا علي بن محمد حدثنا يحيى بن عيسى الخزاز عن عبد الأعلى بن أبي المساور عن الشعبي قال لما قدم عدي بن حاتم الكوفة أتيناه في نفر من فقهاء أهل الكوفة فقلنا له حدث
urn:hadith:0273IbnMaja.Sunan:88	al-Busiri (Misbah al-zujaja)	840	classical	chain	weak	هذا إسناد فيه يزيد بن إبان الرقاشي وقد أجمعوا على ضعفه لكن لم ينفرد به فقد رواه مسدد في مسنده حدثنا خالد حدثنا الحريري عن غنيم بن قيس عن أبي فذكره موقوفا بلفظ إنما مثل القلب كمثل الريشة يقلبها الرياح ظهرا لبطن	1.0	1	urn:openiti:0840ShihabDinBusiri.MisbahZujaja.JK000312-ara1:p00242	1:14	31	Ibn Maja	حدثنا محمد بن عبد الله بن نمير حدثنا أسباط بن محمد حدثنا الأعمش عن يزيد الرقاشي عن غنيم بن قيس عن أبي موسى الأشعري قال قال رسول الله صلى الله عليه وسلم مثل القل
urn:hadith:0273IbnMaja.Sunan:89	al-Busiri (Misbah al-zujaja)	840	classical	chain	sound	هذا إسناد صحيح رجاله موثقون	1.0	1	urn:openiti:0840ShihabDinBusiri.MisbahZujaja.JK000312-ara1:p00247	1:15	32	Ibn Maja	حدثنا علي بن محمد حدثنا خالي يعلى عن الأعمش عن سالم بن أبي الجعد عن جابر قال جاء رجل من الأنصار إلى النبي صلى الله عليه وسلم فقال يا رسول الله إن لي جارية أعزل 
urn:hadith:0273IbnMaja.Sunan:91	al-Busiri (Misbah al-zujaja)	840	classical	chain	disputed_narrator	هذا إسناد فيه مقال مجاهد لم يسمع من سراقة والإسناد منقطع وعطاء بن مسلم مختلف فيه لكن لم ينفرد به مجاهد فقد رواه مسدد في مسنده حدثنا إسماعيل عن روح القسم فإن أبي الزبير قال قال سراقة بن جعشم يا رسول الله فذكره مطولا كما أوردته في زوائد المسانيد العشرة	1.0	1	urn:openiti:0840ShihabDinBusiri.MisbahZujaja.JK000312-ara1:p00258	1:15	34	Ibn Maja	حدثنا هشام بن عمار حدثنا عطاء بن مسلم الخفاف حدثنا الأعمش عن مجاهد عن سراقة بن جعشم قال قلت يا رسول الله العمل فيما جف به القلم وجرت به المقادير أم في أمر مستقب
urn:hadith:0273IbnMaja.Sunan:92	al-Busiri (Misbah al-zujaja)	840	classical	chain	weak	هذا إسناد ضعيف فيه بقية بن الوليد وهو مدلس وقد عنعنه لكن لم ينفرد ابن ماجة بإخراج هذا المتن فقد رواه أبو داود في سننه من حديث عمر بن الخطاب وسكت عليه فهو عنده صالح ومن حديث حذيفة ورواه الحاكم في المستدرك من حديث ابن عمر وقال هذا حديث صحيح على شرط الشيخين إن صح سماع أبي حازم من ابن عمر	1.0	1	urn:openiti:0840ShihabDinBusiri.MisbahZujaja.JK000312-ara1:p00265	1:16	35	Ibn Maja	حدثنا محمد بن المصفى الحمصي حدثنا بقية بن الوليد عن الأوزاعي عن ابن جريج عن أبي الزبير عن جابر بن عبد الله قال قال رسول الله صلى الله عليه وسلم إن مجوس هذه الأم
urn:hadith:0273IbnMaja.Sunan:103	al-Busiri (Misbah al-zujaja)	840	classical	chain	weak	هذا إسناد ضعيف لاتفاقهم على ضعف عبد الله بن خراش إلا ابن حبان فإنه ذكره في الثقات وأخرج هذا الحديث في طريقه في صحيحه	1.0	1	urn:openiti:0840ShihabDinBusiri.MisbahZujaja.JK000312-ara1:p00284	1:17	38	Ibn Maja	حدثنا إسماعيل بن محمد الطلحي حدثنا عبد الله بن خراش الحوشبي عن العوام بن حوشب عن مجاهد عن ابن عباس قال لما أسلم عمر نزل جبريل فقال يا محمد لقد استبشر أهل السماء
urn:hadith:0273IbnMaja.Sunan:104	al-Busiri (Misbah al-zujaja)	840	classical	chain	weak	هذا إسناد ضعيف فيه داود بن عطاء المديني وقد اتفقوا على ضعفه وباقي رجاله ثقات	1.0	1	urn:openiti:0840ShihabDinBusiri.MisbahZujaja.JK000312-ara1:p00290	1:17	39	Ibn Maja	حدثنا إسماعيل بن محمد الطلحي أنبأنا داود بن عطاء المديني عن صالح ابن كيسان عن ابن شهاب عن سعيد بن المسيب عن أبي بن كعب قال قال رسول الله صلى الله عليه وسلم أول 
urn:hadith:0273IbnMaja.Sunan:105	al-Busiri (Misbah al-zujaja)	840	classical	chain	very_weak	هذا إسناد ضعيف عبد الملك بن الماجشون ضعفه الساجي وذكره ابن حبان في الثقات ومسلم بن خالد الزنجي وإن وثقه ابن معين وابن حبان واحتج به في صحيحه فقد قال فيه البخاري منكر الحديث وضعفه أبو حاتم والنسائي وغيرهم	1.0	1	urn:openiti:0840ShihabDinBusiri.MisbahZujaja.JK000312-ara1:p00299	1:17	41	Ibn Maja	حدثنا محمد بن عبيد أبو عبيد المديني حدثنا عبد الملك بن الماجشون حدثني الزنجي بن خالد عن هشام بن عروة عن أبيه عن عائشة قالت قال رسول الله صلى الله عليه وسلم الله
urn:hadith:0273IbnMaja.Sunan:110	al-Busiri (Misbah al-zujaja)	840	classical	chain	unclassified	هذا الإسناد حكمه حكم الإسناد الذي قبله	0.95	1	urn:openiti:0840ShihabDinBusiri.MisbahZujaja.JK000312-ara1:p00318	1:18	r317	Ibn Maja	) وبه عن أبي هريرة أن النبي صلى الله عليه وسلم لقي عثمان عند باب المسجد فقال يا عثمان هذا جبريل أخبرني أن الله قد زوجك أم كلثوم بمثل صداق رقية على مثل صحبتها
urn:hadith:0273IbnMaja.Sunan:113	al-Busiri (Misbah al-zujaja)	840	classical	chain	sound	هذا إسناد صحيح رجاله كلهم ثقات	0.95	1	urn:openiti:0840ShihabDinBusiri.MisbahZujaja.JK000312-ara1:p00349	1:19	45	Ibn Maja	حدثنا محمد بن عبد الله بن نمير و علي بن محمد قالا حدثنا وكيع حدثنا إسماعيل بن أبي خالد عن قيس بن أبي حازم عن عائشة قالت قال رسول الله صلى الله عليه وسلم في مرضه
urn:hadith:0273IbnMaja.Sunan:116	al-Busiri (Misbah al-zujaja)	840	classical	chain	weak	هذا إسناد ضعيف لضعف علي بن زيد بن جدعان	1.0	1	urn:openiti:0840ShihabDinBusiri.MisbahZujaja.JK000312-ara1:p00364	1:19	46	Ibn Maja	حدثنا علي بن محمد حدثنا أبو الحسين أخبرني حماد بن سلمة عن علي بن زيد بن جدعان عن عدي بن ثابت عن البراء بن عازب قال أقبلنا مع رسول الله صلى الله عليه وسلم في حجت
urn:hadith:0273IbnMaja.Sunan:117	al-Busiri (Misbah al-zujaja)	840	classical	chain	weak	هذا إسناد ضعيف ابن أبي ليلى شيخ وكيع هو محمد وهو ضعيف الحفظ لا يحتج بما ينفرد به	1.0	1	urn:openiti:0840ShihabDinBusiri.MisbahZujaja.JK000312-ara1:p00382	1:20	47	Ibn Maja	حدثنا عثمان بن أبي شيبة حدثنا وكيع حدثنا ابن أبي ليلى حدثنا الحكم عن عبد الرحمن بن أبي ليلى قال كان أبو ليلى يسمر مع علي فكان يلبس ثياب الصيف في الشتاء وثياب ال
urn:hadith:0273IbnMaja.Sunan:118	al-Busiri (Misbah al-zujaja)	840	classical	chain	weak	وهذا إسناد ضعيف المعلى بن عبد الرحمن اعترف بوضع سبعين حديثا في فضل علي ابن أبي طالب قاله ابن معين واصل الحديث في الترمذي والنسائي من طريق زر بن حبيش عن حذيفة	0.67	1	urn:openiti:0840ShihabDinBusiri.MisbahZujaja.JK000312-ara1:p00389	1:20	48	Ibn Maja	حدثنا محمد بن موسى الواسطي حدثنا المعلى بن عبد الرحمن حدثنا ابن أبي ذئب عن نافع عن ابن عمر قال قال رسول الله صلى الله عليه وسلم الحسن والحسين سيدا شباب أهل الجن
urn:hadith:0273IbnMaja.Sunan:120	al-Busiri (Misbah al-zujaja)	840	classical	chain	sound	هذا إسناد صحيح رجاله ثقات	0.92	1	urn:openiti:0840ShihabDinBusiri.MisbahZujaja.JK000312-ara1:p00397	1:20	49	Ibn Maja	حدثنا محمد بن إسماعيل الرازي حدثنا عبيد الله بن موسى أنبأنا العلاء بن صالح عن المنهال عن عباد بن عبد الله قال قال علي أنا عبد الله وأخو رسوله صلى الله عليه وسلم
urn:hadith:0273IbnMaja.Sunan:140	al-Busiri (Misbah al-zujaja)	840	classical	chain	weak	هذا إسناد رجاله ثقات إلا أن محمد بن كعب روايته عن العباس يقال مرسلة	1.0	1	urn:openiti:0840ShihabDinBusiri.MisbahZujaja.JK000312-ara1:p00413	1:21	50	Ibn Maja	حدثنا محمد بن طريف حدثنا محمد بن فضيل حدثنا الأعمش عن أبي سبرة النخعي عن محمد بن كعب القرظي عن العباس بن عبد المطلب قال كنا نلقى النفر من قريش وهم يتحدثون فيقطع
urn:hadith:0273IbnMaja.Sunan:141	al-Busiri (Misbah al-zujaja)	840	classical	chain	fabricated	هذا إسناد ضعيف لاتفاقهم على ضعف عبد الوهاب بل قال فيه أبو داود يضع الحديث	1.0	1	urn:openiti:0840ShihabDinBusiri.MisbahZujaja.JK000312-ara1:p00422	1:21	51	Ibn Maja	حدثنا عبد الوهاب بن الضحاك حدثنا إسماعيل بن عياش عن صفوان بن عمرو عن عبد الرحمن بن جبير بن نفير عن كثير بن مرة الحضرمي عن عبد الله بن عمرو قال قال رسول الله صلى
urn:hadith:0273IbnMaja.Sunan:143	al-Busiri (Misbah al-zujaja)	840	classical	chain	sound	هذا إسناد صحيح رجاله ثقات	1.0	1	urn:openiti:0840ShihabDinBusiri.MisbahZujaja.JK000312-ara1:p00430	1:21	52	Ibn Maja	حدثنا علي بن محمد حدثنا وكيع عن سفيان عن داود بن أبي عوف أبي الجحاف وكان مرضيا عن أبي حازم عن أبي هريرة قال قال رسول الله صلى الله عليه وسلم من أحب الحسن والحسي
urn:hadith:0273IbnMaja.Sunan:144	al-Busiri (Misbah al-zujaja)	840	classical	chain	fair	هذا إسناد حسن رجاله ثقات	0.9	1	urn:openiti:0840ShihabDinBusiri.MisbahZujaja.JK000312-ara1:p00444	1:22	53	Ibn Maja	حدثنا يعقوب بن حميد بن كاسب حدثنا يحيى بن سليم عن عبد الله بن عثمان بن خيثم عن سعيد بن أبي راشد أن يعلى بن مرة حدثهم أنهم خرجوا مع النبي صلى الله عليه وسلم إلى 
urn:hadith:0273IbnMaja.Sunan:150	al-Busiri (Misbah al-zujaja)	840	classical	chain	narrators_trustworthy	هذا إسناد رجاله ثقات	0.96	1	urn:openiti:0840ShihabDinBusiri.MisbahZujaja.JK000312-ara1:p00478	1:23	55	Ibn Maja	حدثنا أحمد بن سعيد الدارمي حدثنا يحيى بن أبي بكير حدثنا زائدة بن قدامة عن عاصم بن أبي النجود عن زر بن حبيش عن عبد الله بن مسعود قال كان أول من أظهر إسلامه سبعة 
urn:hadith:0273IbnMaja.Sunan:153	al-Busiri (Misbah al-zujaja)	840	classical	chain	sound	هذا إسناد صحيح	0.81	1	urn:openiti:0840ShihabDinBusiri.MisbahZujaja.JK000312-ara1:p00491	1:23	56	Ibn Maja	حدثنا علي بن محمد و عمر بن عبد الله قالا وثنا وكيع حدثنا سفيان عن أبي إسحاق عن أبي ليلى الكندي قال جاء خباب إلى عمر فقال ادن فما أحد أحق بهذا المجلس منك إلا عما
urn:hadith:0273IbnMaja.Sunan:152	al-Busiri (Misbah al-zujaja)	840	classical	chain	weak	هذا إسناد فيه مقال عمر بن حمزة ضعفه ابن معين والنسائي وقال أحمد أحاديثه مناكير	1.0	1	urn:openiti:0840ShihabDinBusiri.MisbahZujaja.JK000312-ara1:p00499	1:23	57	Ibn Maja	حدثنا علي بن محمد حدثنا أبو أسامة عن عمر بن حمزة عن سالم أن شاعرا مدح بلال بن عبد الله فقال بلال بن عبد الله خير بلال فقال ابن عمر كذبت لا بل بلال رسول الله خير
urn:hadith:0273IbnMaja.Sunan:162	al-Busiri (Misbah al-zujaja)	840	classical	chain	sound	هذا إسناد صحيح رجاله ثقات والطريق الأول رواه مسدد في مسنده عن يحيى القطان عن سفيان عن نسير فذكره بإسناده ومتنه	0.86	1	urn:openiti:0840ShihabDinBusiri.MisbahZujaja.JK000312-ara1:p00518	1:24	59	Ibn Maja	حدثنا علي بن محمد و عمرو بن عبد الله قالا حدثنا وكيع قال حدثنا سفيان عن نسير بن زعلوق قال كان ابن عمر يقول لا تسبوا أصحاب محمد صلى الله عليه وسلم فلمقام أحدهم س
urn:hadith:0273IbnMaja.Sunan:164	al-Busiri (Misbah al-zujaja)	840	classical	chain	weak	هذا إسناد ضعيف والآفة فيه من عبد المهيمن بن عباس وباقي رجال الإسناد ثقات	1.0	1	urn:openiti:0840ShihabDinBusiri.MisbahZujaja.JK000312-ara1:p00525	1:24	60	Ibn Maja	حدثنا عبد الرحمن بن إبراهيم حدثنا ابن أبي فديك عن عبد المهيمن بن عباس بن سهل بن سعد عن أبيه عن جده أن رسول الله صلى الله عليه وسلم قال الأنصار شعار والناس دثار 
urn:hadith:0273IbnMaja.Sunan:165	al-Busiri (Misbah al-zujaja)	840	classical	chain	weak	هذا إسناد ضعيف فيه كثير بن عبد الله وهو متهم	1.0	1	urn:openiti:0840ShihabDinBusiri.MisbahZujaja.JK000312-ara1:p00531	1:25	61	Ibn Maja	حدثنا أبو بكر بن أبي شيبة حدثنا خالد بن مخلد حدثني كثير بن عبد الله بن عمرو بن عوف عن أبيه عن جده قال قال رسول الله صلى الله عليه وسلم رحم الله الأنصار وأبناء ا
urn:hadith:0273IbnMaja.Sunan:171	al-Busiri (Misbah al-zujaja)	840	classical	chain	weak	هذا إسناد ضعيف والعلة فيه من سماك	0.85	1	urn:openiti:0840ShihabDinBusiri.MisbahZujaja.JK000312-ara1:p00542	1:25	62	Ibn Maja	حدثنا أبو بكر بن أبي شيبة و سويد بن سعيد قالا حدثنا أبو الأحوص عن سماك عن عكرمة عن ابن عباس قال قال رسول الله صلى الله عليه وسلم ليقرأن القرآن ناس من أمتي يمرقو
urn:hadith:0273IbnMaja.Sunan:172	al-Busiri (Misbah al-zujaja)	840	classical	chain	sound	هذا إسناد صحيح	1.0	1	urn:openiti:0840ShihabDinBusiri.MisbahZujaja.JK000312-ara1:p00553	1:25	63	Ibn Maja	حدثنا محمد بن الصباح أنبأنا سفيان بن عيينة عن أبي الزبير عن جابر بن عبد الله قال كان رسول الله صلى الله عليه وسلم بالجعرانة وهو يقسم التبر والغنائم وهو في حجر ب
urn:hadith:0273IbnMaja.Sunan:174	al-Busiri (Misbah al-zujaja)	840	classical	chain	sound	هذا إسناد صحيح احتج البخاري بجميع رواته	0.89	1	urn:openiti:0840ShihabDinBusiri.MisbahZujaja.JK000312-ara1:p00570	1:26	65	Ibn Maja	حدثنا هشام بن عمار حدثنا يحيى بن حمزة حدثنا الأوزاعي عن نافع عن ابن عمر أن رسول الله صلى الله عليه وسلم قال ينشأ نشء يقرأون القرآن لا يجاوز تراقيهم كلما خرج قرن
urn:hadith:0273IbnMaja.Sunan:181	al-Busiri (Misbah al-zujaja)	840	classical	chain	weak	هذا إسناد فيه مقال وكيع ذكره ابن حبان في الثقات وذكره الذهبي في الميزان وباقي رجال الإسناد احتج بهم مسلم	1.0	1	urn:openiti:0840ShihabDinBusiri.MisbahZujaja.JK000312-ara1:p00579	1:26	66	Ibn Maja	حدثنا أبو بكر بن أبي شيبة حدثنا يزيد بن هارون أنبأنا حماد بن سلمة عن يعلى بن عطاء عن وكيع بن حدس عن عمه أبي رزين قال قال رسول الله صلى الله عليه وسلم ضحك ربنا م
urn:hadith:0273IbnMaja.Sunan:184	al-Busiri (Misbah al-zujaja)	840	classical	chain	weak	هذا إسناد ضعيف لضعف الفضل بن عيسى بن إبان الرقاشي	0.9	1	urn:openiti:0840ShihabDinBusiri.MisbahZujaja.JK000312-ara1:p00587	1:26	67	Ibn Maja	حدثنا محمد بن عبد الملك بن أبي الشوارب حدثنا أبو عاصم العباداني حدثنا الفضل الرقاشي عن محمد بن المنكدر عن جابر بن عبد الله قال قال رسول الله صلى الله عليه وسلم 
urn:hadith:0273IbnMaja.Sunan:190	al-Busiri (Misbah al-zujaja)	840	classical	chain	weak	هذا إسناد ضعيف طلحة بن خراش قال فيه الأزدي روى عن جابر مناكير	0.89	1	urn:openiti:0840ShihabDinBusiri.MisbahZujaja.JK000312-ara1:p00599	1:27	68	Ibn Maja	حدثنا إبراهيم بن المنذر الخزامي و يحيى بن حبيب بن عربي قالا حدثنا موسى بن إبراهيم بن كثير الأنصاري الخزامي قال سمعت طلحة بن خراش قال سمعت جابر بن عبد الله يقول 
urn:hadith:0273IbnMaja.Sunan:199	al-Busiri (Misbah al-zujaja)	840	classical	chain	sound	هذا إسناد صحيح	0.93	1	urn:openiti:0840ShihabDinBusiri.MisbahZujaja.JK000312-ara1:p00608	1:27	69	Ibn Maja	حدثنا هشام بن عمار حدثنا صدقة بن خالد حدثنا ابن جابر قال سمعت بسر بن عبيد الله يقول سمعت أباإدريس الخولاني يقول حدثني النواس بن سمعان الكلابي قال سمعت رسول الله
urn:hadith:0273IbnMaja.Sunan:200	al-Busiri (Misbah al-zujaja)	840	classical	chain	weak	هذا إسناد فيه مقال	1.0	1	urn:openiti:0840ShihabDinBusiri.MisbahZujaja.JK000312-ara1:p00613	1:27	70	Ibn Maja	حدثنا أبو كريب محمد بن العلاء حدثنا عبد الله بن إسماعيل عن مجالد عن أبي الوداك عن أبي سعيد الخدري قال قال رسول الله صلى الله عليه وسلم إن الله ليضحك إلى ثلاثة ل
urn:hadith:0273IbnMaja.Sunan:202	al-Busiri (Misbah al-zujaja)	840	classical	chain	fair	هذا إسناد حسن لتقاصر الوزير عن درجة الحفظ والاتقان	1.0	1	urn:openiti:0840ShihabDinBusiri.MisbahZujaja.JK000312-ara1:p00623	1:28	71	Ibn Maja	حدثنا هشام بن عمار حدثنا الوزير بن صبيح حدثنا يونس بن حلبس عن أم الدرداء عن أبي الدرداء عن النبي صلى الله عليه وسلم في قوله تعالى كل يوم هو في شأن قال من شأنه أ
urn:hadith:0273IbnMaja.Sunan:204	al-Busiri (Misbah al-zujaja)	840	classical	chain	sound	هذا إسناد صحيح رواه مسلم في صحيحه والترمذي في جامعه من حديث جرير بن عبد الله	1.0	1	urn:openiti:0840ShihabDinBusiri.MisbahZujaja.JK000312-ara1:p00640	1:28	72	Ibn Maja	حدثنا عبد الوارث بن عبد الصمد بن عبد الوارث حدثني أبي عن أيوب عن محمد بن سيرين عن أبي هريرة قال جاء رجل إلى النبي صلى الله عليه وسلم فحث عليه فقال رجل عندي كذا 
urn:hadith:0273IbnMaja.Sunan:205	al-Busiri (Misbah al-zujaja)	840	classical	chain	weak	هذا إسناد ضعيف لضعف سعد بن سنان	1.0	1	urn:openiti:0840ShihabDinBusiri.MisbahZujaja.JK000312-ara1:p00645	1:28	73	Ibn Maja	حدثنا عيسى بن حماد المصري أنبأنا الليث بن سعد عن يزيد بن أبي حبيب عن سعد بن سنان عن أنس بن مالك عن رسول الله صلى الله عليه وسلم أنه قال أيما داع دعا إلى ضلالة ف
urn:hadith:0273IbnMaja.Sunan:207	al-Busiri (Misbah al-zujaja)	840	classical	chain	weak	هذا إسناد ضعيف لضعف إسماعيل بن خليفة أبو إسرائيل	0.92	1	urn:openiti:0840ShihabDinBusiri.MisbahZujaja.JK000312-ara1:p00653	1:29	74	Ibn Maja	حدثنا محمد بن يحيى حدثنا أبو نعيم حدثنا اسماعيل أبو إسرائيل عن الحكم عن أبي جحيفة قال قال رسول الله صلى الله عليه وسلم من سن سنة حسنة فعمل بها بعده كان له أجره 
urn:hadith:0273IbnMaja.Sunan:208	al-Busiri (Misbah al-zujaja)	840	classical	chain	weak	هذا إسناد ضعيف ليث هو ابن أبي سليم ضعفه الجمهور	1.0	1	urn:openiti:0840ShihabDinBusiri.MisbahZujaja.JK000312-ara1:p00659	1:29	75	Ibn Maja	حدثنا أبو بكر بن أبي شيبة حدثنا أبو معاوية عن ليث عن بشير بن نهيك عن أبي هريرة قال قال رسول الله صلى الله عليه وسلم ما من داع يدعو إلى شيء إلا وقف يوم القيامة ل
urn:hadith:0273IbnMaja.Sunan:213	al-Busiri (Misbah al-zujaja)	840	classical	chain	weak	هذا إسناد ضعيف لضعف الحرث بن نبهان	0.83	1	urn:openiti:0840ShihabDinBusiri.MisbahZujaja.JK000312-ara1:p00668	1:29	76	Ibn Maja	حدثنا أزهر بن مروان حدثنا الحرث بن نبهان حدثنا عاصم بن بهدلة عن مصعب بن سعد عن أبيه قال قال رسول الله صلى الله عليه وسلم خياركم من تعلم القرآن وعلمه قال وأخذ بي
urn:hadith:0273IbnMaja.Sunan:215	al-Busiri (Misbah al-zujaja)	840	classical	chain	sound	هذا إسناد صحيح رجاله موثقون	0.9	1	urn:openiti:0840ShihabDinBusiri.MisbahZujaja.JK000312-ara1:p00675	1:29	77	Ibn Maja	حدثنا بكر بن خلف أبو بشر حدثنا عبد الرحمن بن مهدي حدثنا عبد الرحمن بن بديل عن أبيه عن أنس بن مالك قال قال رسول الله صلى الله عليه وسلم إن الله أهلين من الناس قا
urn:hadith:0273IbnMaja.Sunan:219	al-Busiri (Misbah al-zujaja)	840	classical	chain	weak	هذا إسناد ضعيف لضعف علي بن زيد وعبد الله بن زياد	1.0	1	urn:openiti:0840ShihabDinBusiri.MisbahZujaja.JK000312-ara1:p00682	1:30	78	Ibn Maja	حدثنا العباس بن عبد الله الواسطي حدثنا عبد الله بن غالب العباداني عن عبد الله بن زياد البحراني عن علي بن زيد عن سعيد بن المسيب عن أبي ذر قال قال لي رسول الله صل
urn:hadith:0273IbnMaja.Sunan:220	al-Busiri (Misbah al-zujaja)	840	classical	chain	unclassified	هذا إسناد ظاهره الصحة ولكن اختلف فيه على الزهري فرواه النسائي من حديث شعيب عن الزهري عن أبي سلمة عن أبي هريرة وقال الصواب رواية الزهري عن حميد بن عبد الرحمن عن معاوية كما في الصحيحين	1.0	1	urn:openiti:0840ShihabDinBusiri.MisbahZujaja.JK000312-ara1:p00692	1:30	79	Ibn Maja	حدثنا بكر بن خلف أبو بشر حدثنا عبد الأعلى عن معمر عن الزهري عن سعيد بن المسيب عن أبي هريرة قال قال رسول الله صلى الله عليه وسلم من يرد الله به خيرا يفقهه في الد
urn:hadith:0273IbnMaja.Sunan:224	al-Busiri (Misbah al-zujaja)	840	classical	chain	weak	هذا إسناد ضعيف لضعف حفص بن سليمان البزار	1.0	1	urn:openiti:0840ShihabDinBusiri.MisbahZujaja.JK000312-ara1:p00707	1:30	81	Ibn Maja	حدثنا هشام بن عمار حدثنا حفص بن سليمان حدثنا كثير بن شنظير عن محمد بن سيرين عن أنس بن مالك قال قال رسول الله صلى الله عليه وسلم طلب العلم فريضة على كل مسلم وواض
urn:hadith:0273IbnMaja.Sunan:227	al-Busiri (Misbah al-zujaja)	840	classical	chain	sound	هذا إسناد صحيح احتج مسلم بجميع رواته	1.0	1	urn:openiti:0840ShihabDinBusiri.MisbahZujaja.JK000312-ara1:p00724	1:31	83	Ibn Maja	حدثنا أبو بكر بن أبي شيبة حدثنا حاتم بن إسماعيل عن حميد بن صخر عن المقبري عن أبي هريرة قال سمعت رسول الله صلى الله عليه وسلم يقول من جاء مسجدي هذا لم يأته إلا ل
urn:hadith:0273IbnMaja.Sunan:228	al-Busiri (Misbah al-zujaja)	840	classical	chain	weak	هذا إسناد فيه علي بن زيد بن جدعان والجمهور على تضعيفه	1.0	1	urn:openiti:0840ShihabDinBusiri.MisbahZujaja.JK000312-ara1:p00737	1:31	84	Ibn Maja	حدثنا هشام بن عمار حدثنا صدقة بن خالد حدثنا عثمان بن أبي عاتكة عن علي بن يزيد عن القاسم عن أبي أمامة قال قال رسول الله صلى الله عليه وسلم عليكم بهذا العلم قبل أ
urn:hadith:0273IbnMaja.Sunan:229	al-Busiri (Misbah al-zujaja)	840	classical	chain	weak	هذا إسناد فيه بكر وداود وعبد الرحمن وهم ضعفاء	1.0	1	urn:openiti:0840ShihabDinBusiri.MisbahZujaja.JK000312-ara1:p00748	1:32	85	Ibn Maja	حدثنا بشر بن هلال الصواف حدثنا داود بن الزبرقان عن بكر بن خنيس عن عبد الرحمن بن زياد عن عبد الله بن يزيد عن عبد الله بن عمرو قال خرج رسول الله صلى الله عليه وسل
urn:hadith:0273IbnMaja.Sunan:230	al-Busiri (Misbah al-zujaja)	840	classical	chain	weak	هذا إسناد فيه ليث بن أبي سليم وقد ضعفه الجمهور	0.88	1	urn:openiti:0840ShihabDinBusiri.MisbahZujaja.JK000312-ara1:p00760	1:32	86	Ibn Maja	حدثنا محمد بن عبد الله بن نمير و علي بن محمد قالا حدثنا محمد بن فضيل حدثنا ليث بن أبي سليم عن يحيى بن عباد أبي هبيرة الأنصاري عن أبيه عن زيد بن ثابت قال قال رسو
urn:hadith:0273IbnMaja.Sunan:231	al-Busiri (Misbah al-zujaja)	840	classical	chain	weak	هذا إسناد ضعيف لضعف عبد السلام وهو ابن أبي الجنوب لكن لم ينفرد عبد السلام عن الزهري فقد رواه الحاكم في المستدرك عن عبد الله بن إسحاق بن إبراهيم عن أبي الأحوص محمد بن الهيثم القاضي عن نعيم بن حماد عن إبراهيم بن سعد عن صالح بن كيسان عن الزهري به وقال هذا حديث صحيح على شرط الشيخين ولم يخرجاه	1.0	1	urn:openiti:0840ShihabDinBusiri.MisbahZujaja.JK000312-ara1:p00778	1:33	r777	Ibn Maja	حدثنا علي بن محمد حدثنا خالي يعلى ح وحدثنا هشام بن عمار ثنا سعيد بن يحيى قالا حدثنا محمد بن إسحاق عن الزهري عن محمد بن جبير بن مطعم عن أبيه عن النبي صلى الله عل
urn:hadith:0273IbnMaja.Sunan:234	al-Busiri (Misbah al-zujaja)	840	classical	chain	fair	هذا إسناد حسن	1.0	1	urn:openiti:0840ShihabDinBusiri.MisbahZujaja.JK000312-ara1:p00788	1:33	88	Ibn Maja	حدثنا أبو بكر بن أبي شيبة حدثنا أبو أسامة ح وحدثنا إسحاق بن منصور أنبأنا النضر بن شميل عن بهز بن حكيم عن أبيه عن جده معاوية القشيري قال قال رسول الله صلى الله ع
urn:hadith:0273IbnMaja.Sunan:236	al-Busiri (Misbah al-zujaja)	840	classical	chain	unclassified	هذا إسناد فيه محمد بن إبراهيم الشامي وهو متهم ونسبه ابن حبان بالوضع	1.0	1	urn:openiti:0840ShihabDinBusiri.MisbahZujaja.JK000312-ara1:p00794	1:33	89	Ibn Maja	حدثنا محمد بن إبراهيم الدمشقي حدثنا مبشر بن إسماعيل الحلبي عن معان بن رفاعة عن عبد الوهاب بن بخت المكي عن أنس بن مالك قال قال رسول الله صلى الله عليه وسلم نضر ا
urn:hadith:0273IbnMaja.Sunan:237	al-Busiri (Misbah al-zujaja)	840	classical	chain	very_weak	هذا إسناد ضعيف من أجل محمد بن أبي حميد فإنه متروك	0.83	1	urn:openiti:0840ShihabDinBusiri.MisbahZujaja.JK000312-ara1:p00807	1:34	90	Ibn Maja	حدثنا الحسين بن الحسن المروزي أنبأنا محمد بن أبي عدي حدثنا محمد بن أبي حميد حدثنا حفص بن عبيد الله بن أنس عن أنس بن مالك قال قال رسول الله صلى الله عليه وسلم إن
urn:hadith:0273IbnMaja.Sunan:240	al-Busiri (Misbah al-zujaja)	840	classical	chain	disputed_narrator	هذا إسناد فيه مقال سهل بن معاذ ضعفه ابن معين ووثقه العجلي وذكره ابن حبان في الثقات والضعفاء	1.0	1	urn:openiti:0840ShihabDinBusiri.MisbahZujaja.JK000312-ara1:p00825	1:34	92	Ibn Maja	حدثنا أحمد بن عيسى المصري حدثنا عبد الله بن وهب عن يحيى بن أيوب عن سهل بن معاذ بن أنس عن أبيه أن النبي صلى الله عليه وسلم قال من علم علما فله أجر من عمل به لا ي
urn:hadith:0273IbnMaja.Sunan:242	al-Busiri (Misbah al-zujaja)	840	classical	chain	disputed_narrator	هذا إسناد مختلف فيه وقد رواه ابن خزيمة في صحيحه عن محمد بن يحيى الدهلي به ورواه مسلم في صحيحه وأبو داود في سننه والترمذي في جامعه والنسائي في الصغرى من طريق العلاء بن عبد الرحمن عن أبيه به مرفوعا بلفظ إذا مات الإنسان انقطع عمله إلا من ثلاث صدقة جارية وعلم ينتفع به وولد صالح يدعو له وقال الترمذي حديث حسن صحيح	1.0	1	urn:openiti:0840ShihabDinBusiri.MisbahZujaja.JK000312-ara1:p00849	1:35	94	Ibn Maja	حدثنا محمد بن يحيى حدثنا محمد بن وهب بن عطية حدثنا الوليد بن مسلم حدثنا مرزوق بن أبي الهذيل حدثني الزهري حدثني أبو عبد الله الأغر عن أبي هريرة قال قال رسول الله
urn:hadith:0273IbnMaja.Sunan:243	al-Busiri (Misbah al-zujaja)	840	classical	chain	weak	هذا إسناد ضعيف لضعف إسحاق بن إبراهيم والحسن لم يسمع من أبي هريرة رضي الله عنه	1.0	1	urn:openiti:0840ShihabDinBusiri.MisbahZujaja.JK000312-ara1:p00854	1:35	95	Ibn Maja	حدثنا يعقوب بن حميد بن كاسب المدني حدثني إسحاق بن إبراهيم عن صفوان بن سليم عن عبيد الله بن طلحة عن الحسن البصري عن أبي هريرة أن النبي صلى الله عليه وسلم قال أفض
urn:hadith:0273IbnMaja.Sunan:245	al-Busiri (Misbah al-zujaja)	840	classical	chain	weak	هذا إسناد ضعيف لضعف رواته	1.0	1	urn:openiti:0840ShihabDinBusiri.MisbahZujaja.JK000312-ara1:p00866	1:36	96	Ibn Maja	حدثنا محمد بن يحيى حدثنا أبو المغيرة حدثنا معان بن رفاعة حدثني علي بن يزيد قال سمعت القاسم بن عبد الرحمن يحدث عن أبي أمامة قال مر النبي صلى الله عليه وسلم في يو
urn:hadith:0273IbnMaja.Sunan:246	al-Busiri (Misbah al-zujaja)	840	classical	chain	sound	هذا إسناد صحيح رجاله ثقات رواه أحمد بن منيع في مسنده حدثنا قبيصة حدثنا سفيان به بلفظ مشوا خلف النبي صلى الله عليه وسلم فقال إمشوا أمامي وخلوا ظهري للملائكة	1.0	1	urn:openiti:0840ShihabDinBusiri.MisbahZujaja.JK000312-ara1:p00871	1:36	97	Ibn Maja	حدثنا علي بن محمد حدثنا وكيع عن سفيان عن الأسود بن قيس عن نبيح العنزي عن جابر بن عبد الله قال كان النبي صلى الله عليه وسلم إذا مشى مشى أصحابه أمامه وتركوا ظهره 
urn:hadith:0273IbnMaja.Sunan:248	al-Busiri (Misbah al-zujaja)	840	classical	chain	very_weak	هذا إسناد ضعيف فيه المعلى بن هلال كذبه أحمد وابن معين وغيرهما ونسبه إلى وضع الحديث غير واحد	1.0	1	urn:openiti:0840ShihabDinBusiri.MisbahZujaja.JK000312-ara1:p00884	1:36	98	Ibn Maja	حدثنا عبد الله بن عامر بن زرارة حدثنا المعلى بن هلال عن إسماعيل قال دخلنا على الحسن نعوده حتى ملأنا البيت فقبض رجليه ثم قال دخلنا على أبي هريرة نعوده حتى ملأنا 
urn:hadith:0273IbnMaja.Sunan:253	al-Busiri (Misbah al-zujaja)	840	classical	chain	weak	هذا إسناد ضعيف لضعف حماد بن عبد الرحمن وأبي كرب	1.0	1	urn:openiti:0840ShihabDinBusiri.MisbahZujaja.JK000312-ara1:p00896	1:37	99	Ibn Maja	حدثنا هشام بن عمار حدثنا حماد بن عبد الرحمن حدثنا أبو كرب الأزدي عن نافع عن ابن عمر عن النبي صلى الله عليه وسلم قال من طلب العلم ليماري به السفهاء أو ليباهي به 
urn:hadith:0273IbnMaja.Sunan:254	al-Busiri (Misbah al-zujaja)	840	classical	chain	sound	هذا إسناد رجاله ثقات على شرط مسلم	1.0	1	urn:openiti:0840ShihabDinBusiri.MisbahZujaja.JK000312-ara1:p00903	1:37	100	Ibn Maja	حدثنا محمد بن يحيى حدثنا ابن أبي مريم أنبأنا يحيى بن أيوب عن ابن جريج عن أبي الزبير عن جابر بن عبد الله أن النبي صلى الله عليه وسلم قال لا تعلموا العلم لتباهوا 
urn:hadith:0273IbnMaja.Sunan:255	al-Busiri (Misbah al-zujaja)	840	classical	chain	weak	هذا إسناد ضعيف عبيد الله بن أبي بردة لا يعرف لكن قال عبد العظيم المنذري في كتاب الترغيب أن جميع رواته ثقات	0.93	1	urn:openiti:0840ShihabDinBusiri.MisbahZujaja.JK000312-ara1:p00929	1:38	102	Ibn Maja	حدثنا محمد بن الصباح أنبأنا الوليد بن مسلم عن يحيى بن عبد الرحمن الكندي عن عبيد الله بن أبي بردة عن ابن عباس عن النبي صلى الله عليه وسلم قال إن أناسا من أمتي سي
urn:hadith:0273IbnMaja.Sunan:257	al-Busiri (Misbah al-zujaja)	840	classical	chain	fabricated	هذا إسناد ضعيف فيه نهشل بن مسعد قال البخاري روى عن معاوية النصري أحاديث مناكير وقال الحاكم روى عن الضحاك المعضلات وقال أبو سعيد النقاش روى عنه الضحاك الموضوعات	0.94	1	urn:openiti:0840ShihabDinBusiri.MisbahZujaja.JK000312-ara1:p00940	1:38	103	Ibn Maja	حدثنا علي بن محمد و الحسين بن عبد الرحمن قالا حدثنا عبد الله بن نمير عن معاوية النصري عن نهشل عن الضحاك عن الأسود بن يزيد عن عبد الله بن مسعود قال لو أن أهل الع
urn:hadith:0273IbnMaja.Sunan:259	al-Busiri (Misbah al-zujaja)	840	classical	chain	weak	هذا إسناد ضعيف فيه بشير بن ميمون	1.0	1	urn:openiti:0840ShihabDinBusiri.MisbahZujaja.JK000312-ara1:p00946	1:38	104	Ibn Maja	حدثنا أحمد بن عاصم العباداني حدثنا بشير بن ميمون قال سمعت أشعث بن سوار عن ابن سيرين عن حذيفة قال سمعت رسول الله صلى الله عليه وسلم يقول لا تعلموا العلم لتباهوا 
urn:hadith:0273IbnMaja.Sunan:260	al-Busiri (Misbah al-zujaja)	840	classical	chain	weak	هذا إسناد ضعيف لاتفاقهم على ضعف عبد الله بن سعيد	1.0	1	urn:openiti:0840ShihabDinBusiri.MisbahZujaja.JK000312-ara1:p00952	1:38	105	Ibn Maja	حدثنا محمد بن إسماعيل أنبأنا وهب بن إسماعيل الأسدي حدثنا عبد الله بن سعيد المقبري عن جده عن أبي هريرة قال قال رسول الله صلى الله عليه وسلم من تعلم العلم ليباهي 
urn:hadith:0273IbnMaja.Sunan:263	al-Busiri (Misbah al-zujaja)	840	classical	chain	fabricated	هذا إسناد فيه الحسين بن أبي السري كذاب وعبد الله بن السري ضعيف	1.0	1	urn:openiti:0840ShihabDinBusiri.MisbahZujaja.JK000312-ara1:p00964	1:39	106	Ibn Maja	حدثنا الحسين بن أبي السري العسقلاني حدثنا خلف بن تميم عن عبد الله بن السري عن محمد بن المنكدر عن جابر قال قال رسول الله صلى الله عليه وسلم إذا لعن آخر هذه الأمة
urn:hadith:0273IbnMaja.Sunan:264	al-Busiri (Misbah al-zujaja)	840	classical	chain	weak	هذا إسناد ضعيف فيه يوسف بن إبراهيم	0.83	1	urn:openiti:0840ShihabDinBusiri.MisbahZujaja.JK000312-ara1:p00971	1:39	107	Ibn Maja	حدثنا أحمد بن الأزهر حدثنا الهيثم بن جميل حدثني عمرو بن سليم حدثنا يوسف بن إبراهيم قال سمعت أنس بن مالك يقول سمعت رسول الله صلى الله عليه وسلم يقول من سئل عن عل
urn:hadith:0273IbnMaja.Sunan:265	al-Busiri (Misbah al-zujaja)	840	classical	chain	very_weak	هذا إسناد ضعيف فيه محمد بن داب كذبه أبو زرعة وغيره ونسب إلى وضع الحديث	1.0	1	urn:openiti:0840ShihabDinBusiri.MisbahZujaja.JK000312-ara1:p00981	1:40	108	Ibn Maja	حدثنا إسماعيل بن حبان بن واقد الثقفي أبو إسحاق الواسطي حدثنا عبد الله بن عاصم حدثنا محمد بن داب عن صفوان بن سليم عن عبد الرحمن بن أبي سعيد الخدري عن أبي سعيد ال
urn:hadith:0273IbnMaja.Sunan:270	al-Busiri (Misbah al-zujaja)	840	classical	chain	weak	هذا إسناد ضعيف لضعف حبان ويزيد ولكن للمتن شاهد في الصحيح مفرق أما المد والصاع فمن حديث أنس وأما مراجعة التابعي الصحابي فمن حديث جابر ورواه البيهقي في سننه من حديث عائشة رضي الله تعالى عنها	0.77	1	urn:openiti:0840ShihabDinBusiri.MisbahZujaja.JK000312-ara1:p00994	1:40	109	Ibn Maja	حدثنا محمد بن المؤمل بن الصباح و عباد بن الوليد قالا حدثنا بكر بن يحيى بن زبان حدثنا حبان بن علي عن يزيد بن أبي زياد عن عبد الله بن محمد بن عقيل بن أبي طالب عن 
urn:hadith:0273IbnMaja.Sunan:273	al-Busiri (Misbah al-zujaja)	840	classical	chain	weak	هذا إسناد ضعيف لضعف التابعي وقد تفرد يزيد بالرواية عنه فهو مجهول اختلف عليه في اسمه فقال الليث سعد بن سنان وقال ابن إسحاق وابن لهيعة سنان بن سعد وقال أحمد بن حنبل لم أكتب حديثه لاضطرابهم في اسمه	1.0	1	urn:openiti:0840ShihabDinBusiri.MisbahZujaja.JK000312-ara1:p01002	1:40	110	Ibn Maja	حدثنا سهل بن أبي سهل حدثنا أبو زهير عن محمد بن إسحاق عن يزيد بن أبي حبيب عن سنان بن سعد عن أنس بن مالك قال سمعت رسول الله صلى الله عليه وسلم يقول لا يقبل الله ص
urn:hadith:0273IbnMaja.Sunan:274	al-Busiri (Misbah al-zujaja)	840	classical	chain	weak	هذا إسناد ضعيف لضعف الخليل بن زكريا وله طرق جيدة غير هذه فرواه ابن خزيمة ورواه أبو عوانة في صحيحيهما من طريق الوليد بن رباح عن أبي هريرة	1.0	1	urn:openiti:0840ShihabDinBusiri.MisbahZujaja.JK000312-ara1:p01010	1:41	111	Ibn Maja	حدثنا محمد بن عقيل حدثنا الخليل بن زكريا حدثنا هشام بن حسان عن الحسن عن أبي بكرة قال قال رسول الله صلى الله عليه وسلم لا يقبل الله صلاة بغير طهور ولا صدقة من غل
	al-Busiri (Misbah al-zujaja)	840	classical	chain	weak	وإسناده ضعيف من أجل ليث بن أبي سليم		0	urn:openiti:0840ShihabDinBusiri.MisbahZujaja.JK000312-ara1:p01032	1:41	113	Ibn Maja	حدثنا إسحاق بن إبراهيم بن حبيب ابن الشهيد حدثنا المعتمر بن سليمان عن ليث عن مجاهد عن عبد الله بن عمرو قال قال رسول الله صلى الله عليه وسلم استقيموا ولن تحصوا وا
urn:hadith:0273IbnMaja.Sunan:279	al-Busiri (Misbah al-zujaja)	840	classical	chain	weak	هذا إسناد ضعيف لضعف تابعيه	1.0	1	urn:openiti:0840ShihabDinBusiri.MisbahZujaja.JK000312-ara1:p01041	1:42	114	Ibn Maja	حدثنا محمد بن يحيى حدثنا ابن أبي مريم حدثنا يحيى بن أيوب حدثني إسحاق بن أسيد عن أبي حفص الدمشقي عن أبي أمامة يرفع الحديث قال استقيموا ونعما إن استقمتم وخير أعما
urn:hadith:0273IbnMaja.Sunan:284	al-Busiri (Misbah al-zujaja)	840	classical	chain	fair	هذا إسناد حسن وحماد بن سلمة وعاصم هو ابن أبي النجود وهو ابن بهدلة الكوفي	0.83	1	urn:openiti:0840ShihabDinBusiri.MisbahZujaja.JK000312-ara1:p01056	1:42	115	Ibn Maja	حدثنا محمد بن يحيى حدثنا هشام بن عبد الملك حدثنا حماد عن عاصم عن زر بن حبيش أن عبد الله بن مسعود قال قيل يا رسول الله كيف تعرف من لم تر من أمتك قال غر محجلون بل
urn:hadith:0273IbnMaja.Sunan:289	al-Busiri (Misbah al-zujaja)	840	classical	chain	weak	هذا إسناد ضعيف	0.93	1	urn:openiti:0840ShihabDinBusiri.MisbahZujaja.JK000312-ara1:p01092	1:43	117	Ibn Maja	حدثنا هشام بن عمار حدثنا محمد بن شعيب حدثنا عثمان بن أبي العاتكة عن علي بن يزيد عن القاسم عن أبي أمامة أن رسول الله صلى الله عليه وسلم قال تسوكوا فإن السواك مطه
urn:hadith:0273IbnMaja.Sunan:291	al-Busiri (Misbah al-zujaja)	840	classical	chain	weak	هذا إسناد ضعيف لانقطاعه بين سعيد وعلي ولضعف بحر رواية رواه البزار بسند جيد لا بأس به مرفوعا ولعل من وثقه أشبه	0.81	1	urn:openiti:0840ShihabDinBusiri.MisbahZujaja.JK000312-ara1:p01099	1:43	118	Ibn Maja	حدثنا محمد بن عبد العزيز حدثنا مسلم بن إبراهيم حدثنا بحر بن كنيز عن عثمان بن ساج عن سعيد بن جبير عن علي بن أبي طالب قال إن أفواهكم طرق للقرآن فطيبوها بالسواك
urn:hadith:0273IbnMaja.Sunan:299	al-Busiri (Misbah al-zujaja)	840	classical	chain	weak	هذا إسناد ضعيف قال ابن حبان إذا اجتمع في إسناد خبر عبيد الله بن زحر وعلي بن يزيد والقاسم فذاك مما عملته أيديهم	0.93	1	urn:openiti:0840ShihabDinBusiri.MisbahZujaja.JK000312-ara1:p01113	1:44	119	Ibn Maja	حدثنا محمد بن يحيى حدثنا ابن أبي مريم حدثنا يحيى بن أيوب عن عبيد الله بن زحر عن علي بن يزيد عن القاسم عن أبي أمامة أن رسول الله صلى الله عليه وسلم قال لا يعجز أ
urn:hadith:0273IbnMaja.Sunan:308	al-Busiri (Misbah al-zujaja)	840	classical	chain	weak	هذا إسناد ضعيف عبد الكريم متفق على تضعيفه وقد تفرد بهذا الخبر وعارضه خبر عبد الله بن عمر العمري	1.0	1	urn:openiti:0840ShihabDinBusiri.MisbahZujaja.JK000312-ara1:p01149	1:45	122	Ibn Maja	حدثنا محمد بن يحيى حدثنا عبد الرزاق حدثنا ابن جريج عن عبد الكريم بن أبي أمية عن نافع عن ابن عمر عن عمر رضي الله عنه قال رآني رسول الله صلى الله عليه وسلم وأنا أ
urn:hadith:0273IbnMaja.Sunan:309	al-Busiri (Misbah al-zujaja)	840	classical	chain	weak	وإسناد حديث جابر ضعيف لاتفاقهم على ضعف عدي بن الفضل	0.94	1	urn:openiti:0840ShihabDinBusiri.MisbahZujaja.JK000312-ara1:p01159	1:45	123	Ibn Maja	حدثنا يحيى بن الفضل حدثنا أبو عامر حدثنا عدي بن الفضل عن علي بن الحكم عن أبي نضرة عن جابر بن عبد الله قال نهى رسول الله صلى الله عليه وسلم أن يبول قائما سمعت مح
urn:hadith:0273IbnMaja.Sunan:323	al-Busiri (Misbah al-zujaja)	840	classical	chain	weak	هذا إسناد ضعيف لضعف عيسى الحناط رواية رواه الدارقطني في سننه من طريق عيسى ورواه ابن عدي في الكامل من طريق عيسى ومن طريقه رواه البيهقي في السنن الكبرى	1.0	1	urn:openiti:0840ShihabDinBusiri.MisbahZujaja.JK000312-ara1:p01200	1:47	128	Ibn Maja	حدثنا بن يحيى حدثنا عبيد الله بن موسى عن عيسى الحناط عن نافع عن ابن عمر قال رأيت رسول الله صلى الله عليه وسلم في كنيفه مستقبل القبلة قال عيسى فقلت ذلك للشعبي فق
urn:hadith:0273IbnMaja.Sunan:328	al-Busiri (Misbah al-zujaja)	840	classical	chain	weak	هذا إسناد ضعيف فيه أبو سعيد الحميري المصري قال ابن القطان مجهول وقال أبو داود والترمذي وغيرهما روايته عن معاذ مرسلة	1.0	1	urn:openiti:0840ShihabDinBusiri.MisbahZujaja.JK000312-ara1:p01238	1:48	132	Ibn Maja	حدثنا عبد الله بن وهب أخبرني نافع بن يزيد عن حيوة بن شريح أن أبا سعيد الحميري حدثه قال كان معاذ بن جبل يتحدث بما لم يسمع أصحاب رسول الله صلى الله عليه وسلم ويسك
urn:hadith:0273IbnMaja.Sunan:329	al-Busiri (Misbah al-zujaja)	840	classical	chain	disputed_narrator	هذا إسناد ضعيف وسالم هو ابن عبد الخياط البصري ضعفه ابن معين والنسائي وأبو حاتم وابن حبان والدارقطني وفي طبقته سالم بن عبد الله المكي فرق بينهما ابن حبان فذكر المكي في الثقات والبصري في الضعفاء وتبع في التفرقة بينهما البخاري وأبا حاتم وهو الصواب وقد وثق المكي سفيان الثوري وأحمد بن حنبل ومشاة بن عدي إلا أنه لم يفرق بين البصري والمكي والله تعالى أعلم	1.0	1	urn:openiti:0840ShihabDinBusiri.MisbahZujaja.JK000312-ara1:p01246	1:49	133	Ibn Maja	حدثنا محمد بن يحيى حدثنا عمرو بن أبي سلمة عن زهير قال قال سالم سمعت الحسن يقول حدثنا جابر بن عبد الله قال قال رسول الله صلى الله عليه وسلم إياكم والتعريس على جو
urn:hadith:0273IbnMaja.Sunan:330	al-Busiri (Misbah al-zujaja)	840	classical	chain	weak	هذا إسناد ضعيف لضعف ابن لهيعة وشيخه لكن للمتن شواهد صحيحة	1.0	1	urn:openiti:0840ShihabDinBusiri.MisbahZujaja.JK000312-ara1:p01255	1:49	134	Ibn Maja	حدثنا محمد بن يحيى حدثنا عمرو بن خالد حدثنا ابن لهيعة عن قرة عن ابن شهاب عن سالم عن أبيه أن النبي صلى الله عليه وسلم نهى أن يصلى على قارعة الطريق أو يضرب الخلاء
	al-Busiri (Misbah al-zujaja)	840	classical	chain	weak	هذا إسناد ضعيف لضعف الأشجعي		0	urn:openiti:0840ShihabDinBusiri.MisbahZujaja.JK000312-ara1:p01260	1:49	135	Ibn Maja	حدثنا محمد بن عبد الله بن نمير حدثنا عمر بن عبيد الله حدثنا عمر بن المثنى عن عطاء الخراساني عن أنس قال كنت مع النبي صلى الله عليه وسلم في سفر فتنحى لحاجته ثم جا
urn:hadith:0273IbnMaja.Sunan:333	al-Busiri (Misbah al-zujaja)	840	classical	chain	weak	هذا إسناد ضعيف لضعف يونس بن خباب	1.0	1	urn:openiti:0840ShihabDinBusiri.MisbahZujaja.JK000312-ara1:p01265	1:49	136	Ibn Maja	حدثنا يعقوب بن حميد بن كاسب حدثنا يحيى بن سليم عن ابن خثيم عن يونس بن خباب عن يعلى بن مرة أن النبي صلى الله عليه وسلم كان إذا ذهب إلى الغائط أبعد
urn:hadith:0273IbnMaja.Sunan:336	al-Busiri (Misbah al-zujaja)	840	classical	chain	very_weak	هذا إسناد واهي كثير بن عبد الله بن عمرو بن عوف قال فيه الشافعي ركن من أركان الكذب	0.83	1	urn:openiti:0840ShihabDinBusiri.MisbahZujaja.JK000312-ara1:p01272	1:50	137	Ibn Maja	حدثنا العباس بن عبد العظيم العنبري حدثنا عبد الله بن كثير بن جعفر حدثنا كثير بن عبد الله المزني عن أبيه عن جده عن بلال بن الحرث المزني أن رسول الله صلى الله علي
urn:hadith:0273IbnMaja.Sunan:339	al-Busiri (Misbah al-zujaja)	840	classical	chain	weak	هذا إسناد ضعيف لأن المنهال بن عمرو لم يسمع من يعلى بن مرة قال المزي في الأطراف رواه أبو بكر بن أبي شيبة عن وكيع فلم يقل عن أبيه وهو الصواب قال البخاري قال وكيع عن أبيه وهو وهم انتهى	0.92	1	urn:openiti:0840ShihabDinBusiri.MisbahZujaja.JK000312-ara1:p01282	1:50	138	Ibn Maja	حدثنا علي بن محمد حدثنا وكيع عن الأعمش عن المنهال بن عمرو عن يعلى بن مرة عن أبيه قال كنت مع النبي صلى الله عليه وسلم في سفر فأراد أن يقضي حاجته فقال لي إئت تلك 
urn:hadith:0273IbnMaja.Sunan:341	al-Busiri (Misbah al-zujaja)	840	classical	chain	very_weak	هذا إسناد ضعيف محمد بن ذكوان قال فيه البخاري منكر الحديث وذكره ابن حبان في الثقات ثم أعاده في الضعفاء وقال سقط للاحتجاج به وضعفه النسائي والساجي والدارقطني والحمد للهتعالى	1.0	1	urn:openiti:0840ShihabDinBusiri.MisbahZujaja.JK000312-ara1:p01289	1:50	139	Ibn Maja	حدثنا محمد بن عقيل بن خويلد حدثني حفص بن عبد الله حدثني إبراهيم بن طهمان عن محمد بن ذكوان عن يعلى بن حكيم عن سعيد بن جبير عن ابن عباس قال عدل رسول الله صلى الله
urn:hadith:0273IbnMaja.Sunan:345	al-Busiri (Misbah al-zujaja)	840	classical	chain	weak	هذا إسناد ضعيف ابن أبي فروة اسمه إسحاق متفق على تركه رواه أبو بكر ابن أبي شيبة في مسنده عن الفضل بن ذكين حدثنا عبد السلام عن إسحاق بن عبد الله ابن أبي فروة به	0.75	1	urn:openiti:0840ShihabDinBusiri.MisbahZujaja.JK000312-ara1:p01299	1:51	140	Ibn Maja	حدثنا محمد بن يحيى حدثنا محمد بن المبارك حدثنا يحيى بن حمزة حدثنا ابن أبي فروة عن نافع عن ابن عمر قال قال رسول الله صلى الله عليه وسلم لايبولن أحدكم في الماء ال
urn:hadith:0273IbnMaja.Sunan:348	al-Busiri (Misbah al-zujaja)	840	classical	chain	sound	هذا إسناد صحيح رجاله عن آخرهم محتج بهم في الصحيحين رواه ابن أبي شيبة في مصنفه كما ساقه ابن ماجة من طريقه ورواه الدارقطني في سننه عن أبي علي الصفار عن محمد بن علي الوراق ولقبه حمدان عن عفان فذكره	1.0	1	urn:openiti:0840ShihabDinBusiri.MisbahZujaja.JK000312-ara1:p01310	1:51	141	Ibn Maja	حدثنا أبو بكر بن أبي شيبة حدثنا عفان حدثنا أبو عوانة عن الأعمش عن أبي صالح عن أبي هريرة قال قال رسول الله صلى الله عليه وسلم أكثر عذاب القبر من البول
urn:hadith:0273IbnMaja.Sunan:351	al-Busiri (Misbah al-zujaja)	840	classical	chain	weak	هذا إسناد ضعيف لضعف مسلمة بن علي	0.92	1	urn:openiti:0840ShihabDinBusiri.MisbahZujaja.JK000312-ara1:p01335	1:52	143	Ibn Maja	حدثنا هشام بن عمار حدثنا مسلمة بن علي حدثنا الأوزاعي عن يحيى بن أبي كثير عن أبي سلمة عن أبي هريرة قال مر رجل على النبي صلى الله عليه وسلم وهو يبول فسلم عليه فلم
urn:hadith:0273IbnMaja.Sunan:352	al-Busiri (Misbah al-zujaja)	840	classical	chain	fair	هذا إسناد حسن لأن سويدا لم ينفرد به فله متابع عن عيسى بن يونس في مسند أبي يعلى وغيره	1.0	1	urn:openiti:0840ShihabDinBusiri.MisbahZujaja.JK000312-ara1:p01343	1:52	144	Ibn Maja	حدثنا سويد بن سعيد حدثنا عيسى بن يونس عن هاشم بن البريد عن عبد الله بن محمد بن عقيل عن جابر بن عبد الله أن رجلا مر على النبي صلى الله عليه وسلم وهو يبول فسلم عل
urn:hadith:0273IbnMaja.Sunan:355	al-Busiri (Misbah al-zujaja)	840	classical	chain	weak	هذا إسناد ضعيف عتبة بن أبي حكيم ضعيف وطلحة لم يدرك أبا أيوب رواه ابن الجارود في المنتقى من طريق عتبة بن أبي حكيم بإسناده ومتنه ورواه الحاكم في المستدرك من طريق عتبة بن أبي حكيم كذلك وصححه ورواه أيضا من طريق أبي سورة عن أبي أيوب فقط مقتصرا من الحديث على الاستنجاء بالماء	0.81	1	urn:openiti:0840ShihabDinBusiri.MisbahZujaja.JK000312-ara1:p01366	1:53	146	Ibn Maja	حدثنا هشام بن عمار حدثنا صدقة بن خالد حدثنا عتبة بن أبي حكيم حدثني طلحة بن نافع أبو سفيان قال حدثني أبو أيوب الأنصاري و جابر بن عبد الله و أنس بن مالك أن هذه ال
urn:hadith:0273IbnMaja.Sunan:356	al-Busiri (Misbah al-zujaja)	840	classical	chain	very_weak	هذا إسناد فيه زيد العمي وهو ضعيف وجابر هو الجعفي وإن وثقه شعبة وسفيان الثوري فقد كذبه أيوب السجستاني وزاده بل قال أبو حنيفة ما رأيت أكذب من جابر الجعفي وكذبه غيرهم انتهى ورواه محمد بن يحيى ابن عمر العدني في مسنده عن وكيع بإسناده ومتنه	0.78	1	urn:openiti:0840ShihabDinBusiri.MisbahZujaja.JK000312-ara1:p01381	1:54	147	Ibn Maja	حدثنا علي بن محمد حدثنا وكيع عن شريك عن جابر عن زيد العمي عن أبي الصديق الناجي عن عائشة أن النبي صلى الله عليه وسلم كان يغسل مقعدته ثلاثا قال ابن عمر ففعلناه فو
urn:hadith:0273IbnMaja.Sunan:361	al-Busiri (Misbah al-zujaja)	840	classical	chain	weak	هذا إسناد ضعيف حريش بن حريث متفق على ضعفه	0.88	1	urn:openiti:0840ShihabDinBusiri.MisbahZujaja.JK000312-ara1:p01391	1:54	148	Ibn Maja	حدثنا عصمة بن الفضل و يحيى بن حكيم قالا حدثنا حرمي بن عمارة بن أبي حفصة حدثنا حريش بن الخريت أنا ابن أبي مليكة عن عائشة قالت كنت أصنع لرسول الله صلى الله عليه و
urn:hadith:0273IbnMaja.Sunan:368	al-Busiri (Misbah al-zujaja)	840	classical	chain	weak	هذا إسناد ضعيف لضعف حارثة ابن أبي الرجال ورواه أبو داود والدارقطني من هذا الوجه بغير هذا اللفظ وله شاهد من حديث أبي قتادة رواه الترمذي وقال حسن صحيح وهو أحسن شيء في هذا الباب قال وهو قول أكثر العلماء من أصحاب النبي صلى الله عليه وسلم والتابعين ومن بعدهم منهم الشافعي وأحمد وإسحاق لم يروا بسؤر الهرة بأسا	0.82	1	urn:openiti:0840ShihabDinBusiri.MisbahZujaja.JK000312-ara1:p01412	1:55	150	Ibn Maja	حدثنا عمرو بن رافع أبو حجر و إسماعيل بن توبة قالا حدثنا يحيى بن زكريا بن أبي زائدة عن حارثة عن عمرة عن عائشة قالت كنت أتوضأ أنا ورسول الله صلى الله عليه وسلم من
urn:hadith:0273IbnMaja.Sunan:375	al-Busiri (Misbah al-zujaja)	840	classical	chain	very_weak	هذا إسناد ضعيف الحارث هو الأعور كذبه ابن المديني وغيره رواه ابن أبي شيبة عن عبد الله عن إسرائيل به فذكره والمتن في البخاري من حديث نافع عن ابن عمر وفي الصحيحين من حديث عائشة	0.81	1	urn:openiti:0840ShihabDinBusiri.MisbahZujaja.JK000312-ara1:p01452	1:56	154	Ibn Maja	حدثنا محمد بن يحيى حدثنا عبيد الله عن إسرائيل عن أبي إسحاق عن أبي الحرب عن علي قال كان رسول الله صلى الله عليه وسلم وأهله يغتسلون من إناء واحد ولا يغتسل أحدهما 
urn:hadith:0273IbnMaja.Sunan:379	al-Busiri (Misbah al-zujaja)	840	classical	chain	fair	هذا إسناد حسن رواه ابن أبي شيبة في مصنفه هكذا في الصحيحين وغيرهما أن النبي صلى الله عليه وسلم فعله هو وعائشة رضي الله عنها	1.0	1	urn:openiti:0840ShihabDinBusiri.MisbahZujaja.JK000312-ara1:p01461	1:56	155	Ibn Maja	حدثنا أبو بكر بن أبي شيبة حدثنا محمد بن الحسن الأسدي حدثنا شريك عن عبد الله بن محمد بن عقيل عن جابر بن عبد الله قال كان رسول الله صلى الله عليه وسلم وأزواجه يغت
urn:hadith:0273IbnMaja.Sunan:385	al-Busiri (Misbah al-zujaja)	840	classical	chain	weak	هذا إسناد ضعيف لضعف ابن لهيعة وله شاهد من حديث ابن مسعود رواه أبو داود والترمذي وابن ماجه	1.0	1	urn:openiti:0840ShihabDinBusiri.MisbahZujaja.JK000312-ara1:p01475	1:57	156	Ibn Maja	حدثنا العباس بن الوليد الدمشقي حدثنا مروان بن محمد حدثنا ابن لهيعة حدثنا قيس بن الحجاج عن حنش الصنعاني عن عبد الله بن عباس أن النبي صلى الله عليه وسلم قال لابن 
urn:hadith:0273IbnMaja.Sunan:387	al-Busiri (Misbah al-zujaja)	840	classical	chain	unknown_narrator	هذا إسناد رجاله ثقات إلا أن مسلما لم يسمع من الفراس إنما سمع من ابن الفراس الفراسي لا صحبة له وإنما روى هذا الحديث عن أبيه فالظاهر أنه سقط من هذه الطريق رواه أصحاب السنن الأربعة وابن خزيمة وغيرهم من حديث أبي هريرة وقال الترمذي حسن صحيح	1.0	1	urn:openiti:0840ShihabDinBusiri.MisbahZujaja.JK000312-ara1:p01486	1:57	157	Ibn Maja	حدثنا سهل بن أبي سهل حدثنا يحيى بن بكير حدثني الليث بن سعد عن جعفر بن ربيعة عن بكر بن سوادة عن مسلم بن مخشي عن ابن الفراسي قال كنت أصيد وكانت لي قربة أجعل فيها 
urn:hadith:0273IbnMaja.Sunan:392	al-Busiri (Misbah al-zujaja)	840	classical	chain	disputed_narrator	هذا إسناد مجهول وعبد الكريم مختلف فيه	0.89	1	urn:openiti:0840ShihabDinBusiri.MisbahZujaja.JK000312-ara1:p01511	1:58	160	Ibn Maja	حدثنا كردوس بن أبي عبد الله الواسطي حدثنا عبد الكريم بن رواح حدثنا أبي روح بن عنبسة بن سعيد بن أبي عياش مولى عثمان بن عفان عن أبيه عنبسة بن سعيد عن جدته أم أبيه
urn:hadith:0273IbnMaja.Sunan:394	al-Busiri (Misbah al-zujaja)	840	classical	chain	sound	هذا إسناد صحيح على شرط مسلم رواه الدارقطني في سننه وقال إسناد حسن	0.86	1	urn:openiti:0840ShihabDinBusiri.MisbahZujaja.JK000312-ara1:p01520	1:58	161	Ibn Maja	حدثنا حرملة بن يحيى حدثنا عبد الله بن وهب أخبرني ابن لهيعة و جابر بن إسماعيل عن عقيل عن ابن شهاب عن سالم عن أبيه قال قال رسول الله صلى الله عليه وسلم إذا استيقظ
urn:hadith:0273IbnMaja.Sunan:395	al-Busiri (Misbah al-zujaja)	840	classical	chain	sound	هذا إسناد صحيح رجاله ثقات رواه الدارقطني في سننه من هذا الوجه وله شاهد من الصحيحين وغيرهما من حديث أبي هريرة	1.0	1	urn:openiti:0840ShihabDinBusiri.MisbahZujaja.JK000312-ara1:p01525	1:58	162	Ibn Maja	حدثنا إسماعيل بن توبة حدثنا زياد بن عبد الله البكائي عن عبد الملك بن أبي سليمان عن أبي الزبير عن جابر قال قال رسول الله صلى الله عليه وسلم إذا قام أحدكم من النو
urn:hadith:0273IbnMaja.Sunan:396	al-Busiri (Misbah al-zujaja)	840	classical	chain	narrators_trustworthy	هذا إسناد رجاله موثقون	0.81	1	urn:openiti:0840ShihabDinBusiri.MisbahZujaja.JK000312-ara1:p01530	1:58	163	Ibn Maja	حدثنا أبو بكر بن أبي شيبة حدثنا أبو بكر بن عياش عن أبي إسحاق عن الحرث قال دعا علي بماء فغسل يديه قبل أن يدخلهما الإناء ثم قال هكذا رأيت رسول الله صلى الله عليه 
urn:hadith:0273IbnMaja.Sunan:397	al-Busiri (Misbah al-zujaja)	840	classical	chain	fair	هذا إسناد حسن رواه الحاكم في المستدرك عن الأصم عن الحسين بن علي بن عفان عن زيد بن الحباب به	0.88	1	urn:openiti:0840ShihabDinBusiri.MisbahZujaja.JK000312-ara1:p01543	1:59	164	Ibn Maja	حدثنا أبو كريب محمد بن العلاء حدثنا زيد بن الحباب ح وحدثنا محمد بن بشار حدثنا أبو عامر العقدي ح وحدثنا أحمد بن منيع حدثنا أبو أحمد الزبيري قالوا حدثنا كثير بن ز
urn:hadith:0273IbnMaja.Sunan:400	al-Busiri (Misbah al-zujaja)	840	classical	chain	weak	هذا إسناد ضعيف لاتفاقهم على ضعف عبد المهيمن رواه الدارقطني في سننه والحاكم في المستدرك من طريق عبد المهيمن لكن لم ينفرد به عبد المهيمن فقد تابعه عليه أبي أخو عبد المهيمن كما رواه الطبراني في المعجم الكبير	1.0	1	urn:openiti:0840ShihabDinBusiri.MisbahZujaja.JK000312-ara1:p01561	1:60	166	Ibn Maja	حدثنا عبد الرحمن بن إبراهيم حدثنا ابن أبي فديك عن عبد المهيمن بن عباس بن سهل بن سعد الساعدي عن أبيه عن جده عن النبي صلى الله عليه وسلم قال لا صلاة لمن لا وضوء ل
urn:hadith:0273IbnMaja.Sunan:416	al-Busiri (Misbah al-zujaja)	840	classical	chain	fabricated	هذا إسناد ضعيف فائد بن عبد الرحمن قال فيه البخاري منكر الحديث وقال الحاكم روى عن ابن أبي أوفى أحاديث موضوعة رواه أبو يعلى الموصلي في مسنده حدثنا يزيد بن هارون عن فائد بن عبد الرحمن فذكره وسياقه أتم كما أوردته في زوائد المسانيد العشرة ورواه النسائي من حديث علي بن أبي طالب	1.0	1	urn:openiti:0840ShihabDinBusiri.MisbahZujaja.JK000312-ara1:p01589	1:61	169	Ibn Maja	حدثنا سفيان بن وكيع حدثنا عيسى بن يونس عن فائد أبي الورقاء بن عبد الرحمن عن عبد الله بن أبي أوفى قال رأيت رسول الله صلى الله عليه وسلم توضأ ثلاثا ثلاثا ومسح رأس
urn:hadith:0273IbnMaja.Sunan:417	al-Busiri (Misbah al-zujaja)	840	classical	chain	weak	هذا إسناد ضعيف وليث هو ابن أبي سليم ضعفه الجمهور	1.0	1	urn:openiti:0840ShihabDinBusiri.MisbahZujaja.JK000312-ara1:p01593	1:61	170	Ibn Maja	حدثنا محمد يحيى حدثنا محمد بن يوسف عن سفيان عن ليث عن شهر بن حوشب عن أبي مالك الأشعري قال كان رسول الله صلى الله عليه وسلم يتوضأ ثلاثا ثلاثا
urn:hadith:0273IbnMaja.Sunan:419	al-Busiri (Misbah al-zujaja)	840	classical	chain	fabricated	هذا إسناد فيه زيد العمي وهو ضعيف وابنه عبد الرحيم متروك بل كذاب ومعاوية بن قرة لم يلق ابن أبي حاتم في العلل وصرح به الحاكم في المستدرك ورواه من طريق معاوية بن قرة عن ابن عمر شاهد الحديث أبي هريرة ورواه أبو داود الطيالسي في مسنده عن سلام عن زيد العمى به ورواه الإمام أحمد في مسنده والدارقطني في سننه من هذا الوجه ورواه أبو يعلى الموصلي حدثنا أحمد بن بشير حدثنا عبد الرحيم بن زيد العمي فذكره ورواه الترمذي مختصرا من حديث جابر بن عبد الله بلفظ أن النبي صلى الله تعالى عليه وسلم توضأ مرة مرة ومرتين مرتين وثلاثا ثلاثا رواه البيهقي في الكبرى من طريق زيد العمي به	0.94	1	urn:openiti:0840ShihabDinBusiri.MisbahZujaja.JK000312-ara1:p01608	1:61	171	Ibn Maja	حدثنا أبو بكر بن خلاد الباهلي حدثني مرحوم بن عبد العزيز العطار حدثني عبد الرحيم بن زيد العمي عن أبيه عن معاوية بن قرة عن ابن عمر قال توضأ رسول الله صلى الله علي
urn:hadith:0273IbnMaja.Sunan:420	al-Busiri (Misbah al-zujaja)	840	classical	chain	weak	هذا إسناد فيه زيد بن الحواري هو العمي ضعيف وكذلك الراوي عنه رواه الدارقطني في سننه من هذا الوجه رواه الإمام في مسنده عن أسود بن عامر عن إسرائيل عن زيد العمي عن نافع عن ابن عمر	1.0	1	urn:openiti:0840ShihabDinBusiri.MisbahZujaja.JK000312-ara1:p01615	1:62	172	Ibn Maja	حدثنا جعفر بن مسافر حدثنا إسماعيل بن قعنب أبو بشر حدثنا عبد الله بن عرادة الشيباني عن زيد بن الحواري عن معاوية بن قرة عن عبيد بن عمير عن أبي بن كعب أن رسول الله
urn:hadith:0273IbnMaja.Sunan:424	al-Busiri (Misbah al-zujaja)	840	classical	chain	fabricated	هذا إسناد ضعيف الفضل بن عطية ضعيف وابنه كذاب وبقية مدلس	1.0	1	urn:openiti:0840ShihabDinBusiri.MisbahZujaja.JK000312-ara1:p01624	1:62	173	Ibn Maja	حدثنا محمد بن المصفى الحمصي حدثنا بقية عن محمد بن الفضل عن أبيه عن سالم عن ابن عمر قال رأى رسول الله صلى الله عليه وسلم رجلا يتوضأ فقال لا تسرف لا تسرف
urn:hadith:0273IbnMaja.Sunan:425	al-Busiri (Misbah al-zujaja)	840	classical	chain	weak	هذا إسناد ضعيف لضعف حيي بن عبد الله وعبد الله بن لهيعة رواه الإمام أحمد في مسنده وأبو داود والنسائي في سننهما من هذا الوجه خلا ما ذكر هنا فكذلك أوردته ورواه ابن أبي شيبة في مصنفه من حديث هلال بن يسار ورواه أبو يعلى الموصلي في مسنده حدثنا أبو حيثمة حدثنا أبو رجا حدثنا ابن لهيعة فذكره كما رواه ابن ماجه	1.0	1	urn:openiti:0840ShihabDinBusiri.MisbahZujaja.JK000312-ara1:p01631	1:62	174	Ibn Maja	حدثنا محمد بن يحيى حدثنا قتيبة حدثنا ابن لهيعة عن حيي بن عبد الله المعافري عن أبي عبد الرحمن الحبلي عن عبد الله بن عمرو أن رسول الله صلى الله عليه وسلم مر بسعد 
urn:hadith:0273IbnMaja.Sunan:431	al-Busiri (Misbah al-zujaja)	840	classical	chain	weak	هذا إسناد ضعيف لضعف يحيى بن كثير وشيخه رواه أبو داود في سننه من هذا الوجه فلم يذكر الأصابع فلذلك أوردته	1.0	1	urn:openiti:0840ShihabDinBusiri.MisbahZujaja.JK000312-ara1:p01650	1:63	176	Ibn Maja	حدثنا محمد بن عبد الله بن حفص بن هشام بن زيد بن أنس بن مالك حدثنا يحيى بن كثير أبو النضر صاحب البصري عن يزيد الرقاشي عن أنس بن مالك قال كان رسول الله صلى الله ع
urn:hadith:0273IbnMaja.Sunan:432	al-Busiri (Misbah al-zujaja)	840	classical	chain	disputed_narrator	هذا إسناد فيه عبد الواحد وهو مختلف فيه رواه الدارقطني في سننه من هذا الوجه وقال قال ابن أبي حاتم عن أبيه روى هذا الحديث الوليد عن الأوزاعي عن عبد الواحد عن يزيد الرقاشي وقتادة قالا كان النبي صلى الله عليه وسلم مرسلا وهو الصواب	1.0	1	urn:openiti:0840ShihabDinBusiri.MisbahZujaja.JK000312-ara1:p01659	1:63	177	Ibn Maja	حدثنا هشام بن عمار حدثنا عبد الحميد بن حبيب حدثنا الأوزاعي حدثنا عبد الواحد بن قيس حدثني نافع عن ابن عمر قال كان رسول الله صلى الله عليه وسلم إذا توضأ عرك عارضي
urn:hadith:0273IbnMaja.Sunan:433	al-Busiri (Misbah al-zujaja)	840	classical	chain	weak	هذا إسناد ضعيف لضعف أبي سورة وواصل الرقاشي رواه الإمام أحمد في مسنده من هذا الوجه ورواه أحمد بن منيع في مسنده حدثنا محمد بن عبيد حدثنا واصل الرقاشي به بلفظ توضأ وتمضمض ومسح لحيته من تحتها بالماء وكذا رواه عبد بن حميد عن محمد بن عبيد به	0.8	1	urn:openiti:0840ShihabDinBusiri.MisbahZujaja.JK000312-ara1:p01664	1:64	178	Ibn Maja	حدثنا إسماعيل بن عبد الله الرقى حدثنا معاوية حدثنا محمد بن ربيعة الكلابي حدثنا واصل بن السائب الرقاشي عن أبي سورة عن أبي أيوب الأنصاري قال رأيت رسول الله صلى ال
urn:hadith:0273IbnMaja.Sunan:437	al-Busiri (Misbah al-zujaja)	840	classical	chain	weak	هذا إسناد ضعيف لضعف يحيى بن راشد ومحمد بن الحرث قال فيه ابن حبان في الثقات يخطىء قلت ورواه البيهقي في الكبرى من طريق يعقوب بن سفيان عن محمد بن الحرث القرشي مؤذن مسجد مصر به وزاد وصلى فسلم مرة وستأتي هذه الزيادة في كتاب الصلاة	1.0	1	urn:openiti:0840ShihabDinBusiri.MisbahZujaja.JK000312-ara1:p01673	1:64	179	Ibn Maja	حدثنا محمد بن الحارث المصري حدثنا يحيى بن راشد البصري عن يزيد مولى سلمة عن سلمة بن الأكوع قال رأيت رسول الله صلى الله عليه وسلم توضأ فمسح رأسه مرة
urn:hadith:0273IbnMaja.Sunan:443	al-Busiri (Misbah al-zujaja)	840	classical	chain	fair	هذا إسناد حسن إن كان سويد بن سعيد حفظه	1.0	1	urn:openiti:0840ShihabDinBusiri.MisbahZujaja.JK000312-ara1:p01681	1:65	180	Ibn Maja	حدثنا سويد بن سعيد حدثنا يحيى بن زكريا بن أبي زائدة عن شعبة عن حبيب بن زيد عن عباد بن تميم عن عبد الله بن زيد قال قال رسول الله صلى الله عليه وسلم الأذنان من ال
urn:hadith:0273IbnMaja.Sunan:445	al-Busiri (Misbah al-zujaja)	840	classical	chain	weak	هذا إسناد ضعيف لضعف محمد بن عبد الله بن علاثة وعمرو بن الحصين	1.0	1	urn:openiti:0840ShihabDinBusiri.MisbahZujaja.JK000312-ara1:p01686	1:65	181	Ibn Maja	حدثنا محمد بن يحيى حدثنا عمرو بن الحصين حدثنا محمد بن عبد الله بن علاثة عن عبد الكريم الجزري عن سعيد بن المسيب عن أبي هريرة قال قال رسول الله صلى الله عليه وسلم
urn:hadith:0273IbnMaja.Sunan:449	al-Busiri (Misbah al-zujaja)	840	classical	chain	very_weak	هذا إسناد ضعيف لضعف معمر وأبيه محمد بن عبيد الله قال البخاري معمر بن محمد بن عبيد الله بن أبي رافع منكر الحديث قال البيهقي والاعتماد في هذا الباب على الأثر عن علي وعبد الله بن عمر قلت أثر علي وابن عمر رواهما ابن أبي شيبة في مصنفه ونقل أيضا فعله عن عروة والحسن البصري وعمرو بن دينار وسلام بن عبد الله	1.0	1	urn:openiti:0840ShihabDinBusiri.MisbahZujaja.JK000312-ara1:p01704	1:65	183	Ibn Maja	حدثنا عبد الملك بن محمد الرقاشي حدثنا معمر بن محمد بن عبيد الله بن أبي رافع ثني أبي عن عبيد الله بن أبي رافع عن أبيه أن رسول الله صلى الله عليه وسلم كان إذا توض
urn:hadith:0273IbnMaja.Sunan:454	al-Busiri (Misbah al-zujaja)	840	classical	chain	narrators_trustworthy	هذا إسناد رجاله ثقات رواه أبو داود الطيالسي في مسنده عن سلام عن أبي إسحاق به بلفظ العراقيب هكذا رواه أبو بكر بن أبي شيبة في مسنده من طريق سعيد بن أبي كرب عن جابر	0.7	1	urn:openiti:0840ShihabDinBusiri.MisbahZujaja.JK000312-ara1:p01712	1:66	184	Ibn Maja	حدثنا أبو بكر بن أبي شيبة حدثنا الأحوص عن أبي إسحاق عن سعيد بن أبي كريب عن جابر بن عبد الله قال سمعت رسول الله صلى الله عليه وسلم يقول ويل للأعقاب من النار
urn:hadith:0273IbnMaja.Sunan:455	al-Busiri (Misbah al-zujaja)	840	classical	chain	weak	هذا إسناد حسن ما علمت في رجاله ضعفا وهو في الصحيحين من حديث أبي هريرة وعبد الله بن عمرو وفي صحيح مسلم من حديث عائشة بلفظ أسبغوا الوضوء	0.69	1	urn:openiti:0840ShihabDinBusiri.MisbahZujaja.JK000312-ara1:p01720	1:66	185	Ibn Maja	حدثنا العباس بن عثمان و عثمان بن إسماعيل الدمشقيان قالا حدثنا الوليد بن مسلم حدثنا شيبة بن الأحنف عن أبي سلام الأسود عن أبي صالح الأشعري حدثني أبو عبد الله الأش
urn:hadith:0273IbnMaja.Sunan:457	al-Busiri (Misbah al-zujaja)	840	classical	chain	fair	هذا إسناد حسن رواه النسائي في الصغرى بعضه من حديث علي بن أبي طالب	1.0	1	urn:openiti:0840ShihabDinBusiri.MisbahZujaja.JK000312-ara1:p01729	1:66	186	Ibn Maja	حدثنا هشام بن عمار حدثنا الوليد بن مسلم حدثنا حريز بن عثمان عن عبد الرحمن بن ميسرة عن المقدام بن معد يكرب أن رسول الله صلى الله عليه وسلم توضأ فغسل رجليه ثلاثا 
urn:hadith:0273IbnMaja.Sunan:458	al-Busiri (Misbah al-zujaja)	840	classical	chain	fair	هذا إسناد حسن رواه ابن أبي شيبة في مصنفه	1.0	1	urn:openiti:0840ShihabDinBusiri.MisbahZujaja.JK000312-ara1:p01735	1:66	187	Ibn Maja	حدثنا أبو بكر بن أبي شيبة حدثنا ابن علية عن روح بن القاسم عن عبد الله بن محمد بن عقيل عن الربيع قالت أتاني ابن عباس فسألني عن هذا الحديث تعني حديثها الذي ذكرت أ
urn:hadith:0273IbnMaja.Sunan:462	al-Busiri (Misbah al-zujaja)	840	classical	chain	weak	هذا إسناد ضعيف لضعف ابن لهيعة رواه الإمام أحمد في مسنده عن الهيثم بن خارجة حدثنا رشدين بن سعد عن عقيل به فذكره نحوه ورواه ابن أبي شيبة في مصنفه عن ابن لهيعة ورواه الدارقطني في سننه من هذا الوجه عن الحسن بن موسى رواه عبد بن حميد حدثنا الحسين بن موسى حدثنا ابن لهيعة حدثنا عقيل فذكره بزيادة قلت ورشدين بن سعد ضعيف أيضا وله شاهد من حديث أبي هريرة رواه الترمذي في الجامع وقال حديث غريب قال وفي الباب عن أبي سفيان وأبي سعيد الخدري وغيرهم	0.88	1	urn:openiti:0840ShihabDinBusiri.MisbahZujaja.JK000312-ara1:p01749	1:67	188	Ibn Maja	حدثنا إبراهيم بن محمد الفريابي ثنا حسان بن عبد الله حدثنا ابن لهيعة عن عقيل عن الزهري عن عروة قال حدثنا أسامة بن زيد عن أبيه بن حارثة قال قال رسول الله صلى الله
urn:hadith:0273IbnMaja.Sunan:464	al-Busiri (Misbah al-zujaja)	840	classical	chain	weak	هذا إسناد ضعيف لضعف قيس وشيخه وله شاهد من حديث سفيان بن الحكم الثقفي	1.0	1	urn:openiti:0840ShihabDinBusiri.MisbahZujaja.JK000312-ara1:p01754	1:67	189	Ibn Maja	حدثنا محمد بن يحيى حدثنا عاصم بن علي حدثنا قيس عن ابن أبي ليلى عن أبي الزبير عن جابر قال توضأ رسول الله صلى الله عليه وسلم فنضح فرجه
urn:hadith:0273IbnMaja.Sunan:468	al-Busiri (Misbah al-zujaja)	840	classical	chain	weak	هذا إسناد صحيح رجاله ثقات وفي سماع محفوظ عن سلمان نظر رواه ابن ماجة هنا وفي كتاب اللباس وسيأتي وله شاهد من حديث معاذ بن جبل رواه الترمذي وقال غريب وإسناده ضعيف قال ولا يصح عن النبي صلى الله عليه وسلم في هذا الباب شيء	0.86	2	urn:openiti:0840ShihabDinBusiri.MisbahZujaja.JK000312-ara1:p01764	1:67	190	Ibn Maja	حدثنا العباس بن الوليد و أحمد بن الأزهر قالا حدثنا مروان بن محمد حدثنا يزيد بن السمط حدثنا الوضين بن عطاء عن محفوظ بن علقمة عن سلمان الفارسي أن رسول الله صلى ال
urn:hadith:0273IbnMaja.Sunan:3564	al-Busiri (Misbah al-zujaja)	840	classical	chain	weak	هذا إسناد صحيح رجاله ثقات وفي سماع محفوظ عن سلمان نظر رواه ابن ماجة هنا وفي كتاب اللباس وسيأتي وله شاهد من حديث معاذ بن جبل رواه الترمذي وقال غريب وإسناده ضعيف قال ولا يصح عن النبي صلى الله عليه وسلم في هذا الباب شيء	0.86	2	urn:openiti:0840ShihabDinBusiri.MisbahZujaja.JK000312-ara1:p01764	1:67	190	Ibn Maja	حدثنا العباس بن الوليد و أحمد بن الأزهر قالا حدثنا مروان بن محمد حدثنا يزيد بن السمط حدثنا الوضين بن عطاء عن محفوظ بن علقمة عن سلمان الفارسي أن رسول الله صلى ال
urn:hadith:0273IbnMaja.Sunan:469	al-Busiri (Misbah al-zujaja)	840	classical	chain	weak	هذا إسناد فيه زيد العمي وهو ضعيف وله شاهد من حديث عمر بن الخطاب رواه الترمذي وقال في إسناده اضطراب ولا يصح عن النبي صلى الله عليه وسلم في هذا الباب شيء قال وفي الباب عن أنس بن مالك وعقبة بن عامر	0.93	1	urn:openiti:0840ShihabDinBusiri.MisbahZujaja.JK000312-ara1:p01778	1:68	191	Ibn Maja	حدثنا موسى بن عبد الرحمن حدثنا الحسين بن علي و زيد بن الحباب ح وحدثنا محمد بن يحيى حدثنا أبو نعيم قالوا حدثنا عمرو بن عبد الله بن وهب أبو سليمان النخعي قال حدثن
urn:hadith:0273IbnMaja.Sunan:472	al-Busiri (Misbah al-zujaja)	840	classical	chain	sound	هذا إسناد صحيح ورجاله ثقات	0.92	1	urn:openiti:0840ShihabDinBusiri.MisbahZujaja.JK000312-ara1:p01788	1:68	192	Ibn Maja	حدثنا يعقوب بن حميد بن كاسب حدثنا عبد العزيز بن محمد الدراوردي عن عبيد الله بن عمر عن إبراهيم بن محمد بن عبد الله بن جحش عن أبيه عن زينب بنت جحش أنه كان لها مخض
urn:hadith:0273IbnMaja.Sunan:475	al-Busiri (Misbah al-zujaja)	840	classical	chain	narrators_trustworthy	هذا إسناد رجاله ثقات إلا أن فيه حجاج وهو ابن أرطأة وقد كان يدلس رواه أبو يعلى الموصلي في مسنده حدثنا عبد الله بن عامر فذكره بتمامه وزاد في آخر زيادة قد ذكرتها في زوائد المسانيد العشرة وله شاهد من حديث عائشة رواه الترمذي والنسائي وابن ماجه	1.0	1	urn:openiti:0840ShihabDinBusiri.MisbahZujaja.JK000312-ara1:p01797	1:68	193	Ibn Maja	حدثنا عبد الله بن عامر بن زرارة حدثنا يحيى بن زكريا بن أبي زائدة عن حجاج عن فضيل بن عمرو عن إبراهيم عن علقمة عن عبد الله أن رسول الله صلى الله عليه وسلم نام حتى
urn:hadith:0273IbnMaja.Sunan:476	al-Busiri (Misbah al-zujaja)	840	classical	chain	weak	هذا إسناد فيه حريث بن أبي مطر وهو ضعيف رواه أبو داود والترمذي من وجه آخر عن ابن عباس بغير هذا السياق وقال الترمذي وقد روى حديث ابن عباس سعيد بن أبي عروبة عن قتادة عن ابن عباس قوله	1.0	1	urn:openiti:0840ShihabDinBusiri.MisbahZujaja.JK000312-ara1:p01801	1:69	194	Ibn Maja	حدثنا عبد الله بن عامر بن زرارة عن ابن أبي زائدة عن حريث بن أبي مطر عن يحيى بن عباد أبي هبيرة الأنصاري عن سعيد بن جبير عن ابن عباس قال كان نومه ذلك وهو جالس يعن
urn:hadith:0273IbnMaja.Sunan:480	al-Busiri (Misbah al-zujaja)	840	classical	chain	weak	هذا إسناد فيه مقال عقبة بن عبد الرحمن هو محمد بن ثوبان ذكره ابن حبان في الثقات وقال ابن المديني شيخ مجهول وباقي رجال الإسناد ثقات	1.0	1	urn:openiti:0840ShihabDinBusiri.MisbahZujaja.JK000312-ara1:p01811	1:69	195	Ibn Maja	حدثنا إبراهيم بن المنذر الحزامي حدثنا معن بن عيسى ح وحدثنا عبد الرحمن بن إبراهيم الدمشقي حدثنا عبد الله بن نافع جميعا عن ابن أبي ذئب عن عقبة بن عبد الرحمن عن مح
urn:hadith:0273IbnMaja.Sunan:481	al-Busiri (Misbah al-zujaja)	840	classical	chain	weak	هذا إسناد فيه مقال مكحول الدمشقي مدلس وقد رواه بالعنعنة فوجب ترك حديثه لا سيما وقد قال البخاري وأبو زرعة وهشام بن عمار وأبو مسهر وغيرهم إنه لم يسمع من عنبسة بن أبي سفيان فالإسناد منقطع ورواه البيهقي في الكبرى من طريق الهيثم بن حميد به ورواه أبو يعلى الموصلي حدثنا أبو بكر بن ريحون حدثنا أبو مسهر حدثني الهيثم بن حميد فذكره بإسناده ومتنه	1.0	1	urn:openiti:0840ShihabDinBusiri.MisbahZujaja.JK000312-ara1:p01821	1:69	196	Ibn Maja	حدثنا أبو بكر بن أبي شيبة حدثنا المعلى بن منصور ح وحدثنا عبد الله بن أحمد بن بشير بن ذكوان الدمشقي حدثنا مروان بن محمد قالا حدثنا الهيثم بن حميد حدثنا العلاء بن
urn:hadith:0273IbnMaja.Sunan:482	al-Busiri (Misbah al-zujaja)	840	classical	chain	weak	هذا إسناد فيه إسحاق بن أبي فروة وقد اتفقوا على تضعيفه والمتن رواه البزار في مسنده من حديث عبد الله بن عمر	0.79	1	urn:openiti:0840ShihabDinBusiri.MisbahZujaja.JK000312-ara1:p01826	1:69	197	Ibn Maja	حدثنا سفيان بن وكيع حدثنا عبد السلام بن حرب عن إسحاق بن أبي فروة عن الزهري عن عبد الله بن عبد القاري عن أبي أيوب قال سمعت رسول الله صلى الله عليه وسلم يقول من م
urn:hadith:0273IbnMaja.Sunan:484	al-Busiri (Misbah al-zujaja)	840	classical	chain	very_weak	هذا إسناد فيه جعفر بن الزبير وقد اتفقوا على ترك حديثه واتهموه رواه محمد بن يحيى بن أبي عمر في مسنده عن وكيع عن جعفر بن الزبير به وقال إنما هو جزء منك رواه أبو يعلى الموصلي من طريق جعفر بن الزبير به وقال إنما هو جزء منك وله شاهد من حديث قيس بن طلق عن أبيه رواه أبو داود والترمذي وابن حبان في صحيحه وابن أبي شيبة في مصنفه بلفظ إن هو إلا مضغة منك أو بضعة قال الترمذي وهذا أحسن شيء روي في هذا الباب	0.89	1	urn:openiti:0840ShihabDinBusiri.MisbahZujaja.JK000312-ara1:p01834	1:70	198	Ibn Maja	حدثنا عمرو بن عثمان بن سعيد بن كثير بن دينار الحمصي حدثنا مروان بن معاوية عن جعفر بن الزبير عن القاسم عن أبي أمامة قال سئل رسول الله صلى الله عليه وسلم عن مس ال
urn:hadith:0273IbnMaja.Sunan:487	al-Busiri (Misbah al-zujaja)	840	classical	chain	disputed_narrator	هذا إسناد مختلف فيه من أجل خالد بن يزيد ولم ينفرد به فقد رواه البزار في مسنده عن عبد الله الصباح عن حجاج بن نصير عن المبارك بن فضالة عن الحسن عن أنس فذكره بإسناده ومتنه وقال غيرت بدل مست قال البزار هكذا رواه مبارك وقال مطرف عن الحسن عن أبي طلحة وقال أشعث عن الحسن عن أبي هريرة قلت وله شاهد في صحيح مسلم من حديث زيد بن ثابت وأبي هريرة وعائشة قال الترمذي وفي الباب عن عائشة وابن حبيبة وأم سلمة وزيد بن ثابت وأبي طلحة وأبي أيوب وأبي موسى رواه مسدد في مسنده من طريق قتادة عن أنس مرفوعا فذكره بزيادة في آخره كما أوردته في زوائد المسانيد العشرة	0.85	1	urn:openiti:0840ShihabDinBusiri.MisbahZujaja.JK000312-ara1:p01843	1:70	199	Ibn Maja	حدثنا هشام بن خالد الأزرق حدثنا خالد بن يزيد بن أبي مالك عن أبيه عن أنس بن مالك قال كان يضع يديه على أذنيه ويقول صمتا إن لم أكن سمعت رسول الله صلى الله عليه وسل
urn:hadith:0273IbnMaja.Sunan:493	al-Busiri (Misbah al-zujaja)	840	classical	chain	narrators_trustworthy	هذا إسناد رجاله ثقات	0.81	1	urn:openiti:0840ShihabDinBusiri.MisbahZujaja.JK000312-ara1:p01864	1:71	202	Ibn Maja	حدثنا محمد بن عبد الملك بن أبي الشوارب حدثنا عبد العزيز بن المختار حدثنا سهيل بن أبي صالح عن أبيه عن أبي هريرة أن رسول الله صلى الله عليه وسلم أكل كتف شاة فمضمض
urn:hadith:0273IbnMaja.Sunan:496	al-Busiri (Misbah al-zujaja)	840	classical	chain	weak	هذا إسناد ضعيف لضعف حجاج بن أرطأة وتدليسه لا سيما وقد خالف غيره والمحفوظ في هذا الحديث الأعمش عن عبد الله الرازي عن عبد الرحمن بن أبي ليلى عن البراء وقيل عن ابن أبي ليلى عن ذي الغرة وقيل غير ذلك رواه مسلم من حديث جابر بن سمرة ورواه أبو داود والترمذي وابن ماجة من حديث البراء	0.83	1	urn:openiti:0840ShihabDinBusiri.MisbahZujaja.JK000312-ara1:p01874	1:71	203	Ibn Maja	حدثنا أبو إسحاق الهروي إبراهيم بن عبد الله بن حاتم حدثنا عباد بن العوام عن حجاج عن عبد الله بن عبد الله مولى بني هاشم ( وكان ثقة وكان الحكم يأخذ عنه ) حدثنا عبد
urn:hadith:0273IbnMaja.Sunan:497	al-Busiri (Misbah al-zujaja)	840	classical	chain	weak	هذا إسناد فيه بقية بن الوليد وهو مدلس وقد رواه بالعنعنة وشيخه خالد مجهول الحال وتقدم كونه في مسلم من حديث جابر بن سمرة وله شاهد من حديث البراء بن عازب رواه أبو داود الطيالسي في مسنده	0.76	1	urn:openiti:0840ShihabDinBusiri.MisbahZujaja.JK000312-ara1:p01881	1:72	204	Ibn Maja	حدثنا محمد بن يحيى حدثنا يزيد بن عبد ربه حدثنا بقية عن خالد بن يزيد بن عمر بن هبيرة الفزاري عن عطاء بن السائب قال سمعت محارب بن دثار يقول سمعت عبد الله بن عمر ي
urn:hadith:0273IbnMaja.Sunan:499	al-Busiri (Misbah al-zujaja)	840	classical	chain	narrators_trustworthy	هذا إسناد رجاله ثقات رواه ابن أبي شيبة في مصنفه ومسنده	1.0	1	urn:openiti:0840ShihabDinBusiri.MisbahZujaja.JK000312-ara1:p01889	1:72	205	Ibn Maja	حدثنا أبو بكر بن أبي شيبة حدثنا خالد بن مخلد عن موسى بن يعقوب حدثني أبو عبيدة بن عبد الله بن زمعة عن أبيه عن أم سلمة زوج النبي صلى الله عليه وسلم قالت قال رسول 
urn:hadith:0273IbnMaja.Sunan:500	al-Busiri (Misbah al-zujaja)	840	classical	chain	very_weak	هذا إسناد ضعيف عبد المهيمن قال فيه البخاري منكر الحديث انتهى ورواه في مسنده من حديث جابر	1.0	1	urn:openiti:0840ShihabDinBusiri.MisbahZujaja.JK000312-ara1:p01894	1:72	206	Ibn Maja	حدثنا أبو مصعب حدثنا عبد المهيمن بن عباس بن سهل بن سعد الساعدي عن أبيه عن جده أن رسول الله صلى الله عليه وسلم قال مضمضوا من اللبن فإن له دسما
urn:hadith:0273IbnMaja.Sunan:501	al-Busiri (Misbah al-zujaja)	840	classical	chain	weak	هذا إسناد ضعيف زمعة بن صالح وإن أخرج له مسلم فإنما روى له مقرونا بغيره وقد ضعفه الجمهور وروى أبو داود في سننه من طريق توبة عن أنس ما يخالفه قال المزي رواه غير واحد عن الزهري عن عبيد الله بن عبد الله بن عتبة عن ابن عباس وهو المحفوظ ورواه أصحاب الكتب الستة وابن أبي شيبة أيضا من طريق محمد بن سيرين عن أنس بن مالك والحرث الهمداني موقوفا عليها	1.0	1	urn:openiti:0840ShihabDinBusiri.MisbahZujaja.JK000312-ara1:p01900	1:72	207	Ibn Maja	حدثنا إسحاق بن إبراهيم السواق حدثنا الضحاك بن مخلد حدثنا زمعة بن صالح عن ابن شهاب عن أنس بن مالك قال حلب رسول الله صلى الله عليه وسلم شاة وشرب من لبنها ثم دعا ب
urn:hadith:0273IbnMaja.Sunan:503	al-Busiri (Misbah al-zujaja)	840	classical	chain	weak	هذا إسناد ضعيف حجاج هو بن أرطأة كان يدلس وقد رواه بالعنعنة	1.0	1	urn:openiti:0840ShihabDinBusiri.MisbahZujaja.JK000312-ara1:p01908	1:73	208	Ibn Maja	حدثنا أبو بكر بن أبي شيبة حدثنا محمد بن فضيل عن حجاج عن عمرو بن شعيب عن زينب السهمية عن عائشة أن رسول الله صلى الله عليه وسلم كان يتوضأ ثم يقبل ويصلي ولا يتوضأ 
urn:hadith:0273IbnMaja.Sunan:511	al-Busiri (Misbah al-zujaja)	840	classical	chain	weak	هذا إسناد ضعيف الفضل بن مبشر ضعفه الجمهور وهو في البخاري وأبي داود والترمذي والنسائي وابن ماجة من حديث أنس بن مالك وفي مسلم وأبي داود والترمذي والنسائي وابن ماجة من حديث بريدة بن الحصيب مرسلا قال الترمذي وهذا أصح	1.0	1	urn:openiti:0840ShihabDinBusiri.MisbahZujaja.JK000312-ara1:p01928	1:73	210	Ibn Maja	حدثنا إسماعيل بن توبة حدثنا زياد بن عبد الله حدثنا الفضل بن مبشر قال رأيت جابر بن عبد الله يصلي الصلوات بوضوء واحد فقلت ما هذا فقال رأيت رسول الله صلى الله عليه
urn:hadith:0273IbnMaja.Sunan:512	al-Busiri (Misbah al-zujaja)	840	classical	chain	weak	هذا إسناد فيه عبد الرحمن بن زياد وهو ضعيف ومع ضعفه كان يدلس رواه أبو داود والترمذي من هذا الوجه فلم يذكر القصة واقتصر على المرفوع منه وقال الترمذي إسناده ضعيف	0.95	1	urn:openiti:0840ShihabDinBusiri.MisbahZujaja.JK000312-ara1:p01944	1:74	211	Ibn Maja	حدثنا محمد بن يحيى حدثنا عبد الله بن يزيد المقري حدثنا عبد الرحمن بن زياد عن أبي غطيف الهذلي قال سمعت عبد الله بن عمر بن الخطاب في مجلسه في المسجد فلما حضرت الص
urn:hadith:0273IbnMaja.Sunan:514	al-Busiri (Misbah al-zujaja)	840	classical	chain	narrators_trustworthy	هذا إسناد رجاله ثقات إلا أنه معلل برواية الحفاظ من أصحاب الزهري عنه عن سعيد عن عبد الله بن زيد وحديث عبد الله بن زيد بن عاصم في الصحيحين وأبي داود والنسائي وحديث أبي سعيد رواه الإمام أحمد في مسنده	1.0	1	urn:openiti:0840ShihabDinBusiri.MisbahZujaja.JK000312-ara1:p01954	1:74	212	Ibn Maja	حدثنا أبو كريب حدثنا المحاربي عن معمر بن راشد عن الزهري أنبأنا سعيد بن المسيب عن أبي سعيد الخدري قال سئل النبي صلى الله عليه وسلم عن التشبه في الصلاة فقال لا ين
urn:hadith:0273IbnMaja.Sunan:518	al-Busiri (Misbah al-zujaja)	840	classical	chain	narrators_trustworthy	هذا إسناد رجاله ثقات رواه أبو داود والترمذي والنسائي خلا قوله أو ثلاثة فلذلك أوردته والطريق الثانية من زيادات أبي الحسن القطان ورواه الدارمي والدارقطني من طرق عبيد الله به ورواه البيهقي على الشك أيضا من طريق حماد بن سلمة رواه أبو بكر بن أبي شيبة في مصنفه من طريق عبد الله العمري عن أبيه ورواه الحاكم من طريق حماد بن سلمة به وقال قلتين أو ثلاثا وقال هكذا حدثنا الحسن بن سفيان قال	0.9	1	urn:openiti:0840ShihabDinBusiri.MisbahZujaja.JK000312-ara1:p01972	1:75	214	Ibn Maja	حدثنا علي بن محمد حدثنا وكيع حدثنا حماد بن سلمة عن عاصم بن المنذر عن عبيد الله بن عبد الله بن عمر عن أبيه قال قال رسول الله صلى الله عليه وسلم إذا كان الماء قلت
urn:hadith:0273IbnMaja.Sunan:519	al-Busiri (Misbah al-zujaja)	840	classical	chain	weak	هذا إسناد ضعيف	0.81	1	urn:openiti:0840ShihabDinBusiri.MisbahZujaja.JK000312-ara1:p01982	1:75	215	Ibn Maja	حدثنا أبو مصعب المدني ثنا عبد الرحمن بن زيد بن أسلم عن أبيه عن عطاء بن يسار عن أبي سعيد الخدري أن النبي صلى الله عليه وسلم سئل عن الحياض التي بين مكة والمدينة ت
urn:hadith:0273IbnMaja.Sunan:520	al-Busiri (Misbah al-zujaja)	840	classical	chain	weak	هذا إسناد فيه طريف بن شهاب وقد أجمعوا على ضعفه وله شاهد من حديث أبي سعيد رواه الترمذي والنسائي	0.86	1	urn:openiti:0840ShihabDinBusiri.MisbahZujaja.JK000312-ara1:p01995	1:76	216	Ibn Maja	حدثنا أحمد بن سنان حدثنا يزيد بن هارون حدثنا شريك عن طريف بن شهاب قال سمعت أبا نضرة يحدث عن جابر بن عبد الله قال انتهينا إلى غدير فإذا فيه جيفة حمار قال فكففنا 
urn:hadith:0273IbnMaja.Sunan:521	al-Busiri (Misbah al-zujaja)	840	classical	chain	weak	هذا إسناد فيه رشدين وهو ضعيف واختلف عليه مع ضعفه ورواه الدارقطني من طريق سليمان بن عبد الرحمن عن مروان بن محمد بسنده	0.88	1	urn:openiti:0840ShihabDinBusiri.MisbahZujaja.JK000312-ara1:p02002	1:76	217	Ibn Maja	حدثنا محمود بن خالد و العباس بن الوليد الدمشقيان قالا حدثنا مروان بن محمد حدثنا رشدين أنبأنا معاوية بن صالح عن راشد بن سعد عن أبي أمامة الباهلي قال قال رسول الل
urn:hadith:0273IbnMaja.Sunan:527	al-Busiri (Misbah al-zujaja)	840	classical	chain	weak	هذا إسناد منقطع عمرو بن شعيب لم يسمع من أم كرز وله شاهد من حديث علي بن أبي طالب رواه أبو داود والترمذي قال وفي الباب عن أم قيس وعائشة وزينب ولبابة بنت الحرث وأبي السمح وعبد الله بن عمرو وأبي ليلى وابن عباس قلت حديث أبي السمح رواه النسائي في الصغرى	1.0	1	urn:openiti:0840ShihabDinBusiri.MisbahZujaja.JK000312-ara1:p02028	1:76	220	Ibn Maja	حدثنا محمد بن بشار حدثنا أبو بكر الحنفي حدثنا أسامة بن زيد عن عمرو بن شعيب عن أم كرز أن رسول الله صلى الله عليه وسلم قال بول الغلام ينضح وبول الجارية يغسل
urn:hadith:0273IbnMaja.Sunan:532	al-Busiri (Misbah al-zujaja)	840	classical	chain	weak	هذا إسناد فيه ابن أبي حبيبة واسمه إبراهيم بن إسماعيل متفق على ضعفه والراوي مجهول رواه أبو داود في سننه من هذا الوجه بلفظ إذا وطىء أحدكم يبلغه الأذى وفي خفيه فإن التراب له طهور ورواه ابن عدي الحافظ من طريق ابن ماجة ومن طريق ابن عدي رواه البيهقي	1.0	1	urn:openiti:0840ShihabDinBusiri.MisbahZujaja.JK000312-ara1:p02048	1:77	222	Ibn Maja	حدثنا أبو كريب حدثنا إبراهيم بن إسماعيل اليشكري عن ابن أبي حبيبة عن داود بن الحصين عن أبي سفيان عن أبي هريرة قال قيل يا رسول الله إنا نريد المسجد فنطأ الطريق ال
urn:hadith:0273IbnMaja.Sunan:541	al-Busiri (Misbah al-zujaja)	840	classical	chain	weak	هذا إسناد فيه الحسن بن يحيى اتفق الجمهور على ضعفه وللمتن شاهد من حديث أم حبيبة رواه أبو داود والترمذي والنسائي ورواه الترمذي والنسائي من حديث أنس	1.0	1	urn:openiti:0840ShihabDinBusiri.MisbahZujaja.JK000312-ara1:p02060	1:78	223	Ibn Maja	حدثنا هشام بن خالد الأزرق حدثنا الحسن بن يحيى الخشني حدثنا زيد بن واقد عن بسر بن عبيد الله عن أبي إدريس الخولاني عن أبي الدرداء قال خرج علينا رسول الله صلى الله
urn:hadith:0273IbnMaja.Sunan:542	al-Busiri (Misbah al-zujaja)	840	classical	chain	sound	هذا إسناد صحيح رجاله ثقات رواه أبو يعلى الموصلي في مسنده حدثنا محمد بن أبي زميل حدثنا عبيد الله بن عمر فذكره	0.91	1	urn:openiti:0840ShihabDinBusiri.MisbahZujaja.JK000312-ara1:p02070	1:78	225	Ibn Maja	حدثنا محمد بن يحيى حدثنا يحيى بن يوسف الزمي ح وحدثنا أحمد بن عثمان بن حكيم حدثنا سليمان بن عبيد الله الرقي قالا حدثنا عبيد الله بن عمرو عن عبد الملك بن عمير عن 
urn:hadith:0273IbnMaja.Sunan:546	al-Busiri (Misbah al-zujaja)	840	classical	chain	weak	هذا إسناد رجاله ثقات وهو في صحيح البخاري بغير هذا السياق وسعيد ابن أبي عروبة وإن اختلط بآخره فقط روى عنه محمد بن سواء قبل الاختلاط	0.94	1	urn:openiti:0840ShihabDinBusiri.MisbahZujaja.JK000312-ara1:p02084	1:78	226	Ibn Maja	حدثنا عمران بن موسى الليثي حدثنا محمد بن سواء حدثنا سعيد بن أبي عروبة عن أيوب عن نافع عن ابن عمر أنه رأى سعد بن مالك وهو يمسح على الخفين فقال إنكم لتفعلون ذلك ف
urn:hadith:0273IbnMaja.Sunan:570	al-Busiri (Misbah al-zujaja)	840	classical	chain	weak	هذا إسناد فيه ابن أبي ليلى واسمه محمد بن عبد الرحمن بن أبي ليلى وقد ضعفه من قبل حفظه وأصل كيفية التيمم في الصحيحين من حديث عمار لكن لم ينفرد به ابن أبي ليلى فقد رواه ابن أبي شيبة في مصنفه عن وكيع عن الأعمش عن سلمة بن كهيل عن ابن أبي أوفى عن أبيه فذكره	0.9	1	urn:openiti:0840ShihabDinBusiri.MisbahZujaja.JK000312-ara1:p02137	1:80	233	Ibn Maja	حدثنا عثمان بن أبي شيبة حدثنا حميد بن عبد الرحمن عن ابن أبي ليلى عن الحكم و سلمة بن كهيل أنهما سألا عبد الله بن أبي أوفى عن التيمم فقال أمر النبي صلى الله عليه 
urn:hadith:0273IbnMaja.Sunan:572	al-Busiri (Misbah al-zujaja)	840	classical	chain	weak	هذا إسناد منقطع قال الدارقطني الأوزاعي عن عطاء مرسل انتهى	0.89	1	urn:openiti:0840ShihabDinBusiri.MisbahZujaja.JK000312-ara1:p02153	1:81	234	Ibn Maja	حدثنا هشام بن عمار حدثنا عبد الحميد بن حبيب بن أبي العشرين حدثنا الأوزاعي عن عطاء بن أبي رباح قال سمعت ابن عباس يخبر أن رجلا أصابه جرح في رأسه على عهد رسول الله
urn:hadith:0273IbnMaja.Sunan:586	al-Busiri (Misbah al-zujaja)	840	classical	chain	sound	هذا إسناد صحيح رجاله ثقات	1.0	1	urn:openiti:0840ShihabDinBusiri.MisbahZujaja.JK000312-ara1:p02159	1:81	235	Ibn Maja	حدثنا أبو مروان العثماني محمد بن عثمان حدثنا عبد العزيز بن محمد عن يزيد بن عبد الله بن الهاد عن عبد الله بن خباب عن أبي سعيد الخدري أنه كان تصيبه الجنابة بالليل
urn:hadith:0273IbnMaja.Sunan:598	al-Busiri (Misbah al-zujaja)	840	classical	chain	disputed_narrator	هذا إسناد فيه مقال طلحة بن نافع لم يسمع من أبي أيوب قاله ابن أبي حاتم عن أبيه وفيما قاله أبو حاتم نظر فإن طلحة بن نافع وإن وصفه الحاكم بالتدليس فقد صرح بالتحديث فزالت تهمة تدليسه وهو ثقة وثقة النسائي والبزار وابن عدي وأصحاب السنن الأربعة وعتبة بن أبي حكيم مختلف فيه رواه أحمد بن منيع في مسنده حدثنا الهيثم بن خارجة حدثنا يحيى بن حمزة بن عتبة عن أبي حكيم حدثني طلحة بن نافع حدثني أبو أيوب الأنصاري فذكره بإسناد ومتنه	1.0	1	urn:openiti:0840ShihabDinBusiri.MisbahZujaja.JK000312-ara1:p02173	1:82	236	Ibn Maja	حدثنا هشام بن عمار حدثنا يحيى بن حمزة حدثني عتبة بن أبي حكيم حدثني طلحة بن نافع حدثني أبو أيوب الأنصاري أن النبي صلى الله عليه وسلم قال الصلوات الخمس والجمعة إل
urn:hadith:0273IbnMaja.Sunan:611	al-Busiri (Misbah al-zujaja)	840	classical	chain	weak	هذا إسناد ضعيف لضعف حجاج وهو ابن أرطأة وتدليسه وقد رواه بالعنعنة ورواه أبو بكر بن أبي شيبة في مصنفه كما أورده من طريقه ورواه أيضا من طريق إسماعيل عن حسن وبه ورواه أبو داود من طريق أفلت بن حنيفة عن جده عن عائشة فذكره فهو شاهد لحديث أم سلمة وله شاهد من حديث أبي سعيد الخدري رواه الترمذي في الجامع وقال حسن غريب	1.0	1	urn:openiti:0840ShihabDinBusiri.MisbahZujaja.JK000312-ara1:p02192	1:82	238	Ibn Maja	حدثنا أبو بكر بن أبي شيبة حدثنا أبو معاوية عن حجاج عن عمرو بن شعيب عن أبيه عن جده قال قال رسول الله صلى الله عليه وسلم إذا التقى الختانان وتوارت الحشفة فقد وجب 
urn:hadith:0273IbnMaja.Sunan:646	al-Busiri (Misbah al-zujaja)	840	classical	chain	sound	هذا إسناد صحيح رجاله ثقات	1.0	1	urn:openiti:0840ShihabDinBusiri.MisbahZujaja.JK000312-ara1:p02201	1:83	245	Ibn Maja	حدثنا محمد بن يحيى حدثنا عبيد الله بن موسى عن شيبان النحوي عن يحيى ابن أبي كثير عن أبي سلمة عن أم بكر أنها أخبرت أن عائشة قالت قال رسول الله صلى الله عليه وسلم 
urn:hadith:0273IbnMaja.Sunan:649	al-Busiri (Misbah al-zujaja)	840	classical	chain	sound	هذا إسناد صحيح رجاله ثقات رواه أبو يعلى الموصلي في مسنده حدثنا أبو سعيد الأشج حدثنا عبد الرحمن بن محمد المحاربي به	1.0	1	urn:openiti:0840ShihabDinBusiri.MisbahZujaja.JK000312-ara1:p02213	1:83	246	Ibn Maja	حدثنا عبد الله بن سعيد حدثنا المحاربي عن سلام بن سليم ( أو سلم شك أبو الحسن وأظنه هو أبو الأحوص ) عن حميد عن أنس قال كان رسول الله صلى الله عليه وسلم وقت للنفسا
urn:hadith:0273IbnMaja.Sunan:654	al-Busiri (Misbah al-zujaja)	840	classical	chain	very_weak	هذا إسناد فيه عبد الكريم وهو ابن أبي المخارق ضعفه أحمد وغيره بل قال ابن عبد البر مجمع على ضعفه انتهى	0.88	1	urn:openiti:0840ShihabDinBusiri.MisbahZujaja.JK000312-ara1:p02224	1:83	247	Ibn Maja	حدثنا أبو بكر بن أبي شيبة و علي بن محمد قالا حدثنا وكيع عن سفيان عن عبد الكريم عن عمرو بن سعيد عن عائشة أن النبي دخل عليها فاختبأت مولاة لها فقال النبي حاضت فقا
urn:hadith:0273IbnMaja.Sunan:656	al-Busiri (Misbah al-zujaja)	840	classical	chain	sound	هذا إسناد صحيح حجاج هو ابن منهال وأيوب هو السختياني	1.0	1	urn:openiti:0840ShihabDinBusiri.MisbahZujaja.JK000312-ara1:p02235	1:84	248	Ibn Maja	حدثنا محمد بن يحيى حدثنا حجاج حدثنا يزيد بن إبراهيم حدثنا أيوب عن معاذة أن امرأة سألت عائشة قالت تختضب الحائض فقالت قد كنا عند النبي صلى الله عليه وسلم ونحن نخت
urn:hadith:0273IbnMaja.Sunan:657	al-Busiri (Misbah al-zujaja)	840	classical	chain	very_weak	هذا إسناد فيه عمرو بن خالد كذبه أحمد وابن معين	1.0	1	urn:openiti:0840ShihabDinBusiri.MisbahZujaja.JK000312-ara1:p02245	1:84	249	Ibn Maja	حدثنا محمد بن أبان البلخي حدثنا عبد الرزاق أنبأنا إسرائيل عن عمرو بن خالد عن زيد بن علي عن أبيه عن جده عن علي بن أبي طالب قال انكسرت إحدى زندي فسألت النبي صلى ا
urn:hadith:0273IbnMaja.Sunan:658	al-Busiri (Misbah al-zujaja)	840	classical	chain	sound	هذا إسناد صحيح رجاله رجال الصحيحين	1.0	1	urn:openiti:0840ShihabDinBusiri.MisbahZujaja.JK000312-ara1:p02255	1:84	250	Ibn Maja	حدثنا علي بن محمد حدثنا وكيع عن حماد بن سلمة عن محمد بن زياد عن أبي هريرة قال رأيت النبي صلى الله عليه وسلم حامل الحسين بن علي على عاتقه ولعابه يسيل عليه
urn:hadith:0273IbnMaja.Sunan:659	al-Busiri (Misbah al-zujaja)	840	classical	chain	weak	هذا إسناد منقطع عبد الجبار لم يسمع من أبيه شيئا قاله ابن معين والبخاري	0.89	1	urn:openiti:0840ShihabDinBusiri.MisbahZujaja.JK000312-ara1:p02266	1:84	251	Ibn Maja	حدثنا سويد بن سعيد حدثنا سفيان بن عيينة عن مسعر ح وحدثنا محمد بن عثمان بن كرامة حدثنا أبو أسامة عن مسعر عن عبد الجبار بن وائل عن أبيه قال رأيت النبي صلى الله عل
urn:hadith:0273IbnMaja.Sunan:662	al-Busiri (Misbah al-zujaja)	840	classical	chain	fabricated	هذا إسناد ضعيف مولى عائشة لم يسم رواه الترمذي في الشمائل عن محمود بن غيلان عن وكيع به ورواه الطبراني في المعجم الصغير عن أحمد بن زكريا شاذان عن بركة بن محمد الحلبي عن يوسف بن أسباط عن سفيان الثوري عن محد بن جحادة عن قتادة عن أنس عن عائشة به قال الدارقطني بركة بن محمد كذاب يضع الحديث انتهى وسيأتي هذا الحديث في كتاب النكاح إن شاء الله تعالى	1.0	1	urn:openiti:0840ShihabDinBusiri.MisbahZujaja.JK000312-ara1:p02275	1:85	252	Ibn Maja	حدثنا أبو بكر بن أبي شيبة حدثنا وكيع عن سفيان عن منصور عن موسى بن عبد الله بن يزيد عن مولى لعائشة عن عائشة قالت ما نظرت أو ما رأيت فرج رسول الله صلى الله عليه و
urn:hadith:0273IbnMaja.Sunan:663	al-Busiri (Misbah al-zujaja)	840	classical	chain	weak	هذا إسناد ضعيف أبو علي الرحبي اسمه حسين بن قيس أجمعوا على ضعفه ورواه أبو داود في المراسيل عن موسى بن إسماعيل عن حماد عن إسحاق بن سعيد عن العلاء بن سويد عن العلاء بن زياد عن النبي	0.79	1	urn:openiti:0840ShihabDinBusiri.MisbahZujaja.JK000312-ara1:p02286	1:85	253	Ibn Maja	حدثنا أبو بكر بن أبي شيبة و إسحاق بن منصور قالا حدثنا يزيد بن هارون أنبأنا مسلم بن سعد عن أبي علي الرحبي عن عكرمة عن ابن عباس أن النبي صلى الله عليه وسلم اغتسل 
urn:hadith:0273IbnMaja.Sunan:664	al-Busiri (Misbah al-zujaja)	840	classical	chain	weak	هذا إسناد ضعيف لضعف محمد بن عبيد الله رواه مسدد في مسنده عن أبي الأحوص بإسناده ومتنه وله شاهد من حديث ابن مسعود ورواه البيهقي في سننه	1.0	1	urn:openiti:0840ShihabDinBusiri.MisbahZujaja.JK000312-ara1:p02295	1:85	254	Ibn Maja	حدثنا سويد بن سعيد حدثنا أبو الأحوص عن محمد بن عبيد الله عن الحسن بن سعد عن أبيه عن علي قال جاء رجل إلى النبي صلى الله عليه وسلم فقال إني اغتسلت من الجنابة وصلي
urn:hadith:0273IbnMaja.Sunan:671	al-Busiri (Misbah al-zujaja)	840	classical	chain	sound	هذا إسناد صحيح رواه ابن حبان في صحيحه عن عبد الله بن محمد بن سلمة عن عبد الرحمن بن إبراهيم الدمشقي فذكره بإسناده ومتنه وحكى الترمذي عن البخاري قال حديث الأوزاعي عن نهيك بن يريم في التغليس بالفجر حديث حسن انتهى	1.0	1	urn:openiti:0840ShihabDinBusiri.MisbahZujaja.JK000312-ara1:p02312	1:86	255	Ibn Maja	حدثنا عبد الرحمن بن إبراهيم الدمشقي حدثنا الوليد بن مسلم حدثنا الأوزاعي حدثنا نهيك بن يريم الأوزاعي حدثنا مغيث بن سمي قال صليت مع عبد الله بن الزبير الصبح بغلس 
urn:hadith:0273IbnMaja.Sunan:680	al-Busiri (Misbah al-zujaja)	840	classical	chain	sound	هذا إسناد صحيح ورجاله ثقات	1.0	1	urn:openiti:0840ShihabDinBusiri.MisbahZujaja.JK000312-ara1:p02332	1:87	257	Ibn Maja	حدثنا تميم بن المنتصر الواسطي حدثنا إسحاق بن يوسف عن شريك عن بيان عن قيس بن أبي حازم عن المغيرة بن شعبة قال كنا نصلي مع رسول الله صلى الله عليه وسلم صلاة الظهر 
urn:hadith:0273IbnMaja.Sunan:681	al-Busiri (Misbah al-zujaja)	840	classical	chain	sound	هذا إسناد صحيح رواه ابن حبان في صحيحه من طريق عبد الوهاب ورواه الترمذي من حديث أبي ذر وقال حسن صحيح	1.0	1	urn:openiti:0840ShihabDinBusiri.MisbahZujaja.JK000312-ara1:p02339	1:87	258	Ibn Maja	حدثنا عبد الرحمن بن عمر حدثنا عبد الوهاب الثقفي عن عبيد الله عن نافع عن ابن عمر قال قال رسول الله صلى الله عليه وسلم أبردوا بالظهر
urn:hadith:0273IbnMaja.Sunan:702	al-Busiri (Misbah al-zujaja)	840	classical	chain	very_weak	هذا إسناد صحيح رجاله ثقات رواه أبو داود الطيالسي في مسنده عن عبيد الله بن عبد الرحمن الطائفي به رواه البزار في مسنده حدثنا أحمد بن الوليد البزار حدثنا عبد العزيز بن عبد الله المدني حدثنا محمد بن عبد الله بن عبيد بن عمير عن ابن أبي مليكة عن عروة عن عائشة بإسناده ومتنه وفيه محمد بن عبد الله وهو متروك ورواه الحاكم في المستدرك من طريق أبي حمزة عن عائشة ومن طريقه رواه البيهقي في سننه الكبرى	1.0	1	urn:openiti:0840ShihabDinBusiri.MisbahZujaja.JK000312-ara1:p02364	1:88	260	Ibn Maja	حدثنا أبو بكر بن أبي شيبة حدثنا أبو نعيم ح وحدثنا محمد بن بشار حدثنا أبو عامر قالا حدثنا عبد الله بن عبد الرحمن بن يعلى الطائفي عن عبد الرحمن بن القاسم عن أبيه 
urn:hadith:0273IbnMaja.Sunan:703	al-Busiri (Misbah al-zujaja)	840	classical	chain	weak	هذا إسناد رجاله ثقات ولا أعلم له علة إلا أن عطاء بن السائب اختلط بآخره ومحمد بن فضيل روى عنه بعد الاختلاط ورواه البيهقي في سننه الكبرى من طريق خيثمة عمن سمع ابن مسعود بلفظ لا سمر بعد العشاء إلا لمصل أو مسافر ورواه أبو داود الطيالسي في مسنده عن همام عن عطاء بن السائب به وقال حديث يعني ذم وكره وعاب السمر بعد صلاة العتمة ورواه أبو بكر بن أبي شيبة في مسنده عن محمد بن فضيل به ومتنه كلفظ الطيالسي وكذا رواه أبو يعلى الموصلي	0.68	1	urn:openiti:0840ShihabDinBusiri.MisbahZujaja.JK000312-ara1:p02370	1:88	261	Ibn Maja	حدثنا عبد الله بن سعيد و إسحاق بن إبراهيم بن حبيب و علي بن المنذر قالوا حدثنا محمد بن فضيل حدثنا عطاء بن السائب عن شقيق عن عبد الله بن مسعود قال جدب لنا رسول ال
urn:hadith:0273IbnMaja.Sunan:705	al-Busiri (Misbah al-zujaja)	840	classical	chain	sound	هذا إسناد صحيح وأصله في الصحيحين من حديث عائشة وفي مسلم وأبي داود والنسائي	1.0	1	urn:openiti:0840ShihabDinBusiri.MisbahZujaja.JK000312-ara1:p02382	1:88	262	Ibn Maja	حدثنا يعقوب بن حميد بن كاسب حدثنا المغيرة بن عبد الرحمن عن محمد بن عجلان عن المقبري عن أبي هريرة ح وحدثنا يعقوب بن حميد حدثنا ابن أبي حازم عن عبد الرحمن بن حرمل
urn:hadith:0273IbnMaja.Sunan:708	al-Busiri (Misbah al-zujaja)	840	classical	chain	sound	هذا إسناد صحيح رجاله ثقات وهو في صحيح مسلم وأبي داود والترمذي والنسائي من هذا الوجه خلا ما ذكر هنا غير أن النسائي ذكر صرة الفضة موافقة لابن ماجة رواه مسلم في صحيحه عن أبي عسال مالك بن عبد الواحد وإسحاق بن إبراهيم كلاهما عن معاذ بن هشام عن أبيه عن عامر الأحول عن مكحول عن عبد الله بن محيريز به ورواه أبو داود من طريق منها عن الحسن بن علي عن عفان وسعيد بن عامر والحجاج بن منهال ثلاثتهم عن همام عن عامر الأحول به ورواه الترمذي عن بشر بن معاذ عن إبراهيم بن عبد العزيز بن عبد الملك بن أبي محذورة به وقال حسن صحيح ورواه النسائي من طريق منها عن إسحاق بن إبراهيم به ورواه الحاكم من طريق الشافعي عن مسلم بن خا	0.98	1	urn:openiti:0840ShihabDinBusiri.MisbahZujaja.JK000312-ara1:p02435	1:89	r2434	Ibn Maja	أشهد أن محمدا رسول الله أشهد أن محمدا رسول الله ثم قال لي ارفع من صوتك أشهد أن لا إله إلا الله أشهد أن لا إله إلا الله أشهد أن محمدا رسول الله أشهد أن محمدا رسو
urn:hadith:0273IbnMaja.Sunan:710	al-Busiri (Misbah al-zujaja)	840	classical	chain	weak	هذا إسناد ضعيف لضعف أولاد سعد القرط عمار وسعد وعبد الرحمن رواه مسلم وأبو داود والنسائي والترمذي من حديث جحيفة وقال حسن صحيح	0.82	1	urn:openiti:0840ShihabDinBusiri.MisbahZujaja.JK000312-ara1:p02445	1:90	265	Ibn Maja	حدثنا هشام بن عمار حدثنا عبد الرحمن بن سعد بن عمار بن سعد مؤذن رسول الله صلى الله عليه وسلم حدثني أبي عن أبيه عن جده أن رسول الله صلى الله عليه وسلم أمر بلالا أ
urn:hadith:0273IbnMaja.Sunan:712	al-Busiri (Misbah al-zujaja)	840	classical	chain	weak	هذا إسناد ضعيف لتدليس بقية بن الوليد	1.0	1	urn:openiti:0840ShihabDinBusiri.MisbahZujaja.JK000312-ara1:p02449	1:90	266	Ibn Maja	حدثنا محمد بن المصفى الحمصي حدثنا بقية عن مروان بن سالم عن عبد العزيز بن أبي رواد عن نافع عن ابن عمر قال قال رسول الله صلى الله عليه وسلم خصلتان معلقتان في أعنا
urn:hadith:0273IbnMaja.Sunan:716	al-Busiri (Misbah al-zujaja)	840	classical	chain	unknown_narrator	هذا إسناد رجاله ثقات إلا أن فيه انقطاعا سعيد بن المسيب لم يسمع من بلال رواه الترمذي في جامعه من هذا الوجه بغير هذا السياق قال وفي الباب عن أبي محذورة ا	0.97	1	urn:openiti:0840ShihabDinBusiri.MisbahZujaja.JK000312-ara1:p02457	1:90	267	Ibn Maja	حدثنا عمرو بن رافع حدثنا عبد الله بن المبارك عن معمر عن الزهري عن سعيد بن المسيب عن بلال أنه أتى النبي صلى الله عليه وسلم يؤذنه بصلاة الفجر فقيل هو نائم فقال ال
urn:hadith:0273IbnMaja.Sunan:718	al-Busiri (Misbah al-zujaja)	840	classical	chain	weak	هذا إسناد معلول والمحفوظ عن الزهري عن عطاء بن يزيد عن أبي سعيد الخدري كما أخرجه الأئمة الستة	0.74	1	urn:openiti:0840ShihabDinBusiri.MisbahZujaja.JK000312-ara1:p02467	1:91	268	Ibn Maja	حدثنا أبو إسحاق الشافعي إبراهيم بن محمد بن العباس حدثنا عبد الله بن رجاء المكي عن عبد الرحمن بن إسحاق عن ابن شهاب عن سعيد بن المسيب عن أبي هريرة قال قال رسول ال
urn:hadith:0273IbnMaja.Sunan:719	al-Busiri (Misbah al-zujaja)	840	classical	chain	sound	هذا إسناد صحيح عبد الله بن عتبة أخرج له ابن خزيمة في صحيحه	0.88	1	urn:openiti:0840ShihabDinBusiri.MisbahZujaja.JK000312-ara1:p02473	1:91	269	Ibn Maja	حدثنا شجاع بن مخلد أبو الفصل قال حدثنا هشيم أنبأنا أبو بشر عن أبي المليح بن أسامة عن عبد الله بن عتبة بن أبي سفيان حدثتني عمتي أم حبيبة أنها سمعت رسول الله صلى 
urn:hadith:0273IbnMaja.Sunan:728	al-Busiri (Misbah al-zujaja)	840	classical	chain	weak	هذا إسناد ضعيف لضعف عبد الله بن صالح رواه الحاكم عن محمد بن صالح بن هاني عن محمد بن إسماعيل بن مهران عن أبي طاهر وأبي الربيع عن بيان بن وهب عن ابن لهيعة عن عبيد الله بن أبي جعفر عن نافع بإسناده ومتنه سواء	0.9	1	urn:openiti:0840ShihabDinBusiri.MisbahZujaja.JK000312-ara1:p02497	1:92	272	Ibn Maja	حدثنا محمد بن يحيى و الحسن بن علي الخلال قالا حدثنا عبد الله بن صالح حدثنا يحيى بن أيوب عن ابن جريج عن نافع عن ابن عمر أن رسول الله صلى الله عليه وسلم قال من أذ
urn:hadith:0273IbnMaja.Sunan:732	al-Busiri (Misbah al-zujaja)	840	classical	chain	weak	هذا إسناد ضعيف لاتفاقهم على ضعف معمر بن محمد بن عبيد الله وأبيه محمد رواه الدارقطني عن أحمد بن عبد الله النحاس عن عمر بن شيبة عن معمر به	1.0	1	urn:openiti:0840ShihabDinBusiri.MisbahZujaja.JK000312-ara1:p02516	1:92	274	Ibn Maja	حدثنا أبو بدر عباد بن الوليد حدثني معمر بن محمد بن عبيد الله بن أبي رافع مولى النبي صلى الله عليه وسلم حدثني محمد بن عبيد الله عن أبيه عبيد الله عن أبي رافع قال
urn:hadith:0273IbnMaja.Sunan:734	al-Busiri (Misbah al-zujaja)	840	classical	chain	weak	هذا إسناد فيه ابن أبي فروة واسمه إسحاق بن عبد الله بن أبي فروة ضعيف وكذلك عبد الجبار بن عمر وهو في صحيح مسلم وغيره يعني أبي داود والترمذي والنسائي من حديث أبي هريرة بلفظ فقد عصى أبا القاسم صلى الله تعالى عليه وسلم	0.9	1	urn:openiti:0840ShihabDinBusiri.MisbahZujaja.JK000312-ara1:p02526	1:93	275	Ibn Maja	حدثنا حرملة بن يحيى حدثنا عبد الله بن وهب أنبأنا عبد الجبار بن عمر عن ابن أبي فروة عن محمد بن يوسف مولى عثمان بن عفان عن أبيه عن عثمان بن عفان قال قال رسول الله
urn:hadith:0273IbnMaja.Sunan:735	al-Busiri (Misbah al-zujaja)	840	classical	chain	weak	هذا إسناد مرسل عثمان بن عبد الله بن سراقة	1.0	1	urn:openiti:0840ShihabDinBusiri.MisbahZujaja.JK000312-ara1:p02537	1:93	276	Ibn Maja	حدثنا أبو بكر بن أبي شيبة حدثنا يونس بن محمد حدثنا ليث بن سعد ح وحدثنا أبو بكر بن أبي شيبة حدثنا داود بن عبد الله الجعفري عن عبد العزيز بن محمد جميعا عن يزيد بن
urn:hadith:0273IbnMaja.Sunan:737	al-Busiri (Misbah al-zujaja)	840	classical	chain	weak	هذا إسناد ضعيف الوليد مدلس وابن لهيعة ضعيف وتقدم كونه في الصحيحين من حديث عثمان بن عفان	1.0	1	urn:openiti:0840ShihabDinBusiri.MisbahZujaja.JK000312-ara1:p02543	1:93	277	Ibn Maja	حدثنا العباس بن عثمان الدمشقي حدثنا الوليد بن مسلم عن ابن لهيعة حدثني أبو الأسود عن عروة عن علي بن أبي طالب قال قال رسول الله صلى الله عليه وسلم من بنى لله مسجد
urn:hadith:0273IbnMaja.Sunan:738	al-Busiri (Misbah al-zujaja)	840	classical	chain	sound	هذا إسناد صحيح رواه ابن حبان في صحيحه	1.0	1	urn:openiti:0840ShihabDinBusiri.MisbahZujaja.JK000312-ara1:p02548	1:94	278	Ibn Maja	حدثنا يونس بن عبد الأعلى حدثنا عبد الله بن وهب عن إبراهيم بن نشيط عن عبد الله بن عبد الرحمن بن أبي حسين النوفلي عن عطاء بن أبي رباح عن جابر بن عبد الله أن رسول 
urn:hadith:0273IbnMaja.Sunan:740	al-Busiri (Misbah al-zujaja)	840	classical	chain	fabricated	هذا إسناد ضعيف فيه ليث وهو ابن أبي سليم ضعيف وجبارة بن المغلس وهو كذاب	0.75	1	urn:openiti:0840ShihabDinBusiri.MisbahZujaja.JK000312-ara1:p02556	1:94	279	Ibn Maja	حدثنا جبارة بن المغلس حدثنا عبد الكريم بن عبد الرحمن البجلي عن ليث عن عكرمة عن ابن عباس قال قال رسول الله صلى الله عليه وسلم أراكم ستشرفون مساجدكم بعدي كما شرفت
urn:hadith:0273IbnMaja.Sunan:741	al-Busiri (Misbah al-zujaja)	840	classical	chain	very_weak	هذا إسناد فيه جبارة بن المغلس وقد اتهم رواه أبو يعلى الموصلي في مسنده عن جبارة بن المغلس به	1.0	1	urn:openiti:0840ShihabDinBusiri.MisbahZujaja.JK000312-ara1:p02561	1:94	280	Ibn Maja	حدثنا جبارة بن المغلس حدثنا عبد الكريم بن عبد الرحمن عن أبي إسحاق عن عمرو بن ميمون عن عمر بن الخطاب قال قال رسول الله صلى الله عليه وسلم ما ساء عمل قوم قط إلا ز
urn:hadith:0273IbnMaja.Sunan:744	al-Busiri (Misbah al-zujaja)	840	classical	chain	weak	هذا إسناد ضعيف لتدليس بن إسحاق	1.0	1	urn:openiti:0840ShihabDinBusiri.MisbahZujaja.JK000312-ara1:p02573	1:94	281	Ibn Maja	حدثنا محمد بن يحيى حدثنا عمرو بن عثمان حدثنا موسى بن أعين حدثنا محمد بن إسحاق عن نافع عن ابن عمر وسئل عن الحيطان تلقى فيها العذرات فقال إذا سقيت مرارا فصلوا فيه
urn:hadith:0273IbnMaja.Sunan:748	al-Busiri (Misbah al-zujaja)	840	classical	chain	weak	هذا إسناد فيه زيد بن جبيرة قال ابن عبد البر أجمعوا على أنه ضعيف روى الطبراني في الكبير منه لا تتخذ المساجد طرقا إلا لذكر الله أو صلاة رواه من هذا الوجه بإسناد لا بأس به	1.0	1	urn:openiti:0840ShihabDinBusiri.MisbahZujaja.JK000312-ara1:p02588	1:95	282	Ibn Maja	حدثنا يحيى بن عثمان بن سعيد بن كثير بن دينار الحمصي حدثنا محمد بن حمير حدثنا زيد بن جبيرة الأنصاري عن داود بن الحصين عن نافع عن ابن عمر عن رسول الله صلى الله عل
urn:hadith:0273IbnMaja.Sunan:747	al-Busiri (Misbah al-zujaja)	840	classical	chain	weak	هذا إسناد ضعيف لضعف أبي صالح كاتب الليث	0.88	1	urn:openiti:0840ShihabDinBusiri.MisbahZujaja.JK000312-ara1:p02595	1:95	283	Ibn Maja	حدثنا علي بن داود و محمد بن أبي الحسين قالا حدثنا أبو صالح حدثني الليث حدثني نافع عن ابن عمر عن عمر بن الخطاب أن رسول الله صلى الله عليه وسلم قال سبع مواطن لا ت
urn:hadith:0273IbnMaja.Sunan:750	al-Busiri (Misbah al-zujaja)	840	classical	chain	fabricated	هذا إسناد ضعيف أبو سعيد هو محمد بن سعيد الصواب قال أحمد عمدا كان يضع الحديث وقال البخاري تركوه	0.9	1	urn:openiti:0840ShihabDinBusiri.MisbahZujaja.JK000312-ara1:p02603	1:95	284	Ibn Maja	حدثنا أحمد بن يوسف السلمي حدثنا مسلم بن إبراهيم حدثنا الحرث بن نبهان حدثنا عتبة بن يقظان عن أبي سعيد عن مكحول عن واثلة بن الأسقع أن النبي صلى الله عليه وسلم قال
urn:hadith:0273IbnMaja.Sunan:755	al-Busiri (Misbah al-zujaja)	840	classical	chain	sound	هذا إسناد صحيح رجاله ثقات والرجل المبهم في هذا الحديث هو عتبان بن مالك وهو في الصحيحين والنسائي من حديث عتبان بن مالك	1.0	1	urn:openiti:0840ShihabDinBusiri.MisbahZujaja.JK000312-ara1:p02617	1:96	285	Ibn Maja	حدثنا يحيى بن الفضل المقري حدثنا أبو عامر حدثنا حماد بن سلمة عن عاصم عن أبي صالح عن أبي هريرة أن رجلا من الأنصار أرسل إلى رسول الله صلى الله عليه وسلم أن تعال ف
urn:hadith:0273IbnMaja.Sunan:757	al-Busiri (Misbah al-zujaja)	840	classical	chain	weak	هذا إسناد ضعيف مسلم هو ابن يسار لم يسمع من أبي سعيد الخدري قال أول من أسرج في المساجد تميم الداري قلت كذا رواه موقوفا ومع رفقة في إسناده خالد بن إياس وقد اتفقوا على ضعفه	1.0	1	urn:openiti:0840ShihabDinBusiri.MisbahZujaja.JK000312-ara1:p02635	1:96	287	Ibn Maja	حدثنا هشام بن عمار حدثنا عبد الرحمن بن سليمان بن أبي الجون حدثنا محمد بن صالح المدني حدثنا مسلم بن أبي مريم عن أبي سعيد الخدري قال قال رسول الله صلى الله عليه و
urn:hadith:0273IbnMaja.Sunan:764	al-Busiri (Misbah al-zujaja)	840	classical	chain	sound	هذا إسناد صحيح رجاله ثقات	1.0	1	urn:openiti:0840ShihabDinBusiri.MisbahZujaja.JK000312-ara1:p02643	1:97	289	Ibn Maja	حدثنا علي بن محمد حدثنا وكيع عن هشام بن عروة عن أبيه عن عائشة أن النبي صلى الله عليه وسلم حك بزاقا في قبلة المسجد
urn:hadith:0273IbnMaja.Sunan:773	al-Busiri (Misbah al-zujaja)	840	classical	chain	sound	هذا إسناد صحيح رجاله ثقات	0.93	1	urn:openiti:0840ShihabDinBusiri.MisbahZujaja.JK000312-ara1:p02671	1:97	293	Ibn Maja	حدثنا محمد بن بشار حدثنا أبو بكر الحنفي حدثنا الضحاك بن عثمان حدثنا سعيد المقبري عن أبي هريرة أن رسول الله صلى الله عليه وسلم قال إذا دخل أحدكم المسجد فليسلم عل
urn:hadith:0273IbnMaja.Sunan:778	al-Busiri (Misbah al-zujaja)	840	classical	chain	weak	هذا إسناد مسلسل بالضعفاء عطية هو العوفي وفضيل بن مرزوق والفضل بن الموقف كلهم ضعفاء لكن رواه ابن خزيمة في صحيحه من طريق فضيل بن مرزوق فهو صحيح عنده وذكره رزين ورواه أحمد بن منيع في مسنده حدثنا يزيد حدثنا الفضل بن مرزوق فذكره بإسناده ومتنه وزاد في آخره حتى يفرغ من صلاته	0.95	1	urn:openiti:0840ShihabDinBusiri.MisbahZujaja.JK000312-ara1:p02694	1:98	295	Ibn Maja	حدثنا محمد بن سعيد بن يزيد بن إبراهيم التستري حدثنا الفضل بن الموفق أبو الجهم حدثنا فضيل بن مرزوق عن عطية عن أبي سعيد الخدري قال قال رسول الله صلى الله عليه وسل
urn:hadith:0273IbnMaja.Sunan:779	al-Busiri (Misbah al-zujaja)	840	classical	chain	weak	هذا إسناد ضعيف	1.0	1	urn:openiti:0840ShihabDinBusiri.MisbahZujaja.JK000312-ara1:p02698	1:99	296	Ibn Maja	حدثنا راشد بن سعيد بن راشد الرملي حدثنا الوليد بن مسلم عن أبي رافع إسماعيل بن رافع عن سمي مولى أبي بكر عن أبي صالح عن أبي هريرة قال قال رسول الله صلى الله عليه 
urn:hadith:0273IbnMaja.Sunan:780	al-Busiri (Misbah al-zujaja)	840	classical	chain	weak	هذا إسناد فيه مقال إبراهيم بن محمد هذا قال ابن حبان في الثقات يخطىء	0.84	1	urn:openiti:0840ShihabDinBusiri.MisbahZujaja.JK000312-ara1:p02704	1:99	297	Ibn Maja	حدثنا إبراهيم بن محمد الحلبي حدثنا يحيى بن الحرث الشيرازي حدثنا زهير بن محمد التميمي عن أبي حازم عن سهل بن سعد الساعدي قال قال رسول الله صلى الله عليه وسلم ليبش
urn:hadith:0273IbnMaja.Sunan:781	al-Busiri (Misbah al-zujaja)	840	classical	chain	disputed_narrator	هذا إسناد ضعيف سليمان بن داود قال فيه العقيلي لا يتابع على حديثه روى عن ثابت وقيل عن أبيه عن ثابت عن أنس بن مالك به قلت وليس لداود هذا عند ابن ماجة سوى هذا الحديث ولم يكن له شيء في بقية الكتب ومجزاة لم أر لأحد فيه كلاما رواه الحاكم في المستدرك عن أبي بكر بن إسحاق الفقيه عن محمد بن أيوب عن سليمان بن مسلم عن أبيه عن ثابت به فاضطرب إسناده	1.0	1	urn:openiti:0840ShihabDinBusiri.MisbahZujaja.JK000312-ara1:p02715	1:100	298	Ibn Maja	حدثنا مجزأة بن سفيان بن أسيد مولى ثابت البناني حدثنا سليمان بن داود الصائغ عن ثابت البناني عن أنس بن مالك قال قال رسول الله صلى الله عليه وسلم بشر المشائين في ا
urn:hadith:0273IbnMaja.Sunan:785	al-Busiri (Misbah al-zujaja)	840	classical	chain	weak	هذا إسناد ضعيف موقوف فيه سماك وهو ابن حرب وإن وثقه ابن معين وأبو حاتم فقد قال أحمد مضطرب الحديث وقال يعقوب بن شيبة روايته عن عكرمة مضطربة وروايته عن غيره صالحة	0.76	1	urn:openiti:0840ShihabDinBusiri.MisbahZujaja.JK000312-ara1:p02724	1:101	r2723	Ibn Maja	- ( 99 باب الأبعد من المسجد أعظم أجرا ) - حدثنا علي بن محمد حدثنا وكيع حدثنا إسرائيل عن سماك عن عكرمة عن ابن عباس قال كانت الأنصار بعيدة منازلهم من المسجد فأراد
urn:hadith:0273IbnMaja.Sunan:795	al-Busiri (Misbah al-zujaja)	840	classical	chain	weak	هذا إسناد ضعيف لتدليس الزبرقان بن عمرو لم يسمع من الوليد بن يزيد بن الوليد بن مسلم وعثمان لا يعرف حاله وهو في الصحيحين من حديث أبي هريرة وفي مسلم من حديث ابن مسعود قال الترمذي وفي الباب عن ابن مسعود وأبي الدرداء ومعاذ وأنس وجابر رضي الله تعالى عنهم	0.76	1	urn:openiti:0840ShihabDinBusiri.MisbahZujaja.JK000312-ara1:p02732	1:101	300	Ibn Maja	حدثنا عثمان بن إسماعيل الهذلي الدمشقي حدثنا الوليد بن مسلم عن ابن أبي ذئب عن الزبرقان بن عمر والضمري عن أسامة بن زيد رضي الله عنه قال قال رسول الله صلى الله علي
urn:hadith:0273IbnMaja.Sunan:798	al-Busiri (Misbah al-zujaja)	840	classical	chain	weak	هذا إسناد فيه مقال عمارة لم يدرك أنسا ولم يلقه قال الترمذي والدارقطني ابن عياش كان يدلس ورواه الترمذي وابن ماجة من حديث أنس فجعلاه من مسنده لا مسند عمر ورواه أبو يعلى الموصلي في مسنده حدثنا عثمان بن أبي شيبة فذكره بإسناده ومتنه	0.89	1	urn:openiti:0840ShihabDinBusiri.MisbahZujaja.JK000312-ara1:p02740	1:102	301	Ibn Maja	حدثنا عثمان بن أبي شيبة حدثنا إسماعيل بن عياش عن عمارة بن غزية عن أنس بن مالك عن عمر بن الخطاب عن النبي صلى الله عليه وسلم أنه كان يقول من صلى في مسجد جماعة أرب
urn:hadith:0273IbnMaja.Sunan:800	al-Busiri (Misbah al-zujaja)	840	classical	chain	sound	هذا إسناد صحيح رواه ابن حبان في صحيحه عن عبد الله بن محمد حدثنا إسحاق بن إبراهيم أنبأنا عثمان بن عمر حدثنا ابن أبي ذئب فذكره بإسناده ومتنه ورواه الحاكم عن عبدان بن يزيد عن إبراهيم بن الحسين عن آدم بن أبي إياس عن ابن أبي ذئب به كذا ورواه ابن خزيمة في صحيحه وابن أبي شيبة ورواه أبو داود الطيالسي في مسنده عن ابن أبي ذئب بإسناده ومتنه سواء مسدد في مسنده من طريق سعيد بن يسار ورواه أحمد بن منيع في مسنده عن يعقوب عن ابن أبي ذئب به	1.0	1	urn:openiti:0840ShihabDinBusiri.MisbahZujaja.JK000312-ara1:p02749	1:102	302	Ibn Maja	حدثنا أبو بكر بن أبي شيبة حدثنا شبابة حدثنا ابن أبي ذئب عن المقبري عن سعيد بن يسار عن أبي هريرة عن النبي صلى الله عليه وسلم قال ما توطن رجل مسلم المساجد للصلاة 
urn:hadith:0273IbnMaja.Sunan:801	al-Busiri (Misbah al-zujaja)	840	classical	chain	narrators_trustworthy	هذا إسناد رجاله ثقات رواه الإمام أحمد في مسنده من هذا الوجه	0.83	1	urn:openiti:0840ShihabDinBusiri.MisbahZujaja.JK000312-ara1:p02759	1:102	303	Ibn Maja	حدثنا أحمد بن إسماعيل الدارمي حدثنا النضر بن شميل حدثنا حماد عن ثابت عن أبي أيوب عن عبد الله بن عمرو قال صلينا مع رسول الله صلى الله عليه وسلم المغرب فرجع من رج
urn:hadith:0273IbnMaja.Sunan:808	al-Busiri (Misbah al-zujaja)	840	classical	chain	weak	هذا إسناد ضعيف عطاء بن السائب اختلط بآخره وسمع منه محمد بن الفضيل بعد الاختلاط وقد قيل إن أبا عبد الرحمن السلمي لم يسمع من ابن مسعود رواه ابن خزيمة في صحيحه عن يوسف بن عيسى عن ابن فضيل به ورواه الحاكم في المستدرك عن عبد الله بن محمد بن موسى عن محمد بن موسى عن محمد بن أيوب عن أبي بكر بن أبي شيبة عن محمد بن فضيل بإسناده ومتنه سواء ومن طريق الحاكم رواه البيهقي في الكبرى ورواه الحاكم من طريق ورقاء أيضا عن عطاء بن السائب به مرفوعا فجعل التفسير من قول عطاء دون النبي صلى الله عليه وسلم ومن طريق الحاكم رواه البيهقي ورواه البيهقي أيضا من طريق حماد بن سلمة عن عطاء به موقوفا ورواه أبو بكر بن أبي شيبة في 	0.83	1	urn:openiti:0840ShihabDinBusiri.MisbahZujaja.JK000312-ara1:p02777	1:103	304	Ibn Maja	حدثنا علي بن المنذر حدثنا ابن فضيل حدثنا عطاء بن السائب عن أبي عبد الرحمن السلمي عن ابن مسعود عن النبي صلى الله عليه وسلم قال اللهم إني أعوذ بك من الشيطان الرجي
urn:hadith:0273IbnMaja.Sunan:814	al-Busiri (Misbah al-zujaja)	840	classical	chain	fabricated	هذا إسناد ضعيف أبو عبد الله الدوسي ابن عم أبي هريرة مجهول الحال وبشر بن رافع ضعفه أحمد وقال ابن حبان يروي أشياء موضوعة	0.85	1	urn:openiti:0840ShihabDinBusiri.MisbahZujaja.JK000312-ara1:p02786	1:103	305	Ibn Maja	حدثنا نصر بن علي الجهضمي عن بكر بن خلف وعقبة بن مكرم قالوا حدثنا صفوان بن عيسى حدثنا بشر بن رافع عن أبي عبد الله ابن عم أبي هريرة عن أبي هريرة أن النبي صلى الله
urn:hadith:0273IbnMaja.Sunan:822	al-Busiri (Misbah al-zujaja)	840	classical	chain	weak	هذا إسناد ضعيف الحرث بن نبهان متفق على تضعيفه وله شاهد من حديث ابن عباس رواه مسلم في صحيحه وأصحاب السنن الأربعة	0.7	1	urn:openiti:0840ShihabDinBusiri.MisbahZujaja.JK000312-ara1:p02796	1:104	306	Ibn Maja	حدثنا أزهر بن مروان حدثنا الحرث بن نبهان حدثنا عاصم بن بهدلة عن مصعب بن سعد عن أبيه قال كان رسول الله صلى الله عليه وسلم يقرأ في صلاة الفجر يوم الجمعة آلم تنزيل
urn:hadith:0273IbnMaja.Sunan:824	al-Busiri (Misbah al-zujaja)	840	classical	chain	sound	هذا إسناد صحيح رجاله ثقات وله شاهد من حديث أبي هريرة رواه النسائي في الصغرى	0.69	1	urn:openiti:0840ShihabDinBusiri.MisbahZujaja.JK000312-ara1:p02802	1:104	307	Ibn Maja	حدثنا إسحاق بن منصور أنبأنا إسحاق بن سليمان أنبأنا عمرو بن أبي قيس عن أبي فروة عن أبي الأحوص عن عبد الله بن مسعود أن رسول الله صلى الله عليه وسلم كان يقرأ في صل
urn:hadith:0273IbnMaja.Sunan:828	al-Busiri (Misbah al-zujaja)	840	classical	chain	weak	هذا إسناد فيه زيد العمي وهو ضعيف والمسعودي اختلط بآخره وأبو داود إنما روى عنه بعد	0.95	1	urn:openiti:0840ShihabDinBusiri.MisbahZujaja.JK000312-ara1:p02814	1:104	308	Ibn Maja	حدثنا يحيى بن حكيم حدثنا أبو داود الطيالسي حدثنا المسعودي حدثنا زيد العمي عن أبي نضرة عن أبي سعيد الخدري قال اجتمع ثلاثون بدريا من أصحاب رسول الله صلى الله عليه
urn:hadith:0273IbnMaja.Sunan:839	al-Busiri (Misbah al-zujaja)	840	classical	chain	weak	هذا إسناد ضعيف أبو سفيان السعدي واسمه طريف بن شهاب وقيل ابن سعد	0.96	1	urn:openiti:0840ShihabDinBusiri.MisbahZujaja.JK000312-ara1:p02823	1:104	309	Ibn Maja	حدثنا أبو كريب حدثنا محمد بن الفضيل ح وحدثنا سويد بن سعيد حدثنا علي بن مسهر جميعا عن أبي سفيان السعدي عن أبي نضرة عن أبي سعيد قال قال رسول الله صلى الله عليه وس
urn:hadith:0273IbnMaja.Sunan:842	al-Busiri (Misbah al-zujaja)	840	classical	chain	weak	هذا إسناد فيه معاوية بن يحيى الصدفي أبو روح وهو ضعيف	1.0	1	urn:openiti:0840ShihabDinBusiri.MisbahZujaja.JK000312-ara1:p02834	1:105	311	Ibn Maja	حدثنا علي بن محمد حدثنا إسحاق بن سليمان حدثنا معاوية بن يحيى عن يونس بن ميسرة عن أبي إدريس الخولاني عن أبي الدرداء قال سأله رجل فقال أقرأ والإمام يقرأ قال سأل ر
urn:hadith:0273IbnMaja.Sunan:850	al-Busiri (Misbah al-zujaja)	840	classical	chain	weak	هذا إسناد ضعيف جابر هو ابن يزيد الجعفي متهم لكن رواه أحمد بن منيع وعبد بن حميد بسند صحيح بينته في زوائد المسانيد العشرة وهذا حديث مخالف لما رواه الأئمة الستة من حديث عبادة بن الصامت وله شاهد من حديث أبي هريرة رواه الترمذي وقال وفي الباب عن ابن مسعود وجابر وعمران بن حصين	0.75	1	urn:openiti:0840ShihabDinBusiri.MisbahZujaja.JK000312-ara1:p02848	1:106	313	Ibn Maja	حدثنا علي بن محمد حدثنا عبيد الله بن موسى عن الحسن بن صالح عن جابر عن أبي الزبير عن جابر قال قال رسول الله صلى الله عليه وسلم من كان له إمام فإن قراءة الإمام له
urn:hadith:0273IbnMaja.Sunan:853	al-Busiri (Misbah al-zujaja)	840	classical	chain	fabricated	هذا إسناد ضعيف أبو عبد الله لا يعرف حاله وبشر ضعفه أحمد وقال ابن حبان يروي الموضوعات رواه أبو داود عن نضر بن علي عن محمد بن بشار به إلا قوله ترك الناس التأمين وقوله فيرتج بها المسجد والباقي مثله ورواه ابن حبان في صحيحه عن يحيى بن محمد بن عمرو عن إبراهيم بن العلاء الزبيدي عن عمرو بن الحرث عن عبد الله بن سالم عن الزبيدي عن محمد بن مسلم عن سعيد بن المسيب وأبي سلمة عن أبي هريرة مرفوعا فذكره	1.0	1	urn:openiti:0840ShihabDinBusiri.MisbahZujaja.JK000312-ara1:p02859	1:106	314	Ibn Maja	حدثنا محمد بشار حدثنا صفوان بن عيسى حدثنا بشر بن رافع عن أبي عبد الله ابن عم أبي هريرة عن أبي هريرة قال ترك الناس التأمين وكان رسول الله صلى الله عليه وسلم إذا 
urn:hadith:0273IbnMaja.Sunan:854	al-Busiri (Misbah al-zujaja)	840	classical	chain	weak	هذا إسناد فيه مقال ابن أبي ليلى هو محمد بن عبد الرحمن بن أبي ليلى ضعفه الجمهور وقال أبو حاتم محله الصدق وباقي رجاله ثقات وله شاهد من حديث وائل بن حجر رواه أبو داود والترمذي وقال حديث حسن	1.0	1	urn:openiti:0840ShihabDinBusiri.MisbahZujaja.JK000312-ara1:p02864	1:106	315	Ibn Maja	حدثنا عثمان بن أبي شيبة حدثنا حميد بن عبد الرحمن حدثنا ابن أبي ليلى عن سلمة بن كهيل عن حجية بن عدي عن علي قال سمعت رسول الله صلى الله عليه وسلم إذا قال ولا الضا
urn:hadith:0273IbnMaja.Sunan:856	al-Busiri (Misbah al-zujaja)	840	classical	chain	sound	هذا إسناد صحيح احتج مسلم بجميع رواته رواه أحمد في مسنده وابن خزيمة في صحيحه والطبراني ورواه البيهقي في سننه الكبرى من طريق محمد بن الأشعث عن عائشة أتم منه	1.0	1	urn:openiti:0840ShihabDinBusiri.MisbahZujaja.JK000312-ara1:p02870	1:106	316	Ibn Maja	حدثنا إسحاق بن منصور أخبرنا عبد الصمد بن عبد الوارث حدثنا حماد بن سلمة حدثنا سهيل بن أبي صالح عن أبيه عن عائشة رضي الله عنها عن النبي صلى الله عليه وسلم قال ما 
urn:hadith:0273IbnMaja.Sunan:857	al-Busiri (Misbah al-zujaja)	840	classical	chain	weak	هذا إسناد ضعيف لاتفاقهم على ضعف طلحة بن	0.82	1	urn:openiti:0840ShihabDinBusiri.MisbahZujaja.JK000312-ara1:p02876	1:107	317	Ibn Maja	حدثنا العباس بن الوليد الخلال الدمشقي حدثنا مروان بن محمد و أبو مسهر قالا حدثنا خالد بن يزيد بن صبيح المري حدثنا طلحة بن عمرو عن عطاء عن ابن عباس قال قال رسول ا
urn:hadith:0273IbnMaja.Sunan:860	al-Busiri (Misbah al-zujaja)	840	classical	chain	weak	هذا إسناد ضعيف فيه رواية إسماعيل بن عياش عن الحجازيين وهي ضعيفة وأصله في الصحيحين من هذا الوجه بغير هذا السياق وله شاهد من حديث ابن عمر في الصحيحين والترمذي	0.88	1	urn:openiti:0840ShihabDinBusiri.MisbahZujaja.JK000312-ara1:p02883	1:107	318	Ibn Maja	حدثنا عثمان بن أبي شيبة و هشام بن عمار قالا حدثنا إسماعيل بن عياش عن صالح بن كيسان عن عبد الرحمن الأعرج عن أبي هريرة قال رأيت رسول الله صلى الله عليه وسلم يرفع 
urn:hadith:0273IbnMaja.Sunan:861	al-Busiri (Misbah al-zujaja)	840	classical	chain	weak	هذا إسناد فيه رفدة بن قضاعة وهو ضعيف وعبد الله لم يسمع من أبيه شيئا قاله ابن جريج حكاه عنه البخاري في تاريخه	0.89	1	urn:openiti:0840ShihabDinBusiri.MisbahZujaja.JK000312-ara1:p02888	1:107	319	Ibn Maja	حدثنا هشام بن عمار حدثنا رفدة بن قضاعة الغساني حدثنا الأوزاعي عن عبد الله بن عبيد بن عمير عن أبيه عن جده عمير بن حبيب قال كان رسول الله صلى الله عليه وسلم يرفع 
urn:hadith:0273IbnMaja.Sunan:865	al-Busiri (Misbah al-zujaja)	840	classical	chain	weak	هذا إسناد ضعيف فيه عمر بن رباح وقد اتفقوا على ضعفه	1.0	1	urn:openiti:0840ShihabDinBusiri.MisbahZujaja.JK000312-ara1:p02892	1:107	320	Ibn Maja	حدثنا أيوب بن محمد الهاشمي حدثنا عمر بن رباح عن عبد الله بن طاوس عن أبيه عن ابن عباس أن رسول الله صلى الله عليه وسلم كان يرفع يديه عند كل تكبيرة
urn:hadith:0273IbnMaja.Sunan:866	al-Busiri (Misbah al-zujaja)	840	classical	chain	sound	هذا إسناد صحيح رجاله الصحيحين إلا أن الدارقطني أعله بالوقف رواه أبو بكر بن أبي شيبة في مسنده عن عبد الوهاب الثقفي به ورواه ابن خزيمة في صحيحه عن محمد بن يحيى البرقاني عن عبد الوهاب به ورواه ابن حبان في صحيحه عن عبد الله بن قحطبة والحسن بن سفيان فوقهما عن محمد بن بشار عن عبد الوهاب به ورواه الدارقطني في سننه عن أبي محمد بن صاعد عن بندار به وقال لم يروه عن حميد مرفوعا غير عبد الوهاب والصواب من فعل أنس	1.0	1	urn:openiti:0840ShihabDinBusiri.MisbahZujaja.JK000312-ara1:p02897	1:107	321	Ibn Maja	حدثنا محمد بن بشار حدثنا عبد الوهاب حدثنا حميد عن أنس أن النبي صلى الله عليه وسلم كان يرفع يديه إذا دخل في الصلاة وإذا ركع
urn:hadith:0273IbnMaja.Sunan:868	al-Busiri (Misbah al-zujaja)	840	classical	chain	narrators_trustworthy	هذا إسناد رجاله ثقات وله شاهد من حديث ابن عمر رواه النسائي	1.0	1	urn:openiti:0840ShihabDinBusiri.MisbahZujaja.JK000312-ara1:p02905	1:108	322	Ibn Maja	حدثنا محمد بن يحيى حدثنا أبو حذيفة حدثنا إبراهيم بن طهمان عن أبي الزبير أن جابر بن عبد الله كان إذا افتتح الصلاة رفع يديه وإذا ركع وإذا رفع رأسه من الركوع فعل م
urn:hadith:0273IbnMaja.Sunan:869	al-Busiri (Misbah al-zujaja)	840	classical	chain	narrators_trustworthy	هذا إسناد رجاله ثقات	1.0	1	urn:openiti:0840ShihabDinBusiri.MisbahZujaja.JK000312-ara1:p02914	1:108	323	Ibn Maja	حدثنا أبو بكر بن أبي شيبة حدثنا يزيد بن هارون عن حسين المعلم عن بديل عن أبي الجوزاء عن عائشة قالت كان رسول الله صلى الله عليه وسلم إذا ركع لم يشخص رأسه ولم يصوب
urn:hadith:0273IbnMaja.Sunan:871	al-Busiri (Misbah al-zujaja)	840	classical	chain	sound	هذا إسناد صحيح رجاله ثقات رواه مسدد في مسنده عن ملازم به ورواه الإمام أحمد في مسنده من هذا الوجه وابن خزيمة في صحيحه عن محمد بن المثنى وأحمد بن المقدام كلاهما عن ملازم به ورواه ابن حبان في صحيحه عن الفضل بن الحباب عن مسدد عن ملازم بن عمرو بإسناده ومتنه وله شاهد من حديث أبي هريرة رواه البخاري في صحيحه ورواه أصحاب السنن الأربعة من حديث أبن مسعود	0.93	1	urn:openiti:0840ShihabDinBusiri.MisbahZujaja.JK000312-ara1:p02924	1:108	324	Ibn Maja	حدثنا أبو بكر بن أبي شيبة حدثنا ملازم بن عمرو عن عبد الله بن بدر أخبرني عبد الرحمن بن علي بن شيبان عن أبيه علي بن شيبان وكان من الوفد قال خرجنا حتى قدمنا على رس
urn:hadith:0273IbnMaja.Sunan:872	al-Busiri (Misbah al-zujaja)	840	classical	chain	fabricated	هذا إسناد ضعيف فيه طلحة بن زيد قال فيه البخاري وغيره منكر الحديث وقال أحمد وابن المديني يضع الحديث قلت وله شاهد من حديث ابن عباس رواه أبو يعلى أحمد بن علي بن المثنى الموصلي في مسنده	1.0	1	urn:openiti:0840ShihabDinBusiri.MisbahZujaja.JK000312-ara1:p02930	1:108	325	Ibn Maja	حدثنا إبراهيم بن محمد بن يوسف الفريابي حدثنا عبد الله بن عثمان بن عطاء حدثنا طلحة بن زيد عن راشد قال سمعت وابصة بن معبد يقول رأيت رسول الله صلى الله عليه وسلم ي
urn:hadith:0273IbnMaja.Sunan:874	al-Busiri (Misbah al-zujaja)	840	classical	chain	weak	هذا إسناد فيه حارثة بن أبي الرجال وقد اتفقوا على تضعيفه وأصله في الصحيحين وأبي داود من حديث مصعب بن سعد عن أبيه وله شاهد من حديث عمر بن الخطاب وأبي حميد رواهما الترمذي في جامعه	1.0	1	urn:openiti:0840ShihabDinBusiri.MisbahZujaja.JK000312-ara1:p02938	1:109	326	Ibn Maja	حدثنا أبو بكر بن أبي شيبة حدثنا عبدة بن سليمان عن حارثة بن أبي الرجال عن عمرة عن عائشة قالت كان رسول الله صلى الله عليه وسلم يركع فيضع يديه على ركبتيه ويجافي بع
urn:hadith:0273IbnMaja.Sunan:879	al-Busiri (Misbah al-zujaja)	840	classical	chain	weak	هذا إسناد ضعيف أبو عمر لا يعرف حاله رواه أبو بكر بن أبي شيبة في مسنده عن يحيى بن أبي بكر عن شريك فذكره بإسناده ومتنه مع زيادة فيه ورواه أحمد بن منيع في مسنده حدثنا أبو النصر حدثنا شريك عن أبي عثمان شيخ من بني قبلة كما في الأصل سمعت أبا جحيفة فذكره كما رواه ابن أبي شيبة بالزيادة وله شاهد من حديث علي بن أبي طالب رواه الترمذي ورواه النسائي من حديث عبد الله بن عباس	0.96	1	urn:openiti:0840ShihabDinBusiri.MisbahZujaja.JK000312-ara1:p02963	1:110	328	Ibn Maja	حدثنا إسماعيل بن موسى السدي حدثنا شريك عن أبي عمر قال سمعت أبا جحيفة يقول ذكرت الجدود عند رسول الله صلى الله عليه وسلم وهو في الصلاة فقال رجل جد فلان في الخيل و
urn:hadith:0273IbnMaja.Sunan:896	al-Busiri (Misbah al-zujaja)	840	classical	chain	fabricated	هذا إسناد ضعيف قال ابن حبان والحاكم العلاء أبو محمد روى عن أنس أحاديث موضوعة وقال البخاري وغيره منكر الحديث وقال ابن المديني كان يضع الحديث انتهى	0.88	1	urn:openiti:0840ShihabDinBusiri.MisbahZujaja.JK000312-ara1:p02974	1:110	329	Ibn Maja	حدثنا الحسن بن محمد بن الصباح حدثنا يزيد بن هارون أنبأنا العلاء أبو محمد قال سمعت أنس بن مالك يقول قال لي النبي صلى الله عليه وسلم إذا رفعت رأسك من السجود فلا ت
urn:hadith:0273IbnMaja.Sunan:901	al-Busiri (Misbah al-zujaja)	840	classical	chain	sound	هذا إسناد صحيح رجاله ثقات رواه مسلم في صحيحه وأبو داود والنسائي في سننهما من هذا الوجه دون طرفه الآخر وأصل التشهد في الصحيحين من حديث عبد الله بن مسعود وفي مسلم والنسائي من حديث ابن عباس وفي النسائي من حديث جابر ابن عبد الله	0.96	1	urn:openiti:0840ShihabDinBusiri.MisbahZujaja.JK000312-ara1:p03002	1:111	331	Ibn Maja	حدثنا جميل بن الحسن حدثنا عبد الأعلى حدثنا سعيد عن قتادة ح وحدثنا عبد الرحمن بن عمر حدثنا ابن أبي عدي حدثنا سعيد بن أبي عروبة و هشام بن أبي عبد الله عن قتادة وه
urn:hadith:0273IbnMaja.Sunan:906	al-Busiri (Misbah al-zujaja)	840	classical	chain	weak	هذا إسناد رجاله ثقات إلا أن المسعودي واسمه عبد الرحمن بن عبد الله بن عتبة بن مسعود اختلط بآخره ولم يتميز حديثه الأول بالآخر فاستحق الترك قاله ابن حبان انتهى	1.0	1	urn:openiti:0840ShihabDinBusiri.MisbahZujaja.JK000312-ara1:p03016	1:111	332	Ibn Maja	حدثنا الحسن بن بيان حدثنا زياد بن عبد الله حدثنا المسعودي عن عون بن عبد الله عن أبي فاختة عن الأسود بن يزيد عن عبد الله بن مسعود قال إذا صليتم على رسول الله صلى
urn:hadith:0273IbnMaja.Sunan:907	al-Busiri (Misbah al-zujaja)	840	classical	chain	very_weak	هذا إسناد ضعيف عاصم بن عبيد الله وإن روى عنه شعبة ومالك وابن عيينة فقد قال فيه البخاري وأبو حاتم وغيرهما منكر الحديث ورواه الإمام أحمد وأبو بكر بن أبي شيبة في مسنديهما من طريق عاصم بن عبيد الله قال الحافظ عبد العظيم المنذري وعاصم وإن كان واهي الحديث فقد مشاه بعضهم وصحح له الترمذي قال وهذا الحديث حسن في المتابعة	0.92	1	urn:openiti:0840ShihabDinBusiri.MisbahZujaja.JK000312-ara1:p03025	1:112	333	Ibn Maja	حدثنا بكر بن خلف أبو بشر حدثنا خالد بن الحرث عن شعبة عن عاصم بن عبيد الله قال سمعت عبد الله بن عامر بن ربيعة عن النبي صلى الله عليه وسلم قال ما من مسلم يصلي علي
urn:hadith:0273IbnMaja.Sunan:908	al-Busiri (Misbah al-zujaja)	840	classical	chain	weak	هذا إسناد ضعيف لضعف جبارة بن المغلس رواه الطبراني من طريق جبارة به وله شاهد من حديث أبي هريرة رواه البيهقي في مسنده	0.79	1	urn:openiti:0840ShihabDinBusiri.MisbahZujaja.JK000312-ara1:p03031	1:112	334	Ibn Maja	حدثنا جبارة بن المغلس حدثنا حماد بن زيد عن عمرو بن دينار عن جابر بن زيد عن ابن عباس قال قال رسول الله صلى الله عليه وسلم من نسي الصلاة علي خطىء طريق الجنة
urn:hadith:0273IbnMaja.Sunan:910	al-Busiri (Misbah al-zujaja)	840	classical	chain	sound	هذا إسناد صحيح رجاله ثقات رواه ابن حبان في صحيحه بهذا اللفظ عن محمد بن إسحاق مولى ثقيف عن محمد بن عمرو الرازي زنيج عن جرير بن عبد الحميد به ورواه الإمام أحمد في مسنده وأبو داود في سننه من طريق أبي صالح عن بعض	1.0	1	urn:openiti:0840ShihabDinBusiri.MisbahZujaja.JK000312-ara1:p03041	1:113	335	Ibn Maja	حدثنا يوسف بن موسى القطان حدثنا جرير عن الأعمش عن أبي صالح عن أبي هريرة قال قال رسول الله صلى الله عليه وسلم لرجل ما تقول في الصلاة قال أتشهد ثم أسأل الله الجنة
urn:hadith:0273IbnMaja.Sunan:912	al-Busiri (Misbah al-zujaja)	840	classical	chain	sound	هذا إسناد صحيح رجاله ثقات وله شاهد في صحيح مسلم وأبي داود والنسائي من حديث عبد الله بن الزبير	0.84	1	urn:openiti:0840ShihabDinBusiri.MisbahZujaja.JK000312-ara1:p03049	1:113	336	Ibn Maja	حدثنا علي بن محمد حدثنا عبد الله بن إدريس عن عاصم بن كليب عن أبيه عن وائل بن حجر قال رأيت النبي صلى الله عليه وسلم قد حلق بالإبهام والوسطى ورفع التي تليهما يدعو
urn:hadith:0273IbnMaja.Sunan:916	al-Busiri (Misbah al-zujaja)	840	classical	chain	fair	هذا إسناد حسن هكذا وقع في بعض النسخ وفي بعضها صلة بين زفر عن حذيفة وهناك أخرجه المزي ويؤيد أنه عن عمار أن الدارقطني روى هذا الوجه فقال عن عمار انتهى	1.0	1	urn:openiti:0840ShihabDinBusiri.MisbahZujaja.JK000312-ara1:p03059	1:113	337	Ibn Maja	حدثنا علي بن محمد حدثنا يحيى بن آدم حدثنا أبو بكر بن عياش عن أبي إسحاق عن صلة بن زفر عن عمار بن ياسر قال كان رسول الله صلى الله عليه وسلم يسلم عن يمينه وعن يسار
urn:hadith:0273IbnMaja.Sunan:917	al-Busiri (Misbah al-zujaja)	840	classical	chain	sound	هذا إسناد صحيح رجاله ثقات	1.0	1	urn:openiti:0840ShihabDinBusiri.MisbahZujaja.JK000312-ara1:p03067	1:113	338	Ibn Maja	حدثنا عبد الله بن عامر بن زرارة حدثنا أبو بكر بن عياش عن أبي إسحاق عن يزيد بن أبي مريم عن أبي موسى قال صلى بنا علي يوم الجمل صلاة ذكرنا صلاة رسول الله صلى الله 
urn:hadith:0273IbnMaja.Sunan:918	al-Busiri (Misbah al-zujaja)	840	classical	chain	very_weak	هذا إسناد ضعيف عبد المهيمن قال فيه البخاري منكر الحديث وله شاهد من حديث عائشة رواه الترمذي في جامعه وقال أصح الروايات عن النبي صلى الله عليه وسلم تسليمتين وعليه أكثر أهل العلم من أصحاب النبي صلى الله عليه وسلم والتابعين ومن بعدهم قال ورأى قوم من أصحاب النبي صلى الله عليه وسلم وغيرهم تسليمة واحدة في المكتوبة	1.0	1	urn:openiti:0840ShihabDinBusiri.MisbahZujaja.JK000312-ara1:p03076	1:114	339	Ibn Maja	حدثنا أبو مصعب المديني عن أحمد بن أبي بكر حدثنا عبد المهيمن بن عباس بن سهل بن سعد الساعدي عن أبيه عن جده أن رسول الله صلى الله عليه وسلم سلم تسليمة واحدة تلقاء 
urn:hadith:0273IbnMaja.Sunan:920	al-Busiri (Misbah al-zujaja)	840	classical	chain	weak	هذا إسناد ضعيف لضعف يحيى بن راشد رواه البيهقي في سننه الكبرى عن طريق يعقوب بن سفيان عن محمد بن الحرث به وزاد فيه توضأ فمسح رأسه مرة وقد تقدم هذا الطرف في كتاب الطهارة	1.0	1	urn:openiti:0840ShihabDinBusiri.MisbahZujaja.JK000312-ara1:p03080	1:114	340	Ibn Maja	حدثنا محمد بن الحارث المصري حدثنا يحيى بن راشد عن يزيد مولى سلمة عن سلمة بن الأكوع قال رأيت رسول الله صلى الله عليه وسلم صلى فسلم مرة واحدة
urn:hadith:0273IbnMaja.Sunan:925	al-Busiri (Misbah al-zujaja)	840	classical	chain	unknown_narrator	هذا إسناد رجاله ثقات خلا مولى أم سلمة فإنه لم يسم ولم أر أحدا ممن صنف في المبهمات ذكره ولا أدري ما حاله رواه النسائي في عمل اليوم والليلة عن محمود بن غيلان عن وكيع عن سفيان عن موسى بن أبي عائشة ورواه أحمد بن منيع في مسنده عن حجاج بن محمد حدثني شعبة فذكره ورواه مسدد في مسنده عن أبي عوانة عن موسى بن أبي عائشة عن مولى لأم سلمة عنها سواء ورواه أبو داود والطيالسي وأبو بكر بن أبي شيبة في مسنديهما عن شعبة به ورواه الحميدي في مسنده عن موسى بن أبي عائشة ورواه عبد بن حميد في مسنده عن عبد الملك بن عمرو عن شعبة به	0.88	1	urn:openiti:0840ShihabDinBusiri.MisbahZujaja.JK000312-ara1:p03089	1:114	341	Ibn Maja	حدثنا أبو بكر بن أبي شيبة حدثنا شبابة بن سوار حدثنا شعبة عن موسى بن أبي عائشة عن مولى لأم سلمة عن أم سلمة أن النبي صلى الله عليه وسلم كان يقول إذا صلى الصبح حين
urn:hadith:0273IbnMaja.Sunan:931	al-Busiri (Misbah al-zujaja)	840	classical	chain	narrators_trustworthy	هذا إسناد رجاله ثقات	1.0	1	urn:openiti:0840ShihabDinBusiri.MisbahZujaja.JK000312-ara1:p03098	1:115	342	Ibn Maja	حدثنا بشر بن هلال الصواف حدثنا يزيد بن زريع عن حسين المعلم عن عمرو بن شعيب عن أبيه عن جده قال رأيت النبي صلى الله عليه وسلم ينفتل عن يمينه وعن يساره في الصلاة
urn:hadith:0273IbnMaja.Sunan:946	al-Busiri (Misbah al-zujaja)	840	classical	chain	weak	هذا إسناد فيه مقال عم عبيد الله بن عبد الرحمن بن موهب اسمه عبيد الله بن عبد الله قال أحمد بن حنبل عنده مناكير وقال ابن حبان في الثقات روى عنه ابنه يحيى ويحيى لا شيء وأبو ثقة وإنما وقعت المناكير في حديثه من ابنه قلت ولعل الإمام أحمد إنما أنكر أحاديثه من رواية ابنه عنه فأما من غير رواية ابنه عنه فلا جمعا بين القولين رواه أبو بكر بن أبي شيبة في مسنده هكذا بالإسناد ورواه عبد بن حميد في مسنده عن عمر بن سعد عن عبيد الله بن عبد الرحمن به ورواه ابن خزيمة وابن حبان في صحيحيهما من حديث عبيد الله بن عبد الله بن عبد الرحمن بن موهب فذكراه وصححه عبد العظيم المنذري في كتابه الترغيب	1.0	1	urn:openiti:0840ShihabDinBusiri.MisbahZujaja.JK000312-ara1:p03109	1:115	343	Ibn Maja	حدثنا أبو بكر بن أبي شيبة حدثنا وكيع عن عبيد الله بن عبد الرحمن بن موهب عن عمه عن أبي هريرة قال قال النبي صلى الله عليه وسلم لو يعلم أحدكم ما له في أن يمر بين ي
urn:hadith:0273IbnMaja.Sunan:948	al-Busiri (Misbah al-zujaja)	840	classical	chain	weak	هذا إسناد ضعيف وقع في بعض النسخ عن أمه بدل عن أبيه واعتمد المزي ذلك وأخرج الحديث في ترجمة أم محمد بن قيس عن أم سلمة ولم يسمها وأبوه أيضا لا يعرف والله أعلم	0.85	1	urn:openiti:0840ShihabDinBusiri.MisbahZujaja.JK000312-ara1:p03123	1:116	344	Ibn Maja	حدثنا أبو بكر بن أبي شيبة حدثنا وكيع عن أسامة بن زيد عن محمد بن قيس وهو قاص عمر بن عبد العزيز عن أبيه عن أم سلمة قالت كان النبي صلى الله عليه وسلم يصلي في حجرة 
urn:hadith:0273IbnMaja.Sunan:950	al-Busiri (Misbah al-zujaja)	840	classical	chain	sound	هذا إسناد صحيح احتج البخاري بجميع رواته وله شاهد من حديث أبي ذر رواه أبو داود والترمذي في جامعه إلا أنه قال الكلب الأسود وقال حسن صحيح	1.0	1	urn:openiti:0840ShihabDinBusiri.MisbahZujaja.JK000312-ara1:p03129	1:116	345	Ibn Maja	حدثنا زيد بن أخزم أبو طالب حدثنا معاذ بن هشام حدثنا أبي عن قتادة عن زرارة بن أوفى عن سعد بن هشام عن أبي هريرة عن النبي صلى الله عليه وسلم قال يقطع الصلاة المرأة
urn:hadith:0273IbnMaja.Sunan:951	al-Busiri (Misbah al-zujaja)	840	classical	chain	very_weak	هذا إسناد فيه مقال جميل بن الحسن كذبه عبدان وأرجو أنه لا بأس به وقال لا أعلم له حديثا منكرا انتهى	1.0	1	urn:openiti:0840ShihabDinBusiri.MisbahZujaja.JK000312-ara1:p03135	1:116	346	Ibn Maja	حدثنا جميل بن الحسن حدثنا عبد الأعلى حدثنا سعيد عن قتادة عن الحسن عن عبد الله بن مغفل عن النبي صلى الله عليه وسلم قال يقطع الصلاة المرأة والكلب والحمار
urn:hadith:0273IbnMaja.Sunan:953	al-Busiri (Misbah al-zujaja)	840	classical	chain	weak	هذا إسناد صحيح رجاله ثقات إلا أنه منقطع قال أحمد وابن معين لم يسمع الحسن من ابن عباس قلت رواه ابن خزيمة في صحيحه عن الفضل بن يعقوب عن الهيثم بن جميل عن جرير بن حازم عن يعلى بن حكيم والزبير بن الحريث عن عكرمة عن ابن عباس به ورواه ابن حبان في صحيحه عن ابن خزيمة به ورواه الحاكم في المستدرك من طريق جرير بن عبد الحميد به وقال صحيح على شرط الشيخين ورواه البيهقي من طريق صهيب البصري عن ابن عباس ورواه أحمد ابن منيع في مسنده عن علي بن عاصم عن أبي المعلى به ورواه عبد بن حميد في مسنده من طريق يحيى بن كثير عن عكرمة عن ابن عباس بزيادة فيه	1.0	1	urn:openiti:0840ShihabDinBusiri.MisbahZujaja.JK000312-ara1:p03148	1:117	347	Ibn Maja	حدثنا أحمد بن عبدة أنبأنا حماد بن زيد حدثنا يحيى أبو المعلى عن الحسن العرني قال ذكر عند ابن عباس ما يقطع الصلاة فذكروا الكلب والحمار والمرأة فقال ما تقولون في ا
urn:hadith:0273IbnMaja.Sunan:962	al-Busiri (Misbah al-zujaja)	840	classical	chain	weak	هذا إسناد فيه مقال دارم ذكره ابن حبان في الثقات وقال الذهبي مجهول انتهى وهو في الصحيحين	1.0	1	urn:openiti:0840ShihabDinBusiri.MisbahZujaja.JK000312-ara1:p03159	1:117	348	Ibn Maja	حدثنا محمد بن عبد الله بن نمير حدثنا أبو بدر شجاع بن الوليد عن زياد بن خيثمة عن أبي إسحاق عن دارم عن سعيد بن أبي بردة عن أبي بردة عن أبي موسى قال قال رسول الله 
urn:hadith:0273IbnMaja.Sunan:963	al-Busiri (Misbah al-zujaja)	840	classical	chain	sound	هذا إسناد صحيح روى أبو داود منه الجملة الأولى عن مسدد عن يحيى بن سعيد بإسناده مقتصرا على قصة الركوع والسجود ورواه الدارمي في مسنده عن أبي داود الطيالسي عن ليث بن سعد عن محمد بن عجلان به ورواه ابن الجارود في المنتقى عن إسحاق بن منصور عن يحيى بن سعيد به ورواه ابن خزيمة في صحيحه من طرق منها عن محمد بن بشار عن يحيى بن سعيد به ورواه ابن حبان في صحيحه من طريق أيضا منها عن أبي يعلى عن محمد بن يحيى بن سعيد عن أبيه	1.0	1	urn:openiti:0840ShihabDinBusiri.MisbahZujaja.JK000312-ara1:p03168	1:117	349	Ibn Maja	حدثنا عمار حدثنا سفيان عن ابن عجلان ح وحدثنا أبو بشر بكر بن خلف حدثنا يحيى بن سعيد عن ابن عجلان عن محمد بن يحيى بن حبان عن ابن محيريز عن معاوية بن أبي سفيان قال
urn:hadith:0273IbnMaja.Sunan:964	al-Busiri (Misbah al-zujaja)	840	classical	chain	weak	هذا إسناد ضعيف فيه هارون بن هارون وقد اتفقوا على تضعيفه	0.84	1	urn:openiti:0840ShihabDinBusiri.MisbahZujaja.JK000312-ara1:p03177	1:118	350	Ibn Maja	حدثنا عبد الرحمن بن إبراهيم الدمشقي حدثنا ابن أبي فديك حدثنا هارون بن عبد الله بن الهدير التيمي عن الأعرج عن أبي هريرة أن رسول الله صلى الله عليه وسلم قال إن من
urn:hadith:0273IbnMaja.Sunan:968	al-Busiri (Misbah al-zujaja)	840	classical	chain	weak	هذا إسناد فيه عبد الله بن سعيد متفق على تضعيفه رواه الترمذي في الجامع من حديث العلاء بن عبد الرحمن عن أبيه مرفوعا بلفظ التثاؤب في الصلاة من الشيطان فإذا تثاءب أحدكم فليكظم ما استطاع وقال حسن صحيح قال وفي الباب عن أبي سعيد الخدري وجد عدي بن ثابت	0.85	1	urn:openiti:0840ShihabDinBusiri.MisbahZujaja.JK000312-ara1:p03184	1:118	352	Ibn Maja	حدثنا محمد بن الصباح أنبأنا حفص بن غياث عن عبد الله بن سعيد المقبري عن أبيه عن أبي هريرة أن رسول الله صلى الله عليه وسلم قال إذا تثاءب أحدكم فيلضع يده على فيه و
urn:hadith:0273IbnMaja.Sunan:969	al-Busiri (Misbah al-zujaja)	840	classical	chain	weak	هذا إسناد فيه أبو اليقظان واسمه عثمان بن عمير البجلي وقد أجمعوا على تضعيفه رواه الترمذي عن علي بن حجر عن الفضل بن دكين به إلا أنه قال والعطاس والنعاس والتثاؤب في الصلاة والحيض والقيء والرعاف من الشيطان وقال غريب لا نعرفه إلا من حديث شريك عن أبي اليقظان	1.0	1	urn:openiti:0840ShihabDinBusiri.MisbahZujaja.JK000312-ara1:p03188	1:118	353	Ibn Maja	حدثنا أبو بكر بن أبي شيبة حدثنا الفضل بن دكين عن شريك عن أبي اليقظان عن عدي بن ثابت عن أبيه عن جده عن النبي صلى الله عليه وسلم قال البزاق والمخاط والحيض والنعاس
urn:hadith:0273IbnMaja.Sunan:971	al-Busiri (Misbah al-zujaja)	840	classical	chain	sound	هذا إسناد صحيح رجاله ثقات رواه ابن حبان في صحيحه عن الحسن بن سفيان عن أبي كريب عن يحيى بن عبد الرحمن بإسناد ومتنه ورواه أبو داود في سننه من حديث عبد الله بن عمر مرفوعا ثلاثة لا تقبل منهم صلاة من تقدم قوما وهم له كارهون الحديث	0.94	1	urn:openiti:0840ShihabDinBusiri.MisbahZujaja.JK000312-ara1:p03198	1:119	354	Ibn Maja	حدثنا محمد بن عمرو بن هياج حدثنا يحيى بن عبد الرحمن الأرحبي حدثنا عبيدة بن الأسود عن القاسم بن الوليد عن المنهال بن عمرو عن سعيد بن جبير عن ابن عباس عن رسول الل
urn:hadith:0273IbnMaja.Sunan:972	al-Busiri (Misbah al-zujaja)	840	classical	chain	weak	هذا إسناد ضعيف لضعف الربيع ووالده بدر بن عمر ورواه البيهقي في سننه من طريق الربيع بن بدر ورواه الدارقطني في سننه من حديث عبد الله بن عمرو	0.75	1	urn:openiti:0840ShihabDinBusiri.MisbahZujaja.JK000312-ara1:p03207	1:119	355	Ibn Maja	حدثنا هشام بن عمار حدثنا عن الربيع بن بدر عن أبيه عن جده عمرو بن جراد عن أبي موسى الأشعري قال قال رسول الله صلى الله عليه وسلم الاثنان فما فوقهما جماعة
urn:hadith:0273IbnMaja.Sunan:974	al-Busiri (Misbah al-zujaja)	840	classical	chain	very_weak	هذا إسناد فيه شرحبيل بن سعد ضعفه غير واحد بل اتهمه بعضهم بالكذب لكن ذكره ابن حبان في الثقات وأخرج له هو وابن خزيمة في صحيحيهما هذا الحديث من طريق شرحبيل بن سعد به	0.87	1	urn:openiti:0840ShihabDinBusiri.MisbahZujaja.JK000312-ara1:p03213	1:119	356	Ibn Maja	حدثنا بكر بن خلف أبو بشر حدثنا أبو بكر الحنفي حدثنا الضحاك بن عثمان حدثنا شرحبيل سمعت عبد الله يقول كان رسول الله صلى الله عليه وسلم يصلي المغرب فجئت فقمت عن يس
urn:hadith:0273IbnMaja.Sunan:977	al-Busiri (Misbah al-zujaja)	840	classical	chain	weak	هذا إسناد رجاله ثقات رواه الحاكم في المستدرك عن أبي بكر بن إسحاق عن أبي المثنى عن مسدد عن يزيد بن زريع عن حميد بالإسناد والمتن وقال هذا حديث صحيح على شرط الشيخين قلت وله شاهد في صحيح مسلم وغيره من حديث أبي مسعود مرفوعا ليليني منكم أولو الأرحام والنهي	1.0	1	urn:openiti:0840ShihabDinBusiri.MisbahZujaja.JK000312-ara1:p03223	1:119	357	Ibn Maja	حدثنا نصر بن علي الجهضمي حدثنا عبد الوهاب عن حميد عن أنس قال كان رسول الله صلى الله عليه وسلم يحب أن يليه المهاجرون والأنصار ليأخذوا عنه
urn:hadith:0273IbnMaja.Sunan:981	al-Busiri (Misbah al-zujaja)	840	classical	chain	weak	هذا إسناد ضعيف عبد الحميد اتفقوا على تضعيفه وأخرج الترمذي منه الجملة الأولى الإمام ضامن من حديث أبي هريرة	0.89	1	urn:openiti:0840ShihabDinBusiri.MisbahZujaja.JK000312-ara1:p03237	1:120	358	Ibn Maja	حدثنا أبو بكر بن أبي شيبة حدثنا سعيد بن سليمان حدثنا عبد الحميد بن سليمان أخو فليح حدثنا أبو حازم قال كان سهل بن سعد الساعدي يقدم فتيان قومه يصلون بهم فقيل له ت
urn:hadith:0273IbnMaja.Sunan:995	al-Busiri (Misbah al-zujaja)	840	classical	chain	weak	هذا إسناد فيه إسماعيل بن عياش وهو من روايته عن الحجازيين وهي ضعيفة رواه الإمام أحمد في مسنده وابن خزيمة وابن حبان في صحيحه والحاكم وقال صحيح على شرط مسلم وروى أبو داود شطره الأول من حديث البراء بن عازب	1.0	1	urn:openiti:0840ShihabDinBusiri.MisbahZujaja.JK000312-ara1:p03247	1:120	359	Ibn Maja	حدثنا هشام بن عمار حدثنا إسماعيل بن عياش حدثنا هشام بن عروة عن أبيه عن عائشة قالت قال رسول الله صلى الله عليه وسلم إن الله وملائكته يصلون على الذين يصلون الصفوف
urn:hadith:0273IbnMaja.Sunan:990	al-Busiri (Misbah al-zujaja)	840	classical	chain	weak	هذا إسناد فيه مقال قال المزي قيل لم يسمع الحسن من عثمان بن أبي العاص انتهى	1.0	1	urn:openiti:0840ShihabDinBusiri.MisbahZujaja.JK000312-ara1:p03256	1:120	360	Ibn Maja	حدثنا إسماعيل بن أبي كريمة الحراني عن محمد بن سلمة عن محمد بن عبد الله بن علاثة عن هشام بن حسان عن الحسن عن عثمان بن أبي العاص قال قال رسول الله صلى الله عليه و
urn:hadith:0273IbnMaja.Sunan:999	al-Busiri (Misbah al-zujaja)	840	classical	chain	sound	هذا إسناد صحيح رجاله ثقات	0.81	1	urn:openiti:0840ShihabDinBusiri.MisbahZujaja.JK000312-ara1:p03268	1:121	362	Ibn Maja	حدثنا محمد بن المصفى الحمصي حدثنا أنس بن عياش حدثنا محمد بن عمرو بن علقمة عن إبراهيم بن عبد الرحمن بن عوف عن أبيه قال قال رسول الله صلى الله عليه وسلم يقول إن ا
urn:hadith:0273IbnMaja.Sunan:1001	al-Busiri (Misbah al-zujaja)	840	classical	chain	fair	هذا إسناد حسن رواه أبو بكر بن أبي شيبة في مسنده عن حسين بن علي عن زائدة عن عبد الله بن محمد بن عقيل به بزيادة في آخره ورواه أحمد بن منيع في مسنده حدثنا أبو أحمد الزبيري حدثنا سفيان فذكره بإسناد ابن ماجة ومتنه ورواه الإمام أحمد في مسنده هكذا من حديث أبي سعيد ورواه من حديث جابر أيضا ثم منه ورواه أبو داود في سننه والترمذي في جامعه والنسائي ورواه مسلم في صحيحه كذلك من رواية أبي هريرة	1.0	1	urn:openiti:0840ShihabDinBusiri.MisbahZujaja.JK000312-ara1:p03279	1:121	363	Ibn Maja	حدثنا علي بن محمد حدثنا وكيع عن سفيان عن عبد الله بن محمد بن عقيل عن جابر بن عبد الله قال قال رسول الله صلى الله عليه وسلم خير صفوف الرجال مقدمها وشرها مؤخرها و
urn:hadith:0273IbnMaja.Sunan:1003	al-Busiri (Misbah al-zujaja)	840	classical	chain	sound	هذا إسناد صحيح رجاله ثقات رواه ابن حبان في صحيحه عن ابن قتيبة عن محمد بن السري عن ملازم فذكره بإسناده ومتنه سواء ورواه الإمام أحمد في مسنده من هذا الوجه ورواه البيهقي في سننه من طريق ملازم بن عمرو ورواه ابن أبي شيبة في مسنده بهذا الإسناد والمتن وزاد بقيته الذي أورده ابن ماجة في باب لا صلاة لمن لا يقيم صلبه في الركوع ورواه أبو داود والترمذي من حديث وابصة بن معبد وزاد فأمره أن يعيد الصلاة	0.93	1	urn:openiti:0840ShihabDinBusiri.MisbahZujaja.JK000312-ara1:p03305	1:122	365	Ibn Maja	حدثنا أبو بكر بن أبي شيبة حدثنا ملازم بن عمرو عن عبد الله بن بدر حدثني عبد الرحمن بن علي بن شيبان عن أبيه علي بن شيبان كان من الوفد قال خرجنا حتى قدمنا على النب
urn:hadith:0273IbnMaja.Sunan:1007	al-Busiri (Misbah al-zujaja)	840	classical	chain	weak	هذا إسناد ضعيف لضعف ليث بن أبي سليم	1.0	1	urn:openiti:0840ShihabDinBusiri.MisbahZujaja.JK000312-ara1:p03314	1:122	366	Ibn Maja	حدثنا محمد بن أبي الحسين أبو جعفر حدثنا عمرو بن عثمان الكلابي حدثنا عبيد الله بن عمرو الرقي عن ليث بن أبي سليم عن نافع عن ابن عمر قال قيل للنبي صلى الله عليه وس
urn:hadith:0273IbnMaja.Sunan:1010	al-Busiri (Misbah al-zujaja)	840	classical	chain	sound	هذا إسناد صحيح رجاله ثقات رواه الشيخان وغيرهما من هذا الوجه سوى ما ذكر ورواه ابن خزيمة في صحيحه عن محمد بن المثنى عن يحيى بن أبي سعيد عن أبي إسحاق به ورواه ابن الجارود عن محمد بن يحيى عن النفيلي عن زهير بن معاوية عن أبي إسحاق به	0.97	1	urn:openiti:0840ShihabDinBusiri.MisbahZujaja.JK000312-ara1:p03330	1:123	367	Ibn Maja	حدثنا علقمة بن عمرو الدارمي حدثنا أبو بكر بن عياش عن أبي إسحاق عن البراء قال صلينا مع رسول الله صلى الله عليه وسلم نحو بيت المقدس ثمانية عشر شهرا وصرفت القبلة إ
urn:hadith:0273IbnMaja.Sunan:1012	al-Busiri (Misbah al-zujaja)	840	classical	chain	weak	هذا إسناد رجاله ثقات إلا أنه منقطع قال أبو حاتم المطلب بن عبد الله عن أبي هريرة مرسل رواه ابن خزيمة في صحيحه عن الحسين بن عيسى البسطامي عن محمد بن أبي فديك المديني به قلت وله شاهد من حديث أبي قتادة الأنصاري رواه أصحاب الكتب الستة قال الترمذي وفي الباب عن أبي أمامة وأبي هريرة وأبي ذر وكعب بن مالك	0.8	1	urn:openiti:0840ShihabDinBusiri.MisbahZujaja.JK000312-ara1:p03338	1:123	368	Ibn Maja	حدثنا إبراهيم بن المنذري الحزامي و يعقوب بن حميد بن كاسب قالا حدثنا ابن أبي فديك عن كثير بن زيد عن المطلب بن عبد الله عن أبي هريرة أن رسول الله صلى الله عليه وس
urn:hadith:0273IbnMaja.Sunan:1019	al-Busiri (Misbah al-zujaja)	840	classical	chain	sound	هذا إسناد صحيح رجاله ثقات رواه أبو داود من هذا الوجه بغير هذا السياق وله شاهد من حديث زيد بن أرقم رواه الترمذي في الجامع وقال حسن صحيح قال وفي الباب عن عبد الله بن مسعود ومعاوية بن الحكم	1.0	1	urn:openiti:0840ShihabDinBusiri.MisbahZujaja.JK000312-ara1:p03348	1:123	369	Ibn Maja	حدثنا أحمد بن سعيد الدارمي حدثنا النضر بن شميل حدثنا يونس بن أبي إسحاق عن أبي إسحاق عن أبي الأحوص عن عبد الله قال كنا نسلم في الصلاة فقيل لنا إن في الصلاة لشغلا
urn:hadith:0273IbnMaja.Sunan:1023	al-Busiri (Misbah al-zujaja)	840	classical	chain	sound	هذا إسناد صحيح رجاله ثقات	0.85	1	urn:openiti:0840ShihabDinBusiri.MisbahZujaja.JK000312-ara1:p03357	1:124	370	Ibn Maja	حدثنا هناد بن السري و عبد الله بن عامر بن زرارة قالا حدثنا أبو بكر بن عياش عن عاصم عن أبي وائل عن حذيفة أنه رأى شبث بن ربعي بزق بين يديه فقال يا شبث لا تبزق بين
urn:hadith:0273IbnMaja.Sunan:1024	al-Busiri (Misbah al-zujaja)	840	classical	chain	sound	هذا إسناد صحيح رجاله ثقات وله شاهد في صحيح مسلم وغيره من حديث أبي هريرة	0.83	1	urn:openiti:0840ShihabDinBusiri.MisbahZujaja.JK000312-ara1:p03362	1:124	371	Ibn Maja	حدثنا زيد بن أخزم و عبدة بن عبد الله قالا حدثنا عبد الصمد حدثنا حماد بن سلمة عن ثابت عن أنس بن مالك أن رسول الله صلى الله عليه وسلم بزق في ثوبه وهو في الصلاة ثم
urn:hadith:0273IbnMaja.Sunan:1030	al-Busiri (Misbah al-zujaja)	840	classical	chain	weak	هذا إسناد ضعيف زمعة بن صالح وإن أخرج له مسلم فإنما روى له مقرونا بغيره فقد ضعفه أحمد وابن معين وغيرهما	1.0	1	urn:openiti:0840ShihabDinBusiri.MisbahZujaja.JK000312-ara1:p03371	1:124	372	Ibn Maja	حدثنا حرملة بن يحيى حدثنا عبد الله بن وهب حدثني زمعة بن صالح عن عمرو بن دينار قال صلى ابن عباس وهو
urn:hadith:0273IbnMaja.Sunan:1032	al-Busiri (Misbah al-zujaja)	840	classical	chain	very_weak	هذا إسناد فيه إبراهيم بن إسماعيل الأشهلي قال فيه البخاري منكر الحديث وضعفه ابن معين والنسائي والدارقطني ووثقه أحمد والعجلي وعبد الله بن عبد الرحمن لم أر من تكلم فيه ولا من وثقه وباقي رجال الإسناد ثقات رواه ابن خزيمة في صحيحه عن محمد بن إسحاق الصنعاني عن سويد بن أبي مريم عن إبراهيم بن إسماعيل بن أبي حبيبة عن عبد الرحمن بن عبد الرحمن بن ثابت به ورواه البيهقي في سننه الكبرى من طريق يعقوب بن سفيان عن إسماعيل بن أبي أويس عن إبراهيم بن إسماعيل عن عبد الرحمن بن عبد الرحمن به وضعفه وله شاهد من حديث أنس رواه أصحاب الكتب الستة	1.0	1	urn:openiti:0840ShihabDinBusiri.MisbahZujaja.JK000312-ara1:p03386	1:125	374	Ibn Maja	حدثنا جعفر بن مسافر حدثنا إسماعيل بن أبي أويس أخبرني إبراهيم بن إسماعيل الأشهلي عن عبد الله بن عبد الرحمن بن ثابت بن الصامت عن أبيه عن جده أن رسول الله صلى الله
urn:hadith:0273IbnMaja.Sunan:1036	al-Busiri (Misbah al-zujaja)	840	classical	chain	fair	هذا إسناد حسن وله شاهد في الصحيحين وغيرهما من حديث أبي هريرة وسهل بن سعد وفي الباب عن جابر وعلي بن أبي طالب وأبي سعيد وابن عمر	0.6	1	urn:openiti:0840ShihabDinBusiri.MisbahZujaja.JK000312-ara1:p03393	1:125	r3392	Ibn Maja	- حدثنا سويد بن سعيد حدثنا يحي بن سليم عن إسماعيل بن أمية و عبيد الله عن نافع أنه كان يقول قال ابن عمر رخص رسول الله للنساء في التصفيق وللرجال في التسبيح
urn:hadith:0273IbnMaja.Sunan:1037	al-Busiri (Misbah al-zujaja)	840	classical	chain	sound	هذا إسناد صحيح وله شاهد من حديث عبد الله بن عمرو رواه أبو داود وابن ماجة قال الترمذي وفي الباب عن عبد الله بن مسعود وعبد الله بن أبي حبيبة وعبد الله بن عمرو وعمرو بن حريث وشداد بن أود وأوس وأبي هريرة	0.86	1	urn:openiti:0840ShihabDinBusiri.MisbahZujaja.JK000312-ara1:p03404	1:125	376	Ibn Maja	حدثنا أبو بكر بن أبي شيبة حدثنا غندر عن شعبة عن النعمان بن سالم عن ابن أبي أوس قال كان جدي أوس أحيانا يصلي فيشير إلي وهو في الصلاة فأعطيه نعله ويقول رأيت رسول ا
urn:hadith:0273IbnMaja.Sunan:1039	al-Busiri (Misbah al-zujaja)	840	classical	chain	weak	هذا إسناد فيه أبو إسحاق السبيعي اختلط بآخره وزهير هو ابن معاوية بن خديج روى عنه في اختلاطه قاله أبو زرعة	1.0	1	urn:openiti:0840ShihabDinBusiri.MisbahZujaja.JK000312-ara1:p03409	1:125	377	Ibn Maja	حدثنا علي بن محمد حدثنا يحيى بن آدم حدثنا زهير عن أبي إسحاق عن علقمة عن عبد الله قال لقد رأينا رسول الله صلى الله عليه وسلم يصلي في النعلين والخفين
urn:hadith:0273IbnMaja.Sunan:1043	al-Busiri (Misbah al-zujaja)	840	classical	chain	sound	هذا إسناد صحيح رجاله ثقات رواه الطبراني في الكبير ورواته رواة الصحيح وكذا رواه ابن حبان في صحيحه من هذا الوجه ورواه مسلم في حديثه جابر بن سمرة ورواه الترمذي في جامعه من حديث الفضل بن عباس ورواه النسائي في الصغرى من حديث أنس	1.0	1	urn:openiti:0840ShihabDinBusiri.MisbahZujaja.JK000312-ara1:p03417	1:126	378	Ibn Maja	حدثنا عثمان بن أبي شيبة حدثنا طلحة بن يحيى عن يونس عن الزهري عن سالم عن ابن عمر قال قال رسول الله صلى الله عليه وسلم لا ترفعوا أبصاركم إلى السماء أن تلتمع يعني 
urn:hadith:0273IbnMaja.Sunan:1051	al-Busiri (Misbah al-zujaja)	840	classical	chain	fair	هذا إسناد حسن رواه النسائي في الصغرى من حديث عمرو بن سلمة وغيره	1.0	1	urn:openiti:0840ShihabDinBusiri.MisbahZujaja.JK000312-ara1:p03427	1:126	379	Ibn Maja	حدثنا أبو بكر بن أبي شيبة حدثنا محمد بن بشر حدثنا عمرو بن كثير حدثنا ابن كيسان عن أبيه قال رأيت النبي صلى الله عليه وسلم يصلي الظهر والعصر في ثوب واحد متلببا به
urn:hadith:0273IbnMaja.Sunan:1056	al-Busiri (Misbah al-zujaja)	840	classical	chain	weak	هذا إسناد ضعيف لضعف عثمان بن فائد رواه أبو داود في سننه والترمذي في الجامع مختصرا عن سفيان بن وكيع عن ابن وهب عن عمرو بن الحارث عن سعيد بن أبي هلال عن عمر الدمشقي عن أم الدرداء عن أبي الدرداء بلفظ سجدت مع النبي صلى الله عليه وسلم إحدى عشرة سجدة منها التي في النجم حسن	0.93	1	urn:openiti:0840ShihabDinBusiri.MisbahZujaja.JK000312-ara1:p03442	1:127	381	Ibn Maja	حدثنا محمد بن يحيى حدثنا سليمان بن عبد الرحمن الدمشقي حدثنا عثمان بن فائد حدثنا عاصم بن رجاء بن حيوة عن المهدي بن عبد الرحمن بن عيينة بن خاطر قال حدثتني عمتي أم
urn:hadith:0273IbnMaja.Sunan:1080	al-Busiri (Misbah al-zujaja)	840	classical	chain	weak	هذا إسناد ضعيف لضعف يزيد بن أبان الرقاشي	1.0	1	urn:openiti:0840ShihabDinBusiri.MisbahZujaja.JK000312-ara1:p03482	1:128	385	Ibn Maja	حدثنا عبد الرحمن بن إبراهيم الدمشقي حدثنا الوليد بن مسلم حدثنا الأوزاعي عن عمرو بن سعد عن يزيد الرقاشي عن أنس بن مالك عن النبي صلى الله عليه وسلم قال ليس بين ال
urn:hadith:0273IbnMaja.Sunan:1081	al-Busiri (Misbah al-zujaja)	840	classical	chain	weak	هذا إسناد ضعيف لضعف علي بن زيد بن جدعان وعبد الله بن محمد العدوي قال المزي رواه موسى بن داود عن الوليد بن بكير فقال عن محمد بن عبد الله ورواه عبد بن حميد في مسنده حدثنا إبراهيم بن عيسى الطالقاني حدثنا بقية بن الوليد عن حمزة بن حسان عن علي بن يزيد فذكره بالإسناد والمتن ورواه أبو يعلى الموصلي في مسنده من طريق محمد بن علي عن سعيد بن المسيب به إلا أنه قال وهو على منبره يوم الجمعة وقال فيه توجروا وله شاهد من حديث أبي سعيد الخدري رواه الطبراني في الأوسط	0.93	1	urn:openiti:0840ShihabDinBusiri.MisbahZujaja.JK000312-ara1:p03500	1:129	386	Ibn Maja	حدثنا محمد بن عبد الله بن نمير حدثنا الوليد بن بكير حدثني عبد الله بن محمد العدوي عن علي بن زيد عن سعيد بن المسيب عن جابر بن عبد الله قال خطبنا رسول الله صلى ال
urn:hadith:0273IbnMaja.Sunan:1084	al-Busiri (Misbah al-zujaja)	840	classical	chain	sound	هذا إسناد حسن رواه الإمام أحمد وأبو بكر ابن أبي شيبة في مسنديهما هكذا وروى أبو داود والنسائي والترمذي بعضه من حديث أبي هريرة وقال حسن صحيح قال وفي الباب عن أبي لبابة وسلمان وأبي ذر وسعيد بن عبادة وأوس بن أوس	0.95	1	urn:openiti:0840ShihabDinBusiri.MisbahZujaja.JK000312-ara1:p03517	1:129	387	Ibn Maja	حدثنا أبو بكر ابن أبي شيبة حدثنا يحيى ابن أبي بكير حدثنا زهير بن محمد عن عبد الله بن محمد بن عقيل عن عبد الرحمن بن يزيد الأنصاري عن أبي لبابة بن عبد المنذر قال 
urn:hadith:0273IbnMaja.Sunan:1091	al-Busiri (Misbah al-zujaja)	840	classical	chain	weak	هذا إسناد ضعيف لضعف يزيد الرقاشي رواه أبو داود الطيالسي في مسنده عن الربيع عن يزيد مثله سواء ورواه أحمد بن منيع في مسنده عن علي بن هشام عن إسماعيل بن مسلم عن الحسن عن السري فذكره بإسناده ومتنه وقال في آخره فالغسل أفضل وهو من السنة ورواه أبو داود والترمذي والنسائي وابن الجارود وابن خزيمة من حديث سمرة بن جندب إلا قوله يجزىء عنه الفريضة	0.74	1	urn:openiti:0840ShihabDinBusiri.MisbahZujaja.JK000312-ara1:p03535	1:130	389	Ibn Maja	حدثنا نصر بن علي الجهضمي حدثنا يزيد بن هارون أنبأنا إسماعيل بن مسلم المكي عن يزيد بن أبان الرقاشي عن أنس بن مالك عن النبي صلى الله عليه وسلم قال من توضأ يوم الج
urn:hadith:0273IbnMaja.Sunan:1092	al-Busiri (Misbah al-zujaja)	840	classical	chain	sound	هذا إسناد صحيح رواه مسلم في صحيحه والنسائي في الصغرى من طريق سفيان به خلا زيادة سهل ابن أبي سهل ورواه الشيخان والنسائي في الصغرى والكبرى وأبو داود والترمذي من طريق أبي هريرة فلم يذكروا الزيادة ولم يذكروا قدر منالهم	0.95	1	urn:openiti:0840ShihabDinBusiri.MisbahZujaja.JK000312-ara1:p03552	1:130	390	Ibn Maja	حدثنا هشام بن عمار و سهل ابن أبي سهل قالا حدثنا سفيان بن عيينة عن الزهري عن سعيد بن المسيب عن أبي هريرة أن رسول الله صلى الله عليه وسلم قال إذا كان يوم الجمعة ك
urn:hadith:0273IbnMaja.Sunan:1093	al-Busiri (Misbah al-zujaja)	840	classical	chain	sound	هذا إسناد صحيح رجاله ثقات رواه أبو يعلى الموصلي في مسنده حدثنا أبو كريب فذكره بإسناده ومتنه سواء	0.95	1	urn:openiti:0840ShihabDinBusiri.MisbahZujaja.JK000312-ara1:p03557	1:130	391	Ibn Maja	حدثنا أبوكريب حدثنا وكيع عن سعيد بن بشير عن قتادة عن الحسن عن سمرة بن جندب أن رسول الله صلى الله عليه وسلم ضرب مثل الجمعة ثم التبكير كناحر البدنة كناحر البقرة ك
urn:hadith:0273IbnMaja.Sunan:1094	al-Busiri (Misbah al-zujaja)	840	classical	chain	disputed_narrator	هذا إسناد فيه مقال عبد المجيد هذا هو ابن عبد العزيز ابن أبي رواد وإن أخرج له مسلم في صحيحه فإنما أخرج له مقرونا بغيره فقد كان شديد الإرجاء داعية إليه لكن وثقه الجمهور أحمد وابن معين وأبو داود والنسائي ولينه أبو حاتم وضعفه ابن حبان وباقي رجال الإسناد حسن	0.93	1	urn:openiti:0840ShihabDinBusiri.MisbahZujaja.JK000312-ara1:p03568	1:131	392	Ibn Maja	حدثنا كثير بن عبيد الحمصي حدثنا عبد المجيد بن عبد العزيز عن معمر عن الأعمش عن إبراهيم عن علقمة قال خرجت مع عبد الله إلى الجمعة فوجد ثلاثة قد سبقوه فقال رابع أرب
urn:hadith:0273IbnMaja.Sunan:1096	al-Busiri (Misbah al-zujaja)	840	classical	chain	sound	هذا إسناد صحيح رجاله ثقات رواه أبو داود في سننه بهذا اللفظ من حديث عبد الله بن سلام	1.0	1	urn:openiti:0840ShihabDinBusiri.MisbahZujaja.JK000312-ara1:p03579	1:131	393	Ibn Maja	حدثنا محمد بن يحيى حدثنا عمرو بن أبي سلمة عن زهير عن هشام بن عروة عن أبيه عن عائشة أن النبي صلى الله عليه وسلم خطب الناس يوم الجمعة فرأى عليهم ثياب النمار فقال 
urn:hadith:0273IbnMaja.Sunan:1097	al-Busiri (Misbah al-zujaja)	840	classical	chain	sound	هذا إسناد صحيح رجاله ثقات رواه أبو داود الطيالسي في مسنده عن يحيى بن سعيد به	0.88	1	urn:openiti:0840ShihabDinBusiri.MisbahZujaja.JK000312-ara1:p03587	1:131	394	Ibn Maja	حدثنا سهل ابن أبي سهل و حوثرة بن محمد قالا حدثنا يحيى بن سعيد القطان عن ابن عجلان عن سعيد المقبري عن أبيه عن عبد الله بن وديعة عن أبي ذر عن النبي صلى الله عليه 
urn:hadith:0273IbnMaja.Sunan:1098	al-Busiri (Misbah al-zujaja)	840	classical	chain	weak	هذا إسناد فيه صالح ابن أبي الأخضر لينه الجمهور وباقي رجال الإسناد ثقات رواه عبد العظيم المنذري الحافظ في كتاب الترغيب وقال حسن ورواه الترمذي في جامعه من حديث البراء بن عازب مرفوعا حق على المسلمين أن يغتسلوا يوم الجمعة وليمس أحدكم من طيب أهله فإن لم يجد فالماء له طيب وقال حديث حسن	1.0	1	urn:openiti:0840ShihabDinBusiri.MisbahZujaja.JK000312-ara1:p03598	1:132	395	Ibn Maja	حدثنا عمار بن خالد الواسطي حدثنا علي بن غراب عن صالح ابن أبي الأخضر عن الزهري عن عبيد بن السباق عن ابن عباس قال قال رسول الله صلى الله عليه وسلم إن هذا يوم عيد 
urn:hadith:0273IbnMaja.Sunan:1102	al-Busiri (Misbah al-zujaja)	840	classical	chain	sound	هذا إسناد صحيح رجاله ثقات رواه البخاري ومسلم في صحيحه وأبو داود في سننه والترمذي في الجامع من حديث سهل بن سعد مرفوعا بلفظ كنا نقيل ونتغذى به الجمعة قال الترمذي حديث حسن صحيح انتهى	1.0	1	urn:openiti:0840ShihabDinBusiri.MisbahZujaja.JK000312-ara1:p03614	1:132	397	Ibn Maja	حدثنا أحمد بن عبدة حدثنا المعتمر بن سليمان حدثنا حميد عن أنس قال كنا نجمع ثم نرجع فنقيل
urn:hadith:0273IbnMaja.Sunan:1107	al-Busiri (Misbah al-zujaja)	840	classical	chain	weak	هذا إسناد ضعيف عبد الرحمن فمن فوقه ضعفا وقد تقدم الكلام عليه مرة رواه الحاكم في المستدرك من طريق عمار بن سعد به ورواه البيهقي من طريق ابن ماجة وله شاهد رواه أبو داود في سننه من حديث الحكم بن حرب مرفوعا أنه خطب يوم الجمعة على عصا أو قوس وهكذا وقع على الشك	1.0	1	urn:openiti:0840ShihabDinBusiri.MisbahZujaja.JK000312-ara1:p03625	1:133	398	Ibn Maja	حدثنا هشام بن عمار حدثنا عبد الرحمن بن سعد بن عمار بن سعد حدثني أبي عن أبيه عن جده أن رسول الله صلى الله عليه وسلم كان إذا خطب في الحرب خطب على قوس وإذا خطب في 
urn:hadith:0273IbnMaja.Sunan:1109	al-Busiri (Misbah al-zujaja)	840	classical	chain	weak	هذا إسناد ضعيف لضعف ابن لهيعة رواه الحاكم من طريق عبيد بن شريك وابن ملجان قالا حدثنا عمرو بن خالد فذكره قال الحاكم تفرد به ابن لهيعة ورواه البيهقي عن الحاكم ورواه الحاكم أيضا من طريق أحمد بن إبراهيم عن عمرو بن خالد به ومن طريق الحاكم رواه البيهقي أيضا	1.0	1	urn:openiti:0840ShihabDinBusiri.MisbahZujaja.JK000312-ara1:p03634	1:133	400	Ibn Maja	حدثنا محمد بن يحيى حدثنا عمرو بن خالد حدثنا ابن لهيعة عن محمد بن زيد بن مهاجر عن محمد بن المنكدر عن جابر بن عبد الله أن النبي صلى الله عليه وسلم كان إذا صعد الم
urn:hadith:0273IbnMaja.Sunan:1115	al-Busiri (Misbah al-zujaja)	840	classical	chain	narrators_trustworthy	هذا إسناد رجاله ثقات وله شاهد من حديث عبد الله بن بسر رواه أبو داود والنسائي والبيهقي	1.0	1	urn:openiti:0840ShihabDinBusiri.MisbahZujaja.JK000312-ara1:p03644	1:134	401	Ibn Maja	حدثنا أبو كريب حدثنا عبد الرحمن المحاربي عن إسماعيل بن مسلم عن الحسن عن جابر بن عبد الله أن رجلا دخل المسجد يوم الجمعة ورسول الله صلى الله عليه وسلم يخطب فجعل ي
urn:hadith:0273IbnMaja.Sunan:1111	al-Busiri (Misbah al-zujaja)	840	classical	chain	sound	هذا إسناد صحيح رجاله ثقات وأصله في الصحيحين وغيرهما من حديث أبي هريرة قال الترمذي وفي الباب عن ابن أبي أوفى وجابر بن عبد الله قلت حديث جابر رواه ابن حبان في صحيحه ورواه الإمام أحمد في مسنده عن طريق ابن ماجة ورواه ابن خزيمة في صحيحه من حديث أبي ذر وهو شاهد لحديث ابن ماجه	0.92	1	urn:openiti:0840ShihabDinBusiri.MisbahZujaja.JK000312-ara1:p03661	1:134	402	Ibn Maja	حدثنا محرز بن سلمة العدني حدثنا عبد العزيز بن محمد الدراوردي عن شريك بن عبد الله ابن أبي نمر عن عطاء بن يسار عن أبي بن كعب أن رسول الله صلى الله عليه وسلم قرأ ي
urn:hadith:0273IbnMaja.Sunan:1121	al-Busiri (Misbah al-zujaja)	840	classical	chain	weak	هذا إسناد ضعيف عمر بن حبيب متفق على تضعيفه رواه ابن خزيمة في صحيحه والدارقطني في سننه والحاكم في المستدرك من طريق الزهري به كرواية ابن ماجة سواء ورواه أبو داود والترمذي من هذا الوجه مرفوعا بلفظ من أدرك من الصلاة ركعة فقد أدرك الصلاة وقال هذا حديث حسن ورواه النسائي من طريق الزهري به مرفوعا بلفظ من أدرك من صلاة الجمعة ركعة فقد أدرك	0.81	1	urn:openiti:0840ShihabDinBusiri.MisbahZujaja.JK000312-ara1:p03678	1:135	404	Ibn Maja	حدثنا محمد بن الصباح أنبأنا عمر بن حبيب عن ابن أبي ذئب عن الزهري عن أبي سلمة و سعيد بن المسيب عن أبي هريرة أن النبي صلى الله عليه وسلم قال من أدرك من الجمعة ركع
urn:hadith:0273IbnMaja.Sunan:1124	al-Busiri (Misbah al-zujaja)	840	classical	chain	weak	هذا إسناد ضعيف لضعف عبد الله بن عمر	0.92	1	urn:openiti:0840ShihabDinBusiri.MisbahZujaja.JK000312-ara1:p03686	1:135	405	Ibn Maja	حدثنا محمد بن يحيى حدثنا سعيد ابن أبي مريم عن عبد الله بن عمر عن نافع عن ابن عمر قال إن أهل قباء كانوا يجمعون مع رسول الله صلى الله عليه وسلم الجمعة
urn:hadith:0273IbnMaja.Sunan:1126	al-Busiri (Misbah al-zujaja)	840	classical	chain	weak	هذا إسناد صحيح رجاله ثقات رواه الحاكم من طريق ابن أبي ذئب بإسناده ومتنه ورواه الحاكم أيضا من طريق محمد بن سفيان الحضرمي وقال صحيح على شرط مسلم ورواه أبو يعلى الموصلي في مسنده من حديث جابر أيضا بإسناده فيه لين انتهى	0.92	1	urn:openiti:0840ShihabDinBusiri.MisbahZujaja.JK000312-ara1:p03698	1:135	406	Ibn Maja	حدثنا محمد بن المثنى حدثنا أبو عامر حدثنا زهير عن أسيد ابن أبي أسيد ح وحدثنا أحمد بن عيسى المصري حدثنا عبد الله بن وهب عن ابن أبي ذئب أسيد بن أسيد عن عبد الله ب
urn:hadith:0273IbnMaja.Sunan:1127	al-Busiri (Misbah al-zujaja)	840	classical	chain	weak	هذا إسناد ضعيف لضعف معدي بن سليمان ورواه ابن خزيمة في صحيحه من هذا الوجه وحكم عبد العظيم المنذري على إسناد ابن ماجة بالحسن والصبة بضم الصاد المهملة وضم الموحدة في السرية إما من الخيل أو الإبل والغنم ما بين العشرين إلى الثلاثين ورواه أبو داود الطيالسي ومسدد وأبو بكر ابن أبي شيبة وأحمد بن منيع	0.91	1	urn:openiti:0840ShihabDinBusiri.MisbahZujaja.JK000312-ara1:p03706	1:136	407	Ibn Maja	حدثنا ابن عجلان عن أبيه عن أبي هريرة قال قال رسول الله صلى الله عليه وسلم ألا هل عسى أحدكم أن يتخذ الصبة من الغنم على رأس ميل أو ميلين فيتعذر عليه النداء فيرتفع
urn:hadith:0273IbnMaja.Sunan:1129	al-Busiri (Misbah al-zujaja)	840	classical	chain	fabricated	هذا إسناد مسلسل بالضعفاء عطية متفق على تضعيفه وحجاج مدلس ومبشر بن عبيد كذاب وبقية هو ابن الوليد يدلس بتدليس التسوية لكن روى أبو داود في سننه وابن حبان في صحيحه من طريق نافع قال كان ابن عمر يطيل الصلاة قبل الجمعة ويصلي بعدها ركعتين في بيته ويحدث أن رسول الله صلى الله عليه وسلم كان يفعل ذلك	1.0	1	urn:openiti:0840ShihabDinBusiri.MisbahZujaja.JK000312-ara1:p03716	1:136	408	Ibn Maja	حدثنا محمد بن يحيى حدثنا يزيد بن عبد ربه حدثنا بقية عن مبشر بن عبيد عن حجاج بن أرطاة عن عطية العوفي عن ابن عباس قال كان النبي صلى الله عليه وسلم يركع قبل الجمعة
urn:hadith:0273IbnMaja.Sunan:1134	al-Busiri (Misbah al-zujaja)	840	classical	chain	weak	هذا إسناد ضعيف بقية هو ابن الوليد مدلس وشيخه إن كان الهروي فقد وثق وإلا فهو مجهول وله شاهد من حديث أنس بن مالك رواه أبو داود والترمذي وقال حديث حسن	1.0	1	urn:openiti:0840ShihabDinBusiri.MisbahZujaja.JK000312-ara1:p03726	1:137	409	Ibn Maja	حدثنا محمد بن المصفى الحمصي حدثنا بقية عن عبد الله بن واقد عن محمد بن عجلان عن عمرو بن شعيب عن أبيه عن جده قال نهى رسول الله صلى الله عليه وسلم عن الاحتباء يوم 
urn:hadith:0273IbnMaja.Sunan:1136	al-Busiri (Misbah al-zujaja)	840	classical	chain	weak	هذا إسناد رجاله ثقات إلا أنه مرسل وله شاهد من حديث عبد الله بن مسعود رواه الترمذي في جامعه وقال لا يصح في هذا الباب عن النبي صلى الله عليه وسلم شيء قال وفي الباب عن ابن عمر	1.0	1	urn:openiti:0840ShihabDinBusiri.MisbahZujaja.JK000312-ara1:p03735	1:137	410	Ibn Maja	حدثنا محمد يحيى حدثنا الهيثم بن جميل حدثنا ابن المبارك عن أبان بن تغلب عن عدي بن ثابت عن أبيه قال كان النبي صلى الله عليه وسلم إذا قام على المنبر استقبله أصحابه
urn:hadith:0273IbnMaja.Sunan:1139	al-Busiri (Misbah al-zujaja)	840	classical	chain	sound	هذا إسناد صحيح رجاله ثقات على شرط الصحيح رواه أحمد بن حنبل في مسنده من هذا الوجه ورواه أبو داود والترمذي في الجامع وابن حبان في صحيحه والحاكم في المستدرك من حديث أبي هريرة وفيه سؤاله لعبد الله بن سلام عن تعيين الساعة	0.94	1	urn:openiti:0840ShihabDinBusiri.MisbahZujaja.JK000312-ara1:p03748	1:137	411	Ibn Maja	حدثنا عبد الرحمن بن إبراهيم الدمشقي حدثنا ابن أبي فديك عن الضحاك بن عثمان عن أبي النضر عن أبي سلمة عن عبد الله بن سلام قال قلت ورسول الله صلى الله عليه وسلم جال
urn:hadith:0273IbnMaja.Sunan:1142	al-Busiri (Misbah al-zujaja)	840	classical	chain	weak	هذا إسناد فيه ابن الأصبهاني وهو ضعيف رواه النسائي في الصغرى عن محمد بن عبد الله بن المبارك المحرمي عن يحيى بن إسحاق عن محمد بن سليمان به مقتصرا على قوله من صلى في يوم ثنتي عشرة ركعة سوى الفريضة بنى الله له بيتا في الجنة فحسب وقال هذا خطأ وابن الأصبهاني ضعيف ا	1.0	1	urn:openiti:0840ShihabDinBusiri.MisbahZujaja.JK000312-ara1:p03759	1:138	412	Ibn Maja	حدثنا أبو بكر بن أبي شيبة حدثنا محمد بن سليمان بن الأصبهاني عن سهيل عن أبيه عن أبي هريرة قال قال رسول الله صلى الله عليه وسلم من صلى في يوم ثنتي عشرة ركعة بني ل
urn:hadith:0273IbnMaja.Sunan:1146	al-Busiri (Misbah al-zujaja)	840	classical	chain	weak	هذا إسناد صحيح رجاله رجال الصحيحين وأبو إسحاق اسمه عمرو بن عبد الله السبيعي وإن اختلط بآخره فإن أبا الأحوص روى عنه قبل الاختلاط ومن طريقه روى له الشيخان	1.0	1	urn:openiti:0840ShihabDinBusiri.MisbahZujaja.JK000312-ara1:p03769	1:138	413	Ibn Maja	حدثنا أبو بكر بن أبي شيبة حدثنا أبو الأحوص عن أبي إسحاق عن الأسود عن عائشة قالت كان النبي صلى الله عليه وسلم إذا توضأ صلى ركعتين ثم خرج إلى الصلاة
urn:hadith:0273IbnMaja.Sunan:1147	al-Busiri (Misbah al-zujaja)	840	classical	chain	weak	هذا إسناد ضعيف الحرث هو ابن عبد الله الأعور متفق على ضعفه رواه أبو داود الطيالسي في مسنده عن شريك بلفظ كان يوتر عند الأذان ويصلي الركعتين عند الإقامة	0.89	1	urn:openiti:0840ShihabDinBusiri.MisbahZujaja.JK000312-ara1:p03773	1:138	414	Ibn Maja	حدثنا الخليل بن عمرو حدثنا شريك عن أبي إسحاق عن الحرث عن علي قال كان النبي صلى الله عليه وسلم يصلي الركعتين عند الإقامة
urn:hadith:0273IbnMaja.Sunan:1150	al-Busiri (Misbah al-zujaja)	840	classical	chain	weak	هذا إسناد فيه مقال الجريري اسمه سعيد بن أياس احتج فيه الشيخان في صحيحيهما إلا أنه اختلط بآخره وقد قيل إن يزيد بن هارون إنما سمع منه بعد التغيير وباقي رجال الإسناد ثقات ورواه ابن حبان في صحيحه عن عمران بن موسى بن مجاشع عن عثمان ابن أبي شيبة عن يزيد بن هارون به وله شاهد في صحيح مسلم والنسائي في الصغرى من حديث أبي هريرة ورواه الترمذي في جامعه من حديث ابن عمر وقال حديث حسن	0.89	1	urn:openiti:0840ShihabDinBusiri.MisbahZujaja.JK000312-ara1:p03784	1:139	415	Ibn Maja	حدثنا أبو بكر بن أبي شيبة حدثنا يزيد بن هارون حدثنا الجريري عن عبد الله بن شقيق عن عائشة قالت كان رسول الله صلى الله عليه وسلم يصلي ركعتين قبل الفجر وكان يقول ن
urn:hadith:0273IbnMaja.Sunan:1155	al-Busiri (Misbah al-zujaja)	840	classical	chain	narrators_trustworthy	هذا إسناد رجاله ثقات رواه الترمذي أيضا من حديث أبي هريرة مرفوعا بلفظ من لم يصل ركعتي الفجر فليصليهما بعدما تطلع الشمس وقال هذا حديث لا نعرفه إلا من هذا الوجه	0.84	1	urn:openiti:0840ShihabDinBusiri.MisbahZujaja.JK000312-ara1:p03794	1:139	416	Ibn Maja	حدثنا عبد الرحمن بن إبراهيم و يعقوب بن حميد بن كاسب قالا حدثنا مروان بن معاوية عن يزيد بن كيسان عن أبي حازم عن أبي هريرة أن النبي صلى الله عليه وسلم نام عن ركعت
urn:hadith:0273IbnMaja.Sunan:1156	al-Busiri (Misbah al-zujaja)	840	classical	chain	disputed_narrator	هذا إسناد فيه مقال قابوس مختلف فيه ضعفه ابن حبان فقال كان رديء الحفظ ينفرد عن أبيه بالأصل له فربما رفع المرسل وأسند الموقوف وضعفه النسائي والدارقطني والساجي ووثقه ابن معين وأحمد بن سعيد ابن أبي مريم وقال عبد العظيم المنذري صحح له الترمذي وابن خزيمة والحاكم انتهى	1.0	1	urn:openiti:0840ShihabDinBusiri.MisbahZujaja.JK000312-ara1:p03803	1:139	417	Ibn Maja	حدثنا أبو بكر بن أبي شيبة حدثنا جرير عن قابوس عن أبيه قال أرسل أبي إلى عائشة أي صلاة رسول الله صلى الله عليه وسلم كان أحب إليه أن يواظب عليها قالت كان يصلي أربع
urn:hadith:0273IbnMaja.Sunan:1159	al-Busiri (Misbah al-zujaja)	840	classical	chain	fair	هذا إسناد حسن	0.94	1	urn:openiti:0840ShihabDinBusiri.MisbahZujaja.JK000312-ara1:p03824	1:140	418	Ibn Maja	حدثنا أبو بكر بن أبي شيبة حدثنا عبد الله بن إدريس عن يزيد بن أبي زياد عن عبد الله بن الحارث قال أرسل معاوية إلى أم سلمة فانطلقت مع الرسول فسأل أم سلمة فقالت إن 
urn:hadith:0273IbnMaja.Sunan:1165	al-Busiri (Misbah al-zujaja)	840	classical	chain	fabricated	هذا إسناد ضعيف لأن رواية إسماعيل بن عياش عن غير الشاميين ضعيفة وقد صرح عن محمد بن إسحاق في روايته في مسند الإمام أحمد فزالت تهمة تدليسه وعبد الوهاب كذاب وأصل هذا المتن في الصحيحين والترمذي من حديث ابن عمر وفي مسلم من حديث عائشة قال الترمذي وفي الباب عن رافع بن خديج وكعب بن عجرة	1.0	1	urn:openiti:0840ShihabDinBusiri.MisbahZujaja.JK000312-ara1:p03835	1:140	419	Ibn Maja	حدثنا عبد الوهاب بن الضحاك حدثنا إسماعيل بن عياش عن محمد بن إسحاق عن عاصم بن عمر بن قتادة عن محمود بن لبيد عن رافع بن خديج قال أتانا رسول الله صلى الله عليه وسل
urn:hadith:0273IbnMaja.Sunan:1176	al-Busiri (Misbah al-zujaja)	840	classical	chain	weak	هذا إسناد رجاله ثقات إلا أنه منقطع	1.0	1	urn:openiti:0840ShihabDinBusiri.MisbahZujaja.JK000312-ara1:p03849	1:140	420	Ibn Maja	حدثنا عبد الرحمن بن إبراهيم الدمشقي حدثنا الوليد بن مسلم حدثنا الأوزاعي عن المطلب بن عبد الله قال سأل ابن عمر رجل فقال كيف أوتر قال أوتر بواحدة قال إني أخشى أن 
urn:hadith:0273IbnMaja.Sunan:1177	al-Busiri (Misbah al-zujaja)	840	classical	chain	sound	هذا إسناد صحيح رجاله ثقات رواه النسائي في الصغرى عن إسحاق بن منصور عن عبد الرحمن عن مالك عن الزهري به مقتصرا منه على الوتر وكذا رواه ابن حبان في صحيحه عن عبيد الله بن محمد بن سالم عن عبد الرحمن بن إبراهيم الدمشقي	1.0	1	urn:openiti:0840ShihabDinBusiri.MisbahZujaja.JK000312-ara1:p03855	1:141	421	Ibn Maja	حدثنا أبو بكر بن أبي شيبة حدثنا شبابة عن ابن أبي ذئب عن الزهري عن عروة عن عائشة قالت كان رسول الله صلى الله عليه وسلم يسلم في كل ثنتين ويوتر بواحدة
urn:hadith:0273IbnMaja.Sunan:1181	al-Busiri (Misbah al-zujaja)	840	classical	chain	weak	هذا إسناد ضعيف لاتفاقهم على ضعف صالح بن حسان رواه الحاكم في المستدرك من حديث صالح بن حسان به	0.92	1	urn:openiti:0840ShihabDinBusiri.MisbahZujaja.JK000312-ara1:p03865	1:141	422	Ibn Maja	حدثنا أبو كريب و محمد بن الصباح قالا حدثنا عائذ بن حبيب عن صالح بن حسان الأنصاري عن محمد بن كعب القرظي عن ابن عباس قال قال رسول الله صلى الله عليه وسلم إذا دعوت
urn:hadith:0273IbnMaja.Sunan:1186	al-Busiri (Misbah al-zujaja)	840	classical	chain	weak	هذا إسناد صحيح رجاله ثقات رواه أبو داود الطيالسي عن شعبة به ورواه أحمد بن حنبل في مسنده من هذا الوجه ورواه أبو بكر ابن أبي شيبة في مسنده عن طريق يونس عن شعبة به وزادوا واستقر على إدبار النجوم وأبو إسحاق هو عمرو بن عبد الله وإن اختلط بآخره فإن شعبة روى عنه قبل الاختلاط ومن طريقه له الشيخان رواه ابن خزيمة في صحيحه عن محمد بن عبيد الله المخزومي عن ابن عامر عن شعبة به وأصله في الصحيحين وغيرهما من حديث عائشة وفي البخاري من حديث ابن عمر وفي مسند أحمد من حديث عقبة بن عامر وأبي سعيد	1.0	1	urn:openiti:0840ShihabDinBusiri.MisbahZujaja.JK000312-ara1:p03887	1:142	424	Ibn Maja	حدثنا علي بن محمد حدثنا وكيع ح وحدثنا محمد بن بشار حدثنا محمد بن جعفر قال حدثنا شعبة عن أبي إسحاق عن عاصم بن ضمرة عن علي قال من كل الليل قد أوتر رسول الله صلى ا
urn:hadith:0273IbnMaja.Sunan:1193	al-Busiri (Misbah al-zujaja)	840	classical	chain	weak	هذا إسناد ضعيف	0.88	1	urn:openiti:0840ShihabDinBusiri.MisbahZujaja.JK000312-ara1:p03898	1:142	425	Ibn Maja	حدثنا أحمد بن سنان و إسحاق بن منصور قالا حدثنا يزيد بن هارون أنبأنا شعبة عن جابر عن سالم عن أبيه قال كان رسول الله صلى الله عليه وسلم يصلي في السفر ركعتين لا يز
urn:hadith:0273IbnMaja.Sunan:1194	al-Busiri (Misbah al-zujaja)	840	classical	chain	unclassified	هذا الإسناد حكمه حكم الإسناد قبله	0.76	1	urn:openiti:0840ShihabDinBusiri.MisbahZujaja.JK000312-ara1:p03905	1:142	426	Ibn Maja	حدثنا إسماعيل بن موسى حدثنا شريك عن جابر عن عامر عن ابن عباس و ابن عمر قالا سن رسول الله صلى الله عليه وسلم صلاة السفر ركعتين وهما تمام غير قصر والوتر السفر سنة
urn:hadith:0273IbnMaja.Sunan:1195	al-Busiri (Misbah al-zujaja)	840	classical	chain	very_weak	هذا الإسناد فيه مقال ميمون بن موسى قال فيه أحمد ما أرى بأسا وقال أبو حاتم صدوق وقال أبو داود لا بأس به ولينه غير واحد وذكره ابن حبان في الثقات وفي الضعفاء وقال منكر الحديث	0.82	1	urn:openiti:0840ShihabDinBusiri.MisbahZujaja.JK000312-ara1:p03914	1:143	427	Ibn Maja	حدثنا محمد بن بشار حدثنا حماد بن مسعدة حدثنا ميمون بن موسى المرادي عن الحسن عن أمه عن أم سلمة أن النبي صلى الله عليه وسلم كان يصلى بعد الوتر ركعتين خفيفتين وهو 
urn:hadith:0273IbnMaja.Sunan:1196	al-Busiri (Misbah al-zujaja)	840	classical	chain	sound	هذا إسناد صحيح رجاله ثقات	1.0	1	urn:openiti:0840ShihabDinBusiri.MisbahZujaja.JK000312-ara1:p03923	1:143	428	Ibn Maja	حدثنا عبد الرحمن بن إبراهيم الدمشقي حدثنا عمر بن عبد الواحد حدثنا الأوزاعي عن يحيى ابن أبي كثير عن أبي سلمة قال حدثتني عائشة قالت كان رسول الله صلى الله عليه وس
urn:hadith:0273IbnMaja.Sunan:1201	al-Busiri (Misbah al-zujaja)	840	classical	chain	weak	هذا إسناد ضعيف لضعف عباد بن منصور وله شاهد من حديث ابن عمر رواه أبو داود والنسائي والترمذي وقال حسن صحيح	1.0	1	urn:openiti:0840ShihabDinBusiri.MisbahZujaja.JK000312-ara1:p03932	1:143	429	Ibn Maja	حدثنا محمد بن يزيد الأسفاطي ثنا أبو داود حدثنا عباد بن منصور عن عكرمة عن ابن عباس أن النبي صلى الله عليه وسلم كان يوتر على راحلته
urn:hadith:0273IbnMaja.Sunan:1202	al-Busiri (Misbah al-zujaja)	840	classical	chain	fair	هذا إسناد حسن رواه أبو داود الطيالسي في مسنده عن زائدة ورواه أحمد في مسنده من هذا الوجه ورواه أبو بكر ابن أبي شيبة في مسنده	1.0	1	urn:openiti:0840ShihabDinBusiri.MisbahZujaja.JK000312-ara1:p03944	1:143	430	Ibn Maja	حدثنا أبو داود سليمان بن توبة حدثنا يحيى بن أبي بكير حدثنا زائدة عن عبد الله بن محمد بن عقيل عن جابر بن عبد الله قال قال رسول الله صلى الله عليه وسلم لأبي بكر أ
urn:hadith:0273IbnMaja.Sunan:1202	al-Busiri (Misbah al-zujaja)	840	classical	chain	sound	هذا إسناد صحيح رجاله ثقات رواه الحاكم أبو عبد الله في كتابه المستدرك عن محمد بن صالح بن هاني عن الحسين بن محمد بن زياد وعن علي بن عيسى عن الحسين بن إدريس الأنصاري كلاهما عن محمد بن عباد المكي فذكره بإسناده نحوه	1.0	1	urn:openiti:0840ShihabDinBusiri.MisbahZujaja.JK000312-ara1:p03951	1:144	431	Ibn Maja	حدثنا أبو داود سليمان بن توبة أنبأنا محمد بن عباد حدثنا يحيى بن سليم عن عبيد الله عن نافع عن ابن عمر أن النبي صلى الله عليه وسلم قال لأبي بكر فذكر نحوه
urn:hadith:0273IbnMaja.Sunan:1220	al-Busiri (Misbah al-zujaja)	840	classical	chain	weak	هذا إسناد ضعيف لضعف أسامة	0.93	1	urn:openiti:0840ShihabDinBusiri.MisbahZujaja.JK000312-ara1:p03965	1:144	432	Ibn Maja	حدثنا يعقوب بن حميد بن كاسب حدثنا عبد الله بن موسى التيمي حدثنا أسامة بن زيد عن عبد الله بن يزيد مولى الأسود بن سفيان عن محمد بن عبد الرحمن بن ثوبان عن أبي هرير
urn:hadith:0273IbnMaja.Sunan:1221	al-Busiri (Misbah al-zujaja)	840	classical	chain	weak	هذا إسناد ضعيف لأنه من رواية إسماعيل عن الحجازيين وهي ضعيفة رواه الدارقطني في سننه من طريق إسماعيل بن عياش به ورواه البيهقي في سننه الكبرى من طريق داود بن رشيد عن إسماعيل عن ابن جريج عن أبيه وعن ابن أبي مليكة عن عائشة وله شواهد في مصنف ابن أبي شيبة عن الشعبي والحكم والقسم وسلام وغيرهما وروى الترمذي في الجامع بعضه من حديث أبي الدرداء	1.0	1	urn:openiti:0840ShihabDinBusiri.MisbahZujaja.JK000312-ara1:p03973	1:144	433	Ibn Maja	حدثنا محمد بن يحيى حدثنا الهيثم بن خارجة حدثنا إسماعيل بن عياش عن ابن جريج عن ابن أبي مليكة عن عائشة قالت قال رسول الله صلى الله عليه وسلم من أصابه قيء أو رعاف 
urn:hadith:0273IbnMaja.Sunan:1224	al-Busiri (Misbah al-zujaja)	840	classical	chain	very_weak	هذا إسناد فيه جابر وهو ابن يزيد الجعفي وقد اتهم	1.0	1	urn:openiti:0840ShihabDinBusiri.MisbahZujaja.JK000312-ara1:p03992	1:145	435	Ibn Maja	حدثنا عبد الحميد بن بيان الواسطي حدثنا إسحاق الأزرق عن سفيان عن جابر عن أبي حريز عن وائل بن حجر قال رأيت النبي صلى الله عليه وسلم صلى جالسا على يمينه وهو وجع
urn:hadith:0273IbnMaja.Sunan:1227	al-Busiri (Misbah al-zujaja)	840	classical	chain	sound	هذا إسناد صحيح رجاله ثقات	0.92	1	urn:openiti:0840ShihabDinBusiri.MisbahZujaja.JK000312-ara1:p04004	1:145	436	Ibn Maja	حدثنا أبو مروان العثماني حدثنا عبد العزيز بن أبي حازم عن هشام بن عروة عن أبيه عن عائشة قالت ما رأيت رسول الله صلى الله عليه وسلم يصلي في شيء من صلاة الليل إلا ق
urn:hadith:0273IbnMaja.Sunan:1230	al-Busiri (Misbah al-zujaja)	840	classical	chain	sound	هذا إسناد صحيح رواه النسائي في الكبرى عن إسحاق بن إبراهيم عن أبي عامر العقدي عن عبد الله بن جعفر المخرمي به قال هذا خطأ ورواه البخاري وأصحاب السنن من حديث عمران بن حصين قال الترمذي وفي الباب عن عبد الله بن عمرو وأنس والسائب وابن عمر قلت وفي الباب أيضا مما لم يذكره الترمذي عن عائشة وحديث عائشة ومن ذكرهم الترمذي في النسائي الكبرى	0.87	1	urn:openiti:0840ShihabDinBusiri.MisbahZujaja.JK000312-ara1:p04015	1:145	437	Ibn Maja	حدثنا نصر بن علي الجهضمي حدثنا بشر بن عمار حدثنا عبد الله بن جعفر حدثني إسماعيل بن محمد بن سعد عن أنس بن مالك أن رسول الله صلى الله عليه وسلم خرج فرأى أناسا يصل
urn:hadith:0273IbnMaja.Sunan:1234	al-Busiri (Misbah al-zujaja)	840	classical	chain	sound	هذا إسناد صحيح رجاله ثقات رواه الترمذي في الشمائل عن نصر بن علي به ورواه النسائي عن قتيبة بن سعيد عن حميد بن عبد الرحمن عن سلمة بن نبيط به قال المزي في الأطراف حديث النسائي في رواية أبو علي السيوطي عنه ولم يذكر أبو القاسم وكذلك جميع كتاب الوفاة انتهى	0.96	1	urn:openiti:0840ShihabDinBusiri.MisbahZujaja.JK000312-ara1:p04048	1:146	r4047	Ibn Maja	فإذا قام ذلك المقام يبكي لا يستطيع فلو أمرت غيره ثم أغمي عليه فأفاق فقال مروا بلالا فليؤذن ومروا أبا بكر فليصل بالناس فإنكن صواحب يوسف أو صواحبات يوسف قال فأمر 
urn:hadith:0273IbnMaja.Sunan:1235	al-Busiri (Misbah al-zujaja)	840	classical	chain	weak	هذا إسناد رجاله ثقات إلا أن أبا إسحاق واسمه عمرو بن عبد الله السبيعي اختلط بآخره وأيضا كان يدلس وقد رواه بالعنعنة لا سيما وقد قال البخاري لم يذكر أبو إسحاق سماعا من أرقم بن شرحبيل	1.0	1	urn:openiti:0840ShihabDinBusiri.MisbahZujaja.JK000312-ara1:p04074	1:147	r4073	Ibn Maja	فلو أمرت عمر يصلي بالناس فخرج أبو بكر فصلى بالناس فوجد رسول الله صلى الله عليه وسلم من نفسه خفة فخرج يهادي بين رجلين ورجلاه تخطان في الأرض فلما رآه الناس سبحوا 
urn:hadith:0273IbnMaja.Sunan:1242	al-Busiri (Misbah al-zujaja)	840	classical	chain	weak	هذا إسناد ضعيف رواه الدارقطني في سننه من طريق محمد بن يعلى به وقال محمد بن يعلى وعنبسة بن عبد الرحمن وعبد الله بن عمر كلهم ضعفاء ولا يصح لنافع سماع من أم سلمة انتهى	1.0	1	urn:openiti:0840ShihabDinBusiri.MisbahZujaja.JK000312-ara1:p04085	1:147	440	Ibn Maja	حدثنا حاتم بن نصر الضبي حدثنا محمد بن يعلى بن زنبور حدثنا عنبسة بن عبد الرحمن عن عبد الله بن نافع عن أبيه عن أم سلمة قالت نهى رسول الله صلى الله عليه وسلم عن ال
urn:hadith:0273IbnMaja.Sunan:1246	al-Busiri (Misbah al-zujaja)	840	classical	chain	weak	هذا إسناد ضعيف لضعف الحكم بن عبد الملك لكن لم ينفرد به الحكم فقد رواه ابن خزيمة في صحيحه عن محمد بن بشار عن محمد بن جعفر عن شعبة عن قتادة به ورواه الترمذي في الجامع من حديث أبي هريرة قال حديث حسن قال وفي الباب عن ابن عباس وأبي رافع	0.91	1	urn:openiti:0840ShihabDinBusiri.MisbahZujaja.JK000312-ara1:p04097	1:148	441	Ibn Maja	حدثنا أحمد بن عثمان بن حكيم الأودي و العباس بن جعفر قالا حدثنا علي بن ثابت الدهان حدثنا الحكم بن عبد الملك عن قتادة عن سعيد بن المسيب عن عائشة قالت لدغت النبي ص
urn:hadith:0273IbnMaja.Sunan:1247	al-Busiri (Misbah al-zujaja)	840	classical	chain	weak	هذا إسناد فيه مندل بن علي العنبري وهو ضعيف	1.0	1	urn:openiti:0840ShihabDinBusiri.MisbahZujaja.JK000312-ara1:p04102	1:148	442	Ibn Maja	حدثنا محمد بن يحيى حدثنا الهيثم بن جميل حدثنا مندل عن ابن أبي رافع عن أبيه عن جده أن النبي صلى الله عليه وسلم قتل عقربا وهو في الصلاة
urn:hadith:0273IbnMaja.Sunan:1252	al-Busiri (Misbah al-zujaja)	840	classical	chain	fair	هذا إسناد حسن رواه ابن حبان في صحيحه عن أحمد بن علي بن المثنى عن أحمد بن عيسى المصري عن ابن وهب عن عياض بن عبد الله القرشي عن سعيد المقبري به ورواه ابن خزيمة في صحيحه عن محمد بن عبد الله بن عبد الحكم ويوسف بن عبد الأعلى كلاهما عن ابن وهب به ورواه الإمام أحمد في مسنده وأبو يعلى الموصلي أيضا من طريق حميد بن الأسود عن الضحاك عن المقبري عن صفوان بن المعطل فجعله من مسند صفوان وأصله في الصحيحين من حديث ابن عمر وفي مسلم من حديث عمرو بن عبسة ورواه النسائي في الصغرى بعضه من طرق	0.98	1	urn:openiti:0840ShihabDinBusiri.MisbahZujaja.JK000312-ara1:p04117	1:148	443	Ibn Maja	حدثنا الحسن بن داود المنكدري حدثنا ابن أبي فديك عن الضحاك بن عثمان عن المقبري عن أبي هريرة قال سأل صفوان بن المعطل رسول الله صلى الله عليه وسلم فقال يا رسول الل
urn:hadith:0273IbnMaja.Sunan:1253	al-Busiri (Misbah al-zujaja)	840	classical	chain	weak	هذا إسناد مرسل ورجاله ثقات أبو عبد الله الصنابحي هو عبد الرحمن بن عسيلة وهو تابعي قبض النبي صلى الله عليه وسلم فقدم بعد خمس ليال قال ابن سعد كان ثقة وقال العجلي شامي تابعي ثقة ابن حبان في الثقات ورواه النسائي في الصغرى عن قتيبة عن مالك عن زيد بغير هذا السياق	0.93	1	urn:openiti:0840ShihabDinBusiri.MisbahZujaja.JK000312-ara1:p04127	1:149	444	Ibn Maja	حدثنا إسحاق بن منصور أنبأنا عبد الرزاق أنبأنا معمر عن زيد بن أسلم عن عطاء بن يسار عن أبي عبد الله الصنابحي أن رسول الله صلى الله عليه وسلم قال إن الشمس تطلع بين
urn:hadith:0273IbnMaja.Sunan:1260	al-Busiri (Misbah al-zujaja)	840	classical	chain	sound	هذا إسناد صحيح روى النسائي في الصغرى بعضه من طريق من حديث جابر بن عبد الله ورواه ابن خزيمة في صحيحه عن أحمد بن عبده به عبدة ابن حبان في صحيحه عن عمرو بن محمد الهمداني عن أحمد بن عبدة به وأصله في الصحيحين من حديث ابن عمر ومن حديث سهل بن أبن أبي خيثمة	0.85	1	urn:openiti:0840ShihabDinBusiri.MisbahZujaja.JK000312-ara1:p04148	1:149	r4147	Ibn Maja	حدثنا عبد الوارث بن سعيد حدثنا أيوب عن أبي الزبير عن جابر بن عبد الله أن النبي صلى الله عليه وسلم صلى بأصحابه صلاة الخوف فركع بهم جميعا ثم سجد رسول الله صلى الل
urn:hadith:0273IbnMaja.Sunan:1268	al-Busiri (Misbah al-zujaja)	840	classical	chain	sound	هذا إسناد صحيح رجاله ثقات رواه ابن خزيمة في صحيحه عن أبي طالب زيد بن أخزم الطائي وإبراهيم بن مرزوق قالا حدثنا وهب بن جرير فذكره ورواه الحاكم من طريق وهر بن جرير به ورواه البيهقي من طريق الحاكم وأصله في الصحيحين من حديث عبد الله بن زيد بن عاصم	0.93	1	urn:openiti:0840ShihabDinBusiri.MisbahZujaja.JK000312-ara1:p04169	1:150	447	Ibn Maja	حدثنا أحمد بن الأزهر و الحسن بن أبي الربيع قالا حدثنا وهب بن جرير حدثنا أبي قال سمعت النعمان يحدث عن الزهري عن حميد بن عبد الرحمن عن أبي هريرة قال خرج رسول الله
urn:hadith:0273IbnMaja.Sunan:1270	al-Busiri (Misbah al-zujaja)	840	classical	chain	sound	هذا إسناد صحيح رجاله ثقات	1.0	1	urn:openiti:0840ShihabDinBusiri.MisbahZujaja.JK000312-ara1:p04189	1:151	449	Ibn Maja	حدثنا محمد بن أبي القاسم أبو الأحوص حدثنا الحسن بن الربيع حدثنا عبد الله بن إدريس حدثنا حصين عن حبيب ابن أبي ثابت عن ابن عباس قال جاء أعرابي إلى النبي صلى الله 
urn:hadith:0273IbnMaja.Sunan:1271	al-Busiri (Misbah al-zujaja)	840	classical	chain	sound	هذا إسناد صحيح رجاله ثقات رواه ابن خزيمة في صحيحه عن الحسن بن قزعة عن محمد ابن أبي عدي عن سليمان التيمي به وأصله في صحيح البخاري من حديث أنس	0.83	1	urn:openiti:0840ShihabDinBusiri.MisbahZujaja.JK000312-ara1:p04196	1:151	450	Ibn Maja	حدثنا أبو بكر ابن أبي شيبة حدثنا عفان حدثنا معتمر عن أبيه عن بركة عن بشير بن نهيك عن أبي هريرة أن النبي صلى الله عليه وسلم استسقى حتى رأيت ( أو رؤي ) بياض إبطيه
urn:hadith:0273IbnMaja.Sunan:1277	al-Busiri (Misbah al-zujaja)	840	classical	chain	weak	هذا إسناد ضعيف لضعف عبد الرحمن بن سعد بن عمار وأبوه لا يعرف حاله رواه أبو داود في سننه عن مسدد عن المعتمر عن عبد الله بن عبد الرحمن الطائفي به مقتصرا على التكبير في الفطر فحسب ورواه أحمد بن منيع في مسنده عن مروان بن معاوية عن عبد الله بن عبد الرحمن به إلا أنه قال يكبر في الأولى خمسا وفي الآخرة أربعا ورواه الدارمي عن أحمد بن الحجاج عن عبد الرحمن بن سعد به ورواه الحاكم في المستدرك من طريق عمار بن سعد به ورواه البيهقي عن حفص بن عمر بن سعد القرط أن أباه وعمومته أخبروه عن أبيهم سعد القرط ورواه أبو داود وابن ماجة من حديث عائشة ورواه ابن الجارود من حديث عمرو بن شعيب عن أبيه عن جده ورواه الترمذي في جا	1.0	1	urn:openiti:0840ShihabDinBusiri.MisbahZujaja.JK000312-ara1:p04205	1:151	r4204	Ibn Maja	حدثنا هشام بن عمار حدثنا عبد الرحمن بن سعد بن عمار بن سعد مؤذن رسول الله صلى الله عليه وسلم حدثني أبي عن أبيه عن جده أن رسول الله صلى الله عليه وسلم كان يكبر في
urn:hadith:0273IbnMaja.Sunan:1283	al-Busiri (Misbah al-zujaja)	840	classical	chain	weak	هذا إسناد فيه موسى بن عبيدة الربذي وقد ضعفه	1.0	1	urn:openiti:0840ShihabDinBusiri.MisbahZujaja.JK000312-ara1:p04214	1:152	451	Ibn Maja	حدثنا أبو بكر بن خلاد الباهلي حدثنا وكيع بن الجراح حدثنا موسى بن عبيدة عن محمد بن عمرو بن عطاء عن ابن عباس أن النبي صلى الله عليه وسلم كان يقرأ في العيدين بسبح 
urn:hadith:0273IbnMaja.Sunan:1287	al-Busiri (Misbah al-zujaja)	840	classical	chain	weak	هذا إسناد ضعيف لضعف عبد الرحمن وأبيه وتقدم الكلام عليه غير مرة	1.0	1	urn:openiti:0840ShihabDinBusiri.MisbahZujaja.JK000312-ara1:p04225	1:152	452	Ibn Maja	حدثنا هشام بن عمار حدثنا عبد الرحمن بن سعد بن عمار بن سعد المؤذن حدثني أبي عن أبيه عن جده قال كان النبي صلى الله عليه وسلم يكبر بين أضعاف الخطبة يكثر التكبير في
urn:hadith:0273IbnMaja.Sunan:1289	al-Busiri (Misbah al-zujaja)	840	classical	chain	weak	هذا إسناد فيه إسماعيل بن مسلم وقد أجمعوا على ضعفه وأبو بحر ضعيف	0.9	1	urn:openiti:0840ShihabDinBusiri.MisbahZujaja.JK000312-ara1:p04232	1:152	453	Ibn Maja	حدثنا يحيى بن حكيم حدثنا أبو بحر حدثنا عبيد الله بن عمرو الرقي حدثنا إسماعيل بن مسلم الخولاني حدثنا أبو الزبير عن جابر قال خرج رسول الله صلى الله عليه وسلم يوم 
urn:hadith:0273IbnMaja.Sunan:1292	al-Busiri (Misbah al-zujaja)	840	classical	chain	sound	هذا إسناد صحيح رجاله ثقات رواه أحمد بن منيع في مسنده حدثنا أبو معاوية عن عبد الله بن عبد الرحمن وروى الحاكم في المستدرك من طريق ابن عباس أنه صلى الله عليه وسلم صلى قبل الخطبة في يوم عيد ورواه أصحاب الكتب الستة من حديث ابن عباس ورواه الترمذي في جامعه من حديث ابن عمر وقال حسن صحيح	1.0	1	urn:openiti:0840ShihabDinBusiri.MisbahZujaja.JK000312-ara1:p04241	1:152	454	Ibn Maja	حدثنا علي بن محمد حدثنا وكيع حدثنا عبد الله بن عبد الرحمن الطائفي عن عمرو بن شعيب عن أبيه عن جده أن النبي صلى الله عليه وسلم لم يصل قبلها ولا بعدها في عيد
urn:hadith:0273IbnMaja.Sunan:1293	al-Busiri (Misbah al-zujaja)	840	classical	chain	sound	هذا إسناد حسن رواه الحاكم في المستدرك من طريق عبيد الله بن عمرو وقال هذه سنة عزيزة بإسناد صحيح	1.0	1	urn:openiti:0840ShihabDinBusiri.MisbahZujaja.JK000312-ara1:p04247	1:153	455	Ibn Maja	حدثنا محمد بن يحيى حدثنا الهيثم بن جميل عن عبيد الله بن عمرو الرقي حدثنا عبد الله بن محمد بن عقيل عن عطاء بن يسار عن أبي سعيد الخدري قال كان رسول الله صلى الله 
urn:hadith:0273IbnMaja.Sunan:1294	al-Busiri (Misbah al-zujaja)	840	classical	chain	weak	هذا إسناد ضعيف لضعف عبد الرحمن وأبيه رواه الحاكم من طريق عبد الله بن سعد بن عمار عن أبيه به ورواه البيهقي من طريق ابن ماجه	1.0	1	urn:openiti:0840ShihabDinBusiri.MisbahZujaja.JK000312-ara1:p04256	1:153	456	Ibn Maja	حدثنا هشام بن عمار حدثنا عبد الرحمن بن سعد بن عمار بن سعد حدثني أبي عن أبيه عن جده أن النبي صلى الله عليه وسلم كان يخرج إلى العيد ماشيا ويرجع ماشيا
urn:hadith:0273IbnMaja.Sunan:1295	al-Busiri (Misbah al-zujaja)	840	classical	chain	weak	هذا إسناد فيه عبد الرحمن بن عبد الله العمري وهو ضعيف	0.8	1	urn:openiti:0840ShihabDinBusiri.MisbahZujaja.JK000312-ara1:p04261	1:153	457	Ibn Maja	حدثنا محمد بن الصباح أنبأنا عبد الرحمن بن عبد الله العمري عن أبيه و عبيد الله عن نافع عن ابن عمر قال كان رسول الله صلى الله عليه وسلم يخرج إلى العيد ماشيا ويرجع
urn:hadith:0273IbnMaja.Sunan:1300	al-Busiri (Misbah al-zujaja)	840	classical	chain	weak	هذا إسناد فيه مندل ومحمد بن عبيد الله وهما ضعيفان وله شاهد من حديث علي ابن أبي طالب ورواه الترمذي وقال حديث حسن	1.0	1	urn:openiti:0840ShihabDinBusiri.MisbahZujaja.JK000312-ara1:p04274	1:153	459	Ibn Maja	حدثنا أحمد بن الأزهر حدثنا عبد العزيز بن الخطاب حدثنا مندل عن محمد بن عبيد الله بن أبي رافع عن أبيه عن جده أن النبي صلى الله عليه وسلم كان يأتي العيد ماشيا ويرج
urn:hadith:0273IbnMaja.Sunan:1298	al-Busiri (Misbah al-zujaja)	840	classical	chain	weak	هذا إسناد ضعيف تقدم الكلام عليه في أول هذه الصفحة رواه ابن حبان في صحيحه من طريق عبد الرحمن بن سعيد بن عمار عن أبيه به	0.92	1	urn:openiti:0840ShihabDinBusiri.MisbahZujaja.JK000312-ara1:p04283	1:154	460	Ibn Maja	حدثنا هشام بن عمار حدثنا عبد الرحمن بن سعد بن عمار بن سعد أخبرني أبي عن أبيه عن جده أن النبي صلى الله عليه وسلم كان إذا خرج إلى العيدين سلك على دار سعيد بن أبي 
urn:hadith:0273IbnMaja.Sunan:1393	al-Busiri (Misbah al-zujaja)	840	classical	chain	sound	هذا إسناد صحيح رجاله ثقات وهو موقوف قال ابن حزم لا معمر في خبر كعب البتة ثم روى عن أبي بكر الصديق وعلي بن أبي طالب نحوه	0.77	1	urn:openiti:0840ShihabDinBusiri.MisbahZujaja.JK000312-ara1:p04486	2:11	496	Ibn Maja	حدثنا محمد بن يحيى حدثنا عبد الرازق عن معمر عن الزهري عن عبد الرحمن بن كعب بن مالك عن أبيه قال لما تاب الله عليه خر ساجدا
	al-Busiri (Misbah al-zujaja)	840	classical	chain	unclassified	وإسناد حديث ابن عباس حسن لقصور عبد الله بن عصم وأبي الوليد عن درجة أهل الحفظ والإتقان		0	urn:openiti:0840ShihabDinBusiri.MisbahZujaja.JK000312-ara1:p04499	2:12	498	Ibn Maja	حدثنا أبو بكر بن خلاد الباهلي حدثنا الوليد حدثنا شريك عن عبد الله بن عصم أبي علوان عن ابن عباس قال أمر نبيكم صلى الله عليه وسلم بخمسين صلاة فنازل ربكم أن يجعلها
urn:hadith:0273IbnMaja.Sunan:1406	al-Busiri (Misbah al-zujaja)	840	classical	chain	sound	هذا إسناد صحيح رجاله ثقات إسماعيل بن أسد وثقه البزار والدارقطني والذهبي في الكاشف وقال أبو حاتم صدوق وباقي رجال الإسناد محتج بهم في الصحيحين رواه الإمام أحمد في مسنده من هذا الوجه	1.0	1	urn:openiti:0840ShihabDinBusiri.MisbahZujaja.JK000312-ara1:p04507	2:13	500	Ibn Maja	حدثنا إسماعيل بن أسد حدثنا زكريا بن عدي أنبأنا عبيد الله بن عمرو عن عبد الكريم عن عطاء عن جابر أن رسول الله صلى الله عليه وسلم قال صلاة في مسجدي أفضل من ألف صلا
urn:hadith:0273IbnMaja.Sunan:1408	al-Busiri (Misbah al-zujaja)	840	classical	chain	weak	هذا إسناد ضعيف أيوب بن سويد متفق على تضعيفه وعبيد الله بن الجهم لا يعرف حاله روى أبو داود بعضه من حديث ابن عمرو أيضا وكذا رواه النسائي في الصغرى عن عمرو بن منصور عن أبي مسهر عن سعيد بن عبد العزيز عن ربيعة بن يزيد عن أبي إدريس الخولاني عن عبد الله بن فيروز الديلمي به ورواه الإمام أحمد في مسنده من حديث ابن عمرو أيضا	0.66	1	urn:openiti:0840ShihabDinBusiri.MisbahZujaja.JK000312-ara1:p04519	2:14	502	Ibn Maja	حدثنا عبيد الله بن الجهم الأنماطي حدثنا أيوب بن سويد عن أبي زرعة الشيباني يحيى بن أبي عمرو حدثنا عبد الله بن الديلمي عن عبد الله بن عمرو عن النبي صلى الله عليه 
urn:hadith:0273IbnMaja.Sunan:1413	al-Busiri (Misbah al-zujaja)	840	classical	chain	weak	هذا إسناد ضعيف أبو الخطاب الدمشقي لا نعرف حاله ورزيق أبو عبد الله الألهاني فيه مقال حكي عن أبي زرعة أنه قال لا بأس به وذكره ابن حبان في الثقات وفي الضعفاء	0.78	1	urn:openiti:0840ShihabDinBusiri.MisbahZujaja.JK000312-ara1:p04526	2:15	503	Ibn Maja	حدثنا هشام بن عمار حدثنا أبو الخطاب الدمشقي حدثنا رزيق أبو عبد الله الألهاني عن أنس بن مالك قال قال رسول الله صلى الله عليه وسلم صلاة الرجل في بيته بصلاة وصلاته
urn:hadith:0273IbnMaja.Sunan:1414	al-Busiri (Misbah al-zujaja)	840	classical	chain	fair	هذا إسناد حسن رواه أبو يعلى الموصلي في مسنده حدثنا إسماعيل بن عبد الله بن خالد واللفظ له وعيسى بن سالم جميعا قالا حدثنا عبيد الله بن عمرو فذكره بالإسناد والمتن	0.86	1	urn:openiti:0840ShihabDinBusiri.MisbahZujaja.JK000312-ara1:p04535	2:16	504	Ibn Maja	حدثنا إسماعيل بن عبد الله الدورقي حدثنا عبيد الله بن عمرو الرقي عن عبد الله بن محمد بن عقيل عن الطفيل بن أبي بن كعب عن أبيه قال كان رسول الله صلى الله عليه وسلم
urn:hadith:0273IbnMaja.Sunan:1415	al-Busiri (Misbah al-zujaja)	840	classical	chain	sound	هذا إسناد صحيح رجاله ثقات رواه أحمد بن منيع في مسنده قال حدثنا أبو نصر حدثنا حماد فذكره بإسناده ومتنه جذع نخلة وقال تحول إلى المنبر	0.72	1	urn:openiti:0840ShihabDinBusiri.MisbahZujaja.JK000312-ara1:p04538	2:16	505	Ibn Maja	حدثنا أبو بكر بن خلاد الباهلي حدثنا حماد بن سلمة عن عمار بن أبي عمار عن ابن عباس و ثابت عن أنس بن مالك أن النبي صلى الله عليه وسلم كان يخطب إلى جذع فلما اتخذ ال
urn:hadith:0273IbnMaja.Sunan:1417	al-Busiri (Misbah al-zujaja)	840	classical	chain	sound	هذا إسناد صحيح رجاله ثقات رواه النسائي في الصغرى عن عمر بن سواد بن الأسود حدثنا ابن وهب أنبأنا ابن جريج أن أبا الزبير أخبره أنه سمع جابر بن عبد الله يقول كان رسول الله صلى الله عليه وسلم إذا خطب استند إلى جذع نخلة من سواري المسجد فلما صنع المنبر واستوى عليه اضطربت تلك السارية كحنين الناقة حتى سمعها أهل المسجد حتى نزل إليها رسول الله صلى الله عليه وسلم فاعتنقها فسكت	0.84	1	urn:openiti:0840ShihabDinBusiri.MisbahZujaja.JK000312-ara1:p04542	2:17	506	Ibn Maja	حدثنا أبو بشر بكر بن خلف حدثنا ابن أبي عدي عن سليمان التميمي عن أبي نضرة عن جابر بن عبد الله قال كان رسول الله صلى الله عليه وسلم يقوم في أصل شجرة أو قال إلى جذ
urn:hadith:0273IbnMaja.Sunan:1420	al-Busiri (Misbah al-zujaja)	840	classical	chain	sound	هذا إسناد صحيح احتج مسلم بجميع رواته رواه الترمذي في الشمائل عن الحسين بن حريث عن الفضل بن موسى عن محمد بن عمرو عن أبي سلمة عن أبي هريرة عن النبي صلى الله عليه وسلم به ورواه أصحاب الكتب الستة من حديث المغيرة بن شعبة ورواه الترمذي من حديث جابر وقال حسن صحيح قال وفي الباب عن عبد الله بن حبشي وأنس بن مالك وأبي هريرة وعائشة	1.0	1	urn:openiti:0840ShihabDinBusiri.MisbahZujaja.JK000312-ara1:p04549	2:17	507	Ibn Maja	حدثنا أبو هشام الرفاعي محمد بن يزيد حدثنا يحيى بن يمان حدثنا الأعمش عن أبي صالح عن أبي هريرة قال كان رسول الله صلى الله عليه وسلم يصلي حتى تورمت قدماه فقيل له إ
urn:hadith:0273IbnMaja.Sunan:1424	al-Busiri (Misbah al-zujaja)	840	classical	chain	weak	هذا إسناد ضعيف لتدليس الوليد بن مسلم رواه مسلم والترمذي والنسائي من حديث ثوبان	0.82	1	urn:openiti:0840ShihabDinBusiri.MisbahZujaja.JK000312-ara1:p04556	2:18	508	Ibn Maja	حدثنا العباس بن عثمان الدمشقي حدثنا الوليد بن مسلم عن خالد بن يزيد المسري عن يونس بن ميسرة بن حابس عن الصنابحي عن عبادة بن الصامت أنه سمع رسول الله صلى الله علي
urn:hadith:0273IbnMaja.Sunan:1432	al-Busiri (Misbah al-zujaja)	840	classical	chain	weak	هذا إسناد ضعيف عبد الله بن سعيد متفق على تضعيفه رواه أبو داود في سننه من طرق منها عن عبد الوهاب بن نجدة عن بقية وشعيب بن إسحاق عن الأوزاعي عن محمد بن الوليد عن سعيد بن أبي سعيد عن أبيه عن أبي هريرة به فلم يذكر الزم نعليك قدميك ولم يقل ولا وراءك فتؤذي من خلفك والباقي نحوه	0.68	1	urn:openiti:0840ShihabDinBusiri.MisbahZujaja.JK000312-ara1:p04563	2:18	509	Ibn Maja	حدثنا إسحاق بن إبراهيم بن حبيب و محمد بن إسماعيل قالا حدثنا عبد الرحمن المحاربي عن عبد الله بن سعيد بن أبي سعيد عن أبيه عن أبي هريرة قال قال رسول الله صلى الله 
urn:hadith:0273IbnMaja.Sunan:1434	al-Busiri (Misbah al-zujaja)	840	classical	chain	sound	هذا إسناد صحيح رواه الإمام أحمد في مسنده من حديث أبي مسعود أيضا وأبو يعلى الموصلي في مسنده عن القواريري عن يحيى بن سعيد به ورواه من طريق حكيم بن أفلح عن عقبة بن عمرو ورواه ابن حبان في صحيحه عن أبي يعلى عن عبد الله بن عمر عن يحيى القطان به ورواه الحاكم في المستدرك عن أحمد بن جعفر القطيعي عن عبد الله بن أحمد بن حنبل عن أبيه عن يحيى بن سعيد فذكره بإسناده ومتنه سواء وقال هذا حديث صحيح على شرط الشيخين بهذا الإسناد إنما أخرجاه من حديث الأوزاعي عن الزهري عن سعيد عن أبي هريرة حق المسلم على المسلم خمس	0.9	1	urn:openiti:0840ShihabDinBusiri.MisbahZujaja.JK000312-ara1:p04575	2:19	510	Ibn Maja	حدثنا أبو بشر بكر بن خلف و محمد بن بشار قالا حدثنا يحيى بن سعيد حدثنا عبد الحميد بن جعفر عن أبيه عن حكيم بن أفلح عن أبي مسعود عن النبي صلى الله عليه وسلم قال لل
urn:hadith:0273IbnMaja.Sunan:1435	al-Busiri (Misbah al-zujaja)	840	classical	chain	sound	هذا إسناد صحيح رجاله ثقات وهو في الصحيحين من حديث أبي هريرة أيضا بغير هذا السياق	0.92	1	urn:openiti:0840ShihabDinBusiri.MisbahZujaja.JK000312-ara1:p04581	2:20	511	Ibn Maja	حدثنا أبو بكر بن أبي شيبة حدثنا محمد بن بشر عن محمد بن عمرو عن أبي سلمة عن أبي هريرة قال قال رسول الله صلى الله عليه وسلم خمس من حق المسلم على المسلم رد التحية 
urn:hadith:0273IbnMaja.Sunan:1437	al-Busiri (Misbah al-zujaja)	840	classical	chain	unclassified	هذا إسناد فيه مسلمة بن علي قال البخاري	1.0	1	urn:openiti:0840ShihabDinBusiri.MisbahZujaja.JK000312-ara1:p04584	2:20	512	Ibn Maja	حدثنا هشام بن عمار حدثنا مسلمة بن علي حدثنا ابن جريج عن حميد الطويل عن أنس بن مالك قال كان النبي صلى الله عليه وسلم لا يعود مريضا إلا بعد ثلاث
urn:hadith:0273IbnMaja.Sunan:1439	al-Busiri (Misbah al-zujaja)	840	classical	chain	disputed_narrator	هذا إسناد حسن صفوان مختلف فيه وأبو مكين اسمه نوح بن ربيعة وسيأتي هذا الحديث بإسناده في كتاب الطب إن شاء الله عز وجل	0.83	1	urn:openiti:0840ShihabDinBusiri.MisbahZujaja.JK000312-ara1:p04589	2:20	513	Ibn Maja	حدثنا الحسن بن علي الخلال حدثنا صفوان بن هبيرة حدثنا أبو مكين عن عكرمة عن ابن عباس أن النبي صلى الله عليه وسلم عاد رجلا فقال ما تشتهي قال خبز بر قال النبي صلى ا
urn:hadith:0273IbnMaja.Sunan:1440	al-Busiri (Misbah al-zujaja)	840	classical	chain	weak	هذا إسناد ضعيف لضعف يزيد بن أبان وسيأتي في كتاب الطب إن شاء الله تعالى	1.0	1	urn:openiti:0840ShihabDinBusiri.MisbahZujaja.JK000312-ara1:p04592	2:21	514	Ibn Maja	حدثنا سفيان بن وكيع حدثنا أبو يحيى الحماني عن الأعمش عن يزيد الرقاشي عن أنس بن مالك قال دخل النبي صلى الله عليه وسلم على مريض يعوده فقال أتشتهي شيئا أتشتهي كعكا
urn:hadith:0273IbnMaja.Sunan:1441	al-Busiri (Misbah al-zujaja)	840	classical	chain	weak	هذا إسناد رجاله ثقات إلا أنه منقطع قال العلائي في المراسيل والمزي في التهذيب إن رواية ميمون بن مهران عن عمر مرسلة	0.89	1	urn:openiti:0840ShihabDinBusiri.MisbahZujaja.JK000312-ara1:p04596	2:21	515	Ibn Maja	حدثنا جعفر بن مسافر حدثني كثير بن هشام حدثنا جعفر بن برقان عن ميمون بن مهران عن عمر بن الخطاب قال قال رسول الله صلى الله عليه وسلم إذا دخلت على مريض فمره يدعو ل
urn:hadith:0273IbnMaja.Sunan:1446	al-Busiri (Misbah al-zujaja)	840	classical	chain	disputed_narrator	هذا إسناد حسن كثير بن زيد مختلف فيه وباقي رجال الإسناد ثقات	0.89	1	urn:openiti:0840ShihabDinBusiri.MisbahZujaja.JK000312-ara1:p04611	2:22	517	Ibn Maja	حدثنا محمد بن بشار حدثنا أبو عامر حدثنا كثير بن زيد عن إسحاق بن عبد الله بن جعفر عن أبيه قال قال رسول الله صلى الله عليه وسلم لقنوا أمواتكم لا إله إلا الله الحل
urn:hadith:0273IbnMaja.Sunan:1450	al-Busiri (Misbah al-zujaja)	840	classical	chain	sound	هذا إسناد صحيح رجاله ثقات إلا أنه موقوف	1.0	1	urn:openiti:0840ShihabDinBusiri.MisbahZujaja.JK000312-ara1:p04620	2:22	518	Ibn Maja	حدثنا أحمد بن الأزهر حدثنا محمد بن عيسى حدثنا يوسف بن الماجشون حدثنا محمد بن المنكدر قال دخلت على جابر بن عبد الله وهو يموت فقلت أقرأ على رسول الله صلى الله علي
urn:hadith:0273IbnMaja.Sunan:1451	al-Busiri (Misbah al-zujaja)	840	classical	chain	sound	هذا إسناد صحيح رجاله ثقات والوليد وإن كان يدلس فقد صرح بالتحدث فزالت تهمة التدليس	1.0	1	urn:openiti:0840ShihabDinBusiri.MisbahZujaja.JK000312-ara1:p04627	2:23	519	Ibn Maja	حدثنا هشام بن عمار حدثنا الوليد بن مسلم حدثنا الأوزاعي عن عطاء عن عائشة أن رسول الله صلى الله عليه وسلم دخل عليها وعندها حميم لها يخنقه الموت فلما رأى النبي صلى
urn:hadith:0273IbnMaja.Sunan:1453	al-Busiri (Misbah al-zujaja)	840	classical	chain	fabricated	هذا إسناد ضعيف نصر بن حماد كذبه ابن معين وغيره واتهم بالوضع	1.0	1	urn:openiti:0840ShihabDinBusiri.MisbahZujaja.JK000312-ara1:p04630	2:23	520	Ibn Maja	حدثنا روح بن الفرج حدثنا نصر بن حماد حدثنا موسى بن كردم عن محمد بن قيس عن أبي بردة عن أبي موسى قال سألت رسول الله صلى الله عليه وسلم متى تنقطع معرفة العبد من ال
urn:hadith:0273IbnMaja.Sunan:1455	al-Busiri (Misbah al-zujaja)	840	classical	chain	disputed_narrator	هذا إسناد حسن قزعة بن سويد مختلف فيه وباقي رجال الإسناد ثقات رواه الحاكم في المستدرك عن علي بن محمد بن شاذان بن الجوهري عن أبيه عن يعلى بن منصور عن قزعة بن سويد فذكره بإسناده ومتنه وقال حديث صحيح الإسناد ولم يخرجاه قلت رواه أحمد في مسنده من هذا الوجه	1.0	1	urn:openiti:0840ShihabDinBusiri.MisbahZujaja.JK000312-ara1:p04633	2:23	521	Ibn Maja	حدثنا أبو داود سليمان بن توبة حدثنا عاصم بن علي حدثنا قزعة بن سويد عن حميد الأعرج عن الزهري عن محمود بن لبيد عن شداد بن أوس قال قال رسول الله صلى الله عليه وسلم
urn:hadith:0273IbnMaja.Sunan:1461	al-Busiri (Misbah al-zujaja)	840	classical	chain	fabricated	هذا إسناد ضعيف بقية بن الوليد مدلس وقد رواه بالعنعنة وشيخه قال فيه أحمد بن حنبل أحاديثه كذب موضوعة	1.0	1	urn:openiti:0840ShihabDinBusiri.MisbahZujaja.JK000312-ara1:p04642	2:24	522	Ibn Maja	حدثنا محمد بن المصفى الحمصي حدثنا بقية بن الوليد عن مبشر بن عبيد عن زيد بن أسلم عن عبد الله بن عمر قال قال رسول الله صلى الله عليه وسلم ليغسل موتاكم المأمونون
urn:hadith:0273IbnMaja.Sunan:1462	al-Busiri (Misbah al-zujaja)	840	classical	chain	very_weak	هذا إسناد ضعيف عمرو بن خالد كذبه أحمد وابن معين رواه البيهقي في سننه من طريق حبيب ابن أبي ثابت به قال سفيان الثوري حبيب بن أبي ثابت لم يرو عن عاصم بن ضمرة شيئا قط قلت لعل مراده لم يسمع منه كما قاله الدارقطني في سننه وإلا فقد روى له أبو داود وابن ماجة حديث وابن ماجة أيضا هذا الحديث	1.0	1	urn:openiti:0840ShihabDinBusiri.MisbahZujaja.JK000312-ara1:p04648	2:24	523	Ibn Maja	حدثنا علي بن محمد حدثنا عبد الرحمن المحاربي حدثنا عباد بن كثير عن عمرو بن خالد عن حبيب بن أبي ثابت عن عاصم بن ضمرة عن علي قال قال رسول الله صلى الله عليه وسلم م
urn:hadith:0273IbnMaja.Sunan:1464	al-Busiri (Misbah al-zujaja)	840	classical	chain	weak	هذا إسناد صحيح رجاله ثقات ومحمد بن إسحاق وإن كان مدلسا ورواه بالعنعنة في هذا الإسناد فقد رواه ابن الجارود وابن حبان في صحيحه والحاكم في المستدرك من طريق ابن إسحاق مصرحا بالتحديث فزالت تهمة تدليسه ورواه الإمام الشافعي في مسنده من هذا الوجه ورواه البيهقي من طريق الحاكم ورواه أبو يعلى الموصلي في مسنده من طريق محمد بن إسحاق حدثنا يحيى بن عباد فذكره بزيادة طويلة كما بينته في زوائد المسانيد العشرة	0.86	1	urn:openiti:0840ShihabDinBusiri.MisbahZujaja.JK000312-ara1:p04655	2:25	524	Ibn Maja	حدثنا محمد بن يحيى حدثنا أحمد بن خالد الوهبي حدثنا محمد بن إسحاق عن يحيى بن عباد بن عبد الله بن الزبير عن أبيه عن عائشة قالت لو كنت استقبلت من أمري ما استدبرت م
urn:hadith:0273IbnMaja.Sunan:1465	al-Busiri (Misbah al-zujaja)	840	classical	chain	narrators_trustworthy	هذا إسناد رجاله ثقات رواه البخاري من وجه آخر عن عائشة مختصرا ورواه النسائي في كتاب الوفاة وليس في روايتنا	0.84	1	urn:openiti:0840ShihabDinBusiri.MisbahZujaja.JK000312-ara1:p04658	2:25	525	Ibn Maja	حدثنا محمد بن يحيى حدثنا أحمد بن حنبل حدثنا محمد بن سلمة عن محمد بن إسحاق عن يعقوب بن عتبة عن عبيد الله بن عبد الله عن عائشة قالت رجع رسول الله صلى الله عليه وس
urn:hadith:0273IbnMaja.Sunan:1466	al-Busiri (Misbah al-zujaja)	840	classical	chain	weak	هذا إسناد ضعيف لضعف أبي بردة واسمه عمرو بن يزيد التيمي رواه الحاكم في المستدرك عن محمد بن يعقوب عن أحمد بن عبد الجبار عن أبي معاوية فذكره بإسناده ومتنه سواء وقال هذا حديث صحيح على شرط الشيخين قال وأبو بردة هذا هو بريد بن عبد الله بن أبي بردة بن أبي موسى الأشعري محتج بهم في الصحيحين انتهى	0.85	1	urn:openiti:0840ShihabDinBusiri.MisbahZujaja.JK000312-ara1:p04665	2:26	526	Ibn Maja	سعيد بن يحيى بن الأزهر الواسطي حدثنا أبو معاوية حدثنا أبو بردة عن علقمة بن مرثد عن ابن بريدة سليمان عن أبيه قال لما أخذوا في غسل النبي صلى الله عليه وسلم ناداهم
urn:hadith:0273IbnMaja.Sunan:1467	al-Busiri (Misbah al-zujaja)	840	classical	chain	sound	هذا إسناد صحيح رجاله ثقات يحيى بن خذام ذكره ابن حبان في الثقات وباقي رجال الإسناد على شرط مسلم رواه أبو داود في اليوم والليلة من طريق معمر به ورواه البيهقي من طريق عبد الواحد بن زياد عن معمر به	0.54	1	urn:openiti:0840ShihabDinBusiri.MisbahZujaja.JK000312-ara1:p04670	2:26	527	Ibn Maja	حدثنا يحيى بن خذام حدثنا صفوان بن عيسى أنبأنا معمر عن الزهري عن سعيد بن المسيب عن علي قال لما غسل النبي صلى الله عليه وسلم ذهبت ألتمس منه ما يلتمس من الميت فلم 
urn:hadith:0273IbnMaja.Sunan:1468	al-Busiri (Misbah al-zujaja)	840	classical	chain	weak	هذا إسناد ضعيف عباد بن يعقوب الرواجني أبو سعيد قال فيه ابن حبان كان رافضيا داعية ومع ذلك يروي المناكير عن المشاهير فاستحق الترك	0.72	1	urn:openiti:0840ShihabDinBusiri.MisbahZujaja.JK000312-ara1:p04673	2:26	528	Ibn Maja	حدثنا عباد بن يعقوب حدثنا الحسين بن زيد بن علي بن الحسين بن علي عن إسماعيل بن عبد الله بن جعفر عن أبيه عن علي قال قال رسول الله صلى الله عليه وسلم إذا أنا مت فا
urn:hadith:0273IbnMaja.Sunan:1470	al-Busiri (Misbah al-zujaja)	840	classical	chain	fair	هذا إسناد حسن لقصور سليمان بن موسى وحفص بن غيلان عن درجة أهل الحفظ والضبط والاتقان وأصله في الصحيحين من حديث عائشة وابن عباس	0.75	1	urn:openiti:0840ShihabDinBusiri.MisbahZujaja.JK000312-ara1:p04683	2:27	529	Ibn Maja	حدثنا محمد بن خالد العسقلاني حدثنا عمرو بن أبي سلمة قال هذا ما سمعت من أبي معيد حفص بن غيلان عن سليمان بن موسى عن نافع عن عبد الله بن عمر قال كفن رسول الله صلى 
urn:hadith:0273IbnMaja.Sunan:1475	al-Busiri (Misbah al-zujaja)	840	classical	chain	very_weak	هذا إسناد ضعيف أبو شيبة اسمه يوسف بن إبراهيم قال ابن حبان روى عن أنس بن مالك ما ليس من حديثه لا تحل الرواية عنه وقال البخاري صاحب عجائب وقال أبو حاتم ضعيف الحديث منكر الحديث عنده عجائب	1.0	1	urn:openiti:0840ShihabDinBusiri.MisbahZujaja.JK000312-ara1:p04690	2:27	530	Ibn Maja	حدثنا محمد بن إسماعيل بن سمرة حدثنا محمد بن الحسن حدثنا أبو شيبة عن أنس بن مالك قال لما قبض إبراهيم ابن النبي صلى الله عليه وسلم قال لهم النبي صلى الله عليه وسل
urn:hadith:0273IbnMaja.Sunan:1478	al-Busiri (Misbah al-zujaja)	840	classical	chain	weak	هذا إسناد موقوف رجاله ثقات وحكمه الرفع إلا أنه منقطع فإن أبا عبيدة واسمه عامر وقيل اسمه كنيته لم يسمع من أبيه شيئا قاله أبو حاتم وأبو زرعة وعمرو بن مرة وغيرهم رواه أبو داود والطيالسي في مسنده عن شعبة عن منصور بإسناده ومتنه	1.0	1	urn:openiti:0840ShihabDinBusiri.MisbahZujaja.JK000312-ara1:p04697	2:28	531	Ibn Maja	حدثنا حميد بن مسعدة حدثنا حماد بن زيد عن منصور عن عبيد بن نسطاس عن أبي عبيدة قال قال عبد الله بن مسعود من اتبع جنازة فليحمل بجوانب السرير كلها فإنه من السنة ثم 
urn:hadith:0273IbnMaja.Sunan:1479	al-Busiri (Misbah al-zujaja)	840	classical	chain	weak	هذا إسناد ضعيف رواه أبو داود الطيالسي في مسنده عن شعبة به وعن زائدة عن ليث وزاد وهي تمخض مخض الزق الحديث وليث بن أبي سليم تركه يحيى القطان وابن معين وابن مهدي وغيرهم ومع ضعفه قد ورد في الصحيحين وغيرهما من حديث أبي هريرة ما يخالفه أسرعوا بالجنازة الحديث ورواه الإمام أحمد في مسنده من طريق ابن ماجه	0.73	1	urn:openiti:0840ShihabDinBusiri.MisbahZujaja.JK000312-ara1:p04700	2:28	532	Ibn Maja	حدثنا محمد بن عبيد بن عقيل حدثنا بشر بن ثابت حدثنا شعبة عن ليث عن أبي بردة عن أبي موسى عن النبي صلى الله عليه وسلم أنه رأى جنازة يسرعون بها فقال ليكن عليكم السك
urn:hadith:0273IbnMaja.Sunan:1485	al-Busiri (Misbah al-zujaja)	840	classical	chain	very_weak	هذا إسناد ضعيف نفيع بن الحارث أبو داود الأعمى تركه غير واحد ونسبه يحيى بن معين وغيره لوضع الحديث وعلي بن الحرور كذلك متروك الحديث قال البخاري منكر الحديث عنده عجايب وقال مرة فيه نظر	0.79	1	urn:openiti:0840ShihabDinBusiri.MisbahZujaja.JK000312-ara1:p04707	2:29	533	Ibn Maja	حدثنا أحمد بن عبدة أخبرني عمرو بن النعمان حدثنا علي بن الحزور عن نفيع عن عمران بن حصين و أبي برزة قالا خرجنا مع رسول الله صلى الله عليه وسلم في جنازة فرأى قوما 
urn:hadith:0273IbnMaja.Sunan:1479	al-Busiri (Misbah al-zujaja)	840	classical	chain	weak	هذا إسناد ضعيف لضعف ليث وهو ابن أبي سليم رواه أبو بكر بن أبي شيبة في مسنده عن محمد بن فضيل عن ليث وبه وسياقه أتم	0.73	1	urn:openiti:0840ShihabDinBusiri.MisbahZujaja.JK000312-ara1:p04714	2:29	534	Ibn Maja	حدثنا محمد بن عبيد بن عقيل حدثنا بشر بن ثابت حدثنا شعبة عن ليث عن أبي بردة عن أبي موسى عن النبي صلى الله عليه وسلم أنه رأى جنازة يسرعون بها فقال ليكن عليكم السك
urn:hadith:0273IbnMaja.Sunan:1488	al-Busiri (Misbah al-zujaja)	840	classical	chain	sound	هذا إسناد صحيح رجاله رجال الصحيحين	1.0	1	urn:openiti:0840ShihabDinBusiri.MisbahZujaja.JK000312-ara1:p04726	2:30	536	Ibn Maja	حدثنا أبو بكر بن أبي شيبة حدثنا عبيد الله أنبأنا شيبان عن الأعمش عن أبي صالح عن أبي هريرة عن النبي صلى الله عليه وسلم قال من صلى عليه مائة من المسلمين غفر له
urn:hadith:0273IbnMaja.Sunan:1492	al-Busiri (Misbah al-zujaja)	840	classical	chain	sound	هذا إسناد صحيح رجاله محتج بهم في الصحيحين رواه النسائي في الصغرى عن محمد بن بشار عن هشام بن عبد الملك عن شعبة عن إبراهيم بن عامر وجده أمية بن خلف عن عامر بن سعد عن أبي هريرة به إلا قوله في مناقب الخير ومناقب الشر ورواه ابن حبان في صحيحه عن عبد الله بن محمد عن إسحاق بن إبراهيم عن محمد بن عبيد عن محمد بن عمرو فذكره بإسناده ومتنه سواء إلا أنه قال شهود الله بدل شهداء والباقي مثله وأصله في الصحيحين وغيرهما من حديث أنس بن مالك	0.84	1	urn:openiti:0840ShihabDinBusiri.MisbahZujaja.JK000312-ara1:p04734	2:30	537	Ibn Maja	حدثنا أبو بكر بن أبي شيبة حدثنا علي بن مسهر عن محمد بن عمرو عن أبي سلمة عن أبي هريرة قال مر على النبي صلى الله عليه وسلم بجنازة فأثني عليها خيرا في مناقب الخير 
urn:hadith:0273IbnMaja.Sunan:1496	al-Busiri (Misbah al-zujaja)	840	classical	chain	disputed_narrator	هذا إسناد حسن شهر والراوي عنه مختلف فيهما رواه أبو يعلى الموصلي في مسنده من طريق حماد بن جعفر به	0.74	1	urn:openiti:0840ShihabDinBusiri.MisbahZujaja.JK000312-ara1:p04741	2:31	538	Ibn Maja	حدثنا عمرو بن أبي عاصم النبيل و إبراهيم بن المستمر قالا حدثنا أبو عاصم حدثنا حماد بن جعفر العبدي حدثني شهر بن حوشب حدثتني أم شريك قالت أمرنا رسول الله صلى الله 
urn:hadith:0273IbnMaja.Sunan:1501	al-Busiri (Misbah al-zujaja)	840	classical	chain	weak	هذا إسناد ضعيف حجاج هو ابن أرطأة كان كثير التدليس مشهور بذلك رواه أحمد بن منيع في مسنده عن عبد القدوس بن بكر بن حنيش عن الحجاج به ورواه أبو يعلى الموصلي حدثنا عقبة بن مكرم حدثنا يونس بن بكير عن إبراهيم بن إسماعيل عن أبي الزبير	1.0	1	urn:openiti:0840ShihabDinBusiri.MisbahZujaja.JK000312-ara1:p04748	2:31	539	Ibn Maja	حدثنا عبد الله بن سعيد حدثنا حفص بن غياث عن حجاج عن أبي الزبير عن جابر قال ما أباح لنا رسول الله صلى الله عليه وسلم ولا أبو بكر ولا عمر في شيء ما أباحوا في الصل
urn:hadith:0273IbnMaja.Sunan:1502	al-Busiri (Misbah al-zujaja)	840	classical	chain	weak	هذا إسناد ضعيف خالد بن إلياس ضعفه أحمد وابن معين والبخاري وأبو داود والترمذي والنسائي وأبو حاتم وغيرهم وله شاهد من حديث ابن عباس رواه الترمذي وابن ماجه	0.71	1	urn:openiti:0840ShihabDinBusiri.MisbahZujaja.JK000312-ara1:p04755	2:31	540	Ibn Maja	حدثنا يعقوب بن حميد بن كاسب حدثنا المغيرة بن عبد الرحمن حدثنا خالد بن إلياس عن إسماعيل بن عمرو بن سعيد بن العاص عن عثمان بن عبد الله بن الحكم بن الحارث عن عثمان
urn:hadith:0273IbnMaja.Sunan:1503	al-Busiri (Misbah al-zujaja)	840	classical	chain	weak	هذا إسناد ضعيف لضعف الهجري واسمه إبراهيم بن مسلم الكوفي ضعفه سفيان بن عيينة وابن معين والنسائي والأزدي وغيرهم	1.0	1	urn:openiti:0840ShihabDinBusiri.MisbahZujaja.JK000312-ara1:p04758	2:32	541	Ibn Maja	حدثنا علي بن محمد حدثنا عبد الرحمن المحاربي حدثنا الهجري قال صليت مع عبد الله بن أبي أوفى الأسلمي صاحب رسول الله صلى الله عليه وسلم على جنازة ابنة له فكبر عليها
urn:hadith:0273IbnMaja.Sunan:1509	al-Busiri (Misbah al-zujaja)	840	classical	chain	fabricated	هذا إسناد ضعيف البختري بن عبيد ضعفه أبو حاتم وابن عدي وابن حبان والدارقطني وكذبه الأزدي وقال فيه أبو نعيم الأصبهاني والحاكم والنقاش يروى عن أبيه موضوعات	1.0	1	urn:openiti:0840ShihabDinBusiri.MisbahZujaja.JK000312-ara1:p04772	2:33	543	Ibn Maja	حدثنا هشام بن عمار حدثنا البختري بن عبيد عن أبيه عن أبي هريرة قال قال رسول الله صلى الله عليه وسلم صلوا على أطفالكم فإنهم من أفراطكم
urn:hadith:0273IbnMaja.Sunan:1511	al-Busiri (Misbah al-zujaja)	840	classical	chain	weak	هذا إسناد ضعيف لضعف إبراهيم بن عثمان أبو شيبة وله شاهد في صحيح البخاري وغيره من حديث عبد الله بن أبي أوفى	0.93	1	urn:openiti:0840ShihabDinBusiri.MisbahZujaja.JK000312-ara1:p04779	2:33	544	Ibn Maja	حدثنا عبد القدوس بن محمد حدثنا داود بن شبيب الباهلي حدثنا إبراهيم بن عثمان حدثنا الحكم بن عتيبة عن مقسم عن ابن عباس قال لما مات إبراهيم ابن رسول الله صلى الله ع
urn:hadith:0273IbnMaja.Sunan:1512	al-Busiri (Misbah al-zujaja)	840	classical	chain	weak	هذا إسناد ضعيف لضعف هشام بن الوليد	0.82	1	urn:openiti:0840ShihabDinBusiri.MisbahZujaja.JK000312-ara1:p04782	2:33	545	Ibn Maja	حدثنا عبد الله بن عمران حدثنا داود حدثنا هشام بن الوليد عن أمه عن فاطمة بنت الحسين عن أبيها الحسين بن علي قال لما توفي القاسم ابن رسول الله صلى الله عليه وسلم ق
urn:hadith:0273IbnMaja.Sunan:1513	al-Busiri (Misbah al-zujaja)	840	classical	chain	sound	هذا إسناد صحيح رواه أبو داود وابن ماجة من حديث ابن عباس أيضا بغير هذا السياق وأصله في الصحيحين ومسند أحمد والنسائي من حديث عقبة بن عامر	1.0	1	urn:openiti:0840ShihabDinBusiri.MisbahZujaja.JK000312-ara1:p04789	2:34	546	Ibn Maja	حدثنا محمد بن عبد الله بن نمير حدثنا أبو بكر بن عياش عن يزيد بن أبي زياد عن مقسم عن ابن عباس قال أتى بهم رسول الله صلى الله عليه وسلم يوم أحد فجعل يصلي على عشرة
urn:hadith:0273IbnMaja.Sunan:1522	al-Busiri (Misbah al-zujaja)	840	classical	chain	weak	هذا إسناد ضعيف لضعف ابن لهيعة وتدليس الوليد بن مسلم رواه الحاكم من طريق يحيى بن إسحاق السيلحيني عن ابن لهيعة ورواه البيهقي عن الحاكم	1.0	1	urn:openiti:0840ShihabDinBusiri.MisbahZujaja.JK000312-ara1:p04797	2:34	547	Ibn Maja	حدثنا العباس بن عثمان الدمشقي حدثنا الوليد بن مسلم عن ابن لهيعة عن أبي الزبير عن جابر بن عبد الله أن النبي صلى الله عليه وسلم قال صلوا على موتاكم بالليل والنهار
urn:hadith:0273IbnMaja.Sunan:1525	al-Busiri (Misbah al-zujaja)	840	classical	chain	weak	هذا إسناد ضعيف أبو سعيد هذا هو الصواب واسمه محمد بن سعيد وعتبة بن يقظان والحارث بن نبهان كلهم ضعفاء رواه الدارقطني في سننه من حديث واثلة بن الأسقع أيضا	1.0	1	urn:openiti:0840ShihabDinBusiri.MisbahZujaja.JK000312-ara1:p04804	2:34	548	Ibn Maja	حدثنا أحمد بن يوسف السلمي حدثنا مسلم بن إبراهيم حدثنا الحارث بن نبهان حدثنا عتبة بن يقظان عن أبي سعيد عن مكحول عن واثلة بن الأسقع قال قال رسول الله صلى الله علي
urn:hadith:0273IbnMaja.Sunan:1529	al-Busiri (Misbah al-zujaja)	840	classical	chain	disputed_narrator	هذا إسناد حسن يعقوب بن حميد مختلف فيه رواه الإمام أحمد في مسنده من هذا الوجه ورواه أبو بكر بن أبي شيبة في مسنده عن داود بن عبد الله عن الدراوردي وله شاهد من حديث جابر بن عبد الله رواه النسائي في الصغرى	0.71	1	urn:openiti:0840ShihabDinBusiri.MisbahZujaja.JK000312-ara1:p04811	2:35	549	Ibn Maja	حدثنا يعقوب بن حميد بن كاسب حدثنا عبد العزيز بن محمد الدراوردي عن محمد بن زيد بن المهاجر بن قنفد عن عبد الله بن عامر بن ربيعة عن أبيه أن امرأة سوداء ماتت ولم يؤ
urn:hadith:0273IbnMaja.Sunan:1532	al-Busiri (Misbah al-zujaja)	840	classical	chain	disputed_narrator	هذا إسناد حسن أبو سنان فمن دونه مختلف فيهم	1.0	1	urn:openiti:0840ShihabDinBusiri.MisbahZujaja.JK000312-ara1:p04814	2:35	550	Ibn Maja	حدثنا محمد بن حميد حدثنا مهران بن أبي عمر عن أبي سنان عن علقمة بن مرثد عن ابن بريدة عن أبيه أن النبي صلى الله عليه وسلم صلى على ميت بعد ما دفن
urn:hadith:0273IbnMaja.Sunan:1533	al-Busiri (Misbah al-zujaja)	840	classical	chain	weak	هذا إسناد ضعيف لضعف عبد الله بن لهيعة ومتن هذا الحديث ثابت في الصحيحين من حديث أبي هريرة وفي الستة من حديث ابن عباس وفي النسائي وابن ماجة وابن حبان من حديث زيد بن ثابت	1.0	1	urn:openiti:0840ShihabDinBusiri.MisbahZujaja.JK000312-ara1:p04818	2:36	551	Ibn Maja	حدثنا أبو كريب حدثنا سعيد بن شرحبيل عن ابن لهيعة عن عبيد الله بن المغيرة عن أبي الهيثم عن أبي سعيد قال كانت سوداء تقم المسجد فتوفيت ليلا فلما أصبح رسول الله صلى
urn:hadith:0273IbnMaja.Sunan:1536	al-Busiri (Misbah al-zujaja)	840	classical	chain	weak	هذا إسناد فيه مقال حمران ضعفه ابن معين والنسائي وقال أبو داود رافضي وقال أبو حاتم شيخ وذكره ابن حبان في الثقات انتهى	1.0	1	urn:openiti:0840ShihabDinBusiri.MisbahZujaja.JK000312-ara1:p04825	2:36	552	Ibn Maja	حدثنا أبو بكر بن أبي شيبة حدثنا معاوية بن هشام حدثنا سفيان عن حمران بن أعين عن أبي الطفيل عن مجمع بن جارية الأنصاري أن النبي صلى الله عليه وسلم قال إن أخاكم الن
urn:hadith:0273IbnMaja.Sunan:1537	al-Busiri (Misbah al-zujaja)	840	classical	chain	sound	هذا إسناد صحيح رجاله ثقات رواه أبو داود الطيالسي في مسنده عن المثنى ابن سعيد عن قتادة عن أبي الطفيل فذكره بلفظ إن أخاكم مات بغير أرضكم فقوموا فصلوا عليه فصفهم رسول الله صلى الله عليه وسلم خلفه وله شاهد في الصحيحين من حديث جابر بن عبد الله ومن حديث أنس بن مالك	1.0	1	urn:openiti:0840ShihabDinBusiri.MisbahZujaja.JK000312-ara1:p04829	2:36	553	Ibn Maja	حدثنا محمد بن المثنى حدثنا عبد الرحمن بن مهدي عن المثنى بن سعيد عن قتادة عن أبي الطفيل عن حذيفة بن أسيد أن النبي صلى الله عليه وسلم خرج بهم فقال صلوا على أخ لكم
urn:hadith:0273IbnMaja.Sunan:1538	al-Busiri (Misbah al-zujaja)	840	classical	chain	sound	هذا إسناد صحيح رجاله ثقات	1.0	1	urn:openiti:0840ShihabDinBusiri.MisbahZujaja.JK000312-ara1:p04832	2:36	554	Ibn Maja	حدثنا سهل بن أبي سهل حدثنا مكي بن إبراهيم أبو السكن عن مالك عن نافع عن ابن عمر أن النبي صلى الله عليه وسلم صلى على النجاشي فكبر أربعا
urn:hadith:0273IbnMaja.Sunan:1541	al-Busiri (Misbah al-zujaja)	840	classical	chain	weak	هذا إسناد ضعيف لتدليس حجاج بن أرطأة رواه أحمد بن منيع في مسنده حدثنا يزيد بن هارون أنبأنا حجاج عن عدي فذكره ورواه الإمام أحمد في مسنده من هذا الوجه ورواه أبو بكر بن أبي شيبة في مسنده عن يزيد بن هارون عن الحجاج بن أرطأة فذكره بإسناده ومتنه سواء وكذا أبو يعلى الموصلي من طريق يزيد به وله شاهد من حديث أبي هريرة رواه الشيخان والترمذي ورواه مسلم وابن ماجة من حديث ثوبان ورواه النسائي من حديث البراء ومن حديث عبد الله بن مغفل قال الترمذي وفي الباب عن البراء وعبد الله بن مغفل وعبد الله بن مسعود وأبي سعيد وأبي بن كعب وابن عمر وثوبان رضي الله عنهم	0.9	1	urn:openiti:0840ShihabDinBusiri.MisbahZujaja.JK000312-ara1:p04839	2:37	555	Ibn Maja	حدثنا عبد الله بن سعيد حدثنا عبد الرحمن المحاربي عن حجاج بن أرطأة عن عدي بن ثابت عن زر بن حبيش عن أبي بن كعب قال قال رسول الله صلى الله عليه وسلم من صلى على جنا
urn:hadith:0273IbnMaja.Sunan:1543	al-Busiri (Misbah al-zujaja)	840	classical	chain	sound	هذا إسناد صحيح رجاله ثقات ورواه الإمام أحمد في مسنده من هذا الوجه وله شاهد من حديث عامر بن ربيعة رواه الأئمة الستة ورواه مسلم وأصحاب السنن من حديث علي بن أبي طالب وهو في الصحيحين من حديث جابر بن عبد الله وفي أبي داود والترمذي وابن ماجة من حديث عبادة بن الصامت وفي النسائي من حديث أبي سعيد وفي مسند البزار من حديث ابن عباس رضي الله عنهم	0.76	1	urn:openiti:0840ShihabDinBusiri.MisbahZujaja.JK000312-ara1:p04846	2:37	556	Ibn Maja	حدثنا أبو بكر بن أبي شيبة و هناد بن السري قال حدثنا عبدة بن سليمان عن محمد بن عمرو عن أبي سلمة عن أبي هريرة قال مر على النبي صلى الله عليه وسلم بجنازة فقام وقال
urn:hadith:0273IbnMaja.Sunan:1551	al-Busiri (Misbah al-zujaja)	840	classical	chain	weak	هذا إسناد ضعيف لضعف مندل بن علي ومحمد بن عبيد الله بن أبي رافع	1.0	1	urn:openiti:0840ShihabDinBusiri.MisbahZujaja.JK000312-ara1:p04853	2:38	557	Ibn Maja	حدثنا عبد الملك بن محمد الرقاشي حدثنا عبد العزيز بن الخطاب حدثنا مندل بن علي أخبرني محمد بن عبيد الله بن أبي رافع عن داود بن الحصين عن أبيه عن أبي رافع قال سل ر
urn:hadith:0273IbnMaja.Sunan:1552	al-Busiri (Misbah al-zujaja)	840	classical	chain	weak	هذا إسناد ضعيف عطية العوفي ضعفه أحمد وغيره وله شاهد من حديث عبد الله بن زيد	1.0	1	urn:openiti:0840ShihabDinBusiri.MisbahZujaja.JK000312-ara1:p04856	2:38	558	Ibn Maja	حدثنا هارون بن إسحاق حدثنا المحاربي عن عمرو بن قيس عن عطية عن أبي سعيد أن رسول الله صلى الله عليه وسلم أخذ من قبل القبلة واستقبل استقبالا
urn:hadith:0273IbnMaja.Sunan:1553	al-Busiri (Misbah al-zujaja)	840	classical	chain	weak	هذا إسناد فيه حماد بن عبد الرحمن وهو متفق على تضعيفه روى الترمذي وابن ماجة أيضا وابن حبان في صحيحه طرفا منه من حديث ابن عمر	0.92	1	urn:openiti:0840ShihabDinBusiri.MisbahZujaja.JK000312-ara1:p04859	2:38	559	Ibn Maja	حدثنا هشام بن عمار حدثنا حماد بن عبد الرحمن الكلبي حدثنا إدريس عن سعيد بن المسيب قال حضرت ابن عمر في جنازة فلما وضعها في اللحد قال بسم الله وفي سبيل الله وعلى م
urn:hadith:0273IbnMaja.Sunan:1555	al-Busiri (Misbah al-zujaja)	840	classical	chain	weak	هذا إسناد ضعيف أبو اليقظان هذا اسمه عثمان بن عمير وهو متفق على ضعفه رواه أبو داود الطيالسي في مسنده عن قيس وشريك به وزاد ألحدوا ولا تشقوا ورواه البيهقي من طريق مسلم بن عبد الرحمن عن أبي اليقظان ورواه الحميدي في مسنده كما رواه ابن ماجة من طريق زاذان به ورواه أحمد بن منيع في مسنده حدثنا أبو معاوية حدثنا حجاج عن عثمان القطان عن زاذان فذكره بزيادة طويلة في أوله وأصله في صحيح مسلم وغيره من حديث سعد بن أبي وقاص وله شاهد من حديث ابن عباس رواه أصحاب السنن الأربعة وحسنه الترمذي قال وفي الباب عن جابر بن عبد الله وابن عمر وعائشة وجرير بن عبد الله رضي الله عنهم	1.0	1	urn:openiti:0840ShihabDinBusiri.MisbahZujaja.JK000312-ara1:p04866	2:39	560	Ibn Maja	حدثنا اسماعيل بن موسى السدي حدثنا شريك عن أبي اليقظان عن زاذان عن جرير بن عبد الله البجلي قال قال رسول الله صلى الله عليه وسلم اللحد لنا والشق لغيرنا
urn:hadith:0273IbnMaja.Sunan:1557	al-Busiri (Misbah al-zujaja)	840	classical	chain	sound	هذا إسناد صحيح رجاله ثقات	0.9	1	urn:openiti:0840ShihabDinBusiri.MisbahZujaja.JK000312-ara1:p04873	2:39	561	Ibn Maja	حدثنا محمود بن غيلان حدثنا هاشم بن القاسم حدثنا مبارك بن فضالة حدثني حميد الطويل عن أنس بن مالك قال لما توفي رسول الله صلى الله عليه وسلم كان بالمدينة رجل يلحد 
urn:hadith:0273IbnMaja.Sunan:1558	al-Busiri (Misbah al-zujaja)	840	classical	chain	sound	هذا إسناد صحيح رجاله ثقات	0.81	1	urn:openiti:0840ShihabDinBusiri.MisbahZujaja.JK000312-ara1:p04876	2:39	562	Ibn Maja	حدثنا عمر بن شيبة بن عبيدة بن زيد بن طفيل حدثنا عبد الرحمن بن أبي مليكة القرشي حدثنا ابن أبي مليكة عن عائشة قالت لما مات رسول الله صلى الله عليه وسلم اختلفوا في
urn:hadith:0273IbnMaja.Sunan:1561	al-Busiri (Misbah al-zujaja)	840	classical	chain	disputed_narrator	هذا إسناد حسن كثير بن زيد مختلف فيه	1.0	1	urn:openiti:0840ShihabDinBusiri.MisbahZujaja.JK000312-ara1:p04891	2:40	564	Ibn Maja	حدثنا العباس بن جعفر حدثنا محمد بن أيوب أبو هريرة الواسطي حدثنا عبد العزيز بن محمد عن كثير بن زيد عن زينب بنت نبيط عن أنس بن مالك أن رسول الله صلى الله عليه وسل
urn:hadith:0273IbnMaja.Sunan:1564	al-Busiri (Misbah al-zujaja)	840	classical	chain	weak	هذا إسناد رجاله ثقات إلا أنه منقطع القاسم بن مخيمرة لم يسمع من أبي سعيد	0.8	1	urn:openiti:0840ShihabDinBusiri.MisbahZujaja.JK000312-ara1:p04900	2:41	565	Ibn Maja	حدثنا محمد بن يحيى حدثنا محمد بن عبد الله الرقاشي حدثنا وهيب حدثنا عبد الرحمن بن يزيد بن جابر عن القاسم بن مخيمرة عن أبي سعيد أن النبي صلى الله عليه وسلم نهى أن
urn:hadith:0273IbnMaja.Sunan:1565	al-Busiri (Misbah al-zujaja)	840	classical	chain	sound	هذا إسناد صحيح رجاله ثقات	1.0	1	urn:openiti:0840ShihabDinBusiri.MisbahZujaja.JK000312-ara1:p04907	2:41	566	Ibn Maja	حدثنا العباس بن الوليد الدمشقي حدثنا يحيى بن صالح حدثنا سلمة بن كلثوم حدثنا الأوزاعي عن يحيى بن أبي كثير عن أبي سلمة عن أبي هريرة أن رسول الله صلى الله عليه وسل
urn:hadith:0273IbnMaja.Sunan:1567	al-Busiri (Misbah al-zujaja)	840	classical	chain	sound	هذا إسناد صحيح رجاله ثقات محمد بن إسماعيل وثقة أبو حاتم والنسائي وابن حبان وباقي رجال الإسناد على شرط الشيخين فقد احتجا بجميع رواته ولم ينفرد به محمد بن إسماعيل بن سمرة فقد رواه أبو يعلى الموصلي في مسنده حدثنا حفص بن عبد الله أبو عمر الحلواني حدثنا عبد الرحمن بن محمد المحاربي فذكره بزيادة وله شاهد من حديث أبي هريرة رواه مسلم والنسائي وابن ماجة ورواه مسلم وأبو داود والترمذي والنسائي من حديث أبي مرثد الغنوي	0.85	1	urn:openiti:0840ShihabDinBusiri.MisbahZujaja.JK000312-ara1:p04914	2:41	567	Ibn Maja	حدثنا محمد بن إسماعيل بن سمرة حدثنا المحاربي حدثنا الليث بن سعد عن يزيد بن أبي حبيب عن أبي الخير مرثد بن عبد الله اليزني عن عقبة بن عامر قال قال رسول الله صلى ا
urn:hadith:0273IbnMaja.Sunan:1570	al-Busiri (Misbah al-zujaja)	840	classical	chain	sound	هذا إسناد صحيح رجاله ثقات بسطام بن مسلم وثقه ابن معين وأبو زرعة وأبو داود وغيرهم وباقي رجال الإسناد على شرط مسلم رواه الحاكم من طريق يزيد بن زريع عن بسطام به ورواه البيهقي عن الحاكم بزيادة وقال تفرد به بسطام وله شاهد في الصحيحين من حديث أنس وأم عطية	1.0	1	urn:openiti:0840ShihabDinBusiri.MisbahZujaja.JK000312-ara1:p04921	2:42	568	Ibn Maja	حدثنا إبراهيم بن سعيد الجوهري حدثنا روح حدثنا بسطام بن مسلم سمعت أبا التياح سمعت ابن أبي مليكة عن عائشة أن رسول الله صلى الله عليه وسلم رخص في زيارة القبور
urn:hadith:0273IbnMaja.Sunan:1571	al-Busiri (Misbah al-zujaja)	840	classical	chain	disputed_narrator	هذا إسناد حسن أيوب بن هانىء مختلف فيه وباقي رجال الإسناد على شرط مسلم رواه الحاكم عن الأصم عن محمد بن عبد الله بن عبد الحكم عن ابن وهب ورواه البيهقي في سننه الكبرى من طريق الحاكم بزيادة وهذا الحديث أورد ابن ماجة بعضه هنا وبعضه في الأشربة وسيأتي وخلطهما الحاكم وتبعه البيهقي على ذلك وسبقهما إلى ذلك أبو بكر بن أبي شيبة في مسنده من طريق أيوب بن هانىء عن مسروق وسياقه أتم ورواه أبو يعلى الموصلي حدثنا عمرو بن حصين حدثنا حماد بن زيد حدثنا فرقد السبخي عن جابر بن زيد عن مسروق فذكره بتمامه وله شاهد في صحيح مسلم وغيره من حديث أبي هريرة وهو في مسلم وغيره أيضا من حديث بريدة	0.84	1	urn:openiti:0840ShihabDinBusiri.MisbahZujaja.JK000312-ara1:p04924	2:42	569	Ibn Maja	حدثنا يونس بن عبد الأعلى حدثنا ابن وهب أنبأنا ابن جريج عن أيوب بن هانىء عن مسروق بن الأجدع عن ابن مسعود أن رسول الله صلى الله عليه وسلم قال كنت نهيتكم عن زيارة 
urn:hadith:0273IbnMaja.Sunan:1573	al-Busiri (Misbah al-zujaja)	840	classical	chain	sound	هذا إسناد صحيح رجاله ثقات محمد بن إسماعيل وثقه ابن حبان والدارقطني والذهبي وباقي رجال الإسناد	0.83	1	urn:openiti:0840ShihabDinBusiri.MisbahZujaja.JK000312-ara1:p04931	2:43	570	Ibn Maja	حدثنا محمد بن إسماعيل بن البختري الواسطي حدثنا يزيد بن هارون عن إبراهيم بن سعد عن الزهري عن سالم عن أبيه قال جاء أعرابي إلى النبي صلى الله عليه وسلم فقال يا رسو
urn:hadith:0273IbnMaja.Sunan:1574	al-Busiri (Misbah al-zujaja)	840	classical	chain	sound	هذا إسناد صحيح رجاله ثقات رواه أبو بكر بن أبي شيبة في مسنده هكذا ورواه أحمد بن منيع في مسنده عن قبيصة بن عقبة به ورواه الحاكم في المستدرك عن أحمد بن هارون الفقيه حدثنا علي بن عبد العزيز حدثنا أبو حذيفة حدثنا سفيان فذكره بإسناده ومتنه ورواه البيهقي في سننه الكبرى من طريق سفيان ورواه أصحاب السنن الأربعة	0.74	1	urn:openiti:0840ShihabDinBusiri.MisbahZujaja.JK000312-ara1:p04940	2:44	571	Ibn Maja	حدثنا أبو بكر بن أبي شيبة و أبو بشر قالا حدثنا قبيصة ح وحدثنا أبو كريب حدثنا عبيد الله بن سعيد ح وحدثنا محمد بن خلف العسقلاني حدثنا الفريابي و قبيصة كلهم عن سفي
urn:hadith:0273IbnMaja.Sunan:1578	al-Busiri (Misbah al-zujaja)	840	classical	chain	disputed_narrator	هذا إسناد مختلف فيه من أجل دينار وإسماعيل بن سليمان أورده ابن الجوزي في العلل المتناهية من هذا الوجه ورواه الحاكم من طريق إسرائيل ومن طريق الحاكم رواه البيهقي ورواه أبو يعلى الموصلي في مسنده من حديث أنس بن مالك كما أوردته في زوائد المسانيد العشرة وأصل الحديث في صحيح مسلم من حديث أم عطية	0.66	1	urn:openiti:0840ShihabDinBusiri.MisbahZujaja.JK000312-ara1:p04948	2:44	572	Ibn Maja	حدثنا محمد بن مصفى الحمصي حدثنا أحمد بن خالد حدثنا إسرائيل عن إسماعيل بن سليمان عن دينار أبي عمرو عن ابن الحنفية عن علي قال خرج رسول الله صلى الله عليه وسلم فإذ
urn:hadith:0273IbnMaja.Sunan:1581	al-Busiri (Misbah al-zujaja)	840	classical	chain	sound	هذا إسناد صحيح رجاله ثقات ابن معانق إسمه عبد الله الأشعري وثقه العجلي وابن حبان وباقي رجال الإسناد على شرط مسلم	0.82	1	urn:openiti:0840ShihabDinBusiri.MisbahZujaja.JK000312-ara1:p04955	2:45	574	Ibn Maja	حدثنا العباس بن عبد العظيم العنبري و محمد بن يحيى قالا حدثنا عبد الرزاق أنبأنا معمر عن يحيى بن أبي كثير عن ابن معانق أو أبي معانق عن أبي مالك الأشعري قال قال رس
urn:hadith:0273IbnMaja.Sunan:1582	al-Busiri (Misbah al-zujaja)	840	classical	chain	fabricated	هذا إسناد ضعيف عمر بن راشد قال فيه الإمام أحمد حديثه ضعيف ليس بمستقيم وقال ابن معين ضعيف وقال البخاري حديثه عن يحيى بن أبي كثير مضطرب ليس بالقائم وقال ابن حبان يضع الحديث لا يحل ذكره إلا على سبيل القدح فيه وقال الدارقطني في العلل متروك	0.78	1	urn:openiti:0840ShihabDinBusiri.MisbahZujaja.JK000312-ara1:p04959	2:45	575	Ibn Maja	حدثنا محمد بن يحيى حدثنا محمد بن يوسف حدثنا عمر بن راشد اليمامي عن يحيى بن أبي كثير عن عكرمة عن ابن عباس قال قال رسول الله صلى الله عليه وسلم النياحة على الميت 
urn:hadith:0273IbnMaja.Sunan:1583	al-Busiri (Misbah al-zujaja)	840	classical	chain	weak	هذا إسناد فيه أبو يحيى وهو القتات الكوفي زاذان وقيل دينار قال أحمد روى عنه إسرائيل أحاديث كثيرة مناكير جدا وقال ابن معين في حديثه ضعف وقال يعقوب بن سفيان والبزار لا بأس به	1.0	1	urn:openiti:0840ShihabDinBusiri.MisbahZujaja.JK000312-ara1:p04962	2:46	576	Ibn Maja	حدثنا أحمد بن يوسف حدثنا عبيد الله أنبأنا إسرائيل عن أبي يحيى عن مجاهد عن ابن عمر قال نهى رسول الله صلى الله عليه وسلم أن تتبع جنازة معها رانة
urn:hadith:0273IbnMaja.Sunan:1585	al-Busiri (Misbah al-zujaja)	840	classical	chain	sound	هذا إسناد صحيح محمد بن جابر وثقه محمد بن عبد الله الحضرمي ومسلمة الأندلسي والذهبي في الكاشف وباقي رجال الإسناد ثقات على شرط مسلم رواه ابن حبان في صحيحه عن أحمد بن علي بن المثنى حدثنا إسماعيل بن إبراهيم الهذلي حدثنا أبو أسامة ورواه أبو بكر بن أبي شيبة في مسنده عن أبي أسامة به وسياقه أتم منه وله شاهد في صحيح البخاري وغيره من حديث ابن مسعود رواه مسلم في صحيحه وغيره من حديث أبي موسى	0.7	1	urn:openiti:0840ShihabDinBusiri.MisbahZujaja.JK000312-ara1:p04971	2:46	577	Ibn Maja	حدثنا محمد بن جابر المحاربي و محمد بن كرامة قالا حدثنا أبو أسامة عن عبد الرحمن بن يزيد بن جابر عن مكحول و القاسم عن أبي أمامة أن رسول الله صلى الله عليه وسلم لع
urn:hadith:0273IbnMaja.Sunan:1589	al-Busiri (Misbah al-zujaja)	840	classical	chain	fair	هذا إسناد حسن له شاهد من حديث أسامة بن زيد رواه الأئمة الستة ورواه النسائي وابن حبان من حديث أبي هريرة	0.92	1	urn:openiti:0840ShihabDinBusiri.MisbahZujaja.JK000312-ara1:p04978	2:47	578	Ibn Maja	حدثنا سويد بن سعيد حدثنا يحيى بن سليم عن ابن خيثم عن شهر بن حوشب عن أسماء بنت يزيد قالت لما توفي ابن رسول الله صلى الله عليه وسلم إبراهيم بكى رسول الله صلى الله
urn:hadith:0273IbnMaja.Sunan:1590	al-Busiri (Misbah al-zujaja)	840	classical	chain	weak	هذا إسناد فيه عبد الله بن عمر العمري وهو ضعيف رواه الحاكم من طريق إبراهيم بن الحسين بن ديزيل عن إسحاق بن محمد عن عبد الله بن عمر عن أخيه عبيد الله بن عمر عن إبراهيم بن محمد فذكره بزيادة فيه كما بينته في زوائد البيهقي ومن طريق الحاكم رواه البيهقي	0.91	1	urn:openiti:0840ShihabDinBusiri.MisbahZujaja.JK000312-ara1:p04981	2:47	579	Ibn Maja	حدثنا محمد بن يحيى حدثنا إسحاق بن محمد الفزاري حدثنا عبد الله بن عمر عن إبراهيم بن محمد بن عبد الله بن جحش عن أبيه عن حمنة بنت جحش أنه قيل لها قتل أخوك فقالت رح
urn:hadith:0273IbnMaja.Sunan:1591	al-Busiri (Misbah al-zujaja)	840	classical	chain	weak	هذا إسناد ضعيف لضعف أسامة بن زيد رواه الإمام أحمد في مسنده من حديث ابن عمر أيضا ورواه أبو بكر بن أبي شيبة في مسنده عن عبد الله بن موسى عن أسامة به ورواه الحاكم أبو عبد الله من طريق عبيد الله بن موسى عن أسامة بن زيد به ورواه البيهقي في سننه من طريق الحاكم بزيادة وله من حديث أنس بن مالك رواه أبو داود والترمذي والحاكم والبيهقي	0.9	1	urn:openiti:0840ShihabDinBusiri.MisbahZujaja.JK000312-ara1:p04984	2:48	580	Ibn Maja	حدثنا هارون بن سعيد المصري حدثنا عبد الله بن وهب أنبأنا أسامة بن زيد عن نافع عن ابن عمر أن رسول الله صلى الله عليه وسلم مر بنساء عبد الأشهل يبكين هلكا هن يوم أح
urn:hadith:0273IbnMaja.Sunan:1592	al-Busiri (Misbah al-zujaja)	840	classical	chain	very_weak	هذا إسناد فيه الهجري وهو ضعيف جدا ضعفه سفيان بن عيينة ويحيى بن معين والنسائي وغيرهم رواه أبو داود الطيالسي في مسنده عن شعبة عن الهجري به وفيه قصة ورواه أحمد بن منيع في مسنده حدثنا علي بن عاصم حدثني إبراهيم الهجري فذكر رواية ابن ماجه	1.0	1	urn:openiti:0840ShihabDinBusiri.MisbahZujaja.JK000312-ara1:p04987	2:48	581	Ibn Maja	حدثنا هشام بن عمار حدثنا سفيان عن إبراهيم الهجري عن ابن أبي أوفى قال نهى رسول الله عن المراثي
urn:hadith:0273IbnMaja.Sunan:1597	al-Busiri (Misbah al-zujaja)	840	classical	chain	sound	هذا إسناد صحيح رجاله ثقات وله شاهد من حديث أنس بن مالك رواه الترمذي والنسائي وابن ماجه	0.84	1	urn:openiti:0840ShihabDinBusiri.MisbahZujaja.JK000312-ara1:p05004	2:49	583	Ibn Maja	حدثنا هشام بن عمار حدثنا إسماعيل بن عياش حدثنا ثابت بن عجلان عن القاسم عن أبي أمامة عن النبي صلى الله عليه وسلم قال يقول الله سبحانه ابن آدم إن صبرت واحتسبت عند
urn:hadith:0273IbnMaja.Sunan:1599	al-Busiri (Misbah al-zujaja)	840	classical	chain	weak	هذا إسناد فيه موسى بن عبيدة الربذي وهو ضعيف رواه أبو يعلى الموصلي في مسنده من طريق موسى بن عبيدة به	0.73	1	urn:openiti:0840ShihabDinBusiri.MisbahZujaja.JK000312-ara1:p05007	2:49	584	Ibn Maja	حدثنا الوليد بن عمرو بن السكن حدثنا أبو همام حدثنا موسى بن عبيدة حدثنا مصعب بن محمد عن أبي سلمة بن عبد الرحمن عن عائشة قالت فتح رسول الله صلى الله عليه وسلم باب
urn:hadith:0273IbnMaja.Sunan:1600	al-Busiri (Misbah al-zujaja)	840	classical	chain	weak	هذا إسناد فيه هشام بن زياد وهو ضعيف هكذا رواه ابن أبي شيبة في مسنده ورواه أحمد بن منيع في مسنده حدثنا يزيد أنبأنا هشام بن أبي هشام عن أمه عن فاطمة بنت الحسين فذكره بإسناده ومعناه وقد اختلفت النسخ هل هو عن أبيه أو عن عمه ولا يعرف لهما حال ورواه يعقوب بن إبراهيم الدورقي عن ابن علية عن هشام بن زياد عن أبيه عن فاطمة وتابعه أحمد بن أبي السرح عن يزيد بن هارون عن هشام	0.52	1	urn:openiti:0840ShihabDinBusiri.MisbahZujaja.JK000312-ara1:p05010	2:50	585	Ibn Maja	حدثنا أبو بكر بن أبي شيبة حدثنا وكيع بن الجراح حدثنا هشام بن زياد عن أبيه عن فاطمة بنت الحسين عن أبيهاقالت قال النبي صلى الله عليه وسلم من أصيب بمصيبة فذكر مصيب
urn:hadith:0273IbnMaja.Sunan:1601	al-Busiri (Misbah al-zujaja)	840	classical	chain	weak	هذا إسناد فيه مقال قيس أبو عمارة ذكره ابن حبان في الثقات وقال الذهبي في الكاشف ثقة وقال البخاري فيه نظر	0.85	1	urn:openiti:0840ShihabDinBusiri.MisbahZujaja.JK000312-ara1:p05017	2:50	586	Ibn Maja	حدثنا أبو بكر بن أبي شيبة حدثنا خالد بن مخلد حدثني قيس أبو عمارة مولى الأنصار قال سمعت عبد الله بن أبي بكر بن محمد بن عمرو بن حزم يحدث عن أبيه عن جده عن النبي ص
urn:hadith:0273IbnMaja.Sunan:1604	al-Busiri (Misbah al-zujaja)	840	classical	chain	narrators_trustworthy	هذا إسناد فيه شرحبيل بن شفعة ذكره ابن حبان في الثقات وقال أبو داود وشيوخ جرير كلهم ثقات	1.0	1	urn:openiti:0840ShihabDinBusiri.MisbahZujaja.JK000312-ara1:p05025	2:51	587	Ibn Maja	حدثنا محمد بن عبد الله بن نمير حدثنا إسحاق بن سليمان حدثنا حريز بن عثمان عن شرحبيل بن شفعة قال لقيني عتبة بن عبد السلمي فقال سمعت رسول الله صلى الله عليه وسلم ي
urn:hadith:0273IbnMaja.Sunan:1608	al-Busiri (Misbah al-zujaja)	840	classical	chain	weak	هذا إسناد ضعيف لضعف مندل بن علي ويراغم ربه يغاضبه ويرغم غضب رواه أبو يعلى الموصلي في مسنده حدثنا أبو بكر حدثنا أبو مصعب بن المقدام حدثنا مندل عن الحسن بن الحكم عن أسماء بنت عابس عن أبيها عن علي به فذكره	0.57	1	urn:openiti:0840ShihabDinBusiri.MisbahZujaja.JK000312-ara1:p05039	2:52	589	Ibn Maja	حدثنا محمد بن يحيى ومحمد بن إسحاق البكاري حدثنا أبو غسان حدثنا مندل عن الحسن بن الحكم النخعي عن أسماء بنت يزيد بن عابس بن ربيعة عن أسماء عن علي قال قال رسول الل
urn:hadith:0273IbnMaja.Sunan:1609	al-Busiri (Misbah al-zujaja)	840	classical	chain	weak	هذا إسناد ضعيف لاتفاقهم على ضعف يحيى بن عبيد الله بن عبد الله بن موهب قال المزي في الأطراف تابعه عبيد الله بن عمر الرقي عن زيد بن أبي أنيسة عن يحيى بن عبيد الله التيمي عن عبد الله بن مسلم قال وقال إسرائيل بن يونس وخالد بن عبد الله الواسطي وغير واحد عن يحيى بن عبد الله الجابر عن عبيد الله بن مسلم وهو المحفوظ	0.9	1	urn:openiti:0840ShihabDinBusiri.MisbahZujaja.JK000312-ara1:p05042	2:52	590	Ibn Maja	حدثنا علي بن هشام بن مرزوق حدثنا عبيدة بن حميد حدثنا يحيى بن عبيد الله عن عبيد الله بن مسلم الحضرمي عن معاذ بن جبل عن النبي صلى الله عليه وسلم قال والذي نفسي بي
urn:hadith:0273IbnMaja.Sunan:1611	al-Busiri (Misbah al-zujaja)	840	classical	chain	weak	هذا إسناد ضعيف أم عيسى مجهولة لم تسم وكذلك أم عون رواه مسدد في مسنده من طريق عبد الله بن أبي بكر عن أم عيسى عن أسماء فذكره بإسناده ومتنه وزيادة	1.0	1	urn:openiti:0840ShihabDinBusiri.MisbahZujaja.JK000312-ara1:p05052	2:53	591	Ibn Maja	حدثنا يحيى بن خلف أبو سلمة حدثنا عبد الأعلى عن محمد بن إسحاق حدثني عبد الله بن أبي بكر عن أم عيسى الجزار قالت حدثتني أم عون ابنة محمد بن جعفر عن جدتها أسماء بنت
urn:hadith:0273IbnMaja.Sunan:1612	al-Busiri (Misbah al-zujaja)	840	classical	chain	sound	هذا إسناد صحيح رجال الطريق الأولى على شرط البخاري والطريق الثانية على شرط مسلم رواه أحمد بن منيع في مسنده حدثنا هشيم فذكره بإسناده ومتنه	0.78	1	urn:openiti:0840ShihabDinBusiri.MisbahZujaja.JK000312-ara1:p05062	2:53	592	Ibn Maja	حدثنا محمد بن يحيى حدثنا سعيد بن منصور حدثنا هشيم ح وحدثنا شجاع بن مخلد أبو الفضل حدثنا هشيم عن إسماعيل بن أبي خالد عن قيس بن أبي حازم عن جرير بن عبد الله قال ك
urn:hadith:0273IbnMaja.Sunan:1613	al-Busiri (Misbah al-zujaja)	840	classical	chain	very_weak	هذا إسناد فيه الهذيل بن الحكم قال فيه البخاري منكر الحديث وقال ابن عدي لا يقيم الحديث وقال ابن معين هذا الحديث منكر ليس بشيء وقد كتبت عن الهذيل ولم يكن به بأس انتهى رواه أبو بكر بن أبي شيبة في مسنده عن الهذيل بن الحكم به وله شاهد رواه القضاعي في مسند الشهاب من طريق أبي رجاء الخراساني عن هشام بن حسان عن محمد بن سيرين عن أبي هريرة قال قال رسول الله صلى الله عليه وسلم من مات غريبا مات شهيدا	1.0	1	urn:openiti:0840ShihabDinBusiri.MisbahZujaja.JK000312-ara1:p05069	2:54	593	Ibn Maja	حدثنا جميل بن الحسن حدثنا أبو المنذر الهذيل بن الحكم حدثنا عبد العزيز بن أبي رواد عن عكرمة عن ابن عباس قال قال رسول الله صلى الله عليه وسلم موت غربة شهادة
urn:hadith:0273IbnMaja.Sunan:1615	al-Busiri (Misbah al-zujaja)	840	classical	chain	very_weak	هذا إسناد ضعيف إبراهيم بن محمد بن أبي عطاء كذبه مالك ويحيى بن سعيد القطان وابن معين وقال الإمام أحمد قدري معتزلي جهمي كل بلاء فيه	0.89	1	urn:openiti:0840ShihabDinBusiri.MisbahZujaja.JK000312-ara1:p05078	2:54	594	Ibn Maja	حدثنا أحمد بن يوسف حدثنا عبد الرزاق أنبأنا معمر أنبأنا ابن جريج وحدثنا أبو عبيدة بن أبي السفر حدثنا حجاج بن محمد قال قال ابن جريج أخبرني إبراهيم بن محمد بن أبي 
urn:hadith:0273IbnMaja.Sunan:1617	al-Busiri (Misbah al-zujaja)	840	classical	chain	very_weak	هذا إسناد فيه عبد الله بن زياد مجهول ولعله عبد الله بن زياد بن سمعان المدني أحد المتروكين فإنه في طبقته وله شاهد من حديث عائشة رواه أبو داود وابن ماجه وابن حبان	1.0	1	urn:openiti:0840ShihabDinBusiri.MisbahZujaja.JK000312-ara1:p05088	2:55	595	Ibn Maja	حدثنا محمد بن معمر حدثنا محمد بن بكر حدثنا عبد الله بن زياد أخبرني أبو عبيدة بن عبد الله بن زمعة عن أمه عن أم سلمة عن النبي صلى الله عليه وسلم قال كسر عظم الميت
urn:hadith:0273IbnMaja.Sunan:1625	al-Busiri (Misbah al-zujaja)	840	classical	chain	sound	هذا إسناد صحيح على شرط الشيخين فقد احتجا بجميع رواته ورواه مسدد في مسنده عن يزيد حدثنا سعيد عن قتادة فذكره بإسناده ومتنه	1.0	1	urn:openiti:0840ShihabDinBusiri.MisbahZujaja.JK000312-ara1:p05095	2:56	596	Ibn Maja	حدثنا أبو بكر بن أبي شيبة حدثنا يزيد بن هارون حدثنا همام عن قتادة عن صالح أبي الخليل عن سفينة عن أم سلمة أن رسول الله صلى الله عليه وسلم كان يقول في مرضه الذي ت
urn:hadith:0273IbnMaja.Sunan:1628	al-Busiri (Misbah al-zujaja)	840	classical	chain	narrators_trustworthy	هذا إسناد فيه الحسين بن عبد الله بن عبيد بن عباس الهاشمي تركه الإمام أحمد بن حنبل وعلي بن المديني والنسائي وقال البخاري يقال إنه يتهم بالزندقة وقواه ابن عدي وباقي رجال الإسناد ثقات ورواه ابن عدي في الكامل من طريق بكر بن سليمان عن محمد بن إسحاق به ورواه البيهقي من طريق ابن عدي ورواه الحاكم من طريق يونس بن بكير عن ابن إسحاق ورواه البيهقي من طريق الحاكم	0.9	1	urn:openiti:0840ShihabDinBusiri.MisbahZujaja.JK000312-ara1:p05104	2:57	597	Ibn Maja	حدثنا نصر بن علي الجهضمي أنبأنا وهب بن جرير حدثنا أبي عن محمد بن إسحاق حدثني حسين بن عبد الله عن عكرمة عن ابن عباس قالوا لما أرادوا أن يحفروا لرسول الله صلى الل
urn:hadith:0273IbnMaja.Sunan:1629	al-Busiri (Misbah al-zujaja)	840	classical	chain	unknown_narrator	هذا إسناد فيه عبد الله بن الزبير الباهلي أبو الزبير ويقال أبو معبد البصري ذكره ابن حبان في الثقات وقال أبو حاتم مجهول وقال الدارقطني بصري صالح قلت وباقي رجال الإسناد على شرط الشيخين رواه الإمام أحمد في مسنده من حديث أنس أيضا ورواه الترمذي في الشمائل عن نصر بن علي الجهضمي به	0.86	1	urn:openiti:0840ShihabDinBusiri.MisbahZujaja.JK000312-ara1:p05107	2:57	598	Ibn Maja	حدثنا نصر بن علي حدثنا عبد الله بن الزبير أبو الزبير حدثنا ثابت البناني عن أنس بن مالك قال لما وجد رسول الله صلى الله عليه وسلم من كرب الموت ما وجد قالت فاطمة و
urn:hadith:0273IbnMaja.Sunan:1633	al-Busiri (Misbah al-zujaja)	840	classical	chain	weak	هذا إسناد على شرط مسلم إلا أنه منقطع بين الحسن وأبي بن كعب يدخل بينهما عتبى بن ضمرة	1.0	1	urn:openiti:0840ShihabDinBusiri.MisbahZujaja.JK000312-ara1:p05110	2:58	599	Ibn Maja	حدثنا إسحاق بن منصور أنبأنا عبد الوهاب بن عطاء العجلي عن ابن عون عن الحسن عن أبي بن كعب قال كنا مع رسول الله صلى الله عليه وسلم وإنما وجهنا واحد فلما قبض نظرنا 
urn:hadith:0273IbnMaja.Sunan:1635	al-Busiri (Misbah al-zujaja)	840	classical	chain	sound	هذا إسناد صحيح على شرط الشيخين	0.84	1	urn:openiti:0840ShihabDinBusiri.MisbahZujaja.JK000312-ara1:p05116	2:58	601	Ibn Maja	حدثنا الحسن بن علي الخلال حدثنا عمرو بن عاصم حدثنا سليمان بن المغيرة عن ثابت عن أنس قال قال أبو بكر بعد وفاة رسول الله صلى الله عليه وسلم لعمر إنطلق بنا إلى أم 
urn:hadith:0273IbnMaja.Sunan:1637	al-Busiri (Misbah al-zujaja)	840	classical	chain	weak	هذا إسناد رجاله ثقات إلا أنه منقطع في موضعين عبادة بن نسي روايته عن أبي الدرداء مرسلة قال العلاء وزيد بن أيمن عن عبادة بن نسي قاله البخاري	0.71	1	urn:openiti:0840ShihabDinBusiri.MisbahZujaja.JK000312-ara1:p05119	2:59	602	Ibn Maja	حدثنا عمرو بن سواد المصري حدثنا عبد الله بن وهب عن عمرو بن الحارث عن سعيد ابن أبي هلال عن زيد بن أيمن عن عبادة بن نسي عن أبي الدرداء قال قال رسول الله صلى الله 
urn:hadith:0273IbnMaja.Sunan:1643	al-Busiri (Misbah al-zujaja)	840	classical	chain	unknown_narrator	هذا إسناد رجاله ثقات إلا أن طلحة بن نافع أبا سفيان عن جابر إنما هي صحيفة وذكر البزار أن الأعمش لم يسمع من أبي سفيان طلحة بن نافع وهذا غريب فإن روايته في الكتب الستة وهو معروف بالرواية عنه رواه أبو يعلى الموصلي في مسنده حدثنا ابن نمير حدثنا ابن إدريس عن الأعمش فذكره وله شاهد من حديث أبي هريرة رواه الترمذي وابن ماجة وروى الإمام أحمد منه الجملة الأولى من حديث أبي أسامة ورواه البزار في مسنده من حديث أبي سعيد	0.73	1	urn:openiti:0840ShihabDinBusiri.MisbahZujaja.JK000312-ara1:p05126	2:61	603	Ibn Maja	حدثنا أبو كريب حدثنا أبو بكر بن عياش عن الأعمش عن أبي سفيان عن جابر قال قال رسول الله صلى الله عليه وسلم إن لله عز وجل عند كل فطر عتقاء وذلك في كل ليلة
urn:hadith:0273IbnMaja.Sunan:1644	al-Busiri (Misbah al-zujaja)	840	classical	chain	disputed_narrator	هذا إسناد فيه مقال عمران بن أبي داود القطان مختلف فيه مشاه أحمد ووثقه عفان والعجلي وذكره ابن حبان في الثقات وضعفه ابن ماجة والنسائي وابن معين وابن عدي ومحمد بن بلال ذكره ابن حبان في الثقات وقال ابن عدي مغرب عن عمران وروى عن غير عمران أحاديث غرائب وأرجو أنه لا بأس به وباقي رجال الإسناد ثقات وصحح الحافظ عبد العظيم المنذري هذا الحديث ورواه الطبراني في الأوسط من هذا الوجه	0.91	1	urn:openiti:0840ShihabDinBusiri.MisbahZujaja.JK000312-ara1:p05129	2:61	604	Ibn Maja	حدثنا أبو بدر عباد بن الوليد حدثنا محمد بن بلال حدثنا عمران القطان عن قتادة عن أنس بن مالك قال دخل رمضان فقال رسول الله صلى الله عليه وسلم إن هذا الشهر قد حضركم
urn:hadith:0273IbnMaja.Sunan:1646	al-Busiri (Misbah al-zujaja)	840	classical	chain	weak	هذا إسناد ضعيف لاتفاقهم على ضعف عبد الله بن سعيد المقبري رواه أبو بكر بن أبي شيبة في مسنده بزيادة في الحديث ذكره فيه ورواه البيهقي في سننه من طريق الثوري عن عبد الله بن سعيد المقبري به وله شاهد من حديث حذيفة رواه أبو داود في سننه ورواه الترمذي من حديث أبي هريرة أيضا بغير سياق ابن ماجه	0.67	1	urn:openiti:0840ShihabDinBusiri.MisbahZujaja.JK000312-ara1:p05136	2:62	605	Ibn Maja	حدثنا أبو بكر بن أبي شيبة حدثنا حفص بن غياث عن عبد الله بن سعيد عن جده عن أبي هريرة قال نهى رسول الله صلى الله عليه وسلم عن صوم تعجيل يوم قبل الرؤية
urn:hadith:0273IbnMaja.Sunan:1647	al-Busiri (Misbah al-zujaja)	840	classical	chain	unknown_narrator	هذا إسناد رجاله موثقون لكن قيل إن القاسم بن عبد الرحمن أبو عبد الرحمن لم يسمع من أحد من الصحابة سوى أبي أمامة	0.78	1	urn:openiti:0840ShihabDinBusiri.MisbahZujaja.JK000312-ara1:p05139	2:62	606	Ibn Maja	حدثنا العباس بن الوليد الدمشقي حدثنا مروان بن محمد حدثنا الهيثم بن جميل حدثنا العلاء بن الحارث عن القاسم بن عبد الرحمن أنه سمع معاوية بن أبي سفيان على المنبر يق
urn:hadith:0273IbnMaja.Sunan:1656	al-Busiri (Misbah al-zujaja)	840	classical	chain	sound	هذا إسناد صحيح رجاله ثقات وله شاهد من حديث سعد ابن أبي وقاص رواه مسلم في صحيحه والنسائي وابن ماجه	0.9	1	urn:openiti:0840ShihabDinBusiri.MisbahZujaja.JK000312-ara1:p05147	2:63	607	Ibn Maja	حدثنا أبو بكر بن أبي شيبة حدثنا أبو معاوية حدثنا الأعمش عن أبي صالح عن أبي هريرة قال قال رسول الله صلى الله عليه وسلم كم مضى من الشهر قال قلنا اثنان وعشرون وبقي
urn:hadith:0273IbnMaja.Sunan:1658	al-Busiri (Misbah al-zujaja)	840	classical	chain	weak	هذا إسناد رجاله ثقات إلا أن الجريري واسمه سعيد بن إياس اختلط بآخره ولم يعرف حال القاسم بن مالك هل روى عنه قبل الاختلاط أو بعده وله شاهد من حديث عبد الله بن مسعود رواه أبو داود والترمذي قال وفي الباب عن عمر وأبي هريرة وعائشة وسعد بن أبي وقاص وابن عباس وابن عمر وأنس وجابر وأم سلمة وأبي بكرة	0.81	1	urn:openiti:0840ShihabDinBusiri.MisbahZujaja.JK000312-ara1:p05150	2:63	608	Ibn Maja	حدثنا مجاهد بن موسى حدثنا القاسم بن مالك المزني حدثنا الجريري عن أبي نصر عن أبي هريرة قال ما صمنا على عهد رسول الله صلى الله عليه وسلم تسعا وعشرين أكثر مما صمنا
urn:hadith:0273IbnMaja.Sunan:1665	al-Busiri (Misbah al-zujaja)	840	classical	chain	sound	هذا إسناد صحيح رجاله ثقات رواه ابن حبان في صحيحه من طريق محمد بن مصفى بإسناده ومتنه وله شاهد في الصحيحين وغيرهما من حديث جابر بن عبد وأنس وغيرهما	0.85	1	urn:openiti:0840ShihabDinBusiri.MisbahZujaja.JK000312-ara1:p05157	2:64	609	Ibn Maja	حدثنا محمد بن مصفى الحمصي حدثنا محمد بن حرب عن عبيد الله بن عمر عن نافع عن ابن عمر قال قال رسول الله صلى الله عليه وسلم ليس من البر الصيام في السفر
urn:hadith:0273IbnMaja.Sunan:1666	al-Busiri (Misbah al-zujaja)	840	classical	chain	weak	هذا إسناد ضعيف ومنقطع رواه أسامة بن زيد هو ابن أسامة ضعيف وأبو سلمة ابن عبد الرحمن لم يسمع من أبيه شيئا قاله ابن معين والبخاري ورواه النسائي عن محمد بن أبان البلخي عن معن بن عيسى وعن محمد بن يحيى بن أيوب عن حماد بن خالد الخياط وعن أبي عامر العقدي ثلاثتهم عن ابن أبي ذيب عن الزهري عن أبي سلمة به موقوفا ولم يذكر فيه رمضان	0.86	1	urn:openiti:0840ShihabDinBusiri.MisbahZujaja.JK000312-ara1:p05160	2:64	610	Ibn Maja	حدثنا إبراهيم بن المنذر الخزامي حدثنا عبد الله بن موسى التيمي عن أسامة بن زيد عن ابن شهاب عن أبي سلمة بن عبد الرحمن عن أبيه عبد الرحمن بن عوف قال قال رسول الله 
urn:hadith:0273IbnMaja.Sunan:1677	al-Busiri (Misbah al-zujaja)	840	classical	chain	weak	هذا إسناد ضعيف لضعف مجالد رواه الدارقطني في سننه عن أبي القاسم بن منيع عن عثمان بن أبي شيبة به	1.0	1	urn:openiti:0840ShihabDinBusiri.MisbahZujaja.JK000312-ara1:p05187	2:66	613	Ibn Maja	حدثنا عثمان بن محمد بن أبي شيبة حدثنا أبو إسماعيل المؤدب عن مجالد عن الشعبي عن مسروق عن عائشة قالت قال رسول الله صلى الله عليه وسلم من خير خصال الصائم السواك
urn:hadith:0273IbnMaja.Sunan:1678	al-Busiri (Misbah al-zujaja)	840	classical	chain	weak	هذا إسناد ضعيف لضعف الزبيدي واسمه سعيد بن عبد الجبار بينه أبو بكر بن أبي داود رواه الحاكم من طريق أحمد ابن أبي الطيب عن بقية به ومن طريق الحاكم ورواه البيهقي في سننه وقال سعيد الزبيدي من مجاهيل شيوخ بقية ينفرد بما لا يتابع عليه	1.0	1	urn:openiti:0840ShihabDinBusiri.MisbahZujaja.JK000312-ara1:p05191	2:67	614	Ibn Maja	حدثنا أبو التقي هشام بن عبد الملك الحمصي حدثنا بقية حدثنا الزبيدي عن هشام بن عروة عن أبيه عن عائشة قالت اكتحل رسول الله صلى الله عليه وسلم وهو صائم
urn:hadith:0273IbnMaja.Sunan:1679	al-Busiri (Misbah al-zujaja)	840	classical	chain	weak	هذا إسناد منقطع عبد الله بن بشر لم يثبت له سماع من الأعمش وإنما يقول كتب إلي أبو بكر بن عياش عن الأعمش	0.57	1	urn:openiti:0840ShihabDinBusiri.MisbahZujaja.JK000312-ara1:p05198	2:67	615	Ibn Maja	حدثنا أيوب بن محمد الرقي و داود بن رشيد قالا حدثنا معتمر بن سليمان حدثنا عبد الله بن بشر عن الأعمش عن أبي صالح عن أبي هريرة قال قال رسول الله صلى الله عليه وسلم
urn:hadith:0273IbnMaja.Sunan:1686	al-Busiri (Misbah al-zujaja)	840	classical	chain	weak	هذا إسناد فيه زيد بن جبيرة وشيخه وهما ضعيفان أورده ابن الجوزي في العلل المتناهية من طريق إسرائيل به وضعفه أبو يزيد الضبي ورواه الإمام أحمد في مسنده والدارقطني في سننه من حديث ميمونة أيضا ورواه أبو بكر بن أبي شيبة في مسنده هكذا	0.53	1	urn:openiti:0840ShihabDinBusiri.MisbahZujaja.JK000312-ara1:p05207	2:68	616	Ibn Maja	حدثنا أبو بكر بن أبي شيبة حدثنا الفضل بن دكين عن إسرائيل عن زيد بن جبيرة عن أبي يزيد الضبي عن ميمونة بنت سعد مولاة النبي صلى الله عليه وسلم قالت سئل النبي صلى ا
urn:hadith:0273IbnMaja.Sunan:1690	al-Busiri (Misbah al-zujaja)	840	classical	chain	sound	هذا إسناد صحيح رجاله ثقات رواه النسائي عن محمد بن عبد الله المخزومي عن يحيى بن آدم عن ابن المبارك به وليس في روايتنا ورواه النسائي أيضا عن محمد بن حاتم عن حبان عن ابن المبارك به ولم يرفعه ورواه الحاكم في المستدرك عن أبي بكر بن أبي نصر المروزي عن أبي الموجه عن قتيبة بن سعيد عن إسماعيل بن جعفر عن عمرو بن أبي عمرو عن سعيد المقبري بإسناده ومتنه وقال هذا حديث صحيح على شرط البخاري	0.84	1	urn:openiti:0840ShihabDinBusiri.MisbahZujaja.JK000312-ara1:p05216	2:69	r5215	Ibn Maja	- حدثنا عمرو بن رافع حدثنا عبد الله بن المبارك عن أسامة بن زيد هو الليثي زيد عن سعيد المقبري عن أبي هريرة قال قال رسول الله صلى الله عليه وسلم رب صائم ليس له من
urn:hadith:0273IbnMaja.Sunan:1693	al-Busiri (Misbah al-zujaja)	840	classical	chain	weak	هذا إسناد فيه زمعة بن صالح وهو ضعيف رواه ابن خزيمة في صحيحه والبيهقي كلاهما من طريق زمعة بن صالح عن سلمة بن وهرام به إلا أن ابن خزيمة قال وبقيلولة النهار على قيام الليل ورواه الحاكم في المستدرك عن الأصم عن محمد بن سنان القزاز عن أبي عامر به وله شاهد من حديث أنس رواه ابن ماجة والترمذي في الجامع وقال حسن صحيح قال وفي الباب عن أبي هريرة وابن مسعود وجابر بن عبد الله وابن عباس وعمرو بن العاص والعرباض بن سارية وعتبة بن عبد الله وأبي الدرداء	0.62	1	urn:openiti:0840ShihabDinBusiri.MisbahZujaja.JK000312-ara1:p05223	2:70	619	Ibn Maja	حدثنا محمد بن بشار حدثنا أبو عامر حدثنا زمعة بن صالح عن سلمة عن عكرمة عن ابن عباس عن النبي صلى الله عليه وسلم قال استعينوا بطعام السحور على صيام النهار والقيلول
urn:hadith:0273IbnMaja.Sunan:1698	al-Busiri (Misbah al-zujaja)	840	classical	chain	sound	هذا إسناد صحيح رجاله ثقات رواه أبو داود في سننه عن وهب بن بقية عن خالد عن محمد بن عمرو به مرفوعا بلفظ لايزال الدين ظاهرا ما عجل الناس الفطر لأن اليهود والنصارى يؤخرون وكذا رواه النسائي من طريق يزيد بن هارون عن محمد بن عمرو به ورواه ابن حبان في صحيحه عن الحسين بن محمد بن مصعب السنجي عن محمد بن إسماعيل الأحمسي عن المحاربي عن محمد بن عمرو به كرواية أبي داود ورواه الحاكم في المستدرك عن محمد بن يعقوب عن محمد بن يحيى بن محمد عن مسدد عن خالد بن عبد الله عن محمد بن عمرو كذلك ومن طريق الحاكم رواه البيهقي وله شاهد من حديث سهل بن سعد	0.76	1	urn:openiti:0840ShihabDinBusiri.MisbahZujaja.JK000312-ara1:p05230	2:71	620	Ibn Maja	حدثنا أبو بكر بن أبي شيبة حدثنا محمد بن بشر عن محمد بن عمر وعن أبي سلمة عن أبي هريرة قال قال رسول الله صلى الله عليه وسلم لا يزال الناس بخير ما عجلوا الفطر فإن 
urn:hadith:0273IbnMaja.Sunan:1702	al-Busiri (Misbah al-zujaja)	840	classical	chain	sound	هذا إسناد صحيح رجاله ثقات رواه النسائي في الكبرى عن محمد بن منصور عن سفيان بن عيينة به	0.68	1	urn:openiti:0840ShihabDinBusiri.MisbahZujaja.JK000312-ara1:p05238	2:72	621	Ibn Maja	حدثنا أبو بكر بن أبي شيبة و محمد بن الصباح قالا حدثنا سفيان بن عيينة عن عمرو بن دينار عن يحيى بن جعدة عن عبد الله بن عمرو القاري قال سمعت أبا هريرة يقول ورب الك
urn:hadith:0273IbnMaja.Sunan:1714	al-Busiri (Misbah al-zujaja)	840	classical	chain	weak	هذا إسناد ضعيف لضعف ابن لهيعة رواه عمرو بن خالد الحراني عن ابن لهيعة عن أبي قتادة عن يزيد بن رباح أبي فراس وذكر فيه صوم داود وصوم إبراهيم عليهما الصلاة والسلام ورواه الطبراني والبيهقي من طريق أبي فراس به	1.0	1	urn:openiti:0840ShihabDinBusiri.MisbahZujaja.JK000312-ara1:p05249	2:72	622	Ibn Maja	حدثنا سهل بن أبي سهل حدثنا سعيد بن أبي مريم عن ابن لهيعة عن جعفر بن ربيعة عن أبي فراس أنه سمع عبد الله بن عمرو يقول سمعت رسول الله صلى الله عليه وسلم يقول صام ن
urn:hadith:0273IbnMaja.Sunan:1719	al-Busiri (Misbah al-zujaja)	840	classical	chain	sound	هذا إسناد صحيح رجاله ثقات رواه ابن حبان في صحيحه عن أحمد بن علي بن المثنى حدثنا يعقوب بن إبراهيم الدورقي حدثنا هشيم حدثنا عمر بن أبي سلمة عن أبيه عن أبي هريرة قال قال رسول الله صلى الله عليه وسلم أيام التشريق أيام طعام وله شاهد من حديث عقبة بن عامر	0.75	1	urn:openiti:0840ShihabDinBusiri.MisbahZujaja.JK000312-ara1:p05265	2:74	624	Ibn Maja	حدثنا أبو بكر بن أبي شيبة حدثنا عبد الرحيم بن سليمان عن محمد بن عمرو عن أبي سلمة عن أبي هريرة قال قال رسول الله صلى الله عليه وسلم أيام منى أيام أكل وشرب
urn:hadith:0273IbnMaja.Sunan:1720	al-Busiri (Misbah al-zujaja)	840	classical	chain	sound	هذا إسناد صحيح رواه النسائي في غير رواية ابن السني من طريق منها عن قتيبة عن حماد عن عمرو بن دينار عن نافع بن جبير به وزيادة في المتن ورواه الدارمي في مسنده عن أبي النعمان عن حماد بن زيد عن عمرو بن دينار ورواه ابن خزيمة في صحيحه عن أحمد بن عبدة الضبي عن حماد بن زيد به وعن سعيد بن عبد الرحمن عن سفيان عن عمرو به ورواه مسلم في صحيحه من حديث نبيشة الهذلي وأبي بن كعب إلى قوله فلا يدخل الجنة إلا نفس مسلمة	1.0	1	urn:openiti:0840ShihabDinBusiri.MisbahZujaja.JK000312-ara1:p05269	2:74	625	Ibn Maja	حدثنا أبو بكر بن أبي شيبة وعلي بن محمد قالا حدثنا وكيع عن سفيان عن حبيب بن أبي ثابت عن نافع بن جبير بن مطعم عن بشر بن سحيم أن رسول الله صلى الله عليه وسلم خطب أ
urn:hadith:0273IbnMaja.Sunan:1735	al-Busiri (Misbah al-zujaja)	840	classical	chain	sound	هذا إسناد صحيح رواه النسائي عن عبد الله بن أحمد بن يونس عن عبثر بن القسم عن حصين به وليس هو في رواية ابن السني ورواه ابن خزيمة في صحيحه عن أبي هاشم زياد بن أيوب عن هشيم عن حصين به ورواه ابن حبان في صحيحه عن أبي خليفة عن محمد بن كثير عن سفيان عن حصين ابن عبد الرحمن به وله شاهد في صحيحي البخاري ومسلم من حديث سلمة بن الأكوع والربيع بنت معوذ	0.86	1	urn:openiti:0840ShihabDinBusiri.MisbahZujaja.JK000312-ara1:p05289	2:76	628	Ibn Maja	حدثنا أبو بكر بن أبي شيبة حدثنا محمد بن فضيل عن حصين عن الشعبي عن محمد بن صيفي قال قال لنا رسول الله صلى الله عليه وسلم يوم عاشوراء أمنكم أحد طعم اليوم قلنا منا
urn:hadith:0273IbnMaja.Sunan:1740	al-Busiri (Misbah al-zujaja)	840	classical	chain	sound	هذا إسناد صحيح رجاله ثقات روى الترمذي بعضه عن محمد بن يحيى عن الضحاك بن مخلد به وقال حسن غريب	0.78	1	urn:openiti:0840ShihabDinBusiri.MisbahZujaja.JK000312-ara1:p05296	2:77	629	Ibn Maja	حدثنا العباس بن عبد العظيم العنبري حدثنا الضحاك بن مخلد عن محمد بن رفاعة عن سهيل بن أبي صالح عن أبيه عن أبي هريرة أن النبي صلى الله عليه وسلم كان يصوم الإثنين و
urn:hadith:0273IbnMaja.Sunan:1744	al-Busiri (Misbah al-zujaja)	840	classical	chain	weak	هذا إسناد رجاله ثقات وفيه مقال قال العلائي في المراسيل ذكر في التهذيب أن محمد بن إبراهيم التيمي أرسل عن أسامة بن زيد وأسيد بن الحضير	0.79	1	urn:openiti:0840ShihabDinBusiri.MisbahZujaja.JK000312-ara1:p05310	2:78	631	Ibn Maja	حدثنا محمد بن الصباح حدثنا عبد العزيز الدراوردي عن يزيد بن عبد الله بن أسامة عن محمد بن إبراهيم أن أسامة بن زيد كان يصوم أشهر الحرم فقال له رسول الله صلى الله ع
urn:hadith:0273IbnMaja.Sunan:1747	al-Busiri (Misbah al-zujaja)	840	classical	chain	weak	هذا إسناد ضعيف لضعف مصعب بن ثابت بن عبد الله بن عبد العزيز بن الزبير	1.0	1	urn:openiti:0840ShihabDinBusiri.MisbahZujaja.JK000312-ara1:p05326	2:79	633	Ibn Maja	حدثنا هشام بن عمار حدثنا سعيد بن يحيى اللخمي عن محمد بن عمرو عن مصعب بن ثابت عن عبد الله بن الزبير قال أفطر رسول الله صلى الله عليه وسلم عند سعد بن معاذ فقال أف
	al-Busiri (Misbah al-zujaja)	840	classical	chain	very_weak	هذا إسناد فيه محمد بن عبد الرحمن متفق على ضعفه وكذبه أبو حاتم وغيره		0	urn:openiti:0840ShihabDinBusiri.MisbahZujaja.JK000312-ara1:p05340	2:80	635	Ibn Maja	حدثنا محمد بن مصفي حدثنا بقية حدثنا محمد بن عبد الرحمن عن سلمان بن بريدة عن أبيه قال قال رسول الله صلى الله عليه وسلم لبلال ألغداء يا بلال فقال إني صائم ثم قال 
urn:hadith:0273IbnMaja.Sunan:1753	al-Busiri (Misbah al-zujaja)	840	classical	chain	sound	هذا إسناد صحيح رجاله ثقات رواه الحاكم في المستدرك عن عبد العزيز بن عبد الرحمن الدباس عن محمد بن علي بن زيد عن الحكم بن موسى عن الوليد به حدثنا إسحاق فذكره ورواه البيهقي من طريق إسحاق بن عبيد الله قال عبد العظيم المنذري في كتاب الترغيب وإسحاق هذا مدني لا يعرف	0.77	1	urn:openiti:0840ShihabDinBusiri.MisbahZujaja.JK000312-ara1:p05347	2:81	636	Ibn Maja	حدثنا هشام بن عمار حدثنا الوليد بن مسلم حدثنا إسحاق بن عبد الله المديني قال سمعت عبد الله بن أبي مليكة يقول سمعت عبد الله بن عمرو بن العاص يقول قال رسول الله صل
urn:hadith:0273IbnMaja.Sunan:1755	al-Busiri (Misbah al-zujaja)	840	classical	chain	weak	هذا إسناد مسلسل بالضعفاء عمر بن صهبان فمن دونه ضعفاء	1.0	1	urn:openiti:0840ShihabDinBusiri.MisbahZujaja.JK000312-ara1:p05356	2:82	637	Ibn Maja	حدثنا جبارة بن المغلس حدثنا مندل بن علي حدثنا عمر بن صهبان عن نافع عن ابن عمر قال كان النبي صلى الله عليه وسلم لا يغدو يوم الفطر حتى يغدي أصحابه من صدقة الفطر
urn:hadith:0273IbnMaja.Sunan:1760	al-Busiri (Misbah al-zujaja)	840	classical	chain	weak	هذا إسناد ضعيف لتدليس محمد بن إسحاق عن عيسى بن عبد الله وقد رواه بالعنعنة قال ابن المديني وتفرد بالرواية عن عيسى قال عيسى بن عبد الله مجهول	0.94	1	urn:openiti:0840ShihabDinBusiri.MisbahZujaja.JK000312-ara1:p05363	2:82	638	Ibn Maja	حدثنا محمد بن يحيى حدثنا أحمد بن خالد الوهبي حدثنا محمد بن إسحاق عن عيسى بن عبد الله بن مالك عن عطية بن سفيان بن عبد الله بن ربيعة قال حدثنا وفدنا الذين قدموا ع
urn:hadith:0273IbnMaja.Sunan:1762	al-Busiri (Misbah al-zujaja)	840	classical	chain	sound	هذا إسناد صحيح على شرط البخاري رواه الحاكم في المستدرك عن علي بن حماد عن مسدد بن قطن عن عثمان بن أبي شيبة عن جرير عن سليمان الأعمش به	0.64	1	urn:openiti:0840ShihabDinBusiri.MisbahZujaja.JK000312-ara1:p05370	2:82	639	Ibn Maja	حدثنا محمد بن يحيى بن حماد حدثنا أبو عوانة عن سليمان عن أبي صالح عن أبي سعيد قال نهى رسول الله صلى الله عليه وسلم النساء أن تصمن إلا بإذن أزواجهن
urn:hadith:0273IbnMaja.Sunan:1765	al-Busiri (Misbah al-zujaja)	840	classical	chain	sound	هذا إسناد صحيح رجاله ثقات انفرد ابن ماجة بهذا الحديث عن سنان بن سنة وليس له شيء في الكتب الخمسة الأصول رواه أحمد في مسنده من حديث سنان بن سنة أيضا وله شاهد من حديث أبي هريرة رواه ابن خزيمة وابن حبان في صحيحيهما والحاكم في مستدركه والترمذي في جامعه وابن ماجة في سننه والبخاري في صحيحه تعليقا مجز وعليه	0.74	1	urn:openiti:0840ShihabDinBusiri.MisbahZujaja.JK000312-ara1:p05378	2:83	640	Ibn Maja	حدثنا إسماعيل بن عبد الله الدورقي حدثنا عبد الله بن جعفر حدثنا عبد العزيز بن محمد عن محمد بن عبد الله بن أبي حرة عن عمه حكيم بن أبي حرة عن سنان بن سنة الأسلمي ص
urn:hadith:0273IbnMaja.Sunan:1774	al-Busiri (Misbah al-zujaja)	840	classical	chain	sound	هذا إسناد صحيح رجاله ثقات رواه البيهقي في الكبرى من طريق عبد العزيز عن محمد عن عيسى عن عمر به	0.9	1	urn:openiti:0840ShihabDinBusiri.MisbahZujaja.JK000312-ara1:p05385	2:84	641	Ibn Maja	حدثنا محمد بن يحيى حدثنا نعيم بن حماد حدثنا ابن المبارك عن عيسى بن عمر عن نافع عن ابن عمر عن النبي صلى الله عليه وسلم أنه كان إذا اعتكف طرح له فراشه أو يوضع له 
urn:hadith:0273IbnMaja.Sunan:1777	al-Busiri (Misbah al-zujaja)	840	classical	chain	weak	هذا إسناد فيه عبد الخالق وعنبسة والهياج وهم ضعفاء وقد روى الأئمة الستة ما يخالفه من حديث عائشة مرفوعا كان لا يدخل البيت إلا لحاجة إذا كانوا معتكفين	0.82	1	urn:openiti:0840ShihabDinBusiri.MisbahZujaja.JK000312-ara1:p05392	2:84	642	Ibn Maja	حدثنا أحمد بن منصور أبو بكر حدثنا يونس بن محمد حدثنا الهياج الخراساني أنبأنا عنبسة بن عبد الرحمن عن عبد الخالق عن أنس بن مالك قال قال رسول الله صلى الله عليه وس
urn:hadith:0273IbnMaja.Sunan:1781	al-Busiri (Misbah al-zujaja)	840	classical	chain	weak	هذا إسناد فيه فرقد بن يعقوب السبخي وهو ضعيف	0.76	1	urn:openiti:0840ShihabDinBusiri.MisbahZujaja.JK000312-ara1:p05399	2:85	643	Ibn Maja	حدثنا عبيد الله بن عبد الكريم حدثنا محمد بن أمية حدثنا عيسى بن موسى البخاري عن عبيدة الصمي عن فرقد السبخي عن سعيد بن جبير عن ابن عباس أن رسول الله صلى الله عليه
urn:hadith:0273IbnMaja.Sunan:1782	al-Busiri (Misbah al-zujaja)	840	classical	chain	weak	هذا إسناد ضعيف لتدليس بقية ورواته ثقات لكن لم ينفرد به بقية عن ثور بن يزيد فقد رواه الأصبهاني في كتاب الترغيب من طريق عمر بن هارون البلخي وهو ضعيف عن ثور به وله شاهد من حديث عبادة بن الصامت رواه الطبراني في الأوسط والكبير والأصبهاني من حديث معاذ بن جبل فيقوى بمجموع طرقه	0.73	1	urn:openiti:0840ShihabDinBusiri.MisbahZujaja.JK000312-ara1:p05406	2:85	644	Ibn Maja	حدثنا أبو أحمد المرار بن حموية حدثنا محمد بن مصطفى حدثنا بقية بن الوليد عن ثور بن يزيد عن خالد بن معدان عن أبي أمامة عن النبي صلى الله عليه وسلم قال من قام ليلت
urn:hadith:0273IbnMaja.Sunan:1787	al-Busiri (Misbah al-zujaja)	840	classical	chain	weak	هذا إسناد ضعيف لضعف ابن لهيعة رواه البخاري من طريق الزهري دون قوله ثم التفت فقال إلى آخره ورواه أبو داود في الناسخ والمنسوخ عن يحيى بن محمد الذهلي عن أحمد بن شبيب عن أبيه عن يونس عن الزهري ورواه الحاكم من طريق أحمد بن شبيب ومن طريق الحاكم رواه البيهقي ورواه ابن مردويه في تفسيره عن دعلج بن أحمد بن دعلج عن أبي عبد الله محمد بن علي بن زيد الصايغ عن أحمد بن شبيب ورواه أبو نعيم في المستخرج من طريق موسى بن سعيد الدنداني عن أحمد بن شبيب	0.89	1	urn:openiti:0840ShihabDinBusiri.MisbahZujaja.JK000312-ara1:p05413	2:86	645	Ibn Maja	حدثنا عمرو بن سواد المصري حدثنا عبد الله بن وهب عن ابن لهيعة عن عقيل عن ابن شهاب حدثني خالد بن أسلم مولى عمر بن الخطاب قال خرجت مع عبد الله بن عمر فلحقه أعرابي 
	al-Busiri (Misbah al-zujaja)	840	classical	chain	weak	هذا إسناد فيه إبراهيم بن إسماعيل وهو ضعيف رواه الدارقطني في سننه من هذا الوجه		0	urn:openiti:0840ShihabDinBusiri.MisbahZujaja.JK000312-ara1:p05421	2:87	646	Ibn Maja	حدثنا بكر بن خلف و محمد بن يحيى قالا حدثنا عبيد اللهابن موسى أنبأنا إبراهيم بن إسماعيل عن عبد الله بن واقد عن ابن عمرو عن عائشة أن النبي صلى الله عليه وسلم كان 
urn:hadith:0273IbnMaja.Sunan:1792	al-Busiri (Misbah al-zujaja)	840	classical	chain	weak	هذا إسناد فيه حارثة وهو ابن أبي الرجال ضعيف أخرجه الدارقطني في سننه من هذا الوجه ورواه البيهقي من طريق شجاع بن الوليد ورواه الترمذي من حديث ابن عمر مرفوعا وموقوفا وهذا أورده ابن الجوزي في العلل المتناهية في الأحاديث الواهية	1.0	1	urn:openiti:0840ShihabDinBusiri.MisbahZujaja.JK000312-ara1:p05428	2:87	647	Ibn Maja	حدثنا نصر بن علي الجهضمي حدثنا شجاع بن الوليد حدثنا حارثة بن محمد عن عمرة عن عائشة قالت سمعت رسول الله صلى الله عليه وسلم يقول لا زكاة في مال حتى يحول عليه الحو
urn:hadith:0273IbnMaja.Sunan:1794	al-Busiri (Misbah al-zujaja)	840	classical	chain	fair	هذا إسناد حسن رواه البيهقي في سننه الكبرى من طريق قتادة ويحيى ابن أبي كثير عن أبي جابر عن جابر بن عبد الله وله شاهد من حديث أبي سعيد الخدري رواه الأئمة الستة وفي الباب عن أبي هريرة وابن عمرو	0.9	1	urn:openiti:0840ShihabDinBusiri.MisbahZujaja.JK000312-ara1:p05435	2:87	648	Ibn Maja	حدثنا علي بن محمد حدثنا وكيع عن محمد بن مسلم عن عمرو بن دينار عن جابر بن عبد الله قال قال رسول الله صلى الله عليه وسلم ليس فيما دون خمس ذود صدقة وليس فيما دون خ
urn:hadith:0273IbnMaja.Sunan:1797	al-Busiri (Misbah al-zujaja)	840	classical	chain	weak	هذا إسناد ضعيف البحتري متفق على تضعيفه والوليد مدلس رواه أبو يعلى الموصلي في مسنده حدثنا سعيد بن سويد فذكره بإسناده ومتنه	0.72	1	urn:openiti:0840ShihabDinBusiri.MisbahZujaja.JK000312-ara1:p05442	2:88	649	Ibn Maja	حدثنا سويد بن سعيد حدثنا الوليد بن مسلم عن البحتري بن عبيد عن أبيه عن أبي هريرة قال قال رسول الله صلى الله عليه وسلم إذا أعطيتم الزكاة فلا تنسوا ثوابها أن يقول 
urn:hadith:0273IbnMaja.Sunan:1799	al-Busiri (Misbah al-zujaja)	840	classical	chain	weak	هذا إسناد فيه مقال محمد بن عقيل قال فيه أبو أحمد الحاكم حدث عن حفص بن عبد الله بحديثين لم يتابع عليهما وقال ابن حبان في الثقات ربما أخطأ حدث بالعراق بمقدار عشرة أحاديث مقلوبة وقال النسائي ثقة وقال أبو عبد الله الحاكم من أعيان العلماء	0.86	1	urn:openiti:0840ShihabDinBusiri.MisbahZujaja.JK000312-ara1:p05450	2:89	650	Ibn Maja	حدثنا محمد بن عقيل بن خويلد النيسابوري حدثنا حفص بن عبد الله السلمي حدثنا إبراهيم بن طهمان عن عمرو بن يحيى بن عمارة عن أبيه عن أبي سعيد الخدري قال قال رسول الله
urn:hadith:0273IbnMaja.Sunan:1806	al-Busiri (Misbah al-zujaja)	840	classical	chain	weak	هذا إسناد ضعيف لضعف أسامة	0.69	1	urn:openiti:0840ShihabDinBusiri.MisbahZujaja.JK000312-ara1:p05459	2:89	651	Ibn Maja	حدثنا أبو بدر عباد بن الوليد حدثنا محمد بن فضيل حدثنا ابن المبارك حدثنا أسامة بن زيد عن أبيه عن ابن عمر قال قال رسول الله صلى الله عليه وسلم تؤخذ صدقات المسلمين
urn:hadith:0273IbnMaja.Sunan:1815	al-Busiri (Misbah al-zujaja)	840	classical	chain	weak	إسناده ضعيف لأن محمد بن عبيد الله هو الخزرجي قال الإمام أحمد ترك الناس حديثه	0.85	1	urn:openiti:0840ShihabDinBusiri.MisbahZujaja.JK000312-ara1:p05466	2:90	653	Ibn Maja	حدثنا هشام بن عمار حدثنا إسماعيل بن عياش عن محمد بن عبيد الله عن عمرو بن شعيب عن أبيه عن جده قال إنما سن رسول الله صلى الله عليه وسلم الزكاة في هذه الخمس في الح
urn:hadith:0273IbnMaja.Sunan:1822	al-Busiri (Misbah al-zujaja)	840	classical	chain	sound	هذا إسناد صحيح رجاله ثقات وله شاهد من حديث عوف بن مالك رواه أصحاب السنن الأربعة	0.87	1	urn:openiti:0840ShihabDinBusiri.MisbahZujaja.JK000312-ara1:p05477	2:91	654	Ibn Maja	حدثنا أحمد بن محمد بن يحيى بن سعيد القطان حدثنا عمرو بن محمد العنقزي حدثنا أسباط بن نصر عن السدي عن عدي بن ثابت عن البراء بن عازب في قوله سبحانه ومما أخرجنا لكم
urn:hadith:0273IbnMaja.Sunan:1823	al-Busiri (Misbah al-zujaja)	840	classical	chain	weak	هذا إسناد ضعيف رواه ابن أبي شيبة في مسنده هكذا رواه أبو داود الطيالسي عن سعيد بن عبد العزيز وفيه فقال يا رسول الله رحم في حبلها فحماها لي ورواه أبو يعلى الموصلي في مسنده من طريق سعيد بن عبد العزيز فذكره بتمامه قال ابن أبي حاتم عن أبيه لم يلق سليمان بن موسى أبا سيارة والحديث مرسل وحكى الترمذي في العلل عن البخاري عقب هذا الحديث أنه مرسل ثم قال لم يدرك سليمان أحدا من الصحابة قال وليس في زكاة العسل شيء يصبح قلت ليس لأبي سيارة عند ابن ماجة سوى هذا الحديث الواحد وليس له شيء في الأصول الخمسة ا	0.87	1	urn:openiti:0840ShihabDinBusiri.MisbahZujaja.JK000312-ara1:p05484	2:91	656	Ibn Maja	حدثنا أبو بكر بن أبي شيبة و علي بن محمد قالا حدثنا وكيع عن سعيد بن عبد العزيز عن سليمان بن موسى عن أبي سيارة المتقى قال قلت يا رسول الله إن لي نحلا قال أد العشر
urn:hadith:0273IbnMaja.Sunan:1830	al-Busiri (Misbah al-zujaja)	840	classical	chain	weak	هذا إسناد مرسل ضعيف	0.78	1	urn:openiti:0840ShihabDinBusiri.MisbahZujaja.JK000312-ara1:p05493	2:92	656	Ibn Maja	حدثنا هشام بن عمار حدثنا عبد الرحمن بن سعد بن عمار المؤذن حدثنا عمر بن حفص عن عمار بن سعد مؤذن النبي صلى الله عليه وسلم أن رسول الله صلى الله عليه وسلم أمر بصدق
urn:hadith:0273IbnMaja.Sunan:1831	al-Busiri (Misbah al-zujaja)	840	classical	chain	weak	هذا إسناد ضعيف مغيرة الأزدي ومحمد بن زيد مجهولان وحيان الأعرج وإن وثقه ابن معين وعده ابن حبان في الثقات فإن روايته عن العلاء مرسلة قاله المزي في التهذيب	0.94	1	urn:openiti:0840ShihabDinBusiri.MisbahZujaja.JK000312-ara1:p05501	2:92	657	Ibn Maja	حدثنا الحسن بن الجنيد الدامغاني حدثنا عتاب بن زياد المروزي حدثنا أبو حمزة سمعت مغيرة الأزدي يحدث عن محمد بن زيد عن حيان الأعرج عن العلاء الحضرمي قال بعثني رسول 
urn:hadith:0273IbnMaja.Sunan:1833	al-Busiri (Misbah al-zujaja)	840	classical	chain	very_weak	هذا إسناد ضعيف فيه محمد بن عبيد الله العرزمي وهو متروك الحديث	0.69	1	urn:openiti:0840ShihabDinBusiri.MisbahZujaja.JK000312-ara1:p05508	2:93	658	Ibn Maja	حدثنا علي بن المنذر حدثنا محمد بن فضيل حدثنا محمد بن عبيد الله عن عطاء بن أبي رباح و أبي الزبير عن جابر بن عبد الله قال قال رسول الله صلى الله عليه وسلم الوسق س
urn:hadith:0273IbnMaja.Sunan:1835	al-Busiri (Misbah al-zujaja)	840	classical	chain	sound	هذا إسناد صحيح رجاله ثقات رواه ابن أبي شيبة في مسنده ورواه أبو يعلى الموصلي في مسنده حدثنا أبو بكر بن أبي شيبة فذكره وله شاهد من حديث زينب امرأة عبد الله بن مسعود رواه الشيخان والترمذي والنسائي وابن ماجة	0.93	1	urn:openiti:0840ShihabDinBusiri.MisbahZujaja.JK000312-ara1:p05516	2:93	659	Ibn Maja	حدثنا أبو بكر بن أبي شيبة حدثنا يحيى بن آدم حدثنا حفص بن غياث عن هشام بن عروة عن أبيه عن زينب بنت أم سلمة قالت أمرنا رسول الله صلى الله عليه وسلم بالصدقة فقالت 
urn:hadith:0273IbnMaja.Sunan:1846	al-Busiri (Misbah al-zujaja)	840	classical	chain	weak	هذا إسناد ضعيف لضعف عيسى بن ميمون المديني لكن له شاهد صحيح	0.91	1	urn:openiti:0840ShihabDinBusiri.MisbahZujaja.JK000312-ara1:p05528	2:94	660	Ibn Maja	حدثنا أحمد بن الأزهر حدثنا آدم حدثنا عيسى بن ميمون عن القاسم عن عائشة قالت قال رسول الله صلى الله عليه وسلم النكاح من سنتي فمن لم يعمل بسنتي فليس مني وتزوجوا فإ
urn:hadith:0273IbnMaja.Sunan:1847	al-Busiri (Misbah al-zujaja)	840	classical	chain	weak	هذا إسناد صحيح رجاله ثقات رواه أبو يعلى الموصلي عن زهير عن سفيان بن عيينة عن إبراهيم بن ميسرة فذكره مثل حديث ابن ماجة ورواه البيهقي في الكبرى من طريق عبد الله بن يوسف التنيسي عن محمد بن مسلم الطرايفي به ورواه الحاكم من طريق ابن جريج عن إبراهيم بن ميسرة عن طاوس مرسلا ورواه البيهقي أيضا عن الحاكم به	1.0	1	urn:openiti:0840ShihabDinBusiri.MisbahZujaja.JK000312-ara1:p05532	2:94	661	Ibn Maja	حدثنا محمد بن يحيى حدثنا سعيد بن سليمان حدثنا محمد بن مسلم حدثنا إبراهيم بن ميسرة عن طاوس عن ابن عباس قال قال رسول الله صلى الله عليه وسلم لم ير للمتحابين مثل ا
urn:hadith:0273IbnMaja.Sunan:1852	al-Busiri (Misbah al-zujaja)	840	classical	chain	weak	هذا إسناد ضعيف لضعف علي بن زيد بن جدعان في إسناده علي بن زيد وهو ضعيف ولكن للحديث طرف آخر رواه أبو بكر بن أبي شيبة في مسنده هكذا بزيادة في أوله كما ذكره في زوائد المسانيد العشرة وله شاهد من حديث طلق بن علي رواه الترمذي والنسائي ورواه الترمذي وابن ماجة من حديث أم سلمة	0.82	1	urn:openiti:0840ShihabDinBusiri.MisbahZujaja.JK000312-ara1:p05539	2:95	662	Ibn Maja	حدثنا أبو بكر بن أبي شيبة حدثنا عفان حدثنا حماد بن سلمة عن علي بن زيد بن جدعان عن سعيد بن المسيب عن عائشة أن رسول الله صلى الله عليه وسلم قال لو أمرت أحدا أن يس
urn:hadith:0273IbnMaja.Sunan:1857	al-Busiri (Misbah al-zujaja)	840	classical	chain	very_weak	هذا إسناد فيه علي بن زيد بن جدعان وهو ضعيف قال البخاري منكر الحديث وعثمان بن أبي العاتكة مختلف فيه وله شاهد من حديث عبد الله بن عمرو رواه مسلم وغيره ورواه النسائي وسكت عنه	0.91	1	urn:openiti:0840ShihabDinBusiri.MisbahZujaja.JK000312-ara1:p05555	2:97	665	Ibn Maja	حدثنا هشام بن عمار حدثنا صدقة بن خالد حدثنا عثمان بن أبي العاتكة عن علي بن يزيد عن القاسم عن أبي أمامة عن النبي صلى الله عليه وسلم أنه كان يقول ما استفاد المؤمن
urn:hadith:0273IbnMaja.Sunan:1861	al-Busiri (Misbah al-zujaja)	840	classical	chain	unclassified	هذا إسناد فيه محمد بن طلحة قال فيه أبو حاتم لا يحتج به	0.86	1	urn:openiti:0840ShihabDinBusiri.MisbahZujaja.JK000312-ara1:p05571	2:98	667	Ibn Maja	حدثنا إبراهيم بن المنذر الحزامي حدثنا محمد بن طلحة التيمي حدثني عبد الرحمن بن سالم بن عقبة بن عويم بن ساعدة الأنصاري عن أبيه عن جده قال قال رسول الله صلى الله ع
urn:hadith:0273IbnMaja.Sunan:1862	al-Busiri (Misbah al-zujaja)	840	classical	chain	fabricated	هذا إسناد فيه كثير بن سليم وهو ضعيف وسلام هو ابن سليمان بن سوار المدائني ابن أخي شبابة بن سوار قال ابن عدي عنده مناكير وقال العقيلي في حديثه مناكير ورواه أبو الفرج ابن الجوزي في الموضوعات من طريق هشام بن عمار به وأعله بكثير بن سليمان فقال قال ابن حبان يروي عن أنس بن مالك ما ليس من حديثه ويضع عليه	0.6	1	urn:openiti:0840ShihabDinBusiri.MisbahZujaja.JK000312-ara1:p05580	2:98	668	Ibn Maja	حدثنا هشام بن عمار حدثنا سالم بن سوار حدثنا كثير بن سليم عن الضحاك بن مزاحم قال سمعت أنس بن مالك يقول سمعت رسول الله صلى الله عليه وسلم يقول من أراد أن يلقى الل
urn:hadith:0273IbnMaja.Sunan:1863	al-Busiri (Misbah al-zujaja)	840	classical	chain	weak	هذا إسناد ضعيف لضعف طلحة بن عمرو المكي الحضرمي وهو متفق على تضعيفه	0.73	1	urn:openiti:0840ShihabDinBusiri.MisbahZujaja.JK000312-ara1:p05583	2:99	669	Ibn Maja	حدثنا يعقوب بن حميد بن كاسب حدثنا عبد الله بن الحارث المخزومي عن طلحة عن عطاء عن أبي هريرة قال قال رسول الله صلى الله عليه وسلم انكحوا فإني مكاثر بكم
urn:hadith:0273IbnMaja.Sunan:1864	al-Busiri (Misbah al-zujaja)	840	classical	chain	disputed_narrator	هذا إسناد فيه حجاج وهو ابن أرطأة الكوفي ضعيف ومدلس وقد رواه بالعنعنة رواه أبو داود الطيالسي في مسنده عن حماد بن سلمة عن حجاج بن أرطأة به ورواه البيهقي في الكبرى من طريق عبد ربه بن نافععن ابن مليكة عن محمد بن سليمان به وقال هذا الحديث إسناده مختلف فيه ومداره على الحجاج بن أرطأة	0.79	1	urn:openiti:0840ShihabDinBusiri.MisbahZujaja.JK000312-ara1:p05590	2:99	670	Ibn Maja	حدثنا أبو بكر بن أبي شيبة حدثنا حفص بن غياث حدثنا حجاج عن محمد بن سليمان عن عمه سهل بن أبي خثمة عن محمد بن مسلمة قال خطبت امرأة فجعلت أتخبا لها حتى نظرت إليها ف
urn:hadith:0273IbnMaja.Sunan:1865	al-Busiri (Misbah al-zujaja)	840	classical	chain	sound	هذا إسناد صحيح رجاله ثقات وقد رواه الترمذي وابن حبان في صحيحه أيضا من حديث أنس كالمصنف ورواه الترمذي من حديث المغيرة والنسائي من حديث أبي هريرة ورواه ابن الجارود في المنتقى عن أحمد بن يوسف حدثنا عبد الرزاق به	0.56	1	urn:openiti:0840ShihabDinBusiri.MisbahZujaja.JK000312-ara1:p05594	2:100	671	Ibn Maja	حدثنا الحسن بن علي الخلال و زهير بن محمد و محمد بن عبد الملك قالوا حدثنا عبد الرزاق عن معمر عن ثابت عن أنس بن مالك أن المغير بن شعبة أراد أن يتزوج امرأة فقال له
urn:hadith:0273IbnMaja.Sunan:1866	al-Busiri (Misbah al-zujaja)	840	classical	chain	sound	هذا إسناد صحيح رجاله ثقات روى الترمذي في الجامع والنسائي في الصغرى بعضه من طريق بكر بن عبد الله وقال الترمذي حديث حسن ورواه الدارمي في مسنده عن قبيصة عن سفيان عن عاصم الأحول عن بكر بن عبد الله به ورواه ابن الجارود في المنتقى عن علي بن سلمة عن أبي معاوية عن عاصم به ورواه الدارقطني في سننه من طريق منها عن أبي مخلد عن الجرجاني عن عبد الرزاق به ورواه الحاكم من طريق بكر بن عبد الله المزني وسياقه أتم من ابن ماجة ورواه والبيهقي في الكبرى عن الحاكم به ورواه ابن أبي عمر في مسنده عن مروان بن معاوية عن عاصم عن بكر فذكره بتمامه وكذا أحمد بن منيع في مسنده حدثنا مروان بن معاوية	0.65	1	urn:openiti:0840ShihabDinBusiri.MisbahZujaja.JK000312-ara1:p05599	2:100	672	Ibn Maja	حدثنا الحسن بن أبي الربيع أنبأنا عبد الرزاق عن معمر عن ثابت البناني عن بكر بن عبد الله المزني عن المغيرة بن شعبة قال أتيت النبي صلى الله عليه وسلم فذكرت له امرأ
urn:hadith:0273IbnMaja.Sunan:1874	al-Busiri (Misbah al-zujaja)	840	classical	chain	sound	هذا إسناد صحيح رجاله ثقات رواه البخاري وغيره من حديث عبد الرحمن بن يزيد ومجمع بن يزيد وهو في السنن الأربعة من حديث ابن عباس وفي سنن النسائي الصغرى والحاكم والبيهقي من حديث عائشة	0.67	1	urn:openiti:0840ShihabDinBusiri.MisbahZujaja.JK000312-ara1:p05614	2:102	674	Ibn Maja	حدثنا هناد بن السري حدثنا وكيع عن كهمس بن الحسن عن عبد الله بن بريدة عن أبيه قال جاءت فتاة إلى النبي صلى الله عليه وسلم فقالت إن أبي زوجني من ابن أخيه ليدفع بي 
urn:hadith:0273IbnMaja.Sunan:1877	al-Busiri (Misbah al-zujaja)	840	classical	chain	weak	هذا إسناد رجاله ثقات إلا أنه منقطع أبو عبيدة لم يسمع من أبيه قاله شعبة وأبو حاتم وابن حبان في الثقات والترمذي في الجامع والمزي في الأطراف وغيرهم وله شاهد من حديث عائشة رواه النسائي في الصغرى وغيره	1.0	1	urn:openiti:0840ShihabDinBusiri.MisbahZujaja.JK000312-ara1:p05617	2:102	676	Ibn Maja	حدثنا أحمد بن سنان حدثنا أبو أحمد حدثنا إسرائيل عن أبي إسحاق عن أبي عبيدة عن عبد الله قال تزوج النبي صلى الله عليه وسلم عائشة وهي بنت سبع وبنى بها وهي بنت تسع و
urn:hadith:0273IbnMaja.Sunan:1878	al-Busiri (Misbah al-zujaja)	840	classical	chain	weak	هذا إسناد ضعيف موقوف عبد الله بن نافع مولى ابن عمر متفق على تضعيفه لكن لم ينفرده عبد الله بن نافع عن أبيه فقد رواه الدارقطني في سننه والحاكم في المستدرك والبيهقي في سننه من طريق عمر بن حسين عن رافع عن ابن عمر وسياقهم أتم	1.0	1	urn:openiti:0840ShihabDinBusiri.MisbahZujaja.JK000312-ara1:p05624	2:103	676	Ibn Maja	حدثنا عبد الرحمن بن إبراهيم الدمشقي حدثنا عبد الله بن نافع الصايغ عن عبد الله بن نافع عن أبيه عن ابن عمر أنه حين هلك عثمان بن مظعون ترك ابنة له قال ابن عمر فزوج
urn:hadith:0273IbnMaja.Sunan:1880	al-Busiri (Misbah al-zujaja)	840	classical	chain	weak	هذا إسناد ضعيف حجاج هو ابن أرطأة مدلس وقد رواه بالعنعنة وأيضا لم يسمع حجاج من عكرمة إنما تحدث عن داود بن الحصين عن عكرمة قال الامام أحمد ولم يسمع الحجاج أيضا من الزهري قاله عباد بن العوام وأبو زرعة وأبو حاتم	1.0	1	urn:openiti:0840ShihabDinBusiri.MisbahZujaja.JK000312-ara1:p05631	2:103	677	Ibn Maja	حدثنا أبو كريب حدثنا عبد الله بن المبارك حدثنا حجاج عن الزهري عن عروة عن عائشة عن النبي صلى الله عليه وسلم وعن عكرمة عن ابن عباس قالا قال رسول الله صلى الله علي
urn:hadith:0273IbnMaja.Sunan:1882	al-Busiri (Misbah al-zujaja)	840	classical	chain	disputed_narrator	هذا إسناد مختلف فيه رواه الدارقطني في سننه عن أحمد بن محمد بن عبد الكريم عن جميل بن الحسن به ورواه الإمام الشافعي في مسنده من حديث أبي هريرة أيضا موقوفا بلفظ لا تنكح المرأة المرأة فإن البغي إنما تنكح نفسها رواه الحاكم في المستدرك من طريق جميل بن الحسن ورواه البيهقي عن الحاكم فذكره مرفوعا ورواه الحاكم أيضا من طريق الأوزاعي عن محمد بن سيرين عن أبي هريرة موقوفا وعن الحاكم رواه البيهقي	0.95	1	urn:openiti:0840ShihabDinBusiri.MisbahZujaja.JK000312-ara1:p05637	2:104	678	Ibn Maja	حدثنا جميل بن الحسن العتكي حدثنا محمد بن مروان العقيلي حدثنا هشام بن حسان عن محمد بن سيرين عن أبي هريرة قال قال رسول الله صلى الله عليه وسلم لا تزوج المرأة ولا 
urn:hadith:0273IbnMaja.Sunan:1885	al-Busiri (Misbah al-zujaja)	840	classical	chain	sound	هذا إسناد صحيح رجاله ثقات رواه ابن حبان في صحيحه عن ابن خزيمة عن محمد بن يحيى عن عبد الرزاق به ورواه عبد بن حميد في مسنده عن عبد الرزاق به بزيادة فيه ورواه الحاكم في المستدرك من طريق يحيى بن معين عن عبد الرزاق به ورواه البيهقي في سننه الكبرى عن الحاكم بالإسناد والمتن وله شاهد في الكتب الستة من حديث ابن عمر وفي مسلم وغيره من حديث أبي هريرة وفي جامع الترمذي من حديث عمران بن حصين وفي مسند أحمد من حديث عبد الله بن عمرو وفي مسند البزار من حديث وائل بن حجر	1.0	1	urn:openiti:0840ShihabDinBusiri.MisbahZujaja.JK000312-ara1:p05644	2:104	679	Ibn Maja	حدثنا الحسين بن مهدي أنبأنا عبد الرزاق حدثنا معمر عن ثابت عن أنس بن مالك قال قال رسول الله صلى الله عليه وسلم لا شغار في الإسلام
urn:hadith:0273IbnMaja.Sunan:1890	al-Busiri (Misbah al-zujaja)	840	classical	chain	weak	هذا إسناد ضعيف لضعف عطية قال الدارقطني الأغر هذا هو فضيل بن مرزوق ولم يقل عن أبي سعيد غير يحيى بن يمان عنه وأرسله غيره رواه وكيع عن فضيل بن مرزوق عن عطية عن عائشة ورواه عبد الله بن داود عن فضيب بن مرزوق عن عطية أن النبي صلى الله عليه وسلم تزوج عائشة	0.83	1	urn:openiti:0840ShihabDinBusiri.MisbahZujaja.JK000312-ara1:p05651	2:105	680	Ibn Maja	حدثنا أبو هشام الرفاعي محمد بن يزيد حدثنا إسحاق بن يمان حدثنا الأغر الرقاشي عن عطية العوفي عن أبي سعيد الخدري أن النبي صلى الله عليه وسلم تزوج عائشة على متاع بي
urn:hadith:0273IbnMaja.Sunan:1895	al-Busiri (Misbah al-zujaja)	840	classical	chain	weak	هذا إسناد فيه خالد بن إلياس أبو الهيثم العدوي وهو ضعيف بل نسبه إلى الوضع ابن حبان والحاكم وأبو سعيد النقاش وأورده ابن الجوزي في العلل المتناهية من طريق خالد بن إلياس	0.83	1	urn:openiti:0840ShihabDinBusiri.MisbahZujaja.JK000312-ara1:p05658	2:105	681	Ibn Maja	حدثنا نصر بن علي الجهضمي و الخليل بن عمرو قالا حدثنا عيسى بن يونس عن خالد بن الياس عن ربيعة بن أبي عبد الرحمن عن القاسم عن عائشة عن النبي صلى الله عليه وسلم قال
urn:hadith:0273IbnMaja.Sunan:1899	al-Busiri (Misbah al-zujaja)	840	classical	chain	sound	هذا إسناد صحيح رجاله ثقات وبعضه من الصحيحين من حديث عائشة وفي البخاري وأصحاب السنن الأربعة من حديث الربيع بنت معوذ	0.81	1	urn:openiti:0840ShihabDinBusiri.MisbahZujaja.JK000312-ara1:p05668	2:106	682	Ibn Maja	حدثنا هشام بن عمار حدثنا عيسى بن يونس حدثنا عوف عن ثمامة بن عبد الله عن أنس بن مالك أن النبي صلى الله عليه وسلم مر ببعض المدينة فإذا هو بجواري يضربن بدفهن ويتغن
urn:hadith:0273IbnMaja.Sunan:1903	al-Busiri (Misbah al-zujaja)	840	classical	chain	disputed_narrator	هذا إسناد حسن يعقوب مختلف فيه وباقي رجال الإسناد ثقات رواه أبو داود في سننه عن زهير بن حرب عن أبي عامر عن سليمان بن بلال عن سهيل بن أبي صالح به مرفوعا بلفظ لعن رسول الله صلى الله عليه وسلم الرجل يلبس لبسة المرأة والمرأة تلبس لبسة الرجل وله شاهد في صحيح البخاري وسنن أبي داود أيضا والترمذي وابن ماجة من حديث عكرمة عن ابن عباس وأصله في الصحيحين من حديث أم سلمة	1.0	1	urn:openiti:0840ShihabDinBusiri.MisbahZujaja.JK000312-ara1:p05680	2:107	685	Ibn Maja	حدثنا يعقوب بن حميد بن كاسب حدثنا عبد العزيز بن أبي حازم عن سهيل عن أبيه عن أبي هريرة أن رسول الله صلى الله عليه وسلم لعن المرأة تتشبه بالرجال والرجل يتشبه بالن
urn:hadith:0273IbnMaja.Sunan:1911	al-Busiri (Misbah al-zujaja)	840	classical	chain	weak	هذا إسناد فيه المفضل بن عبد الله وهو ضعيف وشيخه جابر هو الجعفي متهم وله شاهد من حديث أنس رواه أصحاب الكتب الستة وأصله في الصحيحين وغيرهما من حديث أبي أسيد الساعدي	0.8	1	urn:openiti:0840ShihabDinBusiri.MisbahZujaja.JK000312-ara1:p05687	2:108	686	Ibn Maja	حدثنا سويد بن سعيد حدثنا المفضل بن عبد الله عن جابر عن الشعبي عن مسروق عن عائشة و أم سلمة قالتا أمرنا رسول الله صلى الله عليه وسلم أن نجهز فاطمة حتى ندخلها على 
urn:hadith:0273IbnMaja.Sunan:1915	al-Busiri (Misbah al-zujaja)	840	classical	chain	weak	هذا إسناد فيه عبد الملك بن حسين وهو ضعيف وله شاهد من حديث ابن مسعود رواه الترمذي	1.0	1	urn:openiti:0840ShihabDinBusiri.MisbahZujaja.JK000312-ara1:p05694	2:108	687	Ibn Maja	حدثنا محمد بن عبادة الواسطي حدثنا يزيد بن هارون أنبأنا عبد الملك بن حسين أبو مالك النخعي عن منصور عن أبي حازم عن أبي هريرة قال قال رسول الله صلى الله عليه وسلم 
urn:hadith:0273IbnMaja.Sunan:1921	al-Busiri (Misbah al-zujaja)	840	classical	chain	weak	هذا إسناد ضعيف لضعف الأحوص بن حكيم العنسي الحمصي وله شاهد من حديث ابن مسعود رواه البزار في مسنده والبيهقي في سننه الكبرى قال المزي في الأطراف رواه بشر بن عمارة عن الأحوص بن حكيم عن عبد الله بن عامر عن عتبة بن عبد	0.79	1	urn:openiti:0840ShihabDinBusiri.MisbahZujaja.JK000312-ara1:p05701	2:109	688	Ibn Maja	حدثنا إسحاق بن وهب الواسطي حدثنا الوليد بن القاسم الهمداني حدثنا الأحوص بن حكيم عن أبيه راشد بن سعد و عبد الأعلى بن عدي عن عتبة بن عبد السلمي قال قال رسول الله 
urn:hadith:0273IbnMaja.Sunan:1923	al-Busiri (Misbah al-zujaja)	840	classical	chain	sound	هذا إسناد صحيح رجاله ثقات رواه أبو داود في سننه عن هناد والنسائي في الكبرى عن هناد ومحمد بن إسماعيل بن سمرة كلاهما عن وكيع عن سفيان عن سهيل به بلفظ ملعون من أتى امرأته في دبرها ورواه الدارمي في مسنده عن عبيد الله بن موسى عن سفيان عن سهيل بن أي صالح به وله شاهد من حديث ابن عباس رواه أبو داود في سننه وابن ماجة في صحيحه	1.0	1	urn:openiti:0840ShihabDinBusiri.MisbahZujaja.JK000312-ara1:p05711	2:110	690	Ibn Maja	حدثنا محمد بن عبد الملك بن أبي الشوارب حدثنا عبد العزيز بن المختار عن سهيل بن أبي صالح عن الحارث بن مخلد عن أبي هريرة عن النبي صلى الله عليه وسلم لا ينظر الله إ
urn:hadith:0273IbnMaja.Sunan:1924	al-Busiri (Misbah al-zujaja)	840	classical	chain	weak	هذا إسناد ضعيف حجاج بن أرطأة مدلس وقد رواه بالعنعنة والحديث منكر لا يصح كما صرح بذلك البخاري والبزار والنسائي وغير واحد	0.73	1	urn:openiti:0840ShihabDinBusiri.MisbahZujaja.JK000312-ara1:p05714	2:110	691	Ibn Maja	حدثنا أحمد بن عبدة حدثنا عبد الواحد بن زياد عن حجاج بن أرطأة عن عمرو بن شعيب عن عبد الله بن هرمي عن خزيمة بن ثابت قال قال رسول الله صلى الله عليه وسلم إن الله ل
urn:hadith:0273IbnMaja.Sunan:1928	al-Busiri (Misbah al-zujaja)	840	classical	chain	weak	هذا إسناد ضعيف لضعف ابن لهيعة رواه الإمام أحمد في مسنده من حديث عمر بن الخطاب أيضا ورواه البيهقي في الكبرى من طريق إسحاق بن الحسن عن ابن لهيعة فذكره بإسناده ومتنه سواء وله شاهد من حديث ابن عمر ومن حديث ابن عباس رواه البيهقي منفردا بهما عن أصحاب الكتب الستة	0.82	1	urn:openiti:0840ShihabDinBusiri.MisbahZujaja.JK000312-ara1:p05722	2:111	692	Ibn Maja	حدثنا الحسن بن علي الخلال حدثنا إسحاق بن عيسى حدثنا ابن لهيعة حدثني جعفر بن ربيعة عن الزهري عن المحرر بن أبي هريرة عن أبيه عن عمر بن الخطاب قال نهى رسول الله صل
urn:hadith:0273IbnMaja.Sunan:1930	al-Busiri (Misbah al-zujaja)	840	classical	chain	weak	هذا إسناد ضعيف لتدليس ابن إسحاق وقد عنعنه رواه أبو بكر بن أبي شيبة في مسنده عن يزيد بن هارون وعبد الله بن نمير عن ابن إسحاق عن يعقوب به وسياقه أتم ورواه الترمذي في جامعه وابن حبان في صحيحه من حديث ابن عباس ورواه النسائي في الصغرى من حديث جابر بن عبد الله ورواه أحمد في مسنده من حديث علي وعبد الله بن عمرو ورواه البزار في مسنده من حديث ابن مسعود وابن عمر وسمرة بن جندب	0.72	1	urn:openiti:0840ShihabDinBusiri.MisbahZujaja.JK000312-ara1:p05729	2:111	693	Ibn Maja	حدثنا أبو كريب حدثنا عبدة بن سليمان عن محمد بن إسحاق عن يعقوب بن عتبة عن سليمان بن يسار عن أبي سعيد الخدري قال سمعت رسول الله صلى الله عليه وسلم نهى عن نكاحين أ
urn:hadith:0273IbnMaja.Sunan:1931	al-Busiri (Misbah al-zujaja)	840	classical	chain	weak	هذا إسناد فيه جبارة بن المغلس وهو ضعيف وله شاهد من حديث أبي هريرة رواه أصحاب الكتب الستة	0.92	1	urn:openiti:0840ShihabDinBusiri.MisbahZujaja.JK000312-ara1:p05732	2:112	694	Ibn Maja	حدثنا حبارة بن المغلس حدثنا أبو بكر النهشلي حدثني أبو بكر بن أبي موسى عن أبيه قال قال رسول الله صلى الله عليه وسلم لا تنكح المرأة على عمتها ولا على خالتها
urn:hadith:0273IbnMaja.Sunan:1934	al-Busiri (Misbah al-zujaja)	840	classical	chain	weak	هذا إسناد ضعيف لضعف زمعة بن صالح الجندي رواه أبو يعلى الموصلي في مسنده حدثنا أبو هشام حدثنا أبو عامر حدثنا زمعة فذكره بزيادة في آخره وروى الزيادة فقط أبو داود في سننه	0.75	1	urn:openiti:0840ShihabDinBusiri.MisbahZujaja.JK000312-ara1:p05739	2:112	695	Ibn Maja	حدثنا محمد بن بشار حدثناأبو عامر حدثنا زمعة بن صالح عن سلمة بن وهرام عن عكرمة عن ابن عباس قال لعن رسول الله صلى الله عليه وسلم المحلل والمحلل له
urn:hadith:0273IbnMaja.Sunan:1936	al-Busiri (Misbah al-zujaja)	840	classical	chain	disputed_narrator	هذا إسناد مختلف فيه من أجل أبي مصعب رواه الحاكم في المستدرك عن أبي جعفر محمد بن محمد بن عبد الله البغدادي عن يحيى بن عثمان بن صالح به وقال صحيح الإسناد ورواه أبو داود والنسائي من حديث عبد الله بن مسعود ورواه البيهقي في الكبرى عن الحاكم وله شاهد من حديث علي بن أبي طالب رواه أصحاب السنن الأربعة	1.0	1	urn:openiti:0840ShihabDinBusiri.MisbahZujaja.JK000312-ara1:p05742	2:112	696	Ibn Maja	حدثنا يحيى بن عثمان بن صالح المصري حدثنا أبي سمعت الليث بن سعد يقول قال لي أبو مصعب مشرح بن هاعان قال عقبة بن عامر قال رسول الله صلى الله عليه وسلم ألا أخبركم ب
urn:hadith:0273IbnMaja.Sunan:1946	al-Busiri (Misbah al-zujaja)	840	classical	chain	weak	هذا إسناد ضعيف لضعف ابن لهيعة وله شاهد من حديث أم سلمة رواه الترمذي في جامعه من حديث أم سلمة وقال حسن صحيح وابن حبان في صحيحه ورواه البزار في مسنده من حديث أبي هريرة	1.0	1	urn:openiti:0840ShihabDinBusiri.MisbahZujaja.JK000312-ara1:p05750	2:113	896	Ibn Maja	حدثنا حرملة بن يحيى حدثنا عبد الله بن وهب أخبرني ابن لهيعة عن أبي الأسود عن عروة عن عبد الله بن الزبير أن رسول الله صلى الله عليه وسلم قال لا رضاع إلا ما فتق ال
urn:hadith:0273IbnMaja.Sunan:1958	al-Busiri (Misbah al-zujaja)	840	classical	chain	unknown_narrator	هذا إسناد صحيح إن كان عكرمة مولى ابن عباس سمع من عائشة فقد تناقض فيه قول أبي حاتم فقال في المراسيل لم يسمع من عائشة وقال في الجرح والتعديل سمع منها ورجح سماعه منها أن روايته عنها في صحيح البخاري قاله شيخنا أبو زرعة وقال ابن المديني لا أعلمه سمع من أحد من أزواج النبي صلى الله عليه وسلم شيئا رواه الدارقطني في سننه عن يحيى بن محمد بن صاعد وابن مخلد عن حبيش بن مبشر به وله شاهد في الصحيحين من حديث أبي موسى وأنس بن مالك رضي الله عنه	1.0	1	urn:openiti:0840ShihabDinBusiri.MisbahZujaja.JK000312-ara1:p05757	2:114	698	Ibn Maja	حدثنا حبيش بن مبشر حدثنا يونس بن محمد عن حماد بن زيد عن أيوب عن عكرمة عن عائشة أن رسول الله صلى الله عليه وسلم أعتق صفية وجعل عتقها صداقها وتزوجها
urn:hadith:0273IbnMaja.Sunan:1959	al-Busiri (Misbah al-zujaja)	840	classical	chain	fair	هذا إسناد حسن رواه أبو داود والترمذي من حديث جابر بن عبد الله	1.0	1	urn:openiti:0840ShihabDinBusiri.MisbahZujaja.JK000312-ara1:p05764	2:114	699	Ibn Maja	حدثنا أزهر بن مروان حدثنا عبد الوارث بن سعيد حدثنا القاسم بن عبد الواحد عن عبد الله بن محمد بن عقيل عن ابن عمر قال قال رسول الله صلى الله عليه وسلم إذا تزوج الع
urn:hadith:0273IbnMaja.Sunan:1960	al-Busiri (Misbah al-zujaja)	840	classical	chain	fabricated	هذا إسناد فيه مندل بن علي وهو ضعيف رواه أبو داود في سننه من طريق عبد الله بن عمر عن نافع عن ابن عمر عن النبي صلى الله عليه وسلم إذا نكح العبد بغير إذن مولاه فنكاحه باطل قال أبو داود هذا الحديث ضعيف وهو موقوف وهو قول ابن عمر	0.75	1	urn:openiti:0840ShihabDinBusiri.MisbahZujaja.JK000312-ara1:p05767	2:114	700	Ibn Maja	حدثنا محمد بن يحيى و صالح بن محمد بن يحيى بن سعيد قالا حدثنا أبو غسان عن مندل عن ابن جريج عن موسى بن عقبة عن نافع عن ابن عمر قال قال رسول الله صلى الله عليه وسل
urn:hadith:0273IbnMaja.Sunan:1963	al-Busiri (Misbah al-zujaja)	840	classical	chain	weak	هذا إسناد فيه مقال أبو بكر بن حفص إسمه إسماعيل الأيلي ذكره ابن حبان في الثقات وقال ابن أبي حاتم عن أبيه كتبت عنه وعن أبيه وكان أبوه يكذب قلت لا بأس به قال لا يمكنني أن أقول لا بأس به انتهى	0.92	1	urn:openiti:0840ShihabDinBusiri.MisbahZujaja.JK000312-ara1:p05774	2:115	701	Ibn Maja	حدثنا محمد بن خلف العسقلاني حدثنا الفريابي عن إبان بن أبي حازم عن أبي بكر بن حفص عن أبي عمر قال لما ولي عمر بن الخطاب خطب الناس فقال إن رسول الله صلى الله عليه 
urn:hadith:0273IbnMaja.Sunan:1968	al-Busiri (Misbah al-zujaja)	840	classical	chain	fabricated	هذا إسناد فيه الحارث بن عمران المدني قال فيه أبو حاتم ليس بالقوي والحديث الذي رواه لا أصل له يعني هذا الحديث وقال ابن عدي والضعف على رواياته بين وقال الدارقطني متروك انتهى رواه الدارقطني في سننه من حديث عائشة أيضا ورواه الحاكم في المستدرك من طريق شيخ ابن ماجة عبد الله بن سعيد فذكره بالإسناد والمتن ورواه الحاكم أيضا عن طريق عكرمة بن إبراهيم عن هشام بن عروة ورواه البيهقي عن الحاكم من الطريقين قال ورواه أمية بن يعلى عن هشام بن عروة به وله شاهد من حديث أبي هريرة رواه الترمذي وابن ماجه	1.0	1	urn:openiti:0840ShihabDinBusiri.MisbahZujaja.JK000312-ara1:p05782	2:115	702	Ibn Maja	حدثنا عبد الله بن سعيد حدثنا الحارث بن عمران الجعفري عن هشام عن عروة عن أبيه عن عائشة قالت قال رسول الله صلى الله عليه وسلم تخيروا لنطفكم وانكحوا الاكفاء وانكحو
urn:hadith:0273IbnMaja.Sunan:1973	al-Busiri (Misbah al-zujaja)	840	classical	chain	weak	هذا إسناد ضعيف سمية البصرية لا تعرف كذا قال صاحب الميزان	0.91	1	urn:openiti:0840ShihabDinBusiri.MisbahZujaja.JK000312-ara1:p05790	2:116	703	Ibn Maja	حدثنا أبو بكر بن أبي شيبة و محمد بن يحيى قالا حدثنا عفان حدثنا حماد بن سلمة عن ثابت عن سمية عن عائشة أن رسول الله صلى الله عليه وسلم وجد على صفية بنت حيي في شيء
urn:hadith:0273IbnMaja.Sunan:1974	al-Busiri (Misbah al-zujaja)	840	classical	chain	sound	هذا إسناد موقوف صحيح وحكمه الرفع	0.85	1	urn:openiti:0840ShihabDinBusiri.MisbahZujaja.JK000312-ara1:p05793	2:116	704	Ibn Maja	حدثنا جعفر بن عمرو حدثنا عمر بن علي عن هشام بن عروة عن أبيه عن عائشة أنها قالت نزلت هذه الآية والصلح خير في رجل كانت تحته امرأة قد طالت صحبتها وولدت منه أولادا 
urn:hadith:0273IbnMaja.Sunan:1975	al-Busiri (Misbah al-zujaja)	840	classical	chain	weak	هذا إسناد مرسل أبو رهم هذا اسمه أحزاب بن أسيد بفتح الهمزة وقيل بصمها قال البخاري تابعي وقال أبو حاتم ليست له صحبة وذكره ابن حبان في الثقات	1.0	1	urn:openiti:0840ShihabDinBusiri.MisbahZujaja.JK000312-ara1:p05800	2:116	705	Ibn Maja	حدثنا هشام بن عمار حدثنا معاوية بن يحيى عن معاوية بن يزيد عن يزيد بن أبي حبيب عن أبي الخير عن أبي رهم قال قال رسول الله صلى الله عليه وسلم من أفضل الشفاعة أن يش
urn:hadith:0273IbnMaja.Sunan:1976	al-Busiri (Misbah al-zujaja)	840	classical	chain	sound	هذا إسناد صحيح إن كان البهي سمع من عائشة واسم البهي عبد الله مولى مصعب بن الزبير سئل أحمد عنه هل سمع من عائشة فقال ما أدري في هذا شيئا إنما يروي عن عروة قال العلائي في المراسيل أخرج مسلم في صحيحه لعبد الله البهي عن عائشة حدثنا وكان ذلك على قاعدته انتهى	0.9	1	urn:openiti:0840ShihabDinBusiri.MisbahZujaja.JK000312-ara1:p05803	2:117	706	Ibn Maja	حدثنا أبو بكر بن أبي شيبة حدثنا شريك عن العباس بن ذريح عن البهي عن عائشة قالت عثر أسامة بعتبة الباب فشج في وجهه فقال رسول الله صلى الله عليه وسلم أميطي عنه الأذ
urn:hadith:0273IbnMaja.Sunan:1977	al-Busiri (Misbah al-zujaja)	840	classical	chain	weak	هذا إسناد ضعيف عمارة بن ثوبان ذكره ابن حبان في الثقات وقال عبد الحق ليس بالقوي فرد ذلك عليه ابن القطان وقال ابن حبان ليس بالقوي وقال إنما هو مجهول الحال وجعفر بن يحيى قال ابن المديني شيخ مجهول وقال ابن القطان الفاسي مجهول الحال وذكره ابن حبان في الثقات ورواه ابن حبان في صحيحه من طريق أبي عاصم به ورواه الحاكم في المستدرك من طريق أبي عاصم به وقال صحيح الإسناد ورواه البزار في مسنده عن عمرو بن علي الغلاس عن أبي عاصم فذكره بإسناده ومتنه وله شاهد من حديث عائشة رواه الترمذي في جامعه وابن حبان في صحيحه	0.79	1	urn:openiti:0840ShihabDinBusiri.MisbahZujaja.JK000312-ara1:p05811	2:117	707	Ibn Maja	حدثنا أبو بشر بكر بن خلف و محمد بن يحيى قالا حدثنا أبو عاصم عن جعفر بن يحيى بن ثوبان عن عمه عمارة بن ثوبان عن عطاء عن ابن عباس عن النبي صلى الله عليه وسلم قال خ
urn:hadith:0273IbnMaja.Sunan:1978	al-Busiri (Misbah al-zujaja)	840	classical	chain	sound	هذا إسناد صحيح رجاله ثقات وله شاهد من حديث أبي هريرة رواه البزار في مسنده والترمذي في الجامع وقال حديث حسن قال وفي الباب عن عائشة وابن عباس	1.0	1	urn:openiti:0840ShihabDinBusiri.MisbahZujaja.JK000312-ara1:p05814	2:118	708	Ibn Maja	حدثنا أبو كريب حدثنا أبو خالد عن الأعمش عن شقيق عن مسروق عن عبد الله بن عمرو قال قال رسول الله صلى الله عليه وسلم خياركم خياركم لنسائهم
urn:hadith:0273IbnMaja.Sunan:1980	al-Busiri (Misbah al-zujaja)	840	classical	chain	weak	هذا إسناد فيه علي بن زيد بن جدعان وهو ضعيف	0.95	1	urn:openiti:0840ShihabDinBusiri.MisbahZujaja.JK000312-ara1:p05817	2:118	709	Ibn Maja	حدثنا أبو بدر عباد بن الوليد حدثنا حبان بن هلال حدثنا مبارك بن فضالة عن علي بن زيد عن أم محمد عن عائشة قالت لما قدم رسول الله صلى الله عليه وسلم المدينة وهو عرو
urn:hadith:0273IbnMaja.Sunan:1981	al-Busiri (Misbah al-zujaja)	840	classical	chain	sound	هذا إسناد صحيح على شرط مسلم رواه النسائي في عشرة النساء وفي التفسير عن عبدة بن عبد الله وعن محمد بن عبد الله المخرمي عن معلى بن منصور عن يحيى بن زكريا بن أبي زائدة كلاهما عن زكريا بن أبي زائدة به وليس هو في رواية ابن السني	0.94	1	urn:openiti:0840ShihabDinBusiri.MisbahZujaja.JK000312-ara1:p05820	2:118	710	Ibn Maja	حدثنا أبو بكر بن أبي شيبة حدثنا محمد بن بشر عن زكريا عن خالد بن سلمة عن البهي عن عروة بن الزبير قال قالت عائشة ما علمت حتى دخلت علي زينب بغير إذن وهي غضبى ثم قا
urn:hadith:0273IbnMaja.Sunan:1982	al-Busiri (Misbah al-zujaja)	840	classical	chain	very_weak	هذا إسناد ضعيف فيه عمر بن حبيب العدوي قاضي البصرة ثم قاضي الشرقية للمأمون متفق على تضعيفه وكذبه ابن معين	0.88	1	urn:openiti:0840ShihabDinBusiri.MisbahZujaja.JK000312-ara1:p05823	2:119	711	Ibn Maja	حدثنا حفص بن عمرو حدثنا عمر بن حبيب القاضي حدثنا هشام بن عروة عن أبيه عن عائشة قالت كنت ألعب بالبنات وأنا عند رسول الله صلى الله عليه وسلم فكان يسرب إلي صويحبات
urn:hadith:0273IbnMaja.Sunan:1991	al-Busiri (Misbah al-zujaja)	840	classical	chain	weak	هذا إسناد ضعيف لتدليس محمد بن إسحاق وانفرد ابن ماجة بإخراج هذا الحديث عن الحارث بن هشام وليس له شيء في الأصول هكذا رواه أبو بكر بن أبي شيبة في مسنده وله شاهد في صحيح مسلم وغيره من حديث عائشة قال المزي في الأطراف ورواه محمد بن يزيد المستملي عن أسود بن عامر بإسناده إلا أنه قال عبد الرحمن بدل عبد الملك وهو أولى بالصواب	1.0	1	urn:openiti:0840ShihabDinBusiri.MisbahZujaja.JK000312-ara1:p05830	2:119	712	Ibn Maja	حدثنا أبو بكر بن أبي شيبة حدثنا أسود بن عامر حدثنا زهير عن محمد بن إسحاق عن عبد الله بن أبي بكر عن أبيه عن عبد الملك بن الحارث بن هشام عن أبيه أن النبي صلى الله
urn:hadith:0273IbnMaja.Sunan:1995	al-Busiri (Misbah al-zujaja)	840	classical	chain	sound	هذا إسناد صحيح على شرط مسلم فقد احتج بجميع رواته رواه الشيخان من حديث أم سلمة فلم يذكرا فيه السيف وله شاهد في الصحيحين وغيرهما من حديث سهل بن سعد ورواه أبو داود الطيالسي وأحمد بن منيع في مسنديهما من حديث أبي هريرة وعائشة رضي الله عنهما	0.79	1	urn:openiti:0840ShihabDinBusiri.MisbahZujaja.JK000312-ara1:p05841	2:120	714	Ibn Maja	حدثنا يحيى بن خلف أبو سلمة حدثنا بشر بن المفضل عن عبد الرحمن بن خلف أبو سلمة بشر بن الفضل عن عبد الرحمن بن إسحاق عن الزهري عن سالم عن أبيه أن رسول الله صلى الله
urn:hadith:0273IbnMaja.Sunan:1996	al-Busiri (Misbah al-zujaja)	840	classical	chain	weak	هذا إسناد ضعيف أبو سهم هذا مجهول وقال المزي في الأطراف أبو سهم وهم والصواب أبو سلمة وله شاهد في مسند الإمام أحمد من حديث عقبة بن عامر الجهني ورواه ابن حبان في صحيحه من حديث عبيد الأنصاري	0.93	1	urn:openiti:0840ShihabDinBusiri.MisbahZujaja.JK000312-ara1:p05848	2:121	715	Ibn Maja	حدثنا محمد بن إسماعيل حدثنا وكيع عن شيبان أبي معاوية عن يحيى بن أبي كثير عن أبي سهم عن أبي هريرة قال قال رسول الله صلى الله عليه وسلم من الغيرة ما يحب الله ومنه
urn:hadith:0273IbnMaja.Sunan:1997	al-Busiri (Misbah al-zujaja)	840	classical	chain	sound	هذا إسناد صحيح رجاله ثقات	0.82	1	urn:openiti:0840ShihabDinBusiri.MisbahZujaja.JK000312-ara1:p05851	2:121	716	Ibn Maja	حدثنا هارون بن إسحاق الهمداني حدثنا عبدة بن سليمان عن هشام بن عروة عن أبيه عن عائشة قالت ما غرت على امرأة ما غرت على خديجة مما رأيت من ذكر رسول الله صلى الله عل
urn:hadith:0273IbnMaja.Sunan:2005	al-Busiri (Misbah al-zujaja)	840	classical	chain	sound	هذا إسناد صحيح رجاله ثقات رواه مسدد في مسنده عن سفيان بإسناده ومتنه ورواه البيهقي في سننه الكبرى من طريق الشافعي عن سفيان بن عيينة فذكره بإسناده ومتنه وسياقه أتم ورواه الحميدي في مسنده عن سفيان فذكره وفيه قصة وسياقه أتم وكذا رواه ابن أبي عمر في مسنده عن سفيان فذكره بإسناد الحميدي ومتنه وأصله في الصحيحين وغيرهما من حديث عائشة وفي البزار من حديث ابن عمر	1.0	1	urn:openiti:0840ShihabDinBusiri.MisbahZujaja.JK000312-ara1:p05866	2:122	718	Ibn Maja	حدثنا أبو بكر بن أبي شيبة حدثنا سفيان بن عيينة عن عبيد الله بن أبي يزيد عن أبيه عن عمر أن رسول الله صلى الله عليه وسلم قضى بالولد للفراش
urn:hadith:0273IbnMaja.Sunan:2007	al-Busiri (Misbah al-zujaja)	840	classical	chain	sound	هذا إسناد صحيح رجاله ثقات وله شاهد في صحيح مسلم وغيره من حديث أبي هريرة وفي صحيح ابن حبان ومسند الدارمي من حديث ابن مسعود وفي مسند أحمد من حديث علي بن أبي طالب	1.0	1	urn:openiti:0840ShihabDinBusiri.MisbahZujaja.JK000312-ara1:p05869	2:122	719	Ibn Maja	حدثنا هشام بن عمار حدثنا إسماعيل بن عياش حدثنا شرحبيل بن مسلم سمعت أبا أمامة الباهلي يقول سمعت رسول الله صلى الله عليه وسلم يقول الولد للفراش وللعاهر الحجر
urn:hadith:0273IbnMaja.Sunan:2013	al-Busiri (Misbah al-zujaja)	840	classical	chain	weak	هذا إسناد رجاله ثقات إلا أنه منقطع حكى الترمذي في العلل عن البخاري أنه قال سالم بن أبي الجعد لم يسمع عن أبي أمامة انتهى	0.77	1	urn:openiti:0840ShihabDinBusiri.MisbahZujaja.JK000312-ara1:p05876	2:122	720	Ibn Maja	حدثنا محمد بن بشار حدثنا مؤمل حدثنا سفيان هو الثوري عن الأعمش عن سالم بن أبي الجعد عن أبي أمامة قال أتت النبي صلى الله عليه وسلم امرأة معها صبيان لها قد حملت أح
urn:hadith:0273IbnMaja.Sunan:2015	al-Busiri (Misbah al-zujaja)	840	classical	chain	weak	هذا إسناد ضعيف لضعف عبد الله بن عمر العمري رواه الدارقطني في سننه عن إسماعيل بن محمد الصغار عن جعفر بن أحمد بن سالم عن إسحاق بن منصور الفروي به	0.58	1	urn:openiti:0840ShihabDinBusiri.MisbahZujaja.JK000312-ara1:p05885	2:123	721	Ibn Maja	حدثنا يحيى بن يعلى بن منصور حدثنا إسحاق بن منصور الفروي حدثنا عبد الله بن عمر عن نافع عن ابن عمر عن النبي صلى الله عليه وسلم قال لا يحرم الحرام الحلال
urn:hadith:0273IbnMaja.Sunan:2026	al-Busiri (Misbah al-zujaja)	840	classical	chain	weak	هذا إسناد رجاله ثقات إلا أنه منقطع	0.82	1	urn:openiti:0840ShihabDinBusiri.MisbahZujaja.JK000312-ara1:p05900	2:124	723	Ibn Maja	حدثنا محمد بن عمر بن هياج حدثنا قبيصة بن عقبة حدثنا سفيان عن عمرو بن ميمون عن أبيه عن الزبير بن العوام أنه كان عند أم كلثوم بنت عقبة فقالت له وهي حامل طيب نفسي 
urn:hadith:0273IbnMaja.Sunan:2037	al-Busiri (Misbah al-zujaja)	840	classical	chain	fabricated	هذا إسناد فيه عبيد بن القاسم قال فيه ابن معين كان كذابا خبيثا وقال صالح بن محمد كذاب كان يضع الحديث وقال ابن حبان كان ممن يروى الموضوعات عن الثقات حدث عن هشام بن عروة بنسخة موضوعة	1.0	1	urn:openiti:0840ShihabDinBusiri.MisbahZujaja.JK000312-ara1:p05908	2:124	724	Ibn Maja	حدثنا أحمد بن المقدام أبو الأشعث العجلي حدثنا عبيد بن القاسم قال حدثنا هشام بن عروة عن أبيه عن عائشة أن عمرة بنت الجون تعوذت من رسول الله صلى الله عليه وسلم حين
urn:hadith:0273IbnMaja.Sunan:2038	al-Busiri (Misbah al-zujaja)	840	classical	chain	fair	هذا إسناد حسن رجاله ثقات	0.91	1	urn:openiti:0840ShihabDinBusiri.MisbahZujaja.JK000312-ara1:p05916	2:125	725	Ibn Maja	حدثنا محمد بن يحيى حدثنا عمرو بن أبي سلمة أبو حفص التنيسي عن زهير عن ابن جريج عن عمرو بن شعيب عن أبيه عن جده عن النبي صلى الله عليه وسلم قال إذا ادعت المرأة طلا
urn:hadith:0273IbnMaja.Sunan:2042	al-Busiri (Misbah al-zujaja)	840	classical	chain	weak	هذا إسناد ضعيف	1.0	1	urn:openiti:0840ShihabDinBusiri.MisbahZujaja.JK000312-ara1:p05923	2:125	726	Ibn Maja	حدثنا محمد بن بشار حدثنا روح بن عبادة حدثنا ابن جريج أخبرني القاسم بن يزيد عن علي بن أبي طالب أن رسول الله صلى الله عليه وسلم قال يرفع القلم عن الصغير وعن المجن
urn:hadith:0273IbnMaja.Sunan:2043	al-Busiri (Misbah al-zujaja)	840	classical	chain	weak	هذا إسناد ضعيف لاتفاقهم على ضعف أبي بكر الهذلي وله شاهد من حديث أبي هريرة رواه الأئمة الستة	0.68	1	urn:openiti:0840ShihabDinBusiri.MisbahZujaja.JK000312-ara1:p05931	2:125	727	Ibn Maja	حدثنا إبراهيم بن محمد بن يوسف الفريابي حدثنا أيوب بن سويد حدثنا أبو بكر الهذلي عن شهر بن حوشب عن أبي ذر الغفاري قال قال رسول الله صلى الله عليه وسلم إن الله عز 
urn:hadith:0273IbnMaja.Sunan:2045	al-Busiri (Misbah al-zujaja)	840	classical	chain	weak	هذا إسناد صحيح إن سلم من الانقطاع والظاهر أنه منقطع قال المزي في الأطراف رواه بشر بن بكر التنيسي عن الأوزاعي عن عطاء عبيد بن عمير عن ابن عباس انتهى	0.83	1	urn:openiti:0840ShihabDinBusiri.MisbahZujaja.JK000312-ara1:p05934	2:126	728	Ibn Maja	حدثنا محمد بن مصفى الحمصي حدثنا الوليد بن مسلم حدثنا الأوزاعي عن عطاء عن ابن عباس عن النبي صلى الله عليه وسلم قال إن الله وضع عن أمتي الخطأ والنسيان وما استكرهو
urn:hadith:0273IbnMaja.Sunan:2048	al-Busiri (Misbah al-zujaja)	840	classical	chain	fair	هذا إسناد حسن	0.67	1	urn:openiti:0840ShihabDinBusiri.MisbahZujaja.JK000312-ara1:p05942	2:126	729	Ibn Maja	حدثنا أحمد بن سعيد الدارمي حدثنا علي بن الحسين بن واقد حدثنا هشام بن سعد عن الزهري عن عروة عن المسيب بن مخرمة أن رسول الله صلى الله عليه وسلم قال لا طلاق قبل ال
urn:hadith:0273IbnMaja.Sunan:2049	al-Busiri (Misbah al-zujaja)	840	classical	chain	weak	هذا إسناد ضعيف لاتفاقهم على ضعف جويبر بن سعيد البجلي لكن لم ينفرد به جويبر فقد رواه البيهقي في الكبرى من طريق معاذ العنبري عن حميد الطويل عن الحسن عن علي به ثم رواه من طريق سعيد عن جويبر به موقوفا من الطريقين معا من حديث عقبة ورواه النسائي من حديث أبي هريرة وكذلك الدارقطني في سننه وله شاهد من حديث عائشة رواه أبو داود وابن ماجة ورواه ابن حبان في صحيحه عن عطاء بن أبي رباح عن عبيد بن عمير وكذلك رواه الحاكم في المستدرك من طريق عطاء ورواه الدارقطني في سننه من حديث ابن عباس بلفظ إن الله يجاوز لأمتي فذكره وكذا رواه ابن عدي في الكامل والبيهقي في الكبرى من طريق الوليد بن مسلم عن الأوزاعي عن عطاء عن ابن	1.0	1	urn:openiti:0840ShihabDinBusiri.MisbahZujaja.JK000312-ara1:p05946	2:126	730	Ibn Maja	حدثنا محمد بن يحيى حدثنا عبد الرزاق أنبأنا معمر عن جويبر عن الضحاك عن النزال بن سبرة عن علي بن أبي طالب عن النبي صلى الله عليه وسلم قال لا طلاق قبل النكاح
urn:hadith:0273IbnMaja.Sunan:2054	al-Busiri (Misbah al-zujaja)	840	classical	chain	weak	هذا إسناد ضعيف تقدم الكلام عليه في الباب عشرة النساء وله شاهد من حديث ثوبان رواه أبو داود والترمذي وابن ماجه	0.89	1	urn:openiti:0840ShihabDinBusiri.MisbahZujaja.JK000312-ara1:p05954	2:127	731	Ibn Maja	حدثنا بكر بن خلف أبو بشر حدثنا أبو عاصم عن جعفر بن يحيى بن ثوبان عن عمه عمارة بن ثوبان عن عطاء عن ابن عباس أن النبي صلى الله عليه وسلم قال لا تسأل المرأة زوجها 
urn:hadith:0273IbnMaja.Sunan:2057	al-Busiri (Misbah al-zujaja)	840	classical	chain	weak	هذا إسناد ضعيف لتدليس الحجاج وهو ابن أرطأة رواه الإمام أحمد في مسنده عن عبد القدوس بن بكر بن حبيش عن الحجاج عن عمرو بن شعيب به وله شاهد من حديث عبد الله بن عباس رواه النسائي وابن ماجة ورواه البزار في مسنده من حديث أنس رضي الله عنه	1.0	1	urn:openiti:0840ShihabDinBusiri.MisbahZujaja.JK000312-ara1:p05961	2:128	732	Ibn Maja	حدثنا أبو كريب حدثنا أبو خالد الأحمر عن حجاج عن عمرو بن شعيب عن أبيه عن جده قال كانت حبيبة بنت سهل تحت ثابت بن قيس بن شماس وكان رجلا دميما فقالت يا رسول الله وا
urn:hadith:0273IbnMaja.Sunan:2060	al-Busiri (Misbah al-zujaja)	840	classical	chain	weak	هذا إسناد فيه حارثة بن أبي الرجال وقد ضعفه أحمد وابن معين والنسائي وابن عدي وغيرهم	0.85	1	urn:openiti:0840ShihabDinBusiri.MisbahZujaja.JK000312-ara1:p05972	2:129	734	Ibn Maja	حدثنا سويد بن سعيد حدثنا يحيى بن زكريا بن أبي زائدة عن حارثة بن محمد عن عمرة عن عائشة أن رسول الله صلى الله عليه وسلم إنما آلى لأن زينب ردت عليه هديته فقالت عائ
urn:hadith:0273IbnMaja.Sunan:2070	al-Busiri (Misbah al-zujaja)	840	classical	chain	weak	هذا إسناد ضعيف لتدليس محمد بن إسحاق وهكذا رواه البزار في مسنده عن محمد بن منصور الطوسي عن يعقوب بن إبراهيم فذكره بإسناده ومتنه وقالل لا نعلمه إلا بهذا الإسناد	0.95	1	urn:openiti:0840ShihabDinBusiri.MisbahZujaja.JK000312-ara1:p05979	2:129	735	Ibn Maja	حدثنا علي بن سلمة النيسابوري حدثنا يعقوب بن إبراهيم بن سعد حدثنا أبي عن ابن إسحاق قال ذكر طلحة بن نافع عن سعيد بن جبير عن ابن عباس قال تزوج رجل من الأنصار امرأة
urn:hadith:0273IbnMaja.Sunan:2071	al-Busiri (Misbah al-zujaja)	840	classical	chain	very_weak	هذا إسناد ضعيف ابن عطاء اسمه عثمان بن عطاء متفق على تضعيفه رواه الدارقطني في سننه من طريق عمرو بن شعيب عن أبيه عن جده به ومن طريق الدارقطني ورواه البيهقي في سننه ورواه الحاكم في المستدرك عن طريق يحيى بن أبي أنيسة عن عمرو بن شعيب به ورواه البيهقي في الكبرى عن الحاكم وقال البيهقي يحيى بن أبي أنيسة متروك قلت وله شاهد من حديث عبد الله بن عباس رواه ابن ماجة وابن عدي والبيهقي كما بينته في زوائد البيهقي في إسناده عثمان بن عطاء متفق على تضعيفه	0.9	1	urn:openiti:0840ShihabDinBusiri.MisbahZujaja.JK000312-ara1:p05983	2:129	736	Ibn Maja	حدثنا محمد بن يحيى حدثنا حيوة بن شريح الحضرمي عن ضمرة بن ربيعة عن أبي عطاء عن أبيه عن عمرو بن شعيب عن أبيه عن جده أن النبي صلى الله عليه وسلم قال أربعة من النسا
urn:hadith:0273IbnMaja.Sunan:2077	al-Busiri (Misbah al-zujaja)	840	classical	chain	sound	هذا إسناد صحيح رجاله موثقون رواه البزار في مسنده عن حميد بن الربيع عن أسيد بن زيد عن أبي معشر عن هشام بن عروة عن أبيه عن عائشة به	1.0	1	urn:openiti:0840ShihabDinBusiri.MisbahZujaja.JK000312-ara1:p05990	2:130	737	Ibn Maja	حدثنا علي بن محمد حدثنا وكيع عن سفيان عن منصور عن إبراهيم عن الأسود عن عائشة قالت أمرت بريرة أن تعتد بثلاث حيض
urn:hadith:0273IbnMaja.Sunan:2078	al-Busiri (Misbah al-zujaja)	840	classical	chain	sound	هذا إسناد صحيح رجاله ثقات وله شاهد من حديث ابن عباس رواه أبو داود في سننه	1.0	1	urn:openiti:0840ShihabDinBusiri.MisbahZujaja.JK000312-ara1:p05998	2:130	738	Ibn Maja	حدثنا إسماعيل بن توبة حدثنا عباد بن العوام عن يحيى بن أبي إسحاق عن عبد الرحمن بن أذينة عن أبي هريرة أن رسول الله صلى الله عليه وسلم خير بريرة
urn:hadith:0273IbnMaja.Sunan:2079	al-Busiri (Misbah al-zujaja)	840	classical	chain	weak	هذا إسناد ضعيف لضعف عطية بن سعيد العوفي وعمر بن شبيب الكوفي رواه البيهقي في سننه الكبرى من طريق سعدان بن نصر عن عمر بن شبيب به مرفوعا وقال الصحيح أنه موقوف على ابن عمر رواه مالك في الموطأ موقوفا على ابن عمر وكذا رواه الدارقطني في سننه من طريق عبيد الله بن عمر عن نافع عن ابن عمر به ومن طريق الدارقطني وغيره رواه البيهقي في سننه الكبرى وله شاهد من حديث عائشة رواه أبو داود والترمذي وابن ماجه	0.81	1	urn:openiti:0840ShihabDinBusiri.MisbahZujaja.JK000312-ara1:p06001	2:131	739	Ibn Maja	حدثنا محمد بن طريف و إبراهيم بن سعيد الجوهري قالا حدثنا عمر بن شبيب المسلي عن عبد الله بن عيسى عن عطية عن ابن عمر قال قال رسول الله صلى الله عليه وسلم طلاق الأم
urn:hadith:0273IbnMaja.Sunan:2081	al-Busiri (Misbah al-zujaja)	840	classical	chain	weak	هذا إسناد ضعيف لضعف ابن لهيعة رواه الدارقطني في سننه من حديث ابن عباس أيضا لكن لم ينفرد به ابن لهيعة فقد رواه الحاكم من طريق بقية بن الوليد قال حدثني أبو الحجاج المهدي عن موسى بن أيوب به ورواه البيهقي عن الحاكم ثم رواه البيهقي من طريق موسى بن داود عن ابن لهيعة عن موسى بن أيوب عن عكرمة مرسلا لم يذكر ابن عباس قال وروى من أوجه آخر مرفوعا وفيه ضعف	1.0	1	urn:openiti:0840ShihabDinBusiri.MisbahZujaja.JK000312-ara1:p06008	2:131	740	Ibn Maja	حدثنا محمد بن يحيى حدثنا يحيى بن عبد الله بن بكير حدثنا ابن لهيعة عن موسى بن أيوب الغافقي عن عكرمة عن ابن عباس قال أتى النبي صلى الله عليه وسلم رجل فقال يا رسول
urn:hadith:0273IbnMaja.Sunan:2138	al-Busiri (Misbah al-zujaja)	840	classical	chain	disputed_narrator	هذا إسناد حسن إسماعيل بن عياش مختلف فيه رواه البخاري في صحيحه عن إبراهيم بن موسى عن عيسى بن يونس عن ثور بن يزيد عن خالد بن معدان به بلفظ ما أكل آدم طعاما خيرا من عمل يده وأن نبي الله داود كان يأكل من عمل يده ولم يذكر بقية الحديث	1.0	1	urn:openiti:0840ShihabDinBusiri.MisbahZujaja.JK000312-ara1:p06077	2:140	957	Ibn Maja	حدثنا هشام بن عمار ثنا إسماعيل بن عياش عن بجير بن سعد عن خالد بن معدان عن المقدام بن معد يكرب الزبيدي عن رسول الله صلى الله عليه وسلم قال ما كسب الرجل كسبا أطيب
urn:hadith:0273IbnMaja.Sunan:2139	al-Busiri (Misbah al-zujaja)	840	classical	chain	weak	هذا إسناد فيه كلثوم بن جوش وهو ضعيف رواه الدارقطني في سننه من طريق كثير بن هشام به ورواه الحاكم من طريق محمد العطار عن كثير بن هشام به ورواه البيهقي في الكبرى عن الحاكم بإسناده ومتنه وله شاهد من حديث أبي سعيد رواه الترمذي في الجامع	1.0	1	urn:openiti:0840ShihabDinBusiri.MisbahZujaja.JK000312-ara1:p06083	3:6	067	Ibn Maja	حدثنا أحمد بن سنان ثنا كثير بن هشام ثنا كلثوم بن جوشن القشيري عن أيوب عن نافع عن ابن عمر قال قال رسول الله صلى الله عليه وسلم التاجر الأمين الصدوق المسلم مع الش
urn:hadith:0273IbnMaja.Sunan:2141	al-Busiri (Misbah al-zujaja)	840	classical	chain	sound	هذا إسناد صحيح رجاله ثقات رواه أبو بكر بن أبي شيبة في مسنده هكذا	1.0	1	urn:openiti:0840ShihabDinBusiri.MisbahZujaja.JK000312-ara1:p06095	3:6	167	Ibn Maja	حدثنا أبو بكر بن أبي شيبة ثنا خالد بن مخلد ثنا عبد الله بن سليمان عن معاذ بن عبد الله بن خبيب عن أبيه عن عمه قال كنا في مجلس فجاء النبي صلى الله عليه وسلم وعلى 
urn:hadith:0273IbnMaja.Sunan:2142	al-Busiri (Misbah al-zujaja)	840	classical	chain	weak	هذا إسناد ضعيف إسماعيل بن عياش كان يدلس ورواه بالعنعنة وروايته عن غير أهل بلدة ضعيفة رواه الحاكم من طريق سليمان بن بلال عن ربيعة بن عبد الرحمن به وقال صحيح على شرطهما ورواه البيهقي في الكبرى عن الحاكم بإسناده ومتنه	1.0	1	urn:openiti:0840ShihabDinBusiri.MisbahZujaja.JK000312-ara1:p06103	3:7	267	Ibn Maja	حدثنا هشام بن عمار ثنا إسماعيل بن عياش عن عمارة بن غزية عن ربيعة بن أبي عبد الرحمن عن عبد الملك بن سعيد الأنصاري عن أبي حميد الساعدي قال قال رسول الله صلى الله 
urn:hadith:0273IbnMaja.Sunan:2143	al-Busiri (Misbah al-zujaja)	840	classical	chain	weak	هذا إسناد فيه يزيد بن إبان الرقاشي والحسن بن محمد بن عثمان وإسماعيل بن بهرام وهم ضعفاء	1.0	1	urn:openiti:0840ShihabDinBusiri.MisbahZujaja.JK000312-ara1:p06108	3:7	367	Ibn Maja	حدثنا إسماعيل بن بهرام ثنا الحسن بن محمد بن عثمان زوج بنت الشعبي ثنا سفيان عن الأعمش عن يزيد الرقاشي عن أنس بن مالك قال قال رسول الله صلى الله عليه وسلم أعظم ال
urn:hadith:0273IbnMaja.Sunan:2144	al-Busiri (Misbah al-zujaja)	840	classical	chain	weak	هذا إسناد ضعيف الوليد بن مسلم وابن جريج وأبو الزبير كل منهم كان يدلس وقد رووه بالعنعنة لكن لم ينفرد ابن ماجة بإخراجه من هذا الوجه فقد رواه ابن حبان في صحيحه عن عبد الله بن محمد بن سلم ثنا حرملة بن يحيى ثنا ابن وهب أخبرني عمرو بن الحارث عن سعيد بن أبي هلال عن محمد بن المنكدر عن جابر بإسناده ومتنه	0.94	1	urn:openiti:0840ShihabDinBusiri.MisbahZujaja.JK000312-ara1:p06115	3:8	467	Ibn Maja	حدثنا محمد بن المصطفى الحمصي ثنا الوليد بن مسلم عن ابن جريج عن أبي الزبير عن جابر بن عبد الله قال قال رسول الله صلى الله عليه وسلم أيها الناس اتقوا الله وأجملوا
urn:hadith:0273IbnMaja.Sunan:2147	al-Busiri (Misbah al-zujaja)	840	classical	chain	disputed_narrator	هذا إسناد ضعيف فروة بن يونس أبو يونس مختلف فيه قاله الذهبي في الكاشف وقال الأزدي ضعيف وذكره ابن حبان في الثقات وهلال بن جبير البصري قال ابن حبان في الثقات روى عن أنس بن مالك ان كان سمع منه	0.77	1	urn:openiti:0840ShihabDinBusiri.MisbahZujaja.JK000312-ara1:p06124	3:8	567	Ibn Maja	حدثنا محمد بن بشار ثنا محمد بن عبدالله ثنا فروة أبو يونس عن هلال بن جبير عن أنس بن مالك قال قال رسول الله صلى الله عليه وسلم من أصاب من شيء فليلزمه
urn:hadith:0273IbnMaja.Sunan:2148	al-Busiri (Misbah al-zujaja)	840	classical	chain	disputed_narrator	هذا إسناد فيه مقال والد أبو عاصم اسمه مخلد بن الضحاك مختلف فيه قال العقيلي والساجي لا يتابع على حديثه وذكره ابن حبان في الثقات والزبير بن عبيد قال الذهبي مجهول وذكره ابن حبان في الثقات	1.0	1	urn:openiti:0840ShihabDinBusiri.MisbahZujaja.JK000312-ara1:p06134	3:9	667	Ibn Maja	حدثنا محمد بن يحيى ثنا أبو عاصم أخبرني أبي عن الزبير بن عبيد عن نافع قال كنت أجهز إلى الشام وإلى مصر فجهزت إلى العراق فأتيت عائشة أم المؤمنين فقلت لها يا أم الم
urn:hadith:0273IbnMaja.Sunan:2152	al-Busiri (Misbah al-zujaja)	840	classical	chain	fabricated	هذا إسناد فيه فرقد السبخي وهو ضعيف وعمرو بن هارون كذبه ابن معين وغيره رواه أبو داود الطيالسي في مسنده عن همام بإسناده ومتنه ورواه الإمام أحمد في مسنده من حديث أبي هريرة أيضا ورواه البيهقي في الكبرى من طريق أبي داود الطيالسي عن همام فذكره وقال البيهقي هذا هو المحفوظ حديث همام عن فرقد وأخطأ بعضهم على همام فقال عنه عن قتادة عن يزيد وقال بعضهم عنه قتادة عن أنس وكلاهما باطل قال وروي من وجه آخر عن أبي هريرة وقيل عن أبي سعيد مرفوعا	1.0	1	urn:openiti:0840ShihabDinBusiri.MisbahZujaja.JK000312-ara1:p06141	3:9	767	Ibn Maja	حدثنا عمرو بن رافع ثنا عمر بن هارون عن همام عن فرقد السبخي عن يزيد بن عبد الله بن الشخير عن أبي هريرة قال قال رسول الله صلى الله عليه وسلم أكذب الناس الصباغون و
urn:hadith:0273IbnMaja.Sunan:2153	al-Busiri (Misbah al-zujaja)	840	classical	chain	weak	هذا إسناد ضعيف لضعف علي بن يزيد بن جدعان رواه الدارمي في مسنده عن محمد بن يوسف عن إسرائيل به ورواه عبد بن حميد ثنا أبو نعيم ثنا إسرائيل فذكره بتمامه ورواه الحاكم من طريق إسحاق بن منصور عن إسرائيل به ورواه البيهقي في سننه الكبرى عن الحاكم بإسناده ومتنه ورواه أبو يعلى الموصلي ثنا زهير ثنا يحيى ثنا إسرائيل فذكره وأصله في صحيح مسلم وأبي داود والترمذي وابن ماجة من حديث معمر بن عبد الله بن فضله	1.0	1	urn:openiti:0840ShihabDinBusiri.MisbahZujaja.JK000312-ara1:p06148	3:10	867	Ibn Maja	حدثنا نصر بن علي الجهضمي ثنا أبو أحمد ثنا إسرائيل عن علي بن سالم بن ثوبان عن علي بن زيد بن جدعان عن سعيد بن المسيب عن عمر بن الخطاب قال قال رسول الله صلى الله ع
urn:hadith:0273IbnMaja.Sunan:2155	al-Busiri (Misbah al-zujaja)	840	classical	chain	weak	هذا إسناد صحيح رجاله موثقون أبو يحيى المكي وشيخه فروخ ذكرهما ابن حبان في الثقات والهيثم بن رافع وثقه ابن معين وأبو داود وأبو بكر الحنفي واسمه عبد الكبير بن عبد المجيد احتج به الشيخان وشيخ ابن ماجة يحيى بن حكيم وثقه أبو داود والنسائي وغيرهما وهذا الحديث والذي قبله رواهما رزين في مسنده من حديث ابن عمر فجعلهما حديثا واحدا وكذلك رواه ابن الجوزي في المتناهية من طريق ابن يحيى وضعفه لجهالة أبي يحيى وفيه نظر فقد ذكره ابن حبان في الثقات كما تقدم ورواه الإمام أحمد في مسنده من حديث عمر بن الخطاب أيضا ورواه أبو داود الطيالسي في مسنده عن الهيثم به ورواه عبد بن حميد في مسنده بزيادة ثنا يزيد بن هارون ثنا اله	0.85	1	urn:openiti:0840ShihabDinBusiri.MisbahZujaja.JK000312-ara1:p06154	3:11	967	Ibn Maja	حدثنا يحيى بن حكيم ثنا أبو بكر الحنفي ثنا الهيثم بن رافع حدثني أبو يحيى المكي عن فروخ مولى عثمان بن عفان عن عمر بن الخطاب قال سمعت رسول الله صلى الله عليه وسلم 
urn:hadith:0273IbnMaja.Sunan:2158	al-Busiri (Misbah al-zujaja)	840	classical	chain	weak	هذا إسناد مضطرب قاله الذهبي في ترجمة عبد الرحمن بن سلم وقال العلائي في المراسيل عطية بن قيس عن أبي بن كعب مرسل قلت رواه البيهقي في سننه الكبرى من طريق محمد بن أبي بكر عن يحيى بن سعيد به وله شاهد من حديث عبادة بن الصامت رواه أبو داود وابن ماجه في سننهما	1.0	1	urn:openiti:0840ShihabDinBusiri.MisbahZujaja.JK000312-ara1:p06169	3:12	770	Ibn Maja	حدثنا سهل بن أبي سهل ثنا يحيى بن سعيد عن ثور بن يزيد ثنا خالد بن معدان ثنى عبد الرحمن بن سلم عن عطية الكلاعي عن أبي بن كعب قال علمت رجلا القرآن فأهدى إلي قوسا ف
urn:hadith:0273IbnMaja.Sunan:2163	al-Busiri (Misbah al-zujaja)	840	classical	chain	weak	هذا إسناد ضعيف من الطريقين لأن مدار الإسناد على عبد الأعلى بن عامر التغلبي وقد تركه ابن مهدي ويحيى القطان وضعفه أحمد ويحيى بن معين وغيرهم ورواه الترمذي في الشمائل عن عمرو بن علي به	1.0	1	urn:openiti:0840ShihabDinBusiri.MisbahZujaja.JK000312-ara1:p06179	3:13	177	Ibn Maja	حدثنا عمرو بن علي أبو حفص الصيرفي ثنا أبو داود ( ح ) وحدثنا محمد بن عبادة الواسطي ثنا يزيد بن هارون قالا ثنا ورقاء عن عبد الأعلى عن أبي حميد عن علي قال احتجم رس
urn:hadith:0273IbnMaja.Sunan:2165	al-Busiri (Misbah al-zujaja)	840	classical	chain	sound	هذا إسناد صحيح رجاله ثقات على شرط البخاري وله شاهد في صحيح مسلم وغيره من حديث رافع بن خديج ورواه مالك في الموطأ وأبو داود والترمذي وابن ماجة من حديث محيصة بن مسعود الأنصاري قال الترمذي حسن	0.8	1	urn:openiti:0840ShihabDinBusiri.MisbahZujaja.JK000312-ara1:p06185	3:13	277	Ibn Maja	حدثنا هشام بن عمار ثنا يحيى بن حمزة حدثني الأوزاعي عن الزهري عن أبي بكر بن عبد الرحمن بن الحرث بن هشام عن أبي مسعود عقبة بن عمرو قال نهى رسول الله صلى الله عليه
urn:hadith:0273IbnMaja.Sunan:2185	al-Busiri (Misbah al-zujaja)	840	classical	chain	weak	هذا إسناد صحيح رجاله ثقات رواه ابن حبان في صحيحه عن الحسن بن سفيان ثنا سعيد بن عبد الجبار ثنا الدراوردي عن داود بن صالح به وزيادة ورواه البيهقي في الكبرى من طريق يحيى بن سليمان بن فضله عن عبد العزيز فذكره بإسناده ومتنه وله شاهد من حديث جابر بن عبد الله رواه الترمذي وابن ماجة ورواه أبو داود والترمذي من حديث أبي هريرة حدثنا عثمان بن أبي شيبة حدثنا خالد بن الفضيل عن ليث عن عطاء عن عتاب بن أسيد قال لما بعثه رسول الله صلى الله عليه وسلم إلى مكة نهاه عن شف ما لم يضمن في الزوائد في إسناده ليث بن أبي سليم ضعيف ومدلس وعطاء هو ابن أبي رباح لم يدرك عتابا أه	1.0	1	urn:openiti:0840ShihabDinBusiri.MisbahZujaja.JK000312-ara1:p06201	3:17	377	Ibn Maja	حدثنا العباس بن الوليد الدمشقي ثنا مروان بن محمد ثنا عبد العزيز بن محمد عن داود بن صالح المدني عن أبيه قال سمعت أبا سعيد الخدري يقول قال رسول الله صلى الله عليه
urn:hadith:0273IbnMaja.Sunan:2199	al-Busiri (Misbah al-zujaja)	840	classical	chain	sound	هذا إسناد صحيح على شرط مسلم رواه أبو داود في سننه بن يحيى بن معين عن حفص عن الأعمش به بهذا اللفظ إلا أنه لم يقل يوم القيامة ورواه ابن حبان في صحيحه عن أحمد بن الحسن بن عبد الجبار عن ابن معين به	0.77	1	urn:openiti:0840ShihabDinBusiri.MisbahZujaja.JK000312-ara1:p06209	3:18	877	Ibn Maja	حدثنا زياد بن يحيى أبو الخطاب ثنا مالك بن سعير ثنا الأعمش عن أبي صالح عن أبي هريرة قال قال رسول الله صلى الله عليه وسلم من أقال مسلما أقال الله عثرته يوم القيام
urn:hadith:0273IbnMaja.Sunan:2201	al-Busiri (Misbah al-zujaja)	840	classical	chain	weak	هذا إسناد فيه مقال سعيد هو ابن أبي عروبة اختلط بآخره لكن عبد الأعلى بن عبد الأعلى السامي روى عنه قبل الاختلاط ومحمد بن زياد هو ابن عبيد الله الزيادي قال الذهبي روى له البخاري مقرونا بغيره وقال ابن حبان في الثقات ربما أخطأ انتهى	1.0	1	urn:openiti:0840ShihabDinBusiri.MisbahZujaja.JK000312-ara1:p06218	3:18	977	Ibn Maja	حدثنا محمد بن زياد ثنا عبد الأعلى ثنا سعيد عن قتادة عن أبي نضرة عن أبي سعيد قال غلا السعر على عهد رسول الله صلى الله عليه وسلم فقالوا لو قومت يا رسول الله قال إ
urn:hadith:0273IbnMaja.Sunan:2202	al-Busiri (Misbah al-zujaja)	840	classical	chain	weak	هذا إسناد رجاله ثقات إلا أنه منقطع عطاء بن فروخ لم يلق عثمان بن عفان قاله علي بن المديني في العلل رواه النسائي في البيوع عن محمد بن إسحاق عن إسماعيل بن علية به ولم أره في رواية ابن السني وله شاهد في صحيح البخاري وغيره من حديث جابر بن عبدالله رواه الترمذي في الجامع من حديث أبي هريرة	1.0	1	urn:openiti:0840ShihabDinBusiri.MisbahZujaja.JK000312-ara1:p06227	3:19	087	Ibn Maja	حدثنا محمد بن أبان البلخي أبو بكر ثنا إسماعيل بن علية عن يونس بن عبيد عن عطاء بن فروخ قال قال عثمان بن عفان قال رسول الله صلى الله عليه وسلم أدخل الله الجنة رجل
urn:hadith:0273IbnMaja.Sunan:2206	al-Busiri (Misbah al-zujaja)	840	classical	chain	weak	هذا إسناد ضعيف لضعف نوفل بن عبد الملك والربيع بن خبيب ورواه أبو بكر بن أبي شيبة في مسنده عن عبيد الله بن موسى عن الربيع وسياقه أتم كما هو ذكرته في زوائد ابن أبي شيبة ورواه أبو يعلى الموصلي ثنا محمد بن المثنى ثنا عبيدالله بن موسى فذكره كرواية ابن ماجه سواء	0.86	1	urn:openiti:0840ShihabDinBusiri.MisbahZujaja.JK000312-ara1:p06250	3:21	287	Ibn Maja	حدثنا علي بن محمد و سهل بن أبي سهل قالا ثنا عبيد الله بن موسى أنبأنا الربيع بن حبيب عن نوفل بن عبد الملك عن أبيه عن علي قال نهى رسول الله صلى الله عليه وسلم عن 
urn:hadith:0273IbnMaja.Sunan:2213	al-Busiri (Misbah al-zujaja)	840	classical	chain	weak	هذا إسناد ضعيف لضعف إسحاق بن يحيى بن الوليد وأيضا لم يدرك عبادة بن الصامت قاله البخاري والترمذي وابن حبان وابن عدي	1.0	1	urn:openiti:0840ShihabDinBusiri.MisbahZujaja.JK000312-ara1:p06259	3:21	387	Ibn Maja	حدثنا عبد ربه بن خالد النميري أبو المغلس ثنا الفضيل بن سليمان عن موسى بن عقبة حدثني إسحاق بن يحيى بن الوليد عن عبادة بن الصامت قال قضى رسول الله صلى الله عليه و
urn:hadith:0273IbnMaja.Sunan:2222	al-Busiri (Misbah al-zujaja)	840	classical	chain	sound	هذا إسناد صحيح على شرط البخاري رواه الدارمي في مسنده عن سعد بن الربيع عن شعبة به ورواه ابن الجارود في المنتقى عن محمود بن آدم عن وكيع عن شعبة به	1.0	1	urn:openiti:0840ShihabDinBusiri.MisbahZujaja.JK000312-ara1:p06269	3:22	487	Ibn Maja	حدثنا محمد بن يحيى ثنا عبد الصمد ثنا شعبة عن محارب بن دثار عن جابر بن عبد الله قال قال رسول الله صلى الله عليه وسلم إذا وزنتم فأرجحوا
urn:hadith:0273IbnMaja.Sunan:2223	al-Busiri (Misbah al-zujaja)	840	classical	chain	disputed_narrator	هذا إسناد حسن علي بن الحسين بن واقد مختلف فيه وباقي رجال الإسناد ثقات رواه النسائي في التفسير عن محمد بن عقيل به	0.76	1	urn:openiti:0840ShihabDinBusiri.MisbahZujaja.JK000312-ara1:p06280	3:23	587	Ibn Maja	حدثنا عبد الرحمن بن بشر بن الحكم و محمد بن عقيل بن خويلد قالا ثنا علي بن الحسين بن واقد حدثني أبي حدثني يزيد النحوي أن عكرمة حدثه عن ابن عباس قال لما قدم النبي 
urn:hadith:0273IbnMaja.Sunan:2225	al-Busiri (Misbah al-zujaja)	840	classical	chain	very_weak	هذا إسناد ضعيف قال المزي في الأطراف أبو داود هذا هو نفيع بن الحارث الأعمى أحد الضعفاء المتروكين وقال ابن عمر اتفقوا على ضعفه وترك الرواية عنه انتهى ونسبه ابن معين إلى الوضع رواه مسلم وغيره لكن للمتن شاهد من حديث ابن عمر ومن حديث أبي هريرة	1.0	1	urn:openiti:0840ShihabDinBusiri.MisbahZujaja.JK000312-ara1:p06292	3:24	687	Ibn Maja	حدثنا أبو بكر بن أبي شيبة ثنا أبو نعيم ثنا يونس بن أبي إسحاق عن أبي إسحاق عن أبي داود عن أبي الحمراء قال رأيت رسول الله صلى الله عليه وسلم مر بجنبات رجل عنده طع
urn:hadith:0273IbnMaja.Sunan:2228	al-Busiri (Misbah al-zujaja)	840	classical	chain	weak	هذا إسناد ضعيف لضعف محمد بن عبد الرحمن بن أبي ليلى أبو عبد الرحمن الأنصاري رواه عبد ابن حميد في مسنده عن عبيدالله بن موسى به ورواه الدارقطني في سننه من طريق عبيد الله بن موسى عن محمد بن أبي ليلى به ورواه البيهقي في سننه من طريق الدارقطني بإسناده ومتنه وله شاهد من حديث ابن عباس وابن عمر رواهما الشيخان وغيرهما	1.0	1	urn:openiti:0840ShihabDinBusiri.MisbahZujaja.JK000312-ara1:p06300	3:24	787	Ibn Maja	حدثنا علي بن محمد ثنا وكيع عن ابن أبي ليلى عن أبي الزبير عن جابر قال نهى رسول الله صلى الله عليه وسلم عن بيع الطعام حتى يجري فيه الصاعان صاع البائع وصاع المشتري
urn:hadith:0273IbnMaja.Sunan:2230	al-Busiri (Misbah al-zujaja)	840	classical	chain	weak	هذا إسناد ضعيف لضعف ابن لهيعة رواه ابن أبي عمر في مسنده عن عبدالله بن يزيد المقري فذكره ورواه ابن المبارك عن ابن لهيعة به بلفظ إذا ابتعت فاكتل وإذا بعت فكل هكذا رواه عبد بن حميد عن ابن المبارك وله شاهد من حديث ابن عمر رواه وغيره	0.89	1	urn:openiti:0840ShihabDinBusiri.MisbahZujaja.JK000312-ara1:p06311	3:25	887	Ibn Maja	حدثنا علي بن ميمون الرقي ثنا عبدالله بن يزيد عن ابن لهيعة عن موسى بن وردان عن سعيد بن المسيب عن عثمان بن عفان قال كنت أبيع التمر في السوق فأقول كلت في وسقي هذا 
urn:hadith:0273IbnMaja.Sunan:2231	al-Busiri (Misbah al-zujaja)	840	classical	chain	sound	هذا إسناد صحيح رجاله موثقون رواه أبو يعلى الموصلي في مسنده ثنا الوليد بن شجاع أبو همام حدثني بقية عن محمد بن عبد الرحمن فذكره بإسناده ومتنه	0.79	1	urn:openiti:0840ShihabDinBusiri.MisbahZujaja.JK000312-ara1:p06319	3:26	987	Ibn Maja	حدثنا هشام بن عمار ثنا إسماعيل بن عياش ثنا محمد بن عبد الرحمن اليحصبي عن عبدالله بن بسر المازني قال سمعت رسول الله صلى الله عليه وسلم يقول كيلوا طعامكم يبارك لك
urn:hadith:0273IbnMaja.Sunan:2232	al-Busiri (Misbah al-zujaja)	840	classical	chain	weak	هذا إسناد ضعيف لتدليس بقية بن الوليد رواه البخاري في صحيحه عن إبراهيم بن موسى عن الوليد بن مسلم عن ثور بن يزيد عن خالد بن معدان عن المقدام بن معدي كرب عن النبي صلى الله عليه وسلم من غير ذكر أبي أيوب	1.0	1	urn:openiti:0840ShihabDinBusiri.MisbahZujaja.JK000312-ara1:p06323	3:26	097	Ibn Maja	حدثنا عمرو بن عثمان بن سعيد بن كثير بن دينار الحمصي ثنا بقية بن الوليد عن بحير بن سعيد عن خالد بن معدان عن المقدام بن معد يكرب عن أبي أيوب عن النبي صلى الله علي
urn:hadith:0273IbnMaja.Sunan:2233	al-Busiri (Misbah al-zujaja)	840	classical	chain	weak	هذا إسناد ضعيف لضعف رواته إسحاق بن إبراهيم ومحمد بن علي ابني الحسن وشيخهما الزبير بن أسيد قال المزي رواه الحسن بن علي بن أبي الحسن البراد عن أبيه عن الزبير بن أبي أسيد عن النبي صلى الله عليه وسلم مرسلا	0.89	1	urn:openiti:0840ShihabDinBusiri.MisbahZujaja.JK000312-ara1:p06335	3:27	197	Ibn Maja	حدثنا إبراهيم بن المنذر الحزامي ثنا إسحاق بن إبراهيم بن سعيد حدثني صفوان بن سليم حدثني محمد و علي أنبأنا الحسن بن أبي الحسن البراد أن الزبير بن المنذر بن أبي أس
urn:hadith:0273IbnMaja.Sunan:2234	al-Busiri (Misbah al-zujaja)	840	classical	chain	weak	هذا إسناد فيه عبيس بن ميمون وهو متفق على تضعيفه	0.87	1	urn:openiti:0840ShihabDinBusiri.MisbahZujaja.JK000312-ara1:p06342	3:27	297	Ibn Maja	حدثنا إبراهيم بن المستمر العروقي ثنا أبي ثنا عبيس بن ميمون ثنا عون العقيلي عن أبي عثمان النهدي عن سلمان قال سمعت رسول الله صلى الله عليه وسلم يقول من غدا إلى صل
urn:hadith:0273IbnMaja.Sunan:2237	al-Busiri (Misbah al-zujaja)	840	classical	chain	weak	هذا إسناد ضعيف لضعف عبد الرحمن قال المزي في الأطراف رواه إبراهيم بن فهد الساجي وعبدالله بن الصقر السكري وغير واحد عن يعقوب بن حميد بن كاسب عن إسحاق بن جعفر بن محمد عن محمد بن عبد الرحمن بن أبي بكر المليكي عن نافع عن ابن عمر وهو الصواب	1.0	1	urn:openiti:0840ShihabDinBusiri.MisbahZujaja.JK000312-ara1:p06349	3:28	497	Ibn Maja	حدثنا أبو مروان محمد بن عثمان العثماني ثنا محمد بن ميمون المدني عن عبد الرحمن بن أبي الزناد عن أبيه عن الأعرج عن أبي هريرة قال قال رسول الله صلى الله عليه وسلم 
urn:hadith:0273IbnMaja.Sunan:2241	al-Busiri (Misbah al-zujaja)	840	classical	chain	very_weak	هذا إسناد فيه جابر الجعفي وقد اتهموه رواه البيهقي في الكبرى من طريق أبي داود الطيالسي عن المسعودي مرفوعا ورواه الأسود عن ابن مسعود موقوفا ورواه أبو داود الطيالسي كما رواه ابن ماجة عن المسعودي بإسناده ورواه أبو بكر بن أبي شيبة عن وكيع فذكره بإسناده ومتنه سواء	1.0	1	urn:openiti:0840ShihabDinBusiri.MisbahZujaja.JK000312-ara1:p06358	3:28	597	Ibn Maja	حدثنا محمد بن إسماعيل ثنا وكيع ثنا المسعودي عن جابر عن أبي الضحى عن مسروق عن عبد الله بن مسعود أنه قال أشهد على الصادق المصدوق أبي القاسم صلى الله عليه وسلم أنه
urn:hadith:0273IbnMaja.Sunan:2244	al-Busiri (Misbah al-zujaja)	840	classical	chain	disputed_narrator	هذا إسناد رجاله ثقات وسعيد هذا هو ابن أبي عروبة اختلط بآخرة وعبدة بن سليمان روى عنه قبل الاختلاط وسماع الحسن عن سمرة مختلف فيه رواه أبو داود الطيالسي في مسنده عن هشام عن قتادة به بلفظ عهدة الرقيق أربعة أيام ورواه أبو بكر بن أبي شيبة في مسنده عن عبدة بن سليمان ومحمد بن بشر عن سعيد به كمثل ما رواه ابن ماجة ورواه أبو يعلى الموصلي ثنا محمد بن نمير بن عبدالله فذكره	1.0	1	urn:openiti:0840ShihabDinBusiri.MisbahZujaja.JK000312-ara1:p06365	3:29	697	Ibn Maja	حدثنا محمد بن عبد الله بن نمير ثنا عبدة بن سليمان عن سعيد عن قتادة عن الحسن إن شاء الله عن سمرة بن جندب قال قال رسول الله صلى الله عليه وسلم عهدة الرقيق ثلاثة أ
urn:hadith:0273IbnMaja.Sunan:2247	al-Busiri (Misbah al-zujaja)	840	classical	chain	weak	هذا إسناد ضعيف لتدليس بقية بن الوليد وضعفه شيخه قلت رواه أبو بكر بن أبي شيبة بزيادة طويلة كما بينته في زوائد المسانيد العشرة من طريق أبي سباغ عن واثلة بن الأسقع	0.87	1	urn:openiti:0840ShihabDinBusiri.MisbahZujaja.JK000312-ara1:p06376	3:30	897	Ibn Maja	حدثنا عبد الوهاب بن الضحاك ثنا بقية بن الوليد عن معاوية بن يحيى عن مكحول و سليمان بن موسى عن واثلة بن الأسقع قال سمعت رسول الله صلى الله عليه وسلم يقول من باع ع
urn:hadith:0273IbnMaja.Sunan:2248	al-Busiri (Misbah al-zujaja)	840	classical	chain	weak	هذا إسناد فيه جابر الجعفي وهو ضعيف رواه البيهقي في سننه الكبرى من طريق شيبان عن جابر الجعفي فذكره ورواه أبو داود الطيالسي عن شيبان عن جابر بإسناده وله شاهد من حديث أبي أيوب رواه الترمذي في الجامع وقال حسن غريب	0.74	1	urn:openiti:0840ShihabDinBusiri.MisbahZujaja.JK000312-ara1:p06392	3:31	008	Ibn Maja	حدثنا علي بن محمد و محمد بن إسماعيل قالا ثنا وكيع ثنا سفيان عن جابر عن القاسم بن عبد الرحمن عن أبيه عن عبدالله بن مسعود قال كان النبي صلى الله عليه وسلم إذا أتي
urn:hadith:0273IbnMaja.Sunan:2250	al-Busiri (Misbah al-zujaja)	840	classical	chain	weak	هذا إسناد ضعيف لضعف طليق بن عمران وإبراهيم بن إسماعيل رواه الإمام أحمد وأبو بكر بن أبي شيبة وأبو يعلى الموصلي والدارقطني والحاكم كلهم من طريق عبيدالله بن موسى به إلا أن الدارقطني قال طليق بن محمد عن عمران بن الحصين ورواه الدارقطني أيضا من طريق ابن ماجة وله شاهد من حديث علي بن أبي طالب ورواه أحمد والترمذي وابن ماجه	1.0	1	urn:openiti:0840ShihabDinBusiri.MisbahZujaja.JK000312-ara1:p06398	3:32	108	Ibn Maja	حدثنا محمد بن عمر بن الهياج ثنا عبيد الله بن موسى أنبأنا إبراهيم بن إسماعيل عن طليق بن عمران عن أبي بردة عن أبي موسى قال لعن رسول الله صلى الله عليه وسلم من فرق
urn:hadith:0273IbnMaja.Sunan:2261	al-Busiri (Misbah al-zujaja)	840	classical	chain	weak	هذا إسناد ضعيف محمد بن العباس قال فيه ابن حبان في الثقات يروي المقاطيع عن أبيه انتهى	0.83	1	urn:openiti:0840ShihabDinBusiri.MisbahZujaja.JK000312-ara1:p06407	3:33	208	Ibn Maja	حدثنا أبو إسحاق الشافعي إبراهيم بن محمد بن العباس حدثني أبي عن أبيه العباس بن عثمان بن شافع عن عمر بن محمد بن على بن أبي طالب عن أبيه عن جده قال قال رسول الله ص
urn:hadith:0273IbnMaja.Sunan:2272	al-Busiri (Misbah al-zujaja)	840	classical	chain	sound	هذا إسناد صحيح رجاله ثقات وله شاهد من حديث جابر رواه أبو داود والترمذي ورواه أصحاب السنن الأربعة والدارمي وابن الجارود من حديث سمرة ورواه الترمذي من حديث أبي سعيد ورواه ابن حبان في صحيحه من حديث ابن عباس	1.0	1	urn:openiti:0840ShihabDinBusiri.MisbahZujaja.JK000312-ara1:p06419	3:33	308	Ibn Maja	حدثنا نصر بن علي الجهضمي ثنا الحسين بن عروة ح وحدثنا أبو عمر حفص بن عمر ثنا عبد الرحمن بن مهدي قالا ثنا حماد بن سلمة عن ثابت عن أنس أن النبي صلى الله عليه وسلم 
urn:hadith:0273IbnMaja.Sunan:2273	al-Busiri (Misbah al-zujaja)	840	classical	chain	weak	هذا إسناد ضعيف لضعف علي بن زيد رواه الإمام أحمد في مسنده والأصبهاني كلاهما من طريق علي بن زيد به	1.0	1	urn:openiti:0840ShihabDinBusiri.MisbahZujaja.JK000312-ara1:p06427	3:34	408	Ibn Maja	حدثنا أبو بكر بن أبي شيبة ثنا الحسن بن موسى عن حماد بن سلمة عن علي بن زيد عن أبي الصلت عن أبي هريرة قال قال رسول الله صلى الله عليه وسلم أتيت ليلة أسري بي على ق
urn:hadith:0273IbnMaja.Sunan:2274	al-Busiri (Misbah al-zujaja)	840	classical	chain	fabricated	هذا إسناد ضعيف أبو معشر هو نجيح بن عبد الرحمن متفق على تضعيفه والمتن ذكره رواه ابن الجوزي في الموضوعات من حديث أبي هريرة أيضا ورواه ابن أبي الدنيا عن عبدالله بن سعيد وهو رواه عن أبيه عن أبي هريرة	1.0	1	urn:openiti:0840ShihabDinBusiri.MisbahZujaja.JK000312-ara1:p06432	3:34	508	Ibn Maja	حدثنا عبد الله بن سعيد ثنا عبد الله بن إدريس عن أبي معشر عن سعيد المقبري عن أبي هريرة قال قال رسول الله صلى الله عليه وسلم الربا سبعون حوبا أيسرها أن ينكح الرجل
urn:hadith:0273IbnMaja.Sunan:2275	al-Busiri (Misbah al-zujaja)	840	classical	chain	sound	هذا إسناد صحيح وابن أبي عدي اسمه محمد بن إبراهيم هو ثقة تفرد برواية هذا الحديث عن شعبة رواه البزار في مسنده ورجاله رجال الصحيح وله شاهد من حديث عبدالله بن حنظلة رواه أحمد في مسنده ورجاله رجال الصحيح	0.75	1	urn:openiti:0840ShihabDinBusiri.MisbahZujaja.JK000312-ara1:p06436	3:34	608	Ibn Maja	حدثنا عمرو بن علي الصيرفي أبو حفص ثنا ابن أبي عدي عن شعبة عن زبيد عن إبراهيم عن مسروق عن عبدالله عن النبي صلى الله عليه وسلم قال الربا ثلاثة وسبعون بابا
urn:hadith:0273IbnMaja.Sunan:2276	al-Busiri (Misbah al-zujaja)	840	classical	chain	sound	هذا إسناد صحيح رجاله ثقات	1.0	1	urn:openiti:0840ShihabDinBusiri.MisbahZujaja.JK000312-ara1:p06443	3:35	708	Ibn Maja	حدثنا نصر بن علي الجهضمي ثنا خالد بن الحرث ثنا سعيد عن قتادة عن سعيد بن المسيب عن عمر بن الخطاب قال إن آخر ما نزلت آية الربا وإن رسول الله صلى الله عليه وسلم قب
urn:hadith:0273IbnMaja.Sunan:2279	al-Busiri (Misbah al-zujaja)	840	classical	chain	sound	هذا إسناد صحيح رجاله ثقات رواه الإمام أحمد في مسنده من حديث ابن مسعود أيضا والحاكم وقال صحيح الإسناد ورواه أبو بكر بن أبي شيبة في مسنده من طريق شريك عن الدكين بإسناده ومتنه ورواه أبو يعلى الموصلي ثنا بشير بن الوليد ثنا شريك عن الدكين بن الربيع عن أبيه به	1.0	1	urn:openiti:0840ShihabDinBusiri.MisbahZujaja.JK000312-ara1:p06448	3:35	808	Ibn Maja	حدثنا العباس بن جعفر ثنا عمرو بن عون ثنا يحيى بن أبي زائد عن إسرائيل عن دكين بن الربيع بن عميلة عن أبيه عن ابن مسعود عن النبي صلى الله عليه وسلم قال ما أحد أكثر
urn:hadith:0273IbnMaja.Sunan:2281	al-Busiri (Misbah al-zujaja)	840	classical	chain	weak	هذا إسناد ضعيف لتدليس الوليد بن مسلم وله شاهد من حديث ابن عباس رواه الأئمة الستة	0.9	1	urn:openiti:0840ShihabDinBusiri.MisbahZujaja.JK000312-ara1:p06458	3:37	908	Ibn Maja	حدثنا يعقوب بن حميد بن كاسب ثنا الوليد بن مسلم عن محمد بن حمزة بن يوسف بن عبدالله بن سلام عن أبيه عن جده عبدالله بن سلام قال جاء رجل إلى النبي صلى الله عليه وسل
urn:hadith:0273IbnMaja.Sunan:2289	al-Busiri (Misbah al-zujaja)	840	classical	chain	fabricated	هذا إسناد ضعيف صالح بن صهيب مجهول وعبد الرحمن بن داود حديثه غير محفوظ قاله العقيلي ونصر بن القاسم قال البخاري لا حديثه موضوع انتهى	1.0	1	urn:openiti:0840ShihabDinBusiri.MisbahZujaja.JK000312-ara1:p06467	3:37	018	Ibn Maja	حدثنا الحسن بن علي الخلال ثنا بشر بن ثابت البزار ثنا نصر بن القاسم عن عبد الرحمن ( عبد الرحيم ) بن داود عن صالح بن صهيب عن أبيه قال قال رسول الله صلى الله عليه 
urn:hadith:0273IbnMaja.Sunan:2291	al-Busiri (Misbah al-zujaja)	840	classical	chain	sound	هذا إسناد صحيح رجاله ثقات على شرط البخاري وله شاهد من حديث عائشة رواه أصحاب السنن الأربعة وابن حبان في صحيحه ورواه أبو داود وابن ماجة من حديث عبدالله بن عمرو	0.62	1	urn:openiti:0840ShihabDinBusiri.MisbahZujaja.JK000312-ara1:p06479	3:37	118	Ibn Maja	حدثنا هشام بن عمار ثنا عيسى بن يونس ثنا يوسف بن إسحاق عن محمد بن المنكدر عن جابر بن عبدالله أن رجلا قال يا رسول الله إن لي مالا وولدا وإن أبي يريد أن يجتاح مالي
urn:hadith:0273IbnMaja.Sunan:2300	al-Busiri (Misbah al-zujaja)	840	classical	chain	weak	هذا إسناد ضعيف فيه الجريري واسمه سعيد بن إياس وقد اختلط بآخره ويزيد بن هارون روى عنه بعد الاختلاط لكن أخرج له مسلم في صحيحه من طريق يزيد بن هارون عن الجريري فالله أعلم ورواه ابن حبان في صحيحه عن أبي يعلى عن أبي خيثمة عن يزيد بن هارون به وله شاهد من حديث ابن عمر وغيره رواه مالك في الموطأ وأحمد في مسنده والشيخان في صحيحيهما والترمذي وابن ماجة ورواه الإمام أحمد في مسنده من حديث أبي سعيد الخدري أيضا ورواه البيهقي في سننه الكبرى من طريق الحارث بن أبي أسامة عن يزيد بن هارون به وسياقه أتم	0.97	1	urn:openiti:0840ShihabDinBusiri.MisbahZujaja.JK000312-ara1:p06485	3:38	218	Ibn Maja	حدثنا محمد بن يحيى ثنا يزيد بن هارون ثنا الجريري عن أبي نضرة عن أبي سعيد عن النبي صلى الله عليه وسلم قال إذا أتيت على راع فناده ثلاث مرات فإن أجابك وإلا فاشرب ف
urn:hadith:0273IbnMaja.Sunan:2303	al-Busiri (Misbah al-zujaja)	840	classical	chain	weak	هذا إسناد ضعيف سليط بن عبدالله قال فيه البخاري إسناده ليس بالقائم	0.92	1	urn:openiti:0840ShihabDinBusiri.MisbahZujaja.JK000312-ara1:p06499	3:40	318	Ibn Maja	حدثنا إسماعيل بن بشر بن منصور ثنا عمر بن علي عن حجاج عن سليط بن عبدالله الطهوي عن ذهيل بن عوف بن شماخ الطهوي ثنا أبو هريرة قال بينما نحن مع رسول الله صلى الله ع
urn:hadith:0273IbnMaja.Sunan:2304	al-Busiri (Misbah al-zujaja)	840	classical	chain	sound	هذا إسناد صحيح رجاله ثقات رواه الإمام أحمد في مسنده من حديث أم هانىء أيضا ورواه أبو بكر بن أبي شيبة في مسنده هكذا ورواه أبو يعلى الموصلي في مسنده عن ابن نمير عن أبي معاوية عن هشام فذكره	0.75	1	urn:openiti:0840ShihabDinBusiri.MisbahZujaja.JK000312-ara1:p06507	3:40	418	Ibn Maja	حدثنا أبو بكر بن أبي شيبة ثنا وكيع عن هشام بن عروة عن أبيه عن أم هانىء أن النبي صلى الله عليه وسلم قال لها اتخذي غنما فإن فيها بركة
urn:hadith:0273IbnMaja.Sunan:2305	al-Busiri (Misbah al-zujaja)	840	classical	chain	sound	هذا إسناد صحيح على شرط الشيخين فقد احتجا بجميع رواته رواه الشيخان والترمذي والنسائي من طريق عامر الشعبي به مقتصرين على قصة الخيل دون أوله وكذلك رواه الدارمي في مسنده عن يعلى عن زكريا عن عامر به ورواه أبو يعلى الموصلي في مسنده ثنا ابن نمير فذكره كما رواه ابن ماجه سواء	0.81	1	urn:openiti:0840ShihabDinBusiri.MisbahZujaja.JK000312-ara1:p06513	3:40	518	Ibn Maja	حدثنا محمد بن عبدالله بن نمير ثنا عبدالله بن إدريس عن حصين عن عامر عن عروة البارقي يرفعه قال الإبل عز لأهلها والغنم بركة والخير معقود في نواصي الخيل إلى يوم الق
urn:hadith:0273IbnMaja.Sunan:2306	al-Busiri (Misbah al-zujaja)	840	classical	chain	weak	هذا إسناد ضعيف زربي بن عبدالله أبو يحيى الأزدي متفق على ضعفه وله شاهدان من حديث أبي هريرة رواه البزار في مسنده وفي طريقه يزيد بن عبد الملك وهو ضعيف	0.85	1	urn:openiti:0840ShihabDinBusiri.MisbahZujaja.JK000312-ara1:p06519	3:41	618	Ibn Maja	حدثنا عصمة بن الفضل النيسابوري و محمد بن فراس أبو هريرة الصيرفي قالا ثنا حرمي بن عمارة ثنا زربي إمام مسجد هشام بن حسان ثنا محمد بن سيرين عن ابن عمر قال قال رسول
urn:hadith:0273IbnMaja.Sunan:2307	al-Busiri (Misbah al-zujaja)	840	classical	chain	fabricated	هذا إسناد ضعيف علي بن عروة تركوه قال ابن حبان يضع الحديث وعثمان بن عبد الرحمن مجهول والمتن ذكره ابن الجوزي في الموضوعات من حديث نافع عن عبدالله بن عمر	1.0	1	urn:openiti:0840ShihabDinBusiri.MisbahZujaja.JK000312-ara1:p06526	3:41	718	Ibn Maja	حدثنا محمد بن إسماعيل ثنا عثمان بن عبد الرحمن ثنا علي بن عروة عن المقبري عن أبي هريرة رضي الله عنه قال أمر رسول الله صلى الله عليه وسلم الأغنياء باتخاذ الغنم وأ
urn:hadith:0273IbnMaja.Sunan:2310	al-Busiri (Misbah al-zujaja)	840	classical	chain	weak	هذا إسناد رجاله ثقات إلا أنه منقطع أبو البختري اسمه سعيد بن فيروز لم يسمع من علي ولم يدركه قاله أبو حاتم وله شاهد من حديث ابن عباس	0.95	1	urn:openiti:0840ShihabDinBusiri.MisbahZujaja.JK000312-ara1:p06539	3:42	818	Ibn Maja	حدثنا علي بن محمد ثنا يعلى و أبو معاوية عن الأعمش عن عمرو بن مرة عن أبي البختري عن علي قال بعثني رسول الله صلى الله عليه وسلم إلى اليمن فقلت يا رسول الله تبعثني
urn:hadith:0273IbnMaja.Sunan:2311	al-Busiri (Misbah al-zujaja)	840	classical	chain	weak	هذا إسناد ضعيف لضعف مجالد بن سعيد رواه الإمام أحمد في مسنده من حديث عبدالله بن مسعود أيضا ورواه الدارقطني في سننه من طريق عمرو بن علي الفلاس عن يحيى بن سعيد به ورواه البيهقي في الكبرى من طريق محمد بن أبي بكر عن يحيى بن سعيد فذكره وسياقه أتم	0.91	1	urn:openiti:0840ShihabDinBusiri.MisbahZujaja.JK000312-ara1:p06550	3:43	918	Ibn Maja	حدثنا أبو بكر بن خلاد الباهلي ثنا يحيى بن سعيد القطان ثنا مجالد عن عامر عن مسروق عن عبدالله قال قال رسول الله صلى الله عليه وسلم ما من حاكم يحكم بين الناس إلا ج
urn:hadith:0273IbnMaja.Sunan:2318	al-Busiri (Misbah al-zujaja)	840	classical	chain	sound	هذا إسناد صحيح وله شاهد من حديث أم سلمة رواه الستة ورجاله رجال الصحيح	1.0	1	urn:openiti:0840ShihabDinBusiri.MisbahZujaja.JK000312-ara1:p06561	3:44	028	Ibn Maja	حدثنا أبو بكر بن أبي شيبة ثنا محمد بن بشر ثنا محمد بن عمرو عن أبي سلمة بن عبد الرحمن عن أبي هريرة قال قال رسول الله صلى الله عليه وسلم إنما أنا بشر ولعل بعضكم أ
urn:hadith:0273IbnMaja.Sunan:2326	al-Busiri (Misbah al-zujaja)	840	classical	chain	sound	هذا إسناد صحيح رجاله ثقات وله شاهد من حديث جابر بن عبدالله رواه أبو داود والنسائي وابن ماجه	0.92	1	urn:openiti:0840ShihabDinBusiri.MisbahZujaja.JK000312-ara1:p06570	3:45	128	Ibn Maja	حدثنا محمد بن يحيى و زيد بن أخزم قالا ثنا الضحاك بن مخلد ثنا الحسن بن يزيد بن فروخ قال محمد بن يحيى وهو أبو يونس القوي قال سمعت أبا سلمة يقول سمعت أبا هريرة يقو
urn:hadith:0273IbnMaja.Sunan:2331	al-Busiri (Misbah al-zujaja)	840	classical	chain	weak	هذا إسناد ضعيف لتدليس حجاج بن أرطأة رواه أبو داود في سننه عن عمرو بن عون عن هشيم عن موسى بن السائب عن قتادة عن الحسن عن سمرة به بلفظ من وجد عين ماله عند رجل فهو أحق به ويتبع البيع من باعه ورواه البيهقي في سننه الكبرى بتمامه من طريق سعدان بن نصر عن أبي معاوية فذكره ورواه مسدد في مسنده عن أبي معاوية فذكره بإسناده ومتنه وكذا رواه ابن أبي عمر عن أبي معاوية بالإسناد والمتن ورواه أبو يعلى الموصلي في مسنده ثنا سريح بن يونس ثنا أبو معاوية فذكره إلا أنه قال فإن وجد في يد غيره بعينه	0.9	1	urn:openiti:0840ShihabDinBusiri.MisbahZujaja.JK000312-ara1:p06579	3:45	228	Ibn Maja	حدثنا علي بن محمد ثنا أبو معاوية ثنا حجاح عن سعيد بن عبيد بن زيد بن عقبة عن أبيه عن سمرة بن جندب قال قال رسول الله صلى الله عليه وسلم إذا ضاع للرجل متاع أو سرق 
urn:hadith:0273IbnMaja.Sunan:2333	al-Busiri (Misbah al-zujaja)	840	classical	chain	weak	هذا إسناد ضعيف للجهالة بالتابعي وله شاهد من حديث أنس بن مالك رواه أبو داود والنسائي وابن ماجه	0.88	1	urn:openiti:0840ShihabDinBusiri.MisbahZujaja.JK000312-ara1:p06595	3:46	328	Ibn Maja	حدثنا أبو بكر بن أبي شيبة ثنا شريك بن عبدالله عن قيس بن وهب عن رجل من بني سوأة قال قلت لعائشة أخبريني عن خلق رسول الله صلى الله عليه وسلم قلت أو ما تقرأ القرآن 
urn:hadith:0273IbnMaja.Sunan:2339	al-Busiri (Misbah al-zujaja)	840	classical	chain	sound	هذا إسناد صحيح رجاله ثقات وله شاهد في الصحيحين وغيرهما من حديث أبي هريرة رواه أحمد بن منيع في مسنده ثنا أبو نصر ثنا شريك عن سماك عن عكرمة فذكره بإسناده ومتنه ورواه الحاكم في المستدرك من طريق المنهال بن خليفة أبي قدامة عن سماك بن حرب فذكره بإسناده ومتنه ورواه البيهقي في الكبرى عن الحاكم به ورواه عبد بن حميد ثنا قبيصة بن عقبة ثنا سفيان عن سماك به	0.81	1	urn:openiti:0840ShihabDinBusiri.MisbahZujaja.JK000312-ara1:p06619	3:47	628	Ibn Maja	حدثنا محمد بن يحيى و محمد بن عمر بن هياج قالا ثنا قبيصة ثنا سفيان عن سماك عن عكرمة عن ابن عباس قال قال رسول الله صلى الله عليه وسلم إذا اختلفتم في الطريق فاجعلو
urn:hadith:0273IbnMaja.Sunan:2340	al-Busiri (Misbah al-zujaja)	840	classical	chain	weak	هذا إسناد رجاله ثقات إلا أنه منقطع تقدم الكلام عليه في باب من باع نخلا رواه أحمد في مسنده والدارقطني في سننه من حديث ابن عباس أيضا ورواه الشافعي في مسنده مرسلا ورواه البيهقي مرفوعا من طريق محمد بن أبي بكر عن فضيل بن سليمان فذكره	1.0	1	urn:openiti:0840ShihabDinBusiri.MisbahZujaja.JK000312-ara1:p06628	3:48	728	Ibn Maja	حدثنا عبد ربه بن خالد النميري أبو المغلس ثنا فضيل بن سليمان ثنا موسى بن عقبة ثنا إسحاق بن يحيى بن الوليد عن عبادة بن الصامت أن رسول الله صلى الله عليه وسلم قضى 
urn:hadith:0273IbnMaja.Sunan:2341	al-Busiri (Misbah al-zujaja)	840	classical	chain	very_weak	هذا إسناد فيه جابر وقد اتهم رواه أحمد في مسنده والدارقطني في سننه من حديث ابن عباس أيضا وله شاهد من حديث أبي صرمة رواه أبو داود والترمذي وابن ماجه	1.0	1	urn:openiti:0840ShihabDinBusiri.MisbahZujaja.JK000312-ara1:p06633	3:48	828	Ibn Maja	حدثنا محمد بن يحيى ثنا عبد الرزاق أنبأنا معمر عن جابر الجعفي عن عكرمة عن ابن عباس قال قال رسول الله صلى الله عليه وسلم لا ضرر ولا ضرار
urn:hadith:0273IbnMaja.Sunan:2343	al-Busiri (Misbah al-zujaja)	840	classical	chain	weak	هذا إسناد فيه مقال نمران بن جارية ذكره ابن حبان في الثقات وقال ابن القطان حاله مجهول	0.91	1	urn:openiti:0840ShihabDinBusiri.MisbahZujaja.JK000312-ara1:p06643	3:49	928	Ibn Maja	حدثنا محمد بن الصباح و عمار بن خالد الواسطي قالا ثنا أبو بكر بن عياش عن دهثم بن قران عن نمران بن جارية عن أبيه أن قوما اختصموا إلى النبي صلى الله عليه وسلم في خ
urn:hadith:0273IbnMaja.Sunan:2350	al-Busiri (Misbah al-zujaja)	840	classical	chain	sound	هذا إسناد صحيح رجاله ثقات وله شاهد من حديث عائشة رواه أصحاب الكتب الستة	1.0	1	urn:openiti:0840ShihabDinBusiri.MisbahZujaja.JK000312-ara1:p06661	3:50	038	Ibn Maja	حدثنا محمد بن يحيى ثنا محمد بن يوسف ثنا إسرائيل ثنا سماك بن حرب عن عكرمة عن ابن عباس أن قريشا أتوا امرأة كاهنة فقالوا لها أخبرينا أشبهنا أثرا بصاحب المقام فقالت
urn:hadith:0273IbnMaja.Sunan:2352	al-Busiri (Misbah al-zujaja)	840	classical	chain	weak	هذا إسناد ضعيف رواه الدارقطني في سننه من طريق عبد الحميد بن سلمة وقال عبد الحميد وأبوه وجده لا يعرفون قال ويقال عبد الحميد بن يزيد بن سلمة وقال العلائي صلاح الدين في الوشي المعلم هو عبد الحميد بن جعفر بن الحكم	1.0	1	urn:openiti:0840ShihabDinBusiri.MisbahZujaja.JK000312-ara1:p06672	3:51	138	Ibn Maja	حدثنا أبو بكر بن أبي شيبة ثنا إسماعيل بن علية عن عثمان البتي عن عبد الحميد بن سلمة عن أبيه عن جده أن أبويه اختصما إلى النبي صلى الله عليه وسلم أحدهما كافر والآخ
urn:hadith:0273IbnMaja.Sunan:2355	al-Busiri (Misbah al-zujaja)	840	classical	chain	weak	هذا إسناد ضعيف لتدليس ابن إسحاق وله شاهد من حديث أنس رواه أصحاب السنن الأربعة	1.0	1	urn:openiti:0840ShihabDinBusiri.MisbahZujaja.JK000312-ara1:p06687	3:52	238	Ibn Maja	حدثنا أبو بكر بن أبي شيبة ثنا عبد الأعلى عن محمد بن إسحاق عن محمد بن يحيى بن حبان قال هو جدي منقذ بن عمرو وكان رجلا قد أصابته آمة في رأسه فكسرت لسانه وكان لا يد
urn:hadith:0273IbnMaja.Sunan:2357	al-Busiri (Misbah al-zujaja)	840	classical	chain	weak	هذا إسناد ضعيف سلمة المكي لا يعرف حاله وعبدالله بن مسلم قال فيه ابن حبان يرفع الموقوف ويسند المرسل لا يجوز الاحتجاج به وقال أحمد كل بلية منه وقال ابن معين صدوق كثير الخطأ انتهى	0.74	1	urn:openiti:0840ShihabDinBusiri.MisbahZujaja.JK000312-ara1:p06697	3:52	338	Ibn Maja	حدثنا محمد بن بشار ثنا أبو عاصم ثنا عبدالله بن مسلم بن هرمز عن سلمة المكي عن جابر بن عبدالله أن رسول الله صلى الله عليه وسلم خلع معاذ بن جبل من غرمائه ثم استعمل
urn:hadith:0273IbnMaja.Sunan:2363	al-Busiri (Misbah al-zujaja)	840	classical	chain	narrators_trustworthy	هذا إسناد رجاله ثقات رواه النسائي من طرق منها عن إسحاق بن إبراهيم عن جدير بن عبد الحميد به ولم أره في رواية ابن السني ورواه أبو داود الطيالسي في مسنده عن جرير به وسياقه أتم وكذا رواه الحارث بن أبي أسامة من طريق جرير وكذا رواه عبد بن حميد وأبو بعلى الموصلي وله شاهد في الصحيحين وغيرهما من حديث ابن مسعود ورواه الترمذي في الجامع من حديث عمران بن حصين	0.97	1	urn:openiti:0840ShihabDinBusiri.MisbahZujaja.JK000312-ara1:p06710	3:53	438	Ibn Maja	حدثنا عبدالله بن الجراح ثنا جرير عن عبد الملك بن عمير عن جابر بن سمرة قال خطبنا عمر بن الخطاب بالجابية فقال إن رسول الله صلى الله عليه وسلم قام فينا مثل مقامي ف
urn:hadith:0273IbnMaja.Sunan:2366	al-Busiri (Misbah al-zujaja)	840	classical	chain	weak	هذا إسناد ضعيف لتدليس حجاج بن أرطأة رواه من طريقه أبو بكر بن أبي شيبة في مسنده به وله شاهد من حديث عائشة رواه الترمذي في الجامع	1.0	1	urn:openiti:0840ShihabDinBusiri.MisbahZujaja.JK000312-ara1:p06726	3:54	638	Ibn Maja	حدثنا أيوب بن محمد الرقي ثنا معمر بن سليمان ح وحدثنا محمد بن يحيى ثنا يزيد بن هارون قالا ثنا حجاج بن أرطاة عن عمرو بن شعيب عن أبيه عن جده قال قال رسول الله صلى 
urn:hadith:0273IbnMaja.Sunan:2373	al-Busiri (Misbah al-zujaja)	840	classical	chain	very_weak	هذا إسناد ضعيف محمد بن الفرات أبو علي الكوفي متفق على ضعفه وكذبه الإمام أحمد رواه الحاكم وقال صحيح الإسناد والطبراني في الأوسط ورواه ابن عدي في الكامل من طريق عاصم بن علي عن محمد بن الفرات فذكره وسياقه أتم	1.0	1	urn:openiti:0840ShihabDinBusiri.MisbahZujaja.JK000312-ara1:p06740	3:55	838	Ibn Maja	حدثنا سويد بن سعيد ثنا محمد بن الفرات عن محارب بن دثار عن ابن عمر قال قال رسول الله صلى الله عليه وسلم لن تزول قدما شاهد الزور حتى يوجب الله له النار
urn:hadith:0273IbnMaja.Sunan:2374	al-Busiri (Misbah al-zujaja)	840	classical	chain	weak	هذا إسناد ضعيف من أجل مجالد بن سعيد رواه البيهقي في سننه الكبرى من طريق محمد بن طريف فذكره بإسناده ومتنه وقال هكذا رواه أبو خالد الأحمر عن مجالد وهو مما أخطأ فيه وإنما رواه غيره عن مجاهد عن شريح من قوله وحكمه غير مرفوعا	0.77	1	urn:openiti:0840ShihabDinBusiri.MisbahZujaja.JK000312-ara1:p06748	3:56	938	Ibn Maja	حدثنا محمد بن طريف ثنا أبو خالد الأحمر عن مجالد عن عامر عن جابر بن عبدالله أن رسول الله صلى الله عليه وسلم أجاز شهادة أهل الكتاب بعضهم على بعض
urn:hadith:0273IbnMaja.Sunan:2379	al-Busiri (Misbah al-zujaja)	840	classical	chain	sound	هذا إسناد صحيح رجاله ثقات رواه أبو داود في سننه من حديث أبي هريرة مقتصرا على قوله العمرى جائزة وله شاهد من حديث جابر رواه الأئمة الستة ورواه أبو داود والنسائي وابن ماجة من حديث زيد بن ثابت	1.0	1	urn:openiti:0840ShihabDinBusiri.MisbahZujaja.JK000312-ara1:p06759	3:57	048	Ibn Maja	حدثنا أبو بكر بن أبي شيبة ثنا يحيى بن زكريا بن أبي زائدة عن محمد بن عمرو عن أبي سلمة عن أبي هريرة قال قال رسول الله صلى الله عليه وسلم لا عمرى فمن أعمر شيئا فهو
urn:hadith:0273IbnMaja.Sunan:2384	al-Busiri (Misbah al-zujaja)	840	classical	chain	weak	هذا إسناد رجاله ثقات إلا أنه منقطع قال الإمام أحمد بن حنبل وغيره خلاس بن عمرو الهجري لم يسمع من أبي هريرة شيئا	0.9	1	urn:openiti:0840ShihabDinBusiri.MisbahZujaja.JK000312-ara1:p06766	3:57	148	Ibn Maja	حدثنا أبو بكر بن أبي شيبة ثنا أبو أسامة عن عوف عن خلاس عن أبي هريرة قال قال رسول الله صلى الله عليه وسلم إن مثل الذي يعود في عطيته كمثل الكلب أكل حتى إذا شبع قا
urn:hadith:0273IbnMaja.Sunan:2387	al-Busiri (Misbah al-zujaja)	840	classical	chain	weak	هذا إسناد ضعيف لضعف إبراهيم بن إسماعيل بن مجمع رواه الدارقطني في سننه من حديث أبي هريرة ورواه الحاكم في المستدرك من طريق عبيد الله بن موسى عن إبراهيم بن إسماعيل به ورواه البيهقي في الكبرى عن الحاكم بإسناده ومتنه سواء وقال البيهقي عمرو بن دينار عن أبي هريرة منقطع قال والمحفوظ عمرو بن دينار عن سالم عن أبيه عن عمر قال قال البخاري هذا أصح	0.84	1	urn:openiti:0840ShihabDinBusiri.MisbahZujaja.JK000312-ara1:p06774	3:58	248	Ibn Maja	حدثنا علي بن محمد ومحمد بن إسماعيل قالا ثنا وكيع ثنا إبراهيم بن إسماعيل بن مجمع بن جارية الأنصاري عن عمرو بن دينار عن أبي هريرة قال قال رسول الله صلى الله عليه 
urn:hadith:0273IbnMaja.Sunan:2389	al-Busiri (Misbah al-zujaja)	840	classical	chain	weak	هذا إسناد ضعيف عبدالله بن يحيى لا يعرف في أولاد كعب بن مالك وليس لخبره هذا عند ابن ماجة سوى هذا الحديث وليس له شيء في الخمسة الأصول رواه أبو داود وابن ماجة من حديث ابن عمر وله شاهد من حديث ابن عمر رواه أبو داود وابن ماجه	0.89	1	urn:openiti:0840ShihabDinBusiri.MisbahZujaja.JK000312-ara1:p06786	3:59	348	Ibn Maja	حدثنا حرملة بن يحيى ثنا عبدالله بن وهب أخبرني الليث بن سعد عن عبدالله بن يحيى ( رجل من ولد كعب بن مالك ) عن أبيه عن جده أن جدته خيرة امرأة كعب بن مالك أتت رسول 
urn:hadith:0273IbnMaja.Sunan:2393	al-Busiri (Misbah al-zujaja)	840	classical	chain	sound	هذا إسناد صحيح رواه أحمد بن منيع في مسنده ثنا يزيد بن هارون فذكره بإسناده ومتنه سواء وله شاهد في الصحيحين وغيرهما من حديث ابن عمر تقدم في باب الرجوع في الهبة	0.9	1	urn:openiti:0840ShihabDinBusiri.MisbahZujaja.JK000312-ara1:p06800	3:60	448	Ibn Maja	حدثنا يحيى بن حكيم ثنا يزيد بن هارون ثنا سليمان التيمي عن أبي عثمان النهدي عن عبدالله بن عامر عن الزبير بن العوام أنه حمل على فرس يقال له غمر أو غمرة فرأى مهرا 
urn:hadith:0273IbnMaja.Sunan:2395	al-Busiri (Misbah al-zujaja)	840	classical	chain	sound	هذا إسناد صحيح إلى عمرو بن شعيب ومن يحتج بعمرو بن شعيب عن أبيه عن جده فالإسناد صحيح عنده وله شاهد من حديث بريدة بن الحصيب رواه مسلم في صحيحه وأصحاب السنن الأربعة	0.81	1	urn:openiti:0840ShihabDinBusiri.MisbahZujaja.JK000312-ara1:p06810	3:61	548	Ibn Maja	حدثنا محمد بن يحيى ثنا عبدالله بن جعفر الرقي ثنا عبيدالله عن عبد الكريم عن عمرو بن شعيب عن أبيه عن جده قال جاء رجل إلى النبي صلى الله عليه وسلم فقال إني أعطيت أ
urn:hadith:0273IbnMaja.Sunan:2399	al-Busiri (Misbah al-zujaja)	840	classical	chain	sound	هذا إسناد صحيح رجاله ثقات وله شاهد في السنن الأربعة من حديث الحسن عن سمرة وروى أبو داود الجملة الأولى منه من حديث أمية	1.0	1	urn:openiti:0840ShihabDinBusiri.MisbahZujaja.JK000312-ara1:p06822	3:62	748	Ibn Maja	حدثنا هشام بن عمار وعبد الرحمن بن إبراهيم الدمشقيان قالا ثنا محمد بن شعيب عن عبد الرحمن بن يزيد عن سعيد بن أبي سعيد عن أنس بن مالك قال سمعت رسول الله صلى الله ع
urn:hadith:0273IbnMaja.Sunan:2401	al-Busiri (Misbah al-zujaja)	840	classical	chain	weak	هذا إسناد ضعيف لضعف المثنى وهو ابن الصباح والراوي عنه	1.0	1	urn:openiti:0840ShihabDinBusiri.MisbahZujaja.JK000312-ara1:p06829	3:62	848	Ibn Maja	حدثنا عبيد الله بن الجهم الأنماطي ثنا أيوب بن سويد عن المثنى عن عمرو بن شعيب عن أبيه عن جده قال قال رسول الله صلى الله عليه وسلم من أودع وديعة فلا ضمان عليه
urn:hadith:0273IbnMaja.Sunan:2404	al-Busiri (Misbah al-zujaja)	840	classical	chain	weak	هذا إسناد رجاله ثقات غير أنه منقطع قال أحمد بن حنبل لم يسمع يونس بن عبيد عن نافع شيئا إنما سمع من ابن نافع عن أبيه وقال ابن معين وأبو حاتم لم يسمع من نافع شيئا	0.85	1	urn:openiti:0840ShihabDinBusiri.MisbahZujaja.JK000312-ara1:p06838	3:62	948	Ibn Maja	حدثنا إسماعيل بن توبة ثنا هشيم عن يونس بن عبيد عن نافع عن ابن عمر قال قال رسول الله صلى الله عليه وسلم مطل الغني ظلم وإذا أحلت على ملىء فاتبعه
urn:hadith:0273IbnMaja.Sunan:2409	al-Busiri (Misbah al-zujaja)	840	classical	chain	sound	هذا إسناد صحيح رجاله ثقات رواه أبو نعيم عن أبي بكر أحمد بن السندي عن موسى بن هارون الحافط عن إبراهيم بن المنذر الحذامي به وقال هذا حديث غريب من حديث جعفر عن أبيه عن عبدالله بن جعفر لم يرو عنه إلا سعيد ولا عنه إلا ابن أبي فديك انتهى	0.85	1	urn:openiti:0840ShihabDinBusiri.MisbahZujaja.JK000312-ara1:p06851	3:63	058	Ibn Maja	حدثنا إبراهيم بن المنذر ثنا ابن أبي فديك ثنا سعيد بن سفيان مولى الأسلميين عن جعفر بن محمد عن أبيه عن عبدالله بن جعفر قال قال رسول الله صلى الله عليه وسلم كان ال
urn:hadith:0273IbnMaja.Sunan:2410	al-Busiri (Misbah al-zujaja)	840	classical	chain	very_weak	هذا إسناد حسن يوسف بن محمد مختلف فيه رواه البيهقي من هذا الوجه ورواه الطبراني في الكبرى وفي إسناده عمرو بن دينار وهو متروك ورواه أبو بكر بن أبي شيبة في مسنده من طريق رجل من اليمن عن صهيب به وفيه زيادة في أوله وكذا رواه أبو يعلى الموصلي وله شاهد في الصحيحين من حديث أبي هريرة وفي إسناده يوسف بن محمد ذكره ابن حبان في الثقات وقال أبو حاتم لا بأس به وقال البخاري فيه نظر ا ه وعبد الحميد بن زياد ذكره ابن حبان في الثقات وقال أبو حاتم شيخ ا ه وزياد صيفي ذكره ابن حبان في الثقات والحمد لله تعالى	1.0	1	urn:openiti:0840ShihabDinBusiri.MisbahZujaja.JK000312-ara1:p06863	3:64	158	Ibn Maja	حدثنا هشام بن عمار ثنا يوسف بن محمد بن صيفي بن صهيب الخير حدثني عبد الحميد بن زياد بن صيفي بن صهيب عن شعيب بن عمرو حدثنا صهيب الخير عن رسول الله صلى الله عليه و
urn:hadith:0273IbnMaja.Sunan:2414	al-Busiri (Misbah al-zujaja)	840	classical	chain	disputed_narrator	هذا إسناد فيه مقال مطر الوراق مختلف فيه ومحمد بن ثعلبة بن سواء قال فيه أبو حاتم أدركته ولم أكتب عنه انتهى	1.0	1	urn:openiti:0840ShihabDinBusiri.MisbahZujaja.JK000312-ara1:p06871	3:65	258	Ibn Maja	حدثنا محمد بن ثعلبة بن سواء ثنا عمي محمد بن سواء عن حسين المعلم عن مطر الوراق عن نافع عن ابن عمر قال قال رسول الله صلى الله عليه وسلم من مات وعليه دينار أو درهم
urn:hadith:0273IbnMaja.Sunan:2418	al-Busiri (Misbah al-zujaja)	840	classical	chain	weak	هذا إسناد ضعيف نفيع بن الحارث الأعمى الكوفي متفق على ضعفه رواه الإمام أحمد في مسنده من حديث بريدة بن الحصيب أيضا ورواه أحمد في الصحيح ورواه الحاكم في المستدرك وقال صحيح على شرطهما ورواه أبو بكر بن أبي شيبة في مسنده من طريق سليمان بن بريدة عن أبيه به ورواه أبو يعلى الموصلي في مسنده من طريق الأعمش وسياقه أتم	0.92	1	urn:openiti:0840ShihabDinBusiri.MisbahZujaja.JK000312-ara1:p06883	3:65	358	Ibn Maja	حدثنا محمد بن عبدالله بن نمير ثنا أبي ثنا الأعمش عن نفيع أبي داود عن بريدة الأسلمي عن النبي صلى الله عليه وسلم قال من أنظر معسرا كان له بكل يوم صدقة ومن أنظره ب
urn:hadith:0273IbnMaja.Sunan:2421	al-Busiri (Misbah al-zujaja)	840	classical	chain	sound	هذا إسناد صحيح على شرط البخاري رواه ابن حبان في صحيحه عن الحسن بن سفيان عن إبراهيم بن يعقوب عن ابن أبي مريم به سواء ورواه الحاكم عن أحمد بن سلمان الفقيه عن محمد بن إسماعيل السلمي عن سعيد بن أبي مريم به ورواه البيهقي في سننه الكبرى عن الحاكم به	0.73	1	urn:openiti:0840ShihabDinBusiri.MisbahZujaja.JK000312-ara1:p06891	3:66	458	Ibn Maja	حدثنا محمد بن خلف العسقلاني و محمد بن يحيى قالا ثنا ابن أبي مريم ثنا يحيى بن أيوب عن عبيد الله بن أبي جعفر عن نافع عن ابن عمر و عائشة أن رسول الله صلى الله عليه
urn:hadith:0273IbnMaja.Sunan:2425	al-Busiri (Misbah al-zujaja)	840	classical	chain	weak	هذا إسناد ضعيف حنش اسمه حسين بن قيس أبو علي الرحبي ضعفه أحمد وابن معين وأبو حاتم وأبو زرعة والبخاري والنسائي والعقيلي وابن عدي والجوزجاني والبزار والدارقطني وغيرهم	1.0	1	urn:openiti:0840ShihabDinBusiri.MisbahZujaja.JK000312-ara1:p06905	3:67	658	Ibn Maja	حدثنا محمد بن عبد الأعلى الصنعاني ثنا معتمر بن سليمان عن أبيه عن حنش عن عكرمة عن ابن عباس قال جاء رجل يطلب نبي الله صلى الله عليه وسلم بدين أو بحق فتكلم ببعض ال
urn:hadith:0273IbnMaja.Sunan:2426	al-Busiri (Misbah al-zujaja)	840	classical	chain	sound	هذا إسناد صحيح رجاله ثقات رواه أبو يعلى ورواته رواة الصحيح لأن إبراهيم بن عبدالله قال أبو حاتم صدوق	0.94	1	urn:openiti:0840ShihabDinBusiri.MisbahZujaja.JK000312-ara1:p06919	3:68	758	Ibn Maja	حدثنا إبراهيم بن عبدالله بن محمد بن عثمان أبو شيبة ثنا ابن أبي عبيدة ( أظنه قال ) ثنا أبي عن الأعمش عن أبي صالح عن أبي سعيد الخدري قال جاء أعرابي إلى النبي صلى 
urn:hadith:0273IbnMaja.Sunan:2430	al-Busiri (Misbah al-zujaja)	840	classical	chain	weak	هذا إسناد ضعيف قيس بن رومي مجهول وسليمان بن نسير ويقال ابن قشير ويقال ابن شتير ويقال ابن سفيان وكله واحد متفق على تضعيفه رواه الإمام أحمد في مسنده من حديث قيس بن رومي ورواه ابن حبان في صحيحه عن أحمد بن علي بن المثنى ثنا يحيى بن معين ثنا معتمر بن سليمان قال قرأت على الفضل أبي معاذ عن أبي حريز أن إبراهيم حدثه عن الأسود بن يزيد عن ابن مسعود فذكره ورواه محمد بن يحيى بن أبي عمر في مسنده من طريق سليم بن أذنان عن علقمة بن قيس ورواه أبو بكر بن أبي شيبة ثنا عفان ثنا حماد بن سلمة عن عطاء بن السائب عن ابن أذنان فذكره وسياقه أتم كما أوردته في زوائد المسانيد العشرة	0.98	1	urn:openiti:0840ShihabDinBusiri.MisbahZujaja.JK000312-ara1:p06940	3:69	858	Ibn Maja	ثنا سليمان بن نسير عن قيس بن رومي قال كان سليمان بن أذنان يقرض علقمة ألف درهم إلى عطائه فلما خرج عطاؤه تقاضاها منه واشتد عليه فقضاه فكأن علقمة غضب فمكث أشهرا ثم
urn:hadith:0273IbnMaja.Sunan:2431	al-Busiri (Misbah al-zujaja)	840	classical	chain	weak	هذا إسناد ضعيف خالد بن يزيد بن عبد الرحمن بن أبي مالك أبو هاشم الهمداني الدمشقي ضعفه أحمد وابن معين وأبو داود والنسائي وأبو زرعة وابن الجارود والساجي والعقيلي والدارقطني وغيرهم ووثقه أحمد بن صالح المعري وأبو زرعة الدمشقي وقال ابن حبان هو من فقهاء الشام كان صدوقا في الرواية ولكنه كان يخطىء كثيرا وأبوه فقيه دمشق ومفتيها	0.98	1	urn:openiti:0840ShihabDinBusiri.MisbahZujaja.JK000312-ara1:p06951	3:70	958	Ibn Maja	حدثنا عبيدالله بن عبد الكريم ثنا هشام بن خالد ثنا خالد بن يزيد وحدثنا أبو حاتم ثنا هشام بن خالد ثنا خالد بن يزيد بن أبي مالك عن أبيه عن أنس بن مالك قال قال رسول
urn:hadith:0273IbnMaja.Sunan:2432	al-Busiri (Misbah al-zujaja)	840	classical	chain	weak	هذا إسناد فيه مقال عتبة بن حميد ضعفه أحمد وقال أبو حاتم صالح وذكره ابن حبان في الثقات ويحيى بن أبي إسحاق الهنائي لا يعرف حاله رواه البيهقي في سننه الكبرى من طريق سعيد بن منصور عن إسماعيل بن عياش إلا أنه قال بدل يحيى بن أبي إسحاق يزيد بن أبي يحيى قال هشام بن عمار يحيى بن أبي إسحاق الهنائي لا أراه إلا وهم وهذا حديث يحيى بن يزيد الهنائي عن أنس ورواه شعبة ومحمد بن دينار فوقفاه	1.0	1	urn:openiti:0840ShihabDinBusiri.MisbahZujaja.JK000312-ara1:p06957	3:70	068	Ibn Maja	حدثنا هشام بن عمار ثنا إسماعيل بن عياش حدثني عتبة بن حميد الضبي عن يحيى بن أبي إسحاق الهنائي قال سألت أنس بن مالك الرجل منا يقرض أخاه المال فيهدى له قال قال رسو
urn:hadith:0273IbnMaja.Sunan:2435	al-Busiri (Misbah al-zujaja)	840	classical	chain	weak	هذا إسناد ضعيف ابن أنعم اسمه عبد الرحمن بن زياد بن أنعم ضعفه أحمد وابن معين والنسائي وغيرهم رواه البزار في مسنده من هذا الوجه ورواه أبو يعلى الموصلي ثنا يحيى بن أيوب ثنا إسماعيل بن عياش حدثني عبد الرحمن بن زياد بن أنعم فذكره وسياقه أتم	0.83	1	urn:openiti:0840ShihabDinBusiri.MisbahZujaja.JK000312-ara1:p06983	3:72	268	Ibn Maja	حدثنا أبو كريب ثنا رشدين بن سعد و عبد الرحمن المحاربي و أبو أسامة و جعفر بن عون عن ابن أنعم قال أبو كريب وحدثنا وكيع عن سفيان عن ابن أنعم عن عمران بن المعافري ع
urn:hadith:0273IbnMaja.Sunan:2438	al-Busiri (Misbah al-zujaja)	840	classical	chain	disputed_narrator	هذا إسناد حسن شهر بن حوشب مختلف فيه وثقه أحمد وابن معين والعجلي ويعقوب بن شيبة وضعفه شعبة وأبو حاتم والنسائي ورواه الإمام أحمد في مسنده ومن حديث أسماء أيضا وكذا أبو بكر بن أبي شيبة وأبو يعلى الموصلي في مسنده من طريق سهل بن حوشب به وله شاهد في الصحيحين وغيرهما من حديث عائشة في البخاري وغيره من حديث أنس بن مالك حدثنا عبدالله بن معاوية الجمحي حدثنا ثابت بن يزيد هلال بن خباب عن عكرمة عن ابن عباس أن رسول الله صلى الله تعالى عليه وآله وسلم مات ودرعه رهن عند يهودي بثلاثين صاعا من شعير إسناده صحيح ورجاله ثقات ا ه	1.0	1	urn:openiti:0840ShihabDinBusiri.MisbahZujaja.JK000312-ara1:p06994	3:73	368	Ibn Maja	حدثنا أبو بكر بن أبي شيبة ثنا وكيع عن عبد الحميد بن بهرام عن شهر بن حوشب عن أسماء بنت يزيد أن النبي صلى الله عليه وسلم توفي ودرعه مرهونة عند يهودي بطعام
urn:hadith:0273IbnMaja.Sunan:2441	al-Busiri (Misbah al-zujaja)	840	classical	chain	fabricated	هذا إسناد ضعيف محمد بن حميد الرازي وإن وثقه ابن معين في رواية فقد ضعفه في أخرى وضعفه أحمد والنسائي والجوزجاني وقال ابن حبان يروي عن الثقات المقلوبات وقال ابن وارة كذاب وقال المزي رواه مالك وغير واحد عن الزهري عن سعيد بن المسيب مرسلا	1.0	1	urn:openiti:0840ShihabDinBusiri.MisbahZujaja.JK000312-ara1:p07001	3:74	468	Ibn Maja	حدثنا محمد بن حميد ثنا إبراهيم بن المختار عن إسحاق بن راشد عن الزهري عن سعيد بن المسيب عن أبي هريرة أن رسول الله صلى الله عليه وسلم قال لا يغلق الرهن
urn:hadith:0273IbnMaja.Sunan:2443	al-Busiri (Misbah al-zujaja)	840	classical	chain	weak	هذا إسناد ضعيف وهب بن سعيد هو عبد الوهاب بن سعيد وعبد الرحمن بن زيد وهما ضعيفان لكن نقل عبد العظيم المنذري الحافظ في كتاب الترغيب أن عبد الرحمن بن زيد وثق وقال قال ابن عدي أحاديثه حسان قال وهو ممن احتمله الناس وصدقه بعضهم وهو ممن يكتب حديثه قال ووهب ابن سعيد وثقه ابن حبان وغيره انتهى	0.83	1	urn:openiti:0840ShihabDinBusiri.MisbahZujaja.JK000312-ara1:p07010	3:75	568	Ibn Maja	حدثنا العباس بن الوليد الدمشقي ثنا وهب بن سعيد بن عطية السلمي ثنا عبد الرحمن بن زيد بن أسلم عن أبيه عن عبدالله بن عمر قال قال رسول الله صلى الله عليه وسلم أعطوا
urn:hadith:0273IbnMaja.Sunan:2445	al-Busiri (Misbah al-zujaja)	840	classical	chain	sound	هذا إسناد صحيح موقوف وحيان هو ابن بسطام بن مسلم بن نمير ذكره ابن حبان في الثقات وباقي رجال الإسناد ثقات وهكذا رواه الحاكم في المستدرك من طريق عمرو بن مرزوق عن ابن مهدي به ورواه البيهقي في الكبرى عن الحاكم به	0.84	1	urn:openiti:0840ShihabDinBusiri.MisbahZujaja.JK000312-ara1:p07028	3:76	768	Ibn Maja	حدثنا أبو عمر حفص بن عمرو ثنا عبد الرحمن بن مهدي ثنا سليم بن حيان سمعت أبي يقول سمعت أبا هريرة يقول نشأت يتيما وهاجرت مسكينا وكنت أجيرا لابنة غزوان بطعام بطني و
urn:hadith:0273IbnMaja.Sunan:2446	al-Busiri (Misbah al-zujaja)	840	classical	chain	weak	هذا إسناد ضعيف حنش اسمه حسين بن قيس ضعفه أحمد وابن معين وأبو حاتم وأبو زرعة والبخاري والنسائي والبزار وابن عدي والعقيلي والدارقطني وغيرهم رواه الإمام أحمد في مسنده من حديث ابن عباس ورواه البيهقي في الكبرى من طريق عبدالله بن معاذ المعتمر بن سليمان فذكره بإسناده ومتنه	1.0	1	urn:openiti:0840ShihabDinBusiri.MisbahZujaja.JK000312-ara1:p07041	3:77	868	Ibn Maja	حدثنا محمد بن عبد الأعلى الصنعاني ثنا المعتمر بن سليمان عن أبيه عن حنش عن عكرمة عن ابن عباس قال أصاب نبي الله خصاصة فبلغ ذلك عليا فخرج يلتمس عملا يصيب فيه شيئا 
urn:hadith:0273IbnMaja.Sunan:2447	al-Busiri (Misbah al-zujaja)	840	classical	chain	unknown_narrator	هذا إسناد صحيح رجاله ثقات موقوفا وأبو حية هو ابن قيس لم يسم وسفيان هو الثوري وعبد الرحمن هو أبي مهدي	1.0	1	urn:openiti:0840ShihabDinBusiri.MisbahZujaja.JK000312-ara1:p07047	3:77	968	Ibn Maja	حدثنا محمد بن بشار ثنا عبد الرحمن ثنا سفيان عن أبي إسحاق عن أبي حية عن علي قال كنت أدلو الدلو بتمرة وأشترط أنها جلدة
urn:hadith:0273IbnMaja.Sunan:2448	al-Busiri (Misbah al-zujaja)	840	classical	chain	weak	هذا إسناد ضعيف عبد الله بن سعيد بن كيسان ضعفه أحمد وابن معين ويحيى القطان وابن مهدي والفلاس أبو حاتم وأبو زرعة والبخاري وأبو داود والنسائي وابن عدي وغيرهم	1.0	1	urn:openiti:0840ShihabDinBusiri.MisbahZujaja.JK000312-ara1:p07061	3:78	078	Ibn Maja	حدثنا علي بن المنذر ثنا محمد بن فضيل ثنا عبد الله بن سعيد عن جده عن أبي هريرة قال جاء رجل من الأنصار فقال يا رسول الله مالي أرى لونك منكفئا قال الخمص فانطلق الأ
urn:hadith:0273IbnMaja.Sunan:2463	al-Busiri (Misbah al-zujaja)	840	classical	chain	sound	هذا إسناد صحيح رجاله ثقات وله شاهد من حديث ابن عباس رواه أصحاب الكتب الستة لأن أحمد بن باقي قال فيه ابن حبان في الثقات مستقيم المر قلت وباقي رجال الإسناد يحتج بهم في الصحيح ا ه	1.0	1	urn:openiti:0840ShihabDinBusiri.MisbahZujaja.JK000312-ara1:p07068	3:79	178	Ibn Maja	حدثنا أحمد بن ثابت الجحدري ثنا عبد الوهاب عن خالد عن مجاهد عن طاوس أن معاذ بن جبل أكرى الأرض على عهد رسول الله صلى الله عليه وسلم وأبي بكر وعمر وعثمان على الثلث
urn:hadith:0273IbnMaja.Sunan:2468	al-Busiri (Misbah al-zujaja)	840	classical	chain	weak	هذا إسناد ضعيف الحكم بن عتيبة لم يسمع من مقسم إلا أربع أحاديث وابن أبي ليلى هذا هو محمد بن عبد الرحمن بن أبي ليلى ضعيف وله شاهد من حديث ابن عمر رواه الشيخان وغيرهما قال الترمذي وفي الباب عن أنس وابن عباس وزيد بن ثابت وجابر	0.77	1	urn:openiti:0840ShihabDinBusiri.MisbahZujaja.JK000312-ara1:p07075	3:79	278	Ibn Maja	حدثنا إسماعيل بن توبة ثنا هشيم عن ابن أبي ليلى عن الحكم بن عتيبة عن مقسم عن ابن عباس أن رسول الله صلى الله عليه وسلم أعطى خبير أهلها على النصف نخلها وأرضها
urn:hadith:0273IbnMaja.Sunan:2469	al-Busiri (Misbah al-zujaja)	840	classical	chain	weak	هذا إسناد ضعيف مسلم هو ابن كيسان الملائي الكوفي ضعفه أحمد وابن معين وأبو زرعة والفلاس والبخاري وأبو داود والترمذي والنسائي والجوزجاني وابن حبان وغيرهم	0.69	1	urn:openiti:0840ShihabDinBusiri.MisbahZujaja.JK000312-ara1:p07079	3:80	378	Ibn Maja	حدثنا علي بن المنذر ثنا محمد بن فضيل عن مسلم الأعور عن أنس بن مالك قال لما افتتح رسول الله صلى الله عليه وآله وسلم خبير أعطاها على النصف
urn:hadith:0273IbnMaja.Sunan:2472	al-Busiri (Misbah al-zujaja)	840	classical	chain	weak	هذا إسناد ضعيف عبدالله بن خراش ضعفه أبو زرعة والبخاري والنسائي وابن حبان وغيرهم وله شاهد من حديث نهيسة عن أبيها رواه أبو داود في سننه	0.95	1	urn:openiti:0840ShihabDinBusiri.MisbahZujaja.JK000312-ara1:p07088	3:80	478	Ibn Maja	حدثنا عبدالله بن سعيد ثنا عبد الله بن خراش بن حوشب الشيباني عن العوام بن حوشب عن مجاهد عن ابن عباس قال قال رسول الله صلى الله عليه وسلم المسلمون شركاء في ثلاث ف
urn:hadith:0273IbnMaja.Sunan:2473	al-Busiri (Misbah al-zujaja)	840	classical	chain	sound	هذا إسناد صحيح رجاله ثقات محمد بن عبدالله بن يزيد المقري أبو يحيى المكي وثقه النسائي وابن أبي حاتم ومسلمة الأندلسي والخليلي وغيرهم وباقي رجال الإسناد على شرط الشيخين	0.58	1	urn:openiti:0840ShihabDinBusiri.MisbahZujaja.JK000312-ara1:p07092	3:81	578	Ibn Maja	حدثنا محمد بن عبدالله بن يزيد ثنا سفيان عن أبي الزناد عن الأعرج عن أبي هريرة أن رسول الله صلى الله عليه وآله وسلم قال ثلاث لا يمنعن الماء والكلأ والنار
urn:hadith:0273IbnMaja.Sunan:2474	al-Busiri (Misbah al-zujaja)	840	classical	chain	weak	هذا إسناد ضعيف لضعف علي بن جدعان	1.0	1	urn:openiti:0840ShihabDinBusiri.MisbahZujaja.JK000312-ara1:p07100	3:81	678	Ibn Maja	حدثنا عمار بن خالد الواسطي ثنا علي بن غراب عن زهير بن مرزوق عن علي بن زيد بن جدعان عن سعيد بن المسيب عن عائشة أنها قالت يا رسول الله ما الشيء الذي لا يحل منعه ق
urn:hadith:0273IbnMaja.Sunan:2479	al-Busiri (Misbah al-zujaja)	840	classical	chain	weak	هذا إسناد ضعيف حارثة هو ابن أبي الرجال ضعفه أحمد وابن معين وأبو حاتم وأبو زرعة والبخاري والنسائي وغيرهم وهكذا رواه الحاكم في المستدرك من طريق عبد الرحمن بن أبي الرجال عن أبيه عن عمرة به ورواه البيهقي في الكبرى عن الحاكم فذكره ورواه ابن حبان في صحيحه عن عمران بن موسى بن مجاشع ثنا عثمان بن أبي شيبة ثنا جرير عن محمد بن إسحاق عن محمد بن عبد الرحمن عن أمه عن عائشة به وله شاهد من حديث أبي هريرة رواه البخاري وابن حبان في صحيحه وابن ماجه وفي سنده ابن إسحاق وهو مدلس	0.92	1	urn:openiti:0840ShihabDinBusiri.MisbahZujaja.JK000312-ara1:p07108	3:82	778	Ibn Maja	حدثنا عبدالله بن سعيد ثنا عبدة بن سليمان عن حارثة عن عمرة عن عائشة قالت قال رسول الله صلى الله عليه وسلم لا يمنع فضل الماء ولا يمنع نقع البئر
urn:hadith:0273IbnMaja.Sunan:2483	al-Busiri (Misbah al-zujaja)	840	classical	chain	weak	هذا إسناد ضعيف إسحاق بن يحيى لم يدرك عبادة بن الصامت قاله البخاري والترمذي وابن عدي رواه البيهقي في سننه الكبرى من طريق محمد بن أبي بكر عن فضيل بن سليمان فذكره وله شاهد من حديث عبدالله بن عمرو رواه أبو داود وابن ماجة وأصله في الصحيحين وغيرهما من حديث عبد الله بن الزبير	1.0	1	urn:openiti:0840ShihabDinBusiri.MisbahZujaja.JK000312-ara1:p07122	3:84	978	Ibn Maja	حدثنا أبو المغلس ثنا فضيل بن سليمان ثنا موسى بن عقبة عن إسحاق بن يحيى بن الوليد عن عبادة بن الصامت أن رسول الله صلى الله عليه وسلم قضى في شرب النخل من السيل أن 
urn:hadith:0273IbnMaja.Sunan:2486	al-Busiri (Misbah al-zujaja)	840	classical	chain	weak	هذا إسناد ضعيف من الطريقين معا لأن مدار الحديث فيه على إسماعيل بن مسلم المكي وقد تركه ابن مهدي وابن المبارك ويحيى القطان والنسائي وضعفه البخاري وابن الجارود والعقيلي وغيرهم رواه الدارمي في مسنده من طريق إسماعيل بن مسلم به	0.75	1	urn:openiti:0840ShihabDinBusiri.MisbahZujaja.JK000312-ara1:p07138	3:85	188	Ibn Maja	حدثنا الوليد بن عمرو بن سكين ثنا محمد بن عبدالله بن المثنى ح وحدثنا الحسن بن محمد بن الصباح ثنا عبد الوهاب بن عطاء قالا ثنا إسماعيل المكي عن الحسن عن عبدالله بن
urn:hadith:0273IbnMaja.Sunan:2487	al-Busiri (Misbah al-zujaja)	840	classical	chain	weak	هذا إسناد ضعيف ثابت بن محمد انقلب على ابن ماجة وصوابه محمد بن ثابت كما ذكره الذهبي في الكاشف وقد ضعفوه ومنصور بن صقير منفق على ضعفه قال المزي ووقع في بعض النسخ سهل بن أبي سهل بن الصفدي وهو وهم والصواب سهل بن أبي الصغدي كما تقدم	1.0	1	urn:openiti:0840ShihabDinBusiri.MisbahZujaja.JK000312-ara1:p07143	3:85	288	Ibn Maja	حدثنا سهل بن أبي الصغدي ثنا منصور بن صقير ثنا ثابت بن محمد عن نافع أبي غالب عن أبي سعيد الخدري قال قال رسول الله صلى الله عليه وسلم حريم البئر مد رشائها
urn:hadith:0273IbnMaja.Sunan:2488	al-Busiri (Misbah al-zujaja)	840	classical	chain	weak	هذا إسناد ضعيف لأن إسحاق بن يحيى يروي عن عبادة ولم يدركه تقدم الكلام عنه قبل هذا بثلاثة أحاديث رواه أبو يعلى الموصلي في مسنده من طريق أبي أمية بن يعلى الثقفي حدثني موسى بن عقبة فذكره بإسناده ومتنه	1.0	1	urn:openiti:0840ShihabDinBusiri.MisbahZujaja.JK000312-ara1:p07154	3:86	388	Ibn Maja	حدثنا عبد ربه بن خالد النميري أبو المغلس ثنا الفضيل بن سليمان ثنا موسى بن عقبة أخبرني إسحاق بن يحيى بن الوليد عن عبادة بن الصامت أن رسول الله صلى الله عليه وسلم
urn:hadith:0273IbnMaja.Sunan:2491	al-Busiri (Misbah al-zujaja)	840	classical	chain	weak	هذا إسناد ضعيف يوسف بن ميمون ضعفه أحمد وأبو حاتم وأبو زرعة والبخاري والنسائي وابن عدي والدارقطني وذكره ابن حبان في الثقات ما أجاد ولكن جعلهما اثنين فذكر الراوي عن أبي عبيدة بن حذيفة في الثقات وذكر يوسف بن الصباغ في الضعفاء وقد فرق بينهما أبو حاتم الرازي وغيره وذكره يوسف بن ميمون ابن شاهين في الثقات وبالجملة فلم ينفرد به يوسف بن ميمون فقد تابعه عليه يزيد بن أبي خالد عن أبي عبيدة كما رواه البيهقي في سننه الكبرى لكن لم أعلم يزيد بن أبي خالد بعدالة ولا جرح والله أعلم	0.88	1	urn:openiti:0840ShihabDinBusiri.MisbahZujaja.JK000312-ara1:p07176	3:88	688	Ibn Maja	حدثنا هشام بن عمار و عمرو بن رافع قالا ثنا مروان بن معاوية ثنا أبو مالك النخعي عن يوسف بن ميمون عن أبي عبيدة بن حذيفة عن أبيه حذيفة بن اليمان قال قال رسول الله 
urn:hadith:0273IbnMaja.Sunan:2493	al-Busiri (Misbah al-zujaja)	840	classical	chain	sound	هذا إسناد صحيح رجاله ثقات وله شاهد من حديث جابر بن عبدالله رواه أبو داود والنسائي وابن ماجه	0.83	1	urn:openiti:0840ShihabDinBusiri.MisbahZujaja.JK000312-ara1:p07188	3:90	788	Ibn Maja	حدثنا أحمد بن سنان و العلاء بن سالم قالا ثنا يزيد بن هارون أنبأنا شريك عن سماك عن عكرمة عن ابن عباس عن النبي صلى الله عليه وسلم قال من كانت له أرض فأراد بيعها ف
urn:hadith:0273IbnMaja.Sunan:2497	al-Busiri (Misbah al-zujaja)	840	classical	chain	sound	هذا إسناد صحيح رواه أبو داود في سننه من حديث أبي هريرة أيضا فلم يقل قضى بالشفاعة فيما لم يقسم وقال بدله إذا قسمت الأرض وحددت وله شاهد من حديث جابر رواه البخاري	0.88	1	urn:openiti:0840ShihabDinBusiri.MisbahZujaja.JK000312-ara1:p07200	3:91	888	Ibn Maja	حدثنا محمد بن حماد الطهراني ثنا أبو عاصم عن مالك عن الزهري عن سعيد بن المسيب و أبي سلمة عن أبي هريرة عن النبي صلى الله عليه وسلم نحوه قال أبو عاصم سعيد بن المسي
urn:hadith:0273IbnMaja.Sunan:2500	al-Busiri (Misbah al-zujaja)	840	classical	chain	fabricated	هذا إسناد ضعيف محمد بن عبد الرحمن بن البيلماني قال فيه ابن عدي كل ما يرويه ابن البيلماني فالبلاء فيه منه وإذا روى عنه محمد بن الحارث فهما ضعيفان وقد حدث عن أبيه نسخة كلها موضوعة لا يجوز الاحتجاج به ولا ذكره إلا على وجه التعجب حدثنا سويد بن سعيد حدثنا محمد بن الحارث عن محمد بن عبدالرحمن البيلماني عن أبيه عن بن عمر قال قال رسول الله صلى الله عليه وسلم وآله وسلم لا شفعة لشريك على شريك إذا سبقه بالشراء ولا لصغير ولا لعائب هذا إسناد ضعيف حكمه حكم الإسناد قبله رواه بن عدي في الكامل عن عمران بن موسى عن شريك بن سعيد به ورواه بن عدي في الكامل عن عمران بن موسى عن شريك بن سعيد به ورواه البيهقي في سننه ال	0.73	1	urn:openiti:0840ShihabDinBusiri.MisbahZujaja.JK000312-ara1:p07207	3:91	988	Ibn Maja	حدثنا محمد بن بشار ثنا محمد بن الحارث عن محمد بن عبد الرحمن البيلماني عن أبيه عن ابن عمر قال قال رسول الله صلى الله عليه وسلم الشفعة كحل العقال
urn:hadith:0273IbnMaja.Sunan:2502	al-Busiri (Misbah al-zujaja)	840	classical	chain	sound	هذا إسناد صحيح رجاله ثقات رواه النسائي في الطوال عن عبيد الله بن سعيد عن يحيى بن سعيد به وعن محمد بن عبد الأعلى عن خالد بن الحارث عن أشعث عن الحسن أن رسول الله صلى الله عليه وسلم قال ضالة المسلم	0.77	1	urn:openiti:0840ShihabDinBusiri.MisbahZujaja.JK000312-ara1:p07218	3:94	198	Ibn Maja	حدثنا محمد بن المثنى ثنا يحيى بن سعيد عن حميد الطويل عن الحسن عن مطرف بن عبدالله بن الشخير عن أبيه قال قال رسول الله صلى الله عليه وسلم ضالة المسلم حرق النار
urn:hadith:0273IbnMaja.Sunan:2510	al-Busiri (Misbah al-zujaja)	840	classical	chain	sound	هذا إسناد صحيح رجاله ثقات رواه أبو بكر بن أبي شيبة في مسنده عن الفضل بن دكين عن إسرائيل به وله شاهد من حديث أبي هريرة رواه ابن ماجة والترمذي وقال حسن صحيح قال وفي الباب عن جابر وعمرو بن عوف المزني وعبادة بن الصامت	1.0	1	urn:openiti:0840ShihabDinBusiri.MisbahZujaja.JK000312-ara1:p07227	3:95	298	Ibn Maja	حدثنا نصر بن علي الجهضمي ثنا أبو أحمد عن إسرائيل عن سماك عن عكرمة عن ابن عباس قال قال رسول الله صلى الله عليه وسلم في الركاز الخمس
urn:hadith:0273IbnMaja.Sunan:2514	al-Busiri (Misbah al-zujaja)	840	classical	chain	very_weak	هذا إسناد ضعيف علي بن ظبيان كذبه ابن معين وأبو حاتم والبخاري والنسائي وأبو زرعة وابن حبان وغيرهم ورواه محمد بن يحيى بن أبي عمر في مسنده عن علي بن ظبيان به ورواه الدارقطني في سننه من حديث ابن عمر قال المزي رواه الشافعي عن علي بن ظبيان موقوفا قال علي بن ظبيان كنت أحدث عنه مرقوعا فقال أصحابنا ليس بمرفوع هو موقوف على ابن عمر فوقفته	0.86	1	urn:openiti:0840ShihabDinBusiri.MisbahZujaja.JK000312-ara1:p07241	3:96	398	Ibn Maja	حدثنا عثمان بن أبي شيبة ثنا علي بن ظبيان عن عبيد الله عن نافع عن ابن عمر أن النبي صلى الله عليه وسلم قال المدبر من الثلث قال ابن ماجة سمعت عثمان يعني ابن أبي شي
urn:hadith:0273IbnMaja.Sunan:2515	al-Busiri (Misbah al-zujaja)	840	classical	chain	weak	هذا إسناد ضعيف حسين بن عبدالله بن عبيد الله بن عبدالله الهاشمي تركه علي بن المديني وأحمد بن حنبل والنسائي وضعفه أبو حاتم وأبو زرعة وقال البخاري يقال إنه كان يتهم بالزندقة	0.7	1	urn:openiti:0840ShihabDinBusiri.MisbahZujaja.JK000312-ara1:p07249	3:97	498	Ibn Maja	حدثنا علي بن محمد و محمد بن إسماعيل قالا ثنا وكيع ثنا شريك عن حسين بن عبدالله بن عبيد الله بن عباس عن عكرمة عن ابن عباس قال قال رسول الله صلى الله عليه وسلم أيم
urn:hadith:0273IbnMaja.Sunan:2516	al-Busiri (Misbah al-zujaja)	840	classical	chain	unclassified	هذا إسناد حكمه حكم الإسناد قبله	0.8	1	urn:openiti:0840ShihabDinBusiri.MisbahZujaja.JK000312-ara1:p07256	3:97	598	Ibn Maja	حدثنا أحمد بن يوسف ثنا أبو عاصم ثنا أبو بكر يعني النهشلي عن الحسين ابن عبدالله عن عكرمة عن ابن عباس قال ذكرت أم إبراهيم عند رسول الله صلى الله عليه وسلم فقال أع
urn:hadith:0273IbnMaja.Sunan:2517	al-Busiri (Misbah al-zujaja)	840	classical	chain	sound	هذا إسناد صحيح رجاله ثقات رواه النسائي في العتق عن إبراهيم بن يعقوب عن مكي بن إبراهيم عن عبد الرزاق به ولم أره في روايه ابن السني ورواه ابن حبان في صحيحه عن أبي يعلى عن أبي خيثمة عن روح بن عبادة عن ابن جريج فذكره بإسناده ومتنه سواء ورواه الإمام أحمد في مسنده الدارقطني في سننه من حديث جابر بن عبدالله أيضا ورواه أبو بكر بن أبي شيبة في مسنده من طريق أبي سلمة عن جابر به وزاد ثم ذكر لي أنه زجر عن بيعهن بعد ذلك وكان عمر يشتد في بيعهن	0.57	1	urn:openiti:0840ShihabDinBusiri.MisbahZujaja.JK000312-ara1:p07261	3:98	698	Ibn Maja	حدثنا محمد بن يحيى و إسحاق بن منصور قالا ثنا عبد الرزاق عن ابن جريج أخبرني أبو الزبير أنه سمع جابر بن عبدالله يقول كنا نبيع سرارينا وأمهات أولادنا والنبي صلى ال
urn:hadith:0273IbnMaja.Sunan:2519	al-Busiri (Misbah al-zujaja)	840	classical	chain	weak	هذا إسناد ضعيف حجاج هو ابن أرطأة مدلس وضعيف قال ابن حبان تركه عبدالله بن المبارك وابن مهدي ويحيى بن سعيد القطان وأحمد وابن معين انتهى	0.8	1	urn:openiti:0840ShihabDinBusiri.MisbahZujaja.JK000312-ara1:p07268	3:98	798	Ibn Maja	حدثنا أبو كريب ثنا عبدالله بن نمير و محمد بن فضيل عن حجاج عن عمرو بن شعيب عن أبيه عن جده قال قال رسول الله صلى الله عليه وسلم أيما عبد كوتب على مائة أوقية فأداه
urn:hadith:0273IbnMaja.Sunan:2525	al-Busiri (Misbah al-zujaja)	840	classical	chain	weak	هذا إسناد فيه مقال حمزة بن ربيعة وثقه ابن معين والنسائي وابن سعد والعجلي وقال روى عن الثوري عن عبدالله بن دينار عن ابن عمر حديث من ملك ذا رحم محرم فهو عتيق أنكره أحمد ورده ردا شديدا وقال لو قال رجل هذا كذب لما كان مخطئا	0.61	1	urn:openiti:0840ShihabDinBusiri.MisbahZujaja.JK000312-ara1:p07275	3:99	898	Ibn Maja	حدثنا راشد بن سعيد الرميلي و عبيد الله بن الجهم الأنماطي قالا ثنا ضمرة بن ربيعة عن سفيان عن عبدالله بن دينار عن ابن عمر قال قال رسول الله صلى الله عليه وسلم من 
urn:hadith:0273IbnMaja.Sunan:2531	al-Busiri (Misbah al-zujaja)	840	classical	chain	very_weak	هذا إسناد ضعيف أبو يزيد الضني قال ابن ماكولا هو بكسر الضاد وتشديد النون وكذا قال عبد الغني بن سعيد وزاد منكر الحديث وقال البخاري والذهبي مجهول وقال الدارقطني ليس بمعروف انتهى	0.83	1	urn:openiti:0840ShihabDinBusiri.MisbahZujaja.JK000312-ara1:p07300	3:101	009	Ibn Maja	حدثنا أبو بكر بن أبي شيبة ثنا الفضل بن دكين ثنا إسرائيل عن زيد بن جبير عن أبي يزيد الضني عن ميمونة بنت سعد مولاة النبي صلى الله عليه وسلم أن رسول الله صلى الله 
urn:hadith:0273IbnMaja.Sunan:2537	al-Busiri (Misbah al-zujaja)	840	classical	chain	fabricated	هذا إسناد ضعيف سعيد بن سنان أبو مهدي الحمصي ويقال الشامي الحنفي ويقال الكندي ضعفه ابن معين وأبو حاتم والبخاري والنسائي وقال بن عدي عامة ما يرويه وخاصة عن أبي الزاهرية غير محفوظ قال ولو قلت إنه هو الذي يرويه عن أبي الزاهرية لا غير جاز ذلك وقال الدراقطني يضع الحديث	0.9	1	urn:openiti:0840ShihabDinBusiri.MisbahZujaja.JK000312-ara1:p07313	3:102	109	Ibn Maja	حدثنا هشام بن عمار ثنا الوليد بن مسلم ثنا سعيد بن سنان عن أبي الزاهرية عن أبي شجرة كثير بن مرة عن ابن عمر أن رسول الله صلى الله عليه وسلم قال إقامة حد حدود الله
urn:hadith:0273IbnMaja.Sunan:2539	al-Busiri (Misbah al-zujaja)	840	classical	chain	disputed_narrator	هذا إسناد ضعيف حفص بن عمر العدني الفرخ ضعفه ابن معين وأبو حاتم والنسائي وابن عدي والدارقطني وغيرهم ووثقه ابن	1.0	1	urn:openiti:0840ShihabDinBusiri.MisbahZujaja.JK000312-ara1:p07320	3:103	209	Ibn Maja	حدثنا نصر بن على الجهضمي ثنا حفص بن عمر ثنا الحكم بن أبان عن عكرمة عن ابن عباس قال قال رسول الله صلى الله عليه وسلم من جحد آية من القرآن فقد حل ضرب عنقه ومن قال
urn:hadith:0273IbnMaja.Sunan:2540	al-Busiri (Misbah al-zujaja)	840	classical	chain	sound	هذا إسناد صحيح على شرط ابن حبان فقد ذكر جميع رواته في ثقاته رواه أبو يعلى الموصلي في مسنده ثنا عبدالله بن سالم المفلوج فذكره بإسناده ومتنه بزيادة في أوله كما أوردته في زوائد المسانيد العشرة في كتاب الجهاد	0.95	1	urn:openiti:0840ShihabDinBusiri.MisbahZujaja.JK000312-ara1:p07325	3:103	309	Ibn Maja	حدثنا عبدالله بن سالم المفلوج ثنا عبيدة بن الأسود عن القاسم بن الوليد عن أبي صادق عن ربيعة بن ناجد عن عبادة بن الصامت قال قال رسول الله صلى الله عليه وسلم أقيمو
urn:hadith:0273IbnMaja.Sunan:2545	al-Busiri (Misbah al-zujaja)	840	classical	chain	weak	هذا إسناد ضعيف إبراهيم بن الفضل المخزومي ضعفه أحمد وابن معين والبخاري والنسائي والأزدي والدارقطني وله شاهد من حديث عائشة رواه الترمذي في الجامع مرفوعا وموقوفا بلفظ ادرؤا الحدود عن المسلمين ما استطعتم الحديث وقال كونه موقوفا أصح	0.92	1	urn:openiti:0840ShihabDinBusiri.MisbahZujaja.JK000312-ara1:p07332	3:103	409	Ibn Maja	حدثنا عبدالله بن الجراح ثنا وكيع عن إبراهيم بن الفضل عن سعيد بن أبي سعيد عن أبي هريرة قال قال رسول الله صلى الله عليه وسلم ادفعوا الحدود ما وجدتم له مدفعا
urn:hadith:0273IbnMaja.Sunan:2546	al-Busiri (Misbah al-zujaja)	840	classical	chain	very_weak	هذا إسناد فيه مقال محمد بن عثمان بن صفوان الجمحي قال فيه أبو حاتم منكر الحديث ضعيف الحديث وقال الدارقطني ليس بقوي وذكره ابن حبان في الثقات وباقي رجال الإسناد ثقات وله شاهد من حديث أبي هريرة رواه مسلم في صحيحه وأصحاب السنن ورواه الترمذي من حديث ابن عمر	1.0	1	urn:openiti:0840ShihabDinBusiri.MisbahZujaja.JK000312-ara1:p07338	3:104	509	Ibn Maja	حدثنا يعقوب بن حميد بن كاسب أنا محمد بن عثمان الجمحي ثنا الحكم بن أبان عن عكرمة عن ابن عباس عن النبي صلى الله عليه وسلم قال من ستر عورة أخيه المسلم ستر الله عور
urn:hadith:0273IbnMaja.Sunan:2559	al-Busiri (Misbah al-zujaja)	840	classical	chain	sound	هذا إسناد صحيح رجاله ثقات وله شاهد في الصحيحين وغيرهما من حديث ابن عباس أيضا وهو حديث غير هذا وقد روى الحديثين ابن ماجه	1.0	1	urn:openiti:0840ShihabDinBusiri.MisbahZujaja.JK000312-ara1:p07359	3:106	709	Ibn Maja	حدثنا العباس بن الوليد الدمشقي ثنا زيد بن يحيى بن عبيد ثنا الليث بن سعد عن عبيد الله بن أبي جعفر عن أبي الأسود عن عروة عن ابن عباس قال قال رسول الله صلى الله عل
urn:hadith:0273IbnMaja.Sunan:2562	al-Busiri (Misbah al-zujaja)	840	classical	chain	weak	هذا إسناد فيه عاصم بن عمر العمري وقد ضعفه أحمد وابن معين وأبو حاتم والبخاري والنسائي والدارقطني وغيرهم رواه أبو داود في سننه من حديث أبي هريرة أيضا بلفظ ملعون من أتى امرأة في دبرها وله شاهد من حديث ابن عباس رواه أبو داود والترمذي وابن ماجة ورواه الحاكم في المستدرك من طريق عاصم بن عمرو به	0.84	1	urn:openiti:0840ShihabDinBusiri.MisbahZujaja.JK000312-ara1:p07369	3:106	809	Ibn Maja	حدثنا يونس بن عبد الأعلى أخبرني عبدالله بن نافع أخبرني عاصم بن عمر بن سهيل عن أبيه عن أبي هريرة عن النبي صلى الله عليه وسلم في الذي يعمل عمل قوم لوط قال ارجموا 
urn:hadith:0273IbnMaja.Sunan:2566	al-Busiri (Misbah al-zujaja)	840	classical	chain	weak	هذا إسناد ضعيف عمارة بن أبي فروة قال البخاري لا يتابع في حديثه وذكره العقيلي وابن الجارود في الضعفاء وذكره ابن حبان في الثقات فما أجاد رواه النسائي في الرجم عن الربيع بن سليمان عن شعيب بن الليث عن أبيه به وليس هو في رواية ابن السني وله شاهد من حديث أبي هريرة وزيد بن خالد وغيرهما رواه الشيخان وغيرهما	1.0	1	urn:openiti:0840ShihabDinBusiri.MisbahZujaja.JK000312-ara1:p07387	3:108	019	Ibn Maja	حدثنا محمد بن رمح قال أنبأنا الليث بن سعد عن يزيد بن أبي حبيب عن عمار بن أبي فروة أن محمد بن مسلم حدثه أن عروة حدثه أن عمرة بنت عبد الرحمن حدثته أن عائشة حدثتها
urn:hadith:0273IbnMaja.Sunan:2574	al-Busiri (Misbah al-zujaja)	840	classical	chain	weak	هذا إسناد ضعيف من الطريقين لأن مدار الإسناد على محمد بن إسحاق وهو مدلس وقد رواه بالعنعنة ورواه النسائي في الكبرى من طريق محمد بن سلمة عن محمد بن إسحاق به ورواه ابن أبي شيبة في مسنده بتمامه بالإسناد ورواه أحمد بن منيع من طريق ابن إسحاق به معنعنا ورواه البيهقي في سننه الكبرى من طريق شيخ ابن ماجة أبي بكر بن أبي شيبة	0.7	1	urn:openiti:0840ShihabDinBusiri.MisbahZujaja.JK000312-ara1:p07412	3:110	219	Ibn Maja	حدثنا سفيان بن وكيع ثنا المحاربي عن محمد بن إسحاق عن يعقوب بن عبدالله عن أبي أمامة بن سهل عن سعد بن عبادة عن النبي صلى الله عليه وسلم نحوه
urn:hadith:0273IbnMaja.Sunan:2581	al-Busiri (Misbah al-zujaja)	840	classical	chain	weak	هذا إسناد ضعيف يزيد بن سنان التيمي أبو فروة الرهاوي ضعفه أحمد وابن معين وابن المديني وأبو حاتم وأبو داود والنسائي ويعقوب بن سفيان والعقيلي والدارقطني وغيرهم رواه مسدد في مسنده من طريق ميمون عن ابن عمر به ورواه أبو بكر بن أبي شيبة عن مروان بن معاوية	1.0	1	urn:openiti:0840ShihabDinBusiri.MisbahZujaja.JK000312-ara1:p07419	3:110	319	Ibn Maja	حدثنا الخليل بن عمرو ثنا مروان بن معاوية ثنا يزيد بن سنان الجزري عن ميمون بن مهران عن ابن عمر قال قال رسول الله صلى الله عليه وسلم من أتي عند ماله فقوتل فقاتل ف
urn:hadith:0273IbnMaja.Sunan:2582	al-Busiri (Misbah al-zujaja)	840	classical	chain	sound	هذا إسناد حسن لقصور درجة عبد العزيز عن درجة أهل الحفظ وله شاهد من حديث سعيد بن زيد رواه أصحاب السنن الأربعة ورواه الترمذي في الجامع من حديث ابن عمر وقال حسن صحيح	0.82	1	urn:openiti:0840ShihabDinBusiri.MisbahZujaja.JK000312-ara1:p07424	3:111	419	Ibn Maja	حدثنا محمد بن بشار ثنا أبو عامر ثنا عبد العزيز بن المطلب عن عبدالله بن الحسن عن عبد الرحمن الأعرج عن أبي هريرة قال قال رسول الله صلى الله عليه وسلم من أريد ماله
urn:hadith:0273IbnMaja.Sunan:2586	al-Busiri (Misbah al-zujaja)	840	classical	chain	very_weak	هذا إسناد فيه أبو واقد واسمه صالح بن محمد بن رائدة الليثي وهو ضعيف قال فيه البخاري والساجي منكر الحديث وقال أبو زرعة وأبو حاتم ضعيف الحديث وضعفه ابن حبان وابن عدي والدارقطني وغيرهم رواه الإمام أحمد في مسنده من حديث سعد بن أبي وقاص وله شاهد في الصحيحين وغيرهما من حديث عائشة وأبي هريرة وابن عمر رضي الله عنهم	1.0	1	urn:openiti:0840ShihabDinBusiri.MisbahZujaja.JK000312-ara1:p07433	3:111	519	Ibn Maja	حدثنا محمد بن بشار ثنا أبو هشام المخزومي ثنا وهيب ثنا أبو واقد عن عامر بن سعد عن أبيه عن النبي صلى الله عليه وسلم قال تقطع يد السارق في ثمن المجن
urn:hadith:0273IbnMaja.Sunan:2588	al-Busiri (Misbah al-zujaja)	840	classical	chain	weak	هذا إسناد ضعيف لضعف عبد الله بن لهيعة	1.0	1	urn:openiti:0840ShihabDinBusiri.MisbahZujaja.JK000312-ara1:p07447	3:112	619	Ibn Maja	حدثنا محمد بن يحيى ثنا ابن أبي مريم أنبأنا ابن لهيعة عن يزيد بن أبي حبيب عن عبد الرحمن بن ثعلبة الأنصاري عن أبيه أن عمرو بن سمرة بن حبيب بن عبد شمس جاء إلى رسول
urn:hadith:0273IbnMaja.Sunan:2590	al-Busiri (Misbah al-zujaja)	840	classical	chain	weak	هذا إسناد فيه حجاج بن تميم وهو ضعيف والراوي عنه أضعف منه رواه الحاكم في المستدرك من طريق رجل لم يسم عن ميمون بن مهران عن ابن عباس موقوفا ورواه البيهقي عن الحاكم به ثم رواه البيهقي موصولا من طريق ابن ماجة وقال في الإسناد ضعف	1.0	1	urn:openiti:0840ShihabDinBusiri.MisbahZujaja.JK000312-ara1:p07456	3:113	719	Ibn Maja	حدثنا جبارة بن المغلس ثنا حجاج بن تميم عن ميمون بن مهران عن ابن عباس أن عبدا من رقيق الخمس سرق من الخمس فرفع ذلك إلى النبي صلى الله عليه وسلم فلم يقطعه وقال مال
urn:hadith:0273IbnMaja.Sunan:2592	al-Busiri (Misbah al-zujaja)	840	classical	chain	sound	هذا إسناد صحيح رجاله ثقات وله شاهد من حديث جابر رواه أصحاب السنن الأربعة في سننهم وابن حبان في صحيحه	1.0	1	urn:openiti:0840ShihabDinBusiri.MisbahZujaja.JK000312-ara1:p07464	3:113	819	Ibn Maja	حدثنا محمد بن يحيى ثنا محمد بن عاصم بن جعفر المصري ثنا المفضل بن فضالة عن يونس بن يزيد عن ابن شهاب عن إبراهيم بن عبد الرحمن بن عوف عن أبيه قال سمعت رسول الله صل
urn:hadith:0273IbnMaja.Sunan:2594	al-Busiri (Misbah al-zujaja)	840	classical	chain	weak	هذا إسناد ضعيف أخو سعد بن سعيد اسمه عبد الله بن سعيد المقبري ضعفه يحيى القطان وابن مهدي وأحمد وابن معين والفلاس والبخاري والنسائي وأبو داود وابن عدي وغيرهم وله شاهد من حديث رافع بن خديج رواه الترمذي والنسائي وابن ماجه	1.0	1	urn:openiti:0840ShihabDinBusiri.MisbahZujaja.JK000312-ara1:p07471	3:113	919	Ibn Maja	حدثنا هشام بن عمار ثنا سعد بن سعيد المقبري عن أخيه عن أبيه عن أبي هريرة قال قال رسول الله صلى الله عليه وسلم لا قطع في ثمر ولا كثر
urn:hadith:0273IbnMaja.Sunan:2600	al-Busiri (Misbah al-zujaja)	840	classical	chain	weak	هذا إسناد ضعيف لضعف ابن لهيعة وله شاهد من حديث ابن عباس رواه الترمذي وابن ماجه ومحمد بن عجلان مدلس أيضا	0.57	1	urn:openiti:0840ShihabDinBusiri.MisbahZujaja.JK000312-ara1:p07478	3:114	029	Ibn Maja	حدثنا محمد بن رمح أنبأنا عبدالله بن لهيعة عن محمد بن عجلان أنه سمع عمرو بن شعيب يحدث عن أبيه عن جده أن رسول الله صلى الله عليه وسلم نهى عن جلد الحد في المساجد
urn:hadith:0273IbnMaja.Sunan:2602	al-Busiri (Misbah al-zujaja)	840	classical	chain	very_weak	هذا إسناد ضعيف عباد بن كثير قال فيه أحمد بن حنبل روى أحاديث كذب لم يسمعها وقال البخاري تركوه وقال أبو حاتم ضعيف الحديث وفي أحاديثه عن الثقات إنكار وقال النسائي متروك الحديث وقال العجلي ضعيف متروك الحديث	1.0	1	urn:openiti:0840ShihabDinBusiri.MisbahZujaja.JK000312-ara1:p07486	3:115	129	Ibn Maja	حدثنا هشام بن عمار ثنا إسماعيل بن عياش ثنا عباد بن كثير عن يحيى ابن أبي كثير عن أبي سلمة عن أبي هريرة قال قال رسول الله صلى الله عليه وسلم لا تعزروا فوق عشرة أس
urn:hadith:0273IbnMaja.Sunan:2606	al-Busiri (Misbah al-zujaja)	840	classical	chain	weak	هذا إسناد فيه مقال قبيصة بن حريث أو حريث بن قبيصة قال البخاري في حديثه نظر وذكره ابن حبان في الثقات وباقي رجال الإسناد ثقات وله شاهد من حديث أبي هريرة رواه مسلم وغيره	0.96	1	urn:openiti:0840ShihabDinBusiri.MisbahZujaja.JK000312-ara1:p07500	3:116	229	Ibn Maja	حدثنا علي بن محمد ثنا وكيع عن الفضل بن دلهم عن الحسن عن قبيصة بن حريث عن سلمة بن المحبق قال قيل لأبي ثابت سعد بن عبادة حين نزلت آية الحدود وكان رجلا غيورا أرأيت
urn:hadith:0273IbnMaja.Sunan:2608	al-Busiri (Misbah al-zujaja)	840	classical	chain	sound	هذا إسناد صحيح رجاله ثقات رواه النسائي في كتاب الرجم عن العباس بن محمد عن يوسف بن منازل به ورواه الدارقطني في سننه من طريق معاوية بن قرة أيضا ورواه الحاكم في المستدرك من طريق محمد بن إسحاق الصغاني عن يوسف بن منازل به فذكره ورواه البيهقي في الكبرى عن الحاكم بالإسناد والمتن وله شاهد من حديث البراء بن عازب رواه أصحاب السنن الأربعة	0.88	1	urn:openiti:0840ShihabDinBusiri.MisbahZujaja.JK000312-ara1:p07507	3:116	329	Ibn Maja	حدثنا محمد بن عبد الرحمن ابن أخي الحسين الجعفي ثنا يوسف بن منازل التميمي ثنا عبدالله بن إدريس عن خالد بن أبي كريمة عن معاوية بن قرة عن أبيه قال بعثني رسول الله 
urn:hadith:0273IbnMaja.Sunan:2609	al-Busiri (Misbah al-zujaja)	840	classical	chain	weak	هذا إسناد فيه مقال ابن أبي الضيف اسمه محمد بن أبي الضيف لم أر من جرحه ولا من وثقه وباقي رجال الإسناد على شرط مسلم وروى أبو داود في سننه الجملة الأولى من حديث أنس والجملة الثانية من حديث أبي هريرة	0.86	1	urn:openiti:0840ShihabDinBusiri.MisbahZujaja.JK000312-ara1:p07515	3:117	429	Ibn Maja	حدثنا أبو بشر بكر بن خلف ثنا ابن أبي الضيف ثنا عبدالله بن عثمان بن خثيم عن سعيد بن جبير عن ابن عباس قال قال رسول الله صلى الله عليه وسلم من انتسب إلى غير أبيه أ
urn:hadith:0273IbnMaja.Sunan:2611	al-Busiri (Misbah al-zujaja)	840	classical	chain	sound	هذا إسناد صحيح رجاله ثقات لأن محمد بن الصباح هو أبو جعفر الجرجاني التاجر قال ابن معين لا بأس به وقال أبو حاتم صالح الحديث وذكره ابن حبان في الثقات وباقي رجال الإسناد لا يسأل عن حالهم لشهرتهم رواه الإمام أحمد في مسنده من حديث عبدالله بن عروة أيضا ورواه أبو بكر بن أبي شيبة في مسنده من طريق الحكم عن مجاهد به إلا أنه قال من ادعى غير موالي وقال سبعين عاما وفي آخره زيادة وله شاهد في الصحيحن وغيرهما من حديث سعد بن أبي وقاص وأبي بكر	0.78	1	urn:openiti:0840ShihabDinBusiri.MisbahZujaja.JK000312-ara1:p07519	3:118	529	Ibn Maja	حدثنا محمد بن الصباح أنبأنا سفيان عن عبد الكريم عن مجاهد عن عبدالله بن عمرو قال قال رسول الله صلى الله عليه وسلم من ادعى إلى غير أبيه لم يرح رائحة الجنة وإن ريح
urn:hadith:0273IbnMaja.Sunan:2612	al-Busiri (Misbah al-zujaja)	840	classical	chain	sound	هذا إسناد صحيح رجاله ثقات لأن عقيل بن طلحة وثقه ابن معين والنسائي ذكره ابن حبان في الثقات وباقي رجال الإسناد على شرط مسلم	0.95	1	urn:openiti:0840ShihabDinBusiri.MisbahZujaja.JK000312-ara1:p07532	3:118	930	Ibn Maja	حدثنا أبو بكر بن أبي شيبة ثنا يزيد بن هارون ثنا حماد بن سلمة ح وحدثنا محمد بن يحيى ثنا سليمان بن حرب ح وحدثنا هارون بن حيان أنبأنا عبد العزيز بن المغيرة قالا ثن
urn:hadith:0273IbnMaja.Sunan:2613	al-Busiri (Misbah al-zujaja)	840	classical	chain	fabricated	هذا إسناد ضعيف بشير بن نمير البصري قال فيه يحيى بن سعيد القطان كان ركنا من أركان الكذب وقال أحمد ترك الناس حديثه وقال البخاري منكر الحديث وقال أبو حاتم متروك وقال النسائي غير ثقة ويحيى بن العلاء قال فيه أحمد كان يضع الحديث وقال ابن عدي أحاديثه لا يتابع عليه وكلها غير محفوظة والضعيف على رواياته وحديثه بين وأحاديثه موضوعات	1.0	1	urn:openiti:0840ShihabDinBusiri.MisbahZujaja.JK000312-ara1:p07551	3:119	729	Ibn Maja	حدثنا الحسن بن أبي الربيع الجرجاني أنبأنا عبد الرزاق أخبرني يحيى بن العلاء أنه سمع بشر بن نمير أنه سمع مكحولا يقول إنه سمع يزيد بن عبد الله أنه سمع صفوان بن أمي
urn:hadith:0273IbnMaja.Sunan:2618	al-Busiri (Misbah al-zujaja)	840	classical	chain	weak	هذا إسناد صحيح إن كان عبد الرحمن بن عائد الأزدي سمع من عقبة بن عامر فقد قيل إن روايته عند مرسلة رواه أبو بكر بن أبي شيبة في مسنده عن وكيع بإسناده ومتنه ورواه الحاكم في المستدرك عن أبي عمر وعثمان بن أحمد السماك من الحسن بن أبي معشر عن وكيع بن الجراح بإسناده ومتنه	1.0	1	urn:openiti:0840ShihabDinBusiri.MisbahZujaja.JK000312-ara1:p07563	3:121	829	Ibn Maja	حدثنا محمد بن عبد الله بن نمير ثنا وكيع ثنا إسماعيل بن أبي خالد عن عبد الرحمن بن عائذ عن عقبة بن عامر الجهني قال قال رسول الله صلى الله عليه وسلم من لقي الله لا
urn:hadith:0273IbnMaja.Sunan:2619	al-Busiri (Misbah al-zujaja)	840	classical	chain	sound	هذا إسناد صحيح رجاله ثقات رواه البيهقي والأصبهاني من هذا الوجه وله شاهد من حديث عبدالله بن عمرو ورواه النسائي في الصغرى من حديث بريدة بن الحصيب ومن حديث عبد الله	1.0	1	urn:openiti:0840ShihabDinBusiri.MisbahZujaja.JK000312-ara1:p07568	3:122	929	Ibn Maja	حدثنا هشام بن عمار ثنا الوليد بن مسلم ثنا مروان بن جناح عن أبي الجهم الجوزجاني عن البراء بن عازب أن رسول الله صلى الله عليه وسلم قال لزوال الدنيا أهون على الله 
urn:hadith:0273IbnMaja.Sunan:2620	al-Busiri (Misbah al-zujaja)	840	classical	chain	fabricated	هذا إسناد ضعيف يزيد بن أبي زياد الدمشقي قال فيه البخاري وأبو حاتم منكر الحديث زاد أبو حاتم ذاهب الحديث ضعيف كان حديثه موضوع وقال النسائي متروك الحديث وقال الترمذي ضعيف الحديث	1.0	1	urn:openiti:0840ShihabDinBusiri.MisbahZujaja.JK000312-ara1:p07573	3:122	039	Ibn Maja	حدثنا عمرو بن رافع ثنا مروان بن معاوية ثنا يزيد بن أبي زياد عن الزهري عن سعيد بن المسيب عن أبي هريرة قال قال رسول الله صلى الله عليه وسلم من أعان على قتل مؤمن ب
urn:hadith:0273IbnMaja.Sunan:2637	al-Busiri (Misbah al-zujaja)	840	classical	chain	weak	هذا إسناد ضعيف رشدين بن سعد ضعفه ابن معين وأبو حاتم الرازي وأبو زرعة والنسائي وابن حبان والجوزجاني وابن يونس وابن سعد وأبو داود والدارقطني وغيرهم وقال ابن الجوزي خص نسله بالضعف حجاج بن رشدين ومحمد بن حجاج وأحمد بن محمد انتهى رواه أبو يعلى الموصلي في مسنده ثنا أبو كريب فذكره بالإسناد والمتن وزاد إنما هي العقد ورواه من طريق عنيف بن سالم ثنا ابن لهيعة عن معاذ بن محمد فذكره	1.0	1	urn:openiti:0840ShihabDinBusiri.MisbahZujaja.JK000312-ara1:p07592	3:124	239	Ibn Maja	حدثنا أبو كريب ثنا رشدين بن سعد عن معاوية بن صالح عن معاذ بن محمد الأنصاري عن ابن صهبان عن العباس بن عبد المطلب قال قال رسول الله صلى الله عليه وسلم لا قود في ا
urn:hadith:0273IbnMaja.Sunan:2643	al-Busiri (Misbah al-zujaja)	840	classical	chain	weak	هذا إسناد رجاله ثقات إلا أنه منقطع إسحاق بن يحيى لم يدرك عبادة قاله البخاري والترمذي وله شاهد من حديث الضحاك بن سفيان رواه أصحاب السنن الأربعة وقال الترمذي حسن صحيح	1.0	1	urn:openiti:0840ShihabDinBusiri.MisbahZujaja.JK000312-ara1:p07601	3:124	339	Ibn Maja	حدثنا عبد ربه بن خالد النميري ثنا الفضيل بن سليمان ثنا موسى بن عقبة عن إسحاق بن يحيى بن الوليد عن عبادة بن الصامت أن النبي صلى الله عليه وسلم قضى لحمل بن مالك ا
urn:hadith:0273IbnMaja.Sunan:2644	al-Busiri (Misbah al-zujaja)	840	classical	chain	disputed_narrator	هذا إسناد فيه مقال عبد الرحمن بن عياش لم أر من ضعفه ولا من وثقه وعمرو بن شعيب عن أبيه عن جده مختلف فيه رواه أبو داود في سننه من طريق عمرو بن شعيب بلفظ دية المعاهد نصف دية الحر ورواه الترمذي في الجامع من طريق عمرو بن شعيب أيضا بلفظ دية عقل الكافر نصف دية عقل المؤمن وقال حديث حسن انتهى	1.0	1	urn:openiti:0840ShihabDinBusiri.MisbahZujaja.JK000312-ara1:p07608	3:125	439	Ibn Maja	حدثنا هشام بن عمار ثنا حاتم بن إسماعيل عن عبد الرحمن بن عياش عن عمرو بن شعيب عن أبيه عن جده أن رسول الله صلى الله عليه وسلم قضى أن عقل أهل الكتابين نصف عقل المس
urn:hadith:0273IbnMaja.Sunan:2646	al-Busiri (Misbah al-zujaja)	840	classical	chain	fair	هذا إسناد حسن الاختلاف في عمرو بن شعيب وابن أخي المقتول ولم أر من صنف في المبهمات سماه ولا يقدح ذلك في الإسناد لأن الصحابة كلهم عدول رواه البيهقي في سننه الكبرى من طريق مالك بن أنس عن يحيى بن سعيد به وسياقه أتم وأصله في أبي داود والترمذي بغير هذا اللفظ من طريق سليمان بن موسى عن عمرو بن شعيب وله شاهد من حديث أبي هريرة رواه الترمذي وابن ماجة ورواه أبو داود والترمذي والنسائي من حديث عمرو بن شعيب عن أبيه عن جده	0.94	1	urn:openiti:0840ShihabDinBusiri.MisbahZujaja.JK000312-ara1:p07617	3:126	539	Ibn Maja	حدثنا أبو كريب و عبدالله بن سعيد الكندي قالا ثنا أبو خالد الأحمر عن يحيى بن سعيد عن عمرو بن شعيب أن أبا قتادة رجل من بني مدلج قتل ابنه فأخذ منه عمر مائة من الإب
urn:hadith:0273IbnMaja.Sunan:2651	al-Busiri (Misbah al-zujaja)	840	classical	chain	sound	هذا إسناد صحيح رجاله ثقات رواه أبو داود في سننه والنسائي والحاكم والبيهقي من حديث عبدالله بن عمرو	1.0	1	urn:openiti:0840ShihabDinBusiri.MisbahZujaja.JK000312-ara1:p07626	3:127	639	Ibn Maja	حدثنا إسماعيل بن إبراهيم البالسي ثنا علي بن الحسن بن شقيق ثنا أبو حمزة المروزي ثنا يزيد النحوي عن عكرمة عن ابن عباس عن النبي صلى الله عليه وسلم أنه قضى في السن 
urn:hadith:0273IbnMaja.Sunan:2653	al-Busiri (Misbah al-zujaja)	840	classical	chain	fair	هذا إسناد حسن ومطر هو الوراق وسعيد هو ابن أبي عروبة وعبد الأعلى هو ابن عبد الأعلى السامي رواه داود والنسائي في سننهما من طريق عمرو بن شعيب به فلم يقولا سواء كلهن ولو يقولا من الإبل والباقي مثله ورواه الحاكم في المستدرك من طريق محمد بن بشر عن سعيد بن أبي عروبة بالإسناد والمتن ورواه البيهقي في الكبرى عن الحاكم فذكره ورواه أبو داود والنسائي وابن ماجة من حديث أبي موسى ورواه أبو داود والترمذي وابن ماجة والحاكم في المستدرك والبيهقي في سننه الكبرى من حديث عبدالله بن عباس رضي الله عنهما	1.0	1	urn:openiti:0840ShihabDinBusiri.MisbahZujaja.JK000312-ara1:p07635	3:127	739	Ibn Maja	حدثنا جميل بن الحسن العتكي ثنا عبد الأعلى ثنا سعيد عن مطر عن عمرو ابن شعيب عن أبيه عن جده أن رسول الله صلى الله عليه وسلم قال الأصابع سواء كلهن فيهن عشر عشر من 
urn:hadith:0273IbnMaja.Sunan:2660	al-Busiri (Misbah al-zujaja)	840	classical	chain	weak	هذا إسناد ضعيف حنش اسمه حسين بن قيس أبو علي الرحبي ضعفه أحمد وابن معين وأبو حاتم وأبو زرعة والبخاري والنسائي وابن المديني والدارقطني وغيرهم وله شاهد من حديث أبي جحيفة رواه البخاري وغيره ورواه الترمذي وابن ماجة من حديث ابن عمرو	1.0	1	urn:openiti:0840ShihabDinBusiri.MisbahZujaja.JK000312-ara1:p07641	3:128	839	Ibn Maja	حدثنا محمد بن عبد الأعلى الصنعاني ثنا معتمر بن سليمان عن أبيه عن حنش عن عكرمة عن ابن عباس عن النبي صلى الله عليه وسلم قال لا يقتل مؤمن بكافر ولا ذو عهد في عهده
urn:hadith:0273IbnMaja.Sunan:2664	al-Busiri (Misbah al-zujaja)	840	classical	chain	weak	هذا إسناد ضعيف لضعف إسحاق بن أبي فروة وتدليس إسماعيل بن عياش رواه الحاكم في المستدرك من طريق أبي بكر بن أبي شيبة عن إسماعيل بن عياش به وسياقه أتم ورواه البيهقي في الكبرى عن الحاكم إلا أنه فصل حديث كل صحابي بسند على حدته ورواه أبو بكر بن أبي شيبة والحارث بن أبي أسامة وأبو يعلى الموصلي من طريق إسماعيل بن أبي عياش به بزيادة ولم يذكر طريق عبدالله بن عمرو كما أفردته في زوائد المسانيد العشرة	1.0	1	urn:openiti:0840ShihabDinBusiri.MisbahZujaja.JK000312-ara1:p07653	3:128	939	Ibn Maja	حدثنا محمد بن يحيى ثنا ابن الطباع ثنا إسماعيل بن عياش عن إسحاق بن عبد الله بن أبي فروة عن إبراهيم بن عبد الله بن حنين عن أبيه عن علي وعن عمرو بن شعيب عن أبيه عن
urn:hadith:0273IbnMaja.Sunan:2668	al-Busiri (Misbah al-zujaja)	840	classical	chain	weak	هذا إسناد ضعيف لضعف مبارك بن فضالة وتدليسه رواه الدارقطني في سننه من طريق مبارك عن الحسن مرسلا ورواه الدارقطني من طريق البيهقي به ثم رواه البيهقي من طريق المبارك بن فضالة فذكره مرفوعا كما رواه ابن ماجه	1.0	1	urn:openiti:0840ShihabDinBusiri.MisbahZujaja.JK000312-ara1:p07660	3:129	049	Ibn Maja	حدثنا إبراهيم بن المستمر حدثنا الحر بن مالك العنبري ثنا مبارك بن فضالة عن الحسن عن أبي بكرة قال قال رسول الله صلى الله عليه وسلم قال لا قود إلا بالسيف
urn:hadith:0273IbnMaja.Sunan:2667	al-Busiri (Misbah al-zujaja)	840	classical	chain	unclassified	هذا إسناد فيه جابر الجعفي وهو متهم رواه الدارقطني في سننه من طريق الحسين عن النعمان به ورواه الحاكم في المستدرك من طريق يوسف بن يعقوب عن شعبة وسفيان عن جابر الجعفي به ورواه البيهقي أيضا من طريق قيس بن الربيع عن أبي حصين عن إبراهيم ابن بنت النعمان بن بشير عن النعمان به وقال قيس بن الربيع لا يحتج به ورواه الإمام أحمد في مسنده من حديث النعمان أيضا ورواه أبو بكر بن أبي شيبة في مسنده عن وكيع عن سفيان الثوري به وزاد ولكل خطأ أرش	1.0	1	urn:openiti:0840ShihabDinBusiri.MisbahZujaja.JK000312-ara1:p07665	3:129	149	Ibn Maja	حدثنا إبراهيم بن المستمر العروقي ثنا أبو عاصم عن سفيان عن جابر عن أبي عازب عن النعمان بن بشير أن رسول الله صلى الله عليه وسلم قال لا قود إلا بالسيف
urn:hadith:0273IbnMaja.Sunan:2670	al-Busiri (Misbah al-zujaja)	840	classical	chain	sound	هذا إسناد صحيح رجاله ثقات رواه أبو بكر بن أبي شيبة في مسنده ضمن متن طويل وروى النسائي طرفا منه في الزكاة رواه الدارقطني في سننه من حديث طارق بن عبد الله أيضا وله شاهد من حديث عمرو بن الأحوص ورواه أصحاب السنن الأربعة ورواه ابن حبان في صحيحه من حديث رمثة	0.87	1	urn:openiti:0840ShihabDinBusiri.MisbahZujaja.JK000312-ara1:p07674	3:130	249	Ibn Maja	حدثنا أبو بكر بن أبي شيبة ثنا عبدالله بن نمير عن يزيد بن أبي زياد ثنا جامع بن شداد عن طارق المحاربي قال رأيت رسول الله صلى الله عليه وسلم يرفع يديه حتى رأيت بيا
urn:hadith:0273IbnMaja.Sunan:2672	al-Busiri (Misbah al-zujaja)	840	classical	chain	disputed_narrator	هذا إسناد صحيح رجاله ثقات وأبو العوام اسمه عمران بن داود وإن ضعفه النسائي فقد وثقه الجمهور	0.88	1	urn:openiti:0840ShihabDinBusiri.MisbahZujaja.JK000312-ara1:p07682	3:131	449	Ibn Maja	حدثنا محمد بن عبدالله بن عبيد بن عقيل ثنا عمرو بن عاصم ثنا أبو العوام القطان عن محمد بن جحادة عن زياد بن علاقة عن أسامة بن شريك قال قال رسول الله صلى الله عليه 
urn:hadith:0273IbnMaja.Sunan:2674	al-Busiri (Misbah al-zujaja)	840	classical	chain	very_weak	هذا إسناد ضعيف كثير بن عبد الله كذبه الشافعي وأبو داود وضعفه أحمد وابن معين وقال ابن عبد البر مجمع على ضعفه	0.77	1	urn:openiti:0840ShihabDinBusiri.MisbahZujaja.JK000312-ara1:p07690	3:132	549	Ibn Maja	حدثنا أبو بكر بن أبي شيبة ثنا خالد بن مخلد ثنا كثير بن عبدالله بن عمرو بن عوف عن أبيه عن جده قال سمعت رسول الله صلى الله عليه وسلم يقول العجماء جرحها جبار والمع
urn:hadith:0273IbnMaja.Sunan:2675	al-Busiri (Misbah al-zujaja)	840	classical	chain	weak	هذا إسناد رجاله ثقات إلا أنه منقطع إسحاق بن يحيى لم يدرك عبادة قاله الترمذي وغيره	1.0	1	urn:openiti:0840ShihabDinBusiri.MisbahZujaja.JK000312-ara1:p07699	3:132	649	Ibn Maja	حدثنا عبد ربه بن خالد النميري ثنا فضيل بن سليمان حدثني موسى بن عقبة حدثني إسحاق بن يحيى بن الوليد عن عبادة بن الصامت قال قضى رسول الله صلى الله عليه وسلم أن الم
urn:hadith:0273IbnMaja.Sunan:2678	al-Busiri (Misbah al-zujaja)	840	classical	chain	weak	هذا إسناد ضعيف والعلة فيه تدليس الحجاج بن أرطأة	0.77	1	urn:openiti:0840ShihabDinBusiri.MisbahZujaja.JK000312-ara1:p07710	3:133	749	Ibn Maja	حدثنا عبدالله بن سعيد ثنا أبو خالد الأحمر عن حجاج عن عمرو بن شعيب عن أبيه عن جده أن حويصة ومحيصة ابني مسعود وعبدالله وعبد الرحمن ابني سهل خرجوا يمتارون بخيبر فع
urn:hadith:0273IbnMaja.Sunan:2683	al-Busiri (Misbah al-zujaja)	840	classical	chain	weak	هذا إسناد ضعيف لضعف حنش واسمه حسين بن قيس وقد تقدم وله شاهد من حديث علي بن أبي طالب رواه النسائي في الصغرى	1.0	1	urn:openiti:0840ShihabDinBusiri.MisbahZujaja.JK000312-ara1:p07727	3:134	949	Ibn Maja	حدثنا محمد بن عبد الأعلى الصنعاني ثنا المعتمر بن سليمان عن أبيه عن حنش عن عكرمة عن ابن عباس عن النبي صلى الله عليه وسلم قال المسلمون تتكافأ دماؤهم وهم يد على من
urn:hadith:0273IbnMaja.Sunan:2684	al-Busiri (Misbah al-zujaja)	840	classical	chain	weak	هذا إسناد ضعيف عبد السلام ضعفه ابن المديني وأبو حاتم وأبو زرعة والبزار وابن حبان رواه ابن عدي في الكامل عن عمر بن سنان عن إبراهيم بن سعيد عن أنس بن عياض عن عبد السلام فذكره بإسناده ومتنه وسياقه أتم ورواه البيهقي في سننه الكبرى عن أبي سعد الماليني عن ابن عدي به	1.0	1	urn:openiti:0840ShihabDinBusiri.MisbahZujaja.JK000312-ara1:p07732	3:135	059	Ibn Maja	حدثنا إبراهيم بن سعيد الجوهري ثنا أنس بن عياض أبو حمزة عن عبد السلام بن أبي الجنوب عن الحسن عن معقل بن يسار قال قال رسول الله صلى الله عليه وسلم المسلمون يد على
urn:hadith:0273IbnMaja.Sunan:2688	al-Busiri (Misbah al-zujaja)	840	classical	chain	sound	هذا إسناد صحيح رجاله ثقات رواه الإمام أحمد في مسنده من حديث رفاعة الجهني أيضا ورواه أبو داود الطيالسي في مسنده عن محمد بن إبان عن السدي عن رفاعة بلفظ إذا أمن الرجل الرجل على نفسه ثم قتله فأنا بريء من القاتل وإن كان المقتول كافرا وكذا لفظ النسائي ورواه النسائي في السير من طرق منها عن قتيبة عن أبي عوانة عن عمرو بن علي عن يحيى بن سعيد عن حماد بن سلمة عن عبد الملك ابن عمير وعن إسماعيل بن مسعود عن خالد بن الحارث عن يعقوب بن إبراهيم عن عبد الرحمن بن مهدي كلاهما عن قرة عن خالد عن عبد الملك بن عمير به ورواه الحاكم في المستدرك من طريق عبد الملك بن عمير به	1.0	1	urn:openiti:0840ShihabDinBusiri.MisbahZujaja.JK000312-ara1:p07747	3:136	259	Ibn Maja	حدثنا محمد بن عبد الملك بن أبي الشوارب ثنا أبو عوانة عن عبد الملك بن عمير عن رفاعة بن شداد القتباني قال لولا كلمة سمعتها من عمرو بن الحمق الخزاعي لمشيت فيما بين
urn:hadith:0273IbnMaja.Sunan:2689	al-Busiri (Misbah al-zujaja)	840	classical	chain	weak	هذا إسناد ضعيف ابن أبي ليلى هكذا وقع في ابن ماجة مبهما ووقع في التهذيب أبو ليلى يقال الخراساني روى عنه أبي عكاشة الهمداني وعنه وكيع بن الجراح يقال إنه عبد الله بن ميسرة الحراني انتهى فيحتمل أنه هذا وهو مجهول ويحتمل أنه محمد بن عبد الرحمن بن أبي ليلى وهو ضعيف وأبو عكاشة مجهول لا يعرف اسمه ورفاعة هو ابن شداد والحارث معروف من رواية رفاعة عن عمرو بن أعمق الخزاعي وكذا أخرجه النسائي وابن ماجة في الحديث قبله وحديث سليمان بن صرد هذا مما فات المزي في كتابه الأطراف	1.0	1	urn:openiti:0840ShihabDinBusiri.MisbahZujaja.JK000312-ara1:p07754	3:137	359	Ibn Maja	حدثنا علي بن محمد ثنا وكيع ثنا ابن أبي ليلى عن أبي عكاشة عن رفاعة قال دخلت على المختار في قصره فقال قام جبرائيل من عندي الساعة فما منعني من ضرب عنقه إلا حديث سم
urn:hadith:0273IbnMaja.Sunan:2694	al-Busiri (Misbah al-zujaja)	840	classical	chain	weak	هذا إسناد فيه ابن أنعم واسمه عبد الرحمن بن زياد وهو ضعيف وكذا الراوي عنه عبد الله بن لهيعة	0.82	1	urn:openiti:0840ShihabDinBusiri.MisbahZujaja.JK000312-ara1:p07763	3:138	459	Ibn Maja	حدثنا محمد بن يحيى ثنا أبو صالح عن ابن لهيعة عن ابن أنعم عن عبادة بن نسي عن عبد الرحمن بن غنم ثنا معاذ بن جبل و أبو عبيدة بن الجراح و عبادة بن الصامت و شداد بن 
urn:hadith:0273IbnMaja.Sunan:2697	al-Busiri (Misbah al-zujaja)	840	classical	chain	sound	هذا إسناد حسن لقصور أحمد بن المقدام عن درجة أهل الحفظ والضبط وباقي رجال الإسناد على شرط الشيخين رواه النسائي في كتاب الوفاة عن إسحاق بن إبراهيم عن جرير بن عبد الحميد عن المعتمر بن سليمان به ورواه في رواية ابن السيوطي عن هلال بن المعلا عن الخطابي عن المعتمر عن أبيه عن قتادة عن صاحب له عن أنس به ورواه ابن حبان في صحيحه عن محمد بن إسحاق الثقفي عن قتيبة عن سعيد عن جرير عن سليمان به وله شاهد من حديث علي بن أبي طالب رواه أبو داود في سننه وابن ماجه	1.0	1	urn:openiti:0840ShihabDinBusiri.MisbahZujaja.JK000312-ara1:p07775	3:139	559	Ibn Maja	حدثنا أحمد بن المقدام ثنا المعتمر بن سليمان سمعت أبي يحدث عن قتادة عن أنس بن مالك قال كانت عامة وصية رسول الله صلى الله عليه وسلم حين حضرته الوفاة وهو يغرغر بنف
urn:hadith:0273IbnMaja.Sunan:2700	al-Busiri (Misbah al-zujaja)	840	classical	chain	weak	هذا إسناد ضعيف لضعف الرقاشي والراوي عنه رواه مسدد في مسنده عن درست فذكره بإسناده وبزيارة في أوله كما بينته في زوائد مسنده ورواه أبو بكر بن أبي شيبة وداود الطيالسي في مسنده ثنا حفص بن غياث عن شيخ عن الرقاشي به وأصله في الصحيحين من حديث ابن عمر	1.0	1	urn:openiti:0840ShihabDinBusiri.MisbahZujaja.JK000312-ara1:p07783	3:140	659	Ibn Maja	حدثنا نصر بن علي الجهضمي ثنا درست بن زياد ثنا يزيد الرقاشي عن أنس بن مالك قال قال رسول الله صلى الله عليه وسلم المحروم من حرم وصيته
urn:hadith:0273IbnMaja.Sunan:2701	al-Busiri (Misbah al-zujaja)	840	classical	chain	weak	هذا إسناد ضعيف لتدليس بقية وشيخه يزيد بن عوف لم أر من تكلم فيه قال المزي رواه سعيد بن عمرو السكري الحمصي عن بقية عن يزيد بن عوف عن عمر بن صبح عن أبي الزبير	1.0	1	urn:openiti:0840ShihabDinBusiri.MisbahZujaja.JK000312-ara1:p07789	3:140	759	Ibn Maja	حدثنا محمد بن المصفى الحمصي ثنا بقية بن الوليد عن يزيد بن عوف عن أبي الزبير عن جابر بن عبد الله قال قال رسول الله صلى الله عليه وسلم من مات على وصية مات على سبي
urn:hadith:0273IbnMaja.Sunan:2703	al-Busiri (Misbah al-zujaja)	840	classical	chain	weak	هذا إسناد ضعيف لضعف زيد العمى وابنه عبدالرحيم	1.0	1	urn:openiti:0840ShihabDinBusiri.MisbahZujaja.JK000312-ara1:p07796	3:141	859	Ibn Maja	حدثنا سويد بن سعيد ثنا عبد الرحيم بن زيد العمي عن أبيه عن أنس بن مالك قال قال رسول الله صلى الله عليه وسلم من فر من ميراث وارثه قطع الله ميراثه من الجنة يوم الق
urn:hadith:0273IbnMaja.Sunan:2705	al-Busiri (Misbah al-zujaja)	840	classical	chain	fabricated	هذا إسناد ضعيف بقية مدلس وشيخه مجهول رواه الدارقطني في سننه من حديث معاوية بن قرة أيضا ورواه ابن الجوزي في الموضوعات من طريق يعقوب بن محمد الزهري عن عبد الله بن عصمة عن بشر بن حكيم عن سالم بن كثير عن معاوية بن قرة فذكره بإسناده ومتنه وضعفوه من أجل يعقوب وقال هذا حديث لا يصح	1.0	1	urn:openiti:0840ShihabDinBusiri.MisbahZujaja.JK000312-ara1:p07810	3:142	069	Ibn Maja	حدثنا يحيى بن عثمان بن سعيد بن كثير بن دينار الحمصي ثنا بقية عن أبي حلبس عن خليد بن أبي خليد عن معاوية بن قرة عن أبيه قال قال رسول الله صلى الله عليه وسلم من حض
urn:hadith:0273IbnMaja.Sunan:2709	al-Busiri (Misbah al-zujaja)	840	classical	chain	weak	هذا إسناد ضعيف طلحة بن عمرو والحضرمي المكي ضعفه أحمد وابن معين وأبو حاتم وأبو زرعة والبخاري وأبو داود والنسائي والبزار والدارقطني وأبو أحمد الحاكم وغيرهم وله شاهد في الصحيحين وغيرهما من حديث سعد بن أبي وقاص وابن عباس	1.0	1	urn:openiti:0840ShihabDinBusiri.MisbahZujaja.JK000312-ara1:p07829	3:143	269	Ibn Maja	حدثنا علي بن محمد ثنا وكيع عن طلحة بن عمرو عن عطاء عن أبي هريرة قال قال رسول الله صلى الله عليه وسلم إن الله تصدق عليكم عند وفاتكم بثلث أموالكم زيادة لكم في أعم
urn:hadith:0273IbnMaja.Sunan:2710	al-Busiri (Misbah al-zujaja)	840	classical	chain	very_weak	هذا إسناد فيه مقال صالح بن محمد بن يحيى لم أر من جرحه ولا من وثقه ومبارك بن حسان وثقه ابن معين وقال النسائي ليس بالقوي وقال أبو داود مبكر الحديث وقال ابن حبان في الثقات يخطىء ويخالف وقالت الأزدي متروك	0.91	1	urn:openiti:0840ShihabDinBusiri.MisbahZujaja.JK000312-ara1:p07835	3:143	369	Ibn Maja	حدثنا صالح بن محمد بن يحيى بن سعيد القطان ثنا عبيد الله بن موسى أنبأنا مبارك بن حسان عن نافع عن ابن عمر قال قال رسول الله صلى الله عليه وسلم يا ابن آدم اثنتان ل
urn:hadith:0273IbnMaja.Sunan:2714	al-Busiri (Misbah al-zujaja)	840	classical	chain	sound	هذا إسناد صحيح رجاله ثقات رواه الدارقطني في سننه من طريق عبد الرحمن بن يزيد به ورواه البيهقي في الكبرى من طريق الدارقطني فذكره وله شاهد من حديث خارجة وأبو أمامة رواه أصحاب السنن وقال الترمذي فيهما حسن صحيح	1.0	1	urn:openiti:0840ShihabDinBusiri.MisbahZujaja.JK000312-ara1:p07846	3:144	469	Ibn Maja	حدثنا هشام بن عمار ثنا محمد بن شعيب بن شابور ثنا عبد الرحمن بن يزيد بن جابر عن سعيد بن أبي سعيد أنه حدثه عن أنس بن مالك قال إني لتحت ناقة رسول الله صلى الله علي
urn:hadith:0273IbnMaja.Sunan:2725	al-Busiri (Misbah al-zujaja)	840	classical	chain	weak	هذا إسناد ضعيف لضعف ليث بن أبي سليم وتدليسه رواه الدارمي في مسنده عن أبي نعيم عن شريك به ورواه أبو بكر بن أبي شيبة في مسنده عن معاوية بن هشام ثنا شريك فذكره وكذا رواه البيهقي في سننه الكبرى من طريق شريك وله شاهد من حديث محمد بن مسلمة والمغيرة بن شعبة رواه أصحاب السنن الأربعة	0.73	1	urn:openiti:0840ShihabDinBusiri.MisbahZujaja.JK000312-ara1:p07869	3:146	669	Ibn Maja	حدثنا عبد الرحمن بن عبد الوهاب ثنا سلم بن قتيبة عن شريك عن لي عن طاوس عن ابن عباس أن رسول الله صلى الله عليه وسلم ورث جدة سدسا
urn:hadith:0273IbnMaja.Sunan:2727	al-Busiri (Misbah al-zujaja)	840	classical	chain	weak	هذا إسناد رجاله ثقات إلا أنه منقطع قال أبو زرعة وأبو حاتم حديث مرة بن شرحبيل عن عمر بن الخطاب مرسل وقال أبو حاتم لم يدركه	0.92	1	urn:openiti:0840ShihabDinBusiri.MisbahZujaja.JK000312-ara1:p07886	3:148	869	Ibn Maja	حدثنا علي بن محمد و أبو بكر بن أبي شيبة قالا ثنا وكيع ثنا سفيان ثنا عمرو بن مرة عن مرة بن شراحيل قال قال عمر بن الخطاب ثلاث لأن يكون رسول الله صلى الله عليه وسل
urn:hadith:0273IbnMaja.Sunan:2736	al-Busiri (Misbah al-zujaja)	840	classical	chain	fabricated	هذا إسناد ضعيف محمد بن سعيد هو المصلوب قال أحمد بن حنبل حديثه موضوع وقال مرة عمدا كان يضع الحديث وقال قال أبو أحمد الحافظ كان يضع الحديث صلب على الزندقة وقال الحاكم أبو عبدالله هو ساقط بلا خلاف بين أئمة النقل فيه وقال الفلاس حدث بأحاديث موضوعة قال المزي في الأطراف وقع في بعض النسخ المتأخرة عمر بن سعيد والصواب عمر بن سعيد كما وقع في عامة الأصول القديمة وقال الذهبي في الكاشف عمر بن سعيد عن عمر بن شعيب وعن الحسن بن صالح وصوابه محمد بن سعيد انتهى	0.85	1	urn:openiti:0840ShihabDinBusiri.MisbahZujaja.JK000312-ara1:p07898	3:148	969	Ibn Maja	حدثنا علي بن محمد و محمد بن يحيى قالا ثنا عبيدالله بن موسى عن الحسن بن صالح عن محمد بن سعيد وقال محمد بن يحيى عن عمر بن سعيد عن عمرو بن شعيب حدثني أبي عن جدي عب
urn:hadith:0273IbnMaja.Sunan:2743	al-Busiri (Misbah al-zujaja)	840	classical	chain	weak	هذا إسناد ضعيف يحيى بن حرب مجهول قال الذهبي في الكاشف وموسى بن عبيدة الربذي ضعفوه	1.0	1	urn:openiti:0840ShihabDinBusiri.MisbahZujaja.JK000312-ara1:p07909	3:150	079	Ibn Maja	حدثنا أبو بكر بن أبي شيبة ثنا زيد بن الحباب عن موسى بن عبيدة حدثني يحيى بن حرب عن سعيد بن أبي سعيد المقبري عن أبي هريرة قال لما نزلت آية اللعان قال رسول الله صل
urn:hadith:0273IbnMaja.Sunan:2744	al-Busiri (Misbah al-zujaja)	840	classical	chain	sound	هذا إسناد صحيح وهو في بعض النسخ دون بعض ولم يذكره المزي في الأطراف وأظنه من زيادات أبي الحسن علي بن إبراهيم القطان	0.71	1	urn:openiti:0840ShihabDinBusiri.MisbahZujaja.JK000312-ara1:p07914	3:150	179	Ibn Maja	حدثنا محمد بن يحيى ثنا عبد العزيز بن عبدالله ثنا سليمان بن بلال عن يحيى بن سعيد عن عمرو بن شعيب عن أبيه عن جده أن النبي صلى الله عليه وسلم قال كفر بامرىء ادعاء 
urn:hadith:0273IbnMaja.Sunan:2746	al-Busiri (Misbah al-zujaja)	840	classical	chain	fair	هذا إسناد حسن روى أبو داود والترمذي بعضه من هذا الوجه وهذا في بعض النسخ دون بعض ولم يذكره المزي وهو وارد عليه وقد ألحقته في الأطراف	1.0	1	urn:openiti:0840ShihabDinBusiri.MisbahZujaja.JK000312-ara1:p07929	3:151	279	Ibn Maja	حدثنا محمد بن يحيى ثنا محمد بن بكار بن بلال الدمشقي أنبأنا محمد بن راشد عن سليمان بن موسى عن عمرو بن شعيب عن أبيه عن جده أن رسول الله صلى الله عليه وسلم قال كل 
urn:hadith:0273IbnMaja.Sunan:2749	al-Busiri (Misbah al-zujaja)	840	classical	chain	weak	هذا إسناد ضعيف لضعف ابن لهيعة	0.77	1	urn:openiti:0840ShihabDinBusiri.MisbahZujaja.JK000312-ara1:p07937	3:151	379	Ibn Maja	حدثنا محمد بن رمح أنبأنا عبدالله بن لهيعة عن عقيل أنه سمع نافعا يخبر عن عبدالله بن عمر أن رسول الله صلى الله عليه وسلم قال ما كان من ميراث قسم في الجاهلية فهو ع
urn:hadith:0273IbnMaja.Sunan:2754	al-Busiri (Misbah al-zujaja)	840	classical	chain	weak	هذا إسناد ضعيف عطية هو ابن سعد العوفي ضعفه أحمد وأبو حاتم وأبو زرعة وابن عدي وغيرهم رواه أبو بكر بن أبي شيبة في مسنده هكذا بإسناده ومتنه وأصله في الصحيحين وغيرهما من حديث أبي هريرة	0.68	1	urn:openiti:0840ShihabDinBusiri.MisbahZujaja.JK000312-ara1:p07949	3:152	479	Ibn Maja	حدثنا أبو بكر بن أبي شيبة و أبو كريب قالا ثنا عبيد الله بن موسى عن شيبان عن فراس عن عطية عن أبي سعيد الخدري عن النبي صلى الله عليه وسلم قال المجاهد في سبيل الله
urn:hadith:0273IbnMaja.Sunan:2758	al-Busiri (Misbah al-zujaja)	840	classical	chain	weak	هذا إسناد صحيح إن كان عثمان بن عبد الله سمع من عمر بن الخطاب فقد قال في التهذيب إن روايته عنه مرسلة قال شيخنا أبو زرعة أبقاه الله وروايته عن عمر بن الخطاب في صحيح ابن حبان	0.79	1	urn:openiti:0840ShihabDinBusiri.MisbahZujaja.JK000312-ara1:p07957	3:153	579	Ibn Maja	حدثنا أبو بكر بن أبي شيبة ثنا يونس بن محمد ثنا ليث بن سعد عن يزيد بن عبدالله بن الهاد عن الوليد بن أبي الوليد عن عثمان بن عبدالله بن سراقة عن عمر بن الخطاب قال 
urn:hadith:0273IbnMaja.Sunan:2761	al-Busiri (Misbah al-zujaja)	840	classical	chain	weak	هذا إسناد ضعيف الخليل بن عبدالله لا يعرف قاله الذهبي وابن عبد الهادي	0.67	1	urn:openiti:0840ShihabDinBusiri.MisbahZujaja.JK000312-ara1:p07966	3:154	679	Ibn Maja	حدثنا هارون بن عبدالله الحمال ثنا ابن أبي فديك عن الخليل بن عبدالله عن الحسن عن علي بن أبي طالب و أبي الدرداء و أبي هريرة و أبي أمامة الباهلي و عبدالله بن عمر و
urn:hadith:0273IbnMaja.Sunan:2766	al-Busiri (Misbah al-zujaja)	840	classical	chain	weak	هذا إسناد ضعيف عبد الرحمن بن زيد ضعفه أحمد وابن معين وابن المديني والنسائي	0.93	1	urn:openiti:0840ShihabDinBusiri.MisbahZujaja.JK000312-ara1:p07978	3:154	779	Ibn Maja	حدثنا هشام بن عمار ثنا عبد الرحمن بن زيد بن أسلم عن أبيه عن مصعب بن ثابت عن عبدالله بن الزبير قال خطب عثمان بن عفان الناس فقال يا أيها الناس إني سمعت حديثا من ر
urn:hadith:0273IbnMaja.Sunan:2767	al-Busiri (Misbah al-zujaja)	840	classical	chain	sound	هذا إسناد صحيح رجاله ثقات رواه البزار في مسنده عن أحمد بن منصور بن يسار عن عبدالله بن صالح عن الليث عن زهرة بن معبد عن أبي صالح مولى عثمان عن عثمان وأبي هريرة به وله شاهد من حديث سلمان الفارسي رواه مسلم في صحيحه وغيره ورواه أحمد بن حنبل في مسنده من حديث أبي هريرة أيضا ومن حديث عقبة بن عامر الجهني	0.9	1	urn:openiti:0840ShihabDinBusiri.MisbahZujaja.JK000312-ara1:p07985	3:155	879	Ibn Maja	حدثنا يونس بن عبد الأعلى ثنا عبدالله بن وهب أخبرني الليث عن زهرة بن معبد عن أبيه عن أبي هريرة عن رسول الله صلى الله عليه وسلم قال من مات مرابطا في سبيل الله أجر
urn:hadith:0273IbnMaja.Sunan:2768	al-Busiri (Misbah al-zujaja)	840	classical	chain	weak	هذا إسناد ضعيف لضعف محمد بن يعلى وشيخه عمر بن صبح	1.0	1	urn:openiti:0840ShihabDinBusiri.MisbahZujaja.JK000312-ara1:p07993	3:156	979	Ibn Maja	حدثنا محمد بن إسماعيل بن سمرة حدثنا محمد بن يعلى السلمي ثنا عمر بن صبيح عن عبد الرحمن بن عمرو عن مكحول عن أبي بن كعب قال قال رسول الله صلى الله عليه وسلم لرباط 
urn:hadith:0273IbnMaja.Sunan:2769	al-Busiri (Misbah al-zujaja)	840	classical	chain	weak	هذا إسناد ضعيف صالح بن محمد ضعفه ابن معين وأبو زرعة وأبو حاتم والبخاري وأبو داود والنسائي وابن عدي وغيرهم رواه البزار في مسنده عن الحكم بن المبارك عن عبد العزيز بن محمد الدراوردي به ورواه البيهقي في سننه الكبرى من طريق علي بن بحر عن الدراوردي فذكره ورواه أبو يعلى الموصلي في مسنده ثنا عبد الأعلى بن حماد القرشي ثنا عبد العزيز بن محمد فذكره	1.0	1	urn:openiti:0840ShihabDinBusiri.MisbahZujaja.JK000312-ara1:p08001	3:157	089	Ibn Maja	حدثنا محمد بن الصباح أنبأنا عبد العزيز بن محمد عن صالح بن محمد بن زائدة عن عمر بن عبد العزيز عن عقبة بن عامر الجهني قال قال رسول الله صلى الله عليه وسلم رحم الل
urn:hadith:0273IbnMaja.Sunan:2770	al-Busiri (Misbah al-zujaja)	840	classical	chain	fabricated	هذا إسناد ضعيف سعيد بن خالد قال البخاري فيه نظر وقال أبو عبدالله الحاكم روى عن أنس أحاديث موضوعة وقال أبو نعيم روى عن أنس مناكير وقال أبو حاتم أحاديثه عن أنس لا تعرف	0.9	1	urn:openiti:0840ShihabDinBusiri.MisbahZujaja.JK000312-ara1:p08006	3:157	189	Ibn Maja	حدثنا عيسى بن يونس الرملي ثنا محمد بن شعيب بن شابور عن سعيد بن خالد بن أبي الطويل قال سمعت أنس بن مالك يقول سمعت رسول الله صلى الله عليه وسلم يقول حرس ليلة في س
urn:hadith:0273IbnMaja.Sunan:2773	al-Busiri (Misbah al-zujaja)	840	classical	chain	sound	هذا إسناد صحيح رجاله ثقات وشيبان هو ابن عبد الرحمن والوليد هو ابن مسلم صرح بالتحديث فزالت تهمة التدليس	1.0	1	urn:openiti:0840ShihabDinBusiri.MisbahZujaja.JK000312-ara1:p08015	3:158	289	Ibn Maja	حدثنا أحمد بن عبد الرحمن بن بكار بن عبد الملك بن الوليد بن بسر بن أبي أرطأة ثنا الوليد حدثني شيبان عن الأعمش عن أبي صالح عن ابن عباس عن النبي صلى الله عليه وسلم
urn:hadith:0273IbnMaja.Sunan:2775	al-Busiri (Misbah al-zujaja)	840	classical	chain	fair	هذا إسناد حسن مختلف رجال إسناده	1.0	1	urn:openiti:0840ShihabDinBusiri.MisbahZujaja.JK000312-ara1:p08019	3:158	389	Ibn Maja	حدثنا محمد بن سعيد بن يزيد بن إبراهيم التستري ثنا أبو عاصم عن شبيب عن أنس بن مالك قال قال رسول الله صلى الله عليه وسلم من راح روحة في سبيل الله كان له بمثل ما أ
urn:hadith:0273IbnMaja.Sunan:2777	al-Busiri (Misbah al-zujaja)	840	classical	chain	weak	هذا إسناد ضعيف لضعف معاوية بن يحيى وشيخه ليث بن أبي سليم	1.0	1	urn:openiti:0840ShihabDinBusiri.MisbahZujaja.JK000312-ara1:p08027	3:159	489	Ibn Maja	حدثنا هشام بن عمار ثنا بقية عن معاوية بن يحيى عن ليث بن أبي سليم عن يحيى بن عباد عن أم الدرداء عن أبي الدرداء أن رسول الله صلى الله عليه وسلم قال غزوة في البحر 
urn:hadith:0273IbnMaja.Sunan:2778	al-Busiri (Misbah al-zujaja)	840	classical	chain	weak	هذا إسناد ضعيف عفير بن معدان المؤذن ضعفه أحمد وابن معين ودحيم وأبو حاتم والبخاري والنسائي وغيرهم	0.93	1	urn:openiti:0840ShihabDinBusiri.MisbahZujaja.JK000312-ara1:p08037	3:159	589	Ibn Maja	حدثنا عبيد الله بن يوسف الجبيري ثنا قيس بن محمد الكندي ثنا عفير بن معدان الشامي عن سليم بن عامر قال سمعت أبا أمامة يقول سمعت رسول الله صلى الله عليه وسلم يقول ش
urn:hadith:0273IbnMaja.Sunan:2779	al-Busiri (Misbah al-zujaja)	840	classical	chain	weak	هذا إسناد فيه مقال قيس هو ابن الربيع ضعفه أحمد وابن المديني ووكيع والنسائي والدارقطني وقال أبو حاتم ليس بالقوي ومحله الصدق وقال العجلي كان معروفا بالحديث صدوقا وقال ابن عدي رواياته مستقيمة قال والقول فيه ما قال شعبة إنه لا بأس به	1.0	1	urn:openiti:0840ShihabDinBusiri.MisbahZujaja.JK000312-ara1:p08048	3:160	689	Ibn Maja	حدثنا محمد بن يحيى ثنا أبو داود ح وحدثنا محمد بن عبد الملك الواسطي ثنا يزيد بن هارون ح وحدثنا علي بن المنذر ثنا إسحاق بن منصور كلهم عن قيس عن أبي حصين عن أبي صا
urn:hadith:0273IbnMaja.Sunan:2780	al-Busiri (Misbah al-zujaja)	840	classical	chain	fabricated	هذا إسناد ضعيف مسلسل بالضعفاء يزيد بن إبان والربيع بن صبح وداود بن المحبر ضعفاء ذكره ابن الجوزي في الموضوعات وقال هذا الحديث موضوع لا شك فيه ولا اتهم بوضع هذا الحديث غير يزيد بن إبان قال والعجب من ابن ماجة مع علمه كيف استحل أن يذكر هذا الحديث في كتاب السنن ولا يتكلم عليه أتراه ما سمع في الصحيح عن النبي صلى الله عليه وسلم أنه قال من روى عني حديثا يرى أنه كذب فهو أحد الكاذبين أما علم أن العوام يقولون لولا أن هذا صحيح ما ذكره مثل هذا العالم فيعملون بمقتضاه ولكن غلب عليه بالعصبية للبلد والموطن	1.0	1	urn:openiti:0840ShihabDinBusiri.MisbahZujaja.JK000312-ara1:p08058	3:160	789	Ibn Maja	حدثنا إسماعيل بن أسد ثنا داود بن المحبر أنبأنا الربيع بن صبيح عن يزيد بن أبان عن أنس بن مالك قال قال رسول الله صلى الله عليه وسلم ستفتح عليكم الآفاق وستفتح عليك
urn:hadith:0273IbnMaja.Sunan:2791	al-Busiri (Misbah al-zujaja)	840	classical	chain	weak	هذا إسناد ضعيف محمد وأبوه عقبة وجده مجهولون والجد لم يسم وقد روي من حديث طاهر بن روح عن أبيه عن جده روح بن زنباع عن تميم الداري ورواه الطبراني في المعجم الصغير من رواية عبد الله بن شوذب عن إبراهيم بن أبي عبلة عن روح بن زنباع عن تميم الداري وهذا إسناد لا بأس به وهو أحسن من سند ابن ماجه	0.89	1	urn:openiti:0840ShihabDinBusiri.MisbahZujaja.JK000312-ara1:p08069	3:162	889	Ibn Maja	حدثنا أبو عمير عيسى بن محمد الرملي ثنا أحمد بن يزيد بن روح الدرامي عن محمد بن عقبة القاضي عن أبيه عن جده عن تميم الداري قال سمعت رسول الله صلى الله عليه وسلم يق
urn:hadith:0273IbnMaja.Sunan:2794	al-Busiri (Misbah al-zujaja)	840	classical	chain	weak	هذا إسناد فيه محمد بن ذكوان الطاحي ويقال الجهضمي وهو ضعيف الإمام في مسنده من حديث عمرو بن عبسة أيضا لكن لم ينفرد به محمد بن ذكوان فقد رواه عبد بن حميد ثنا عبد الرزاق ثنا معمر عن أيوب عن أبي قلابة عن عمرو بن عبسة عن النبي صلى الله عليه وسلم فذكره مطولا كما أوردته في زوائد المسانيد العشرة	1.0	1	urn:openiti:0840ShihabDinBusiri.MisbahZujaja.JK000312-ara1:p08082	3:163	099	Ibn Maja	حدثنا أبو بكر بن أبي شيبة ثنا يعلى بن عبيد ثنا حجاج بن دينار عن محمد بن ذكوان عن شهر بن حوشب عن عمرو بن عبسة قال أتيت النبي صلى الله عليه وسلم فقلت يا رسول الله
urn:hadith:0273IbnMaja.Sunan:2795	al-Busiri (Misbah al-zujaja)	840	classical	chain	sound	هذا إسناد صحيح رجاله ثقات	0.92	1	urn:openiti:0840ShihabDinBusiri.MisbahZujaja.JK000312-ara1:p08087	3:164	199	Ibn Maja	حدثنا بشر بن آدم و أحمد بن ثابت الجحدري قالا ثنا صفوان بن عيسى ثنا محمد بن عجلان عن القعقاع بن حكيم عن أبي صالح عن أبي هريرة قال قال رسول الله صلى الله عليه وسل
urn:hadith:0273IbnMaja.Sunan:2798	al-Busiri (Misbah al-zujaja)	840	classical	chain	weak	هذا إسناد فيه هلال القرشي مولاهم البصري وهو ضعيف والظئر بكسر الطاء المعجمة بعدها همزة ساكنة هي المرضع والبراح بفتح الباء الموحدة وبالحاء المهملة هما الأرض المتسعة لا زرع فيها رواه محمد بن يحيى بن أبي عمر في مسنده عن حماد بن مسعدة عن ابن عون بالإسناد والمتن ورواه أبو بكر بن أبي شيبة في مسنده هكذا وهكذا رواه أحمد بن منيع ثنا عباد بن عباد عن ابن عوف به وزاد زوجاه من الحور العين	0.92	1	urn:openiti:0840ShihabDinBusiri.MisbahZujaja.JK000312-ara1:p08096	3:164	299	Ibn Maja	حدثنا أبو بكر بن أبي شيبة ثنا ابن أبي عدي عن ابن عرن عن هلال بن أبي زينب عن شهر بن حوشب عن أبي هريرة عن النبي صلى الله عليه وسلم قال ذكر الشهداء عند النبي صلى ا
urn:hadith:0273IbnMaja.Sunan:2806	al-Busiri (Misbah al-zujaja)	840	classical	chain	weak	هذا إسناد صحيح رجاله ثقات على شرط البخاري رواه الترمذي في الشمائل عن محمد بن يحيى بن أبي عمر عن سفيان به ورواه النسائي في كتاب السير عن عبد الله بن محمد الضعيف عن سفيان بن عيينة به	0.85	1	urn:openiti:0840ShihabDinBusiri.MisbahZujaja.JK000312-ara1:p08103	3:165	399	Ibn Maja	حدثنا هشام بن سوار ثنا سفيان بن عيينة عن يزيد بن خصيفة عن السائب بن يزيد أن النبي صلى الله عليه وسلم يوم أحد أخذ درعين كأنه ظاهر بينهما
urn:hadith:0273IbnMaja.Sunan:2809	al-Busiri (Misbah al-zujaja)	840	classical	chain	weak	هذا إسناد فيه مقال أبو الخليل هو عبد الله بن أبي الخليل ذكره ابن حبان في الثقات وقال البخاري لا يتابع عليه وأبو إسحاق هو عمرو بن عبد الله السبيعي اختلط بآخره رواه النسائي في الكبرى عن محمود بن غيلان عن وكيع به ورواه أبو يعلى الموصلي في مسنده ثنا أبو موسى ثنا أبو أحمد ثنا سفيان فذكره بتمامه	1.0	1	urn:openiti:0840ShihabDinBusiri.MisbahZujaja.JK000312-ara1:p08112	3:165	499	Ibn Maja	حدثنا محمد بن إسماعيل بن سمرة أنبأنا وكيع عن سفيان عن أبي إسحاق عن أبي الخليل عن علي بن أبي طالب قال كان المغيرة بن شعبة إذا غزا مع النبي صلى الله عليه وسلم حمل
urn:hadith:0273IbnMaja.Sunan:2810	al-Busiri (Misbah al-zujaja)	840	classical	chain	weak	هذا إسناد ضعيف عبد الله بن بسر الجبراني ضعفه يحيى القطان وابن معين وأبو حاتم والترمذي والنسائي والدارقطني وذكره ابن حبان في الثقات فما أجاد رواه أبو داود الطيالسي في مسنده عن أشعث فذكره بزيادة في أوله كما ذكرته في زوائد أبي داود الطيالسي	0.84	1	urn:openiti:0840ShihabDinBusiri.MisbahZujaja.JK000312-ara1:p08121	3:166	599	Ibn Maja	حدثنا محمد بن إسماعيل بن سمرة أنبأنا عبيد الله بن موسى عن أشعث بن سعيد عن عبد الله بن بسر عن أبي راشد عن علي قال كانت بيد رسول الله صلى الله عليه وسلم قوس عربية
urn:hadith:0273IbnMaja.Sunan:2815	al-Busiri (Misbah al-zujaja)	840	classical	chain	sound	هذا إسناد صحيح رجاله ثقات وله شاهد من حديث سلمة بن الأكوع رواه البخاري في صحيحه	1.0	1	urn:openiti:0840ShihabDinBusiri.MisbahZujaja.JK000312-ara1:p08130	3:166	699	Ibn Maja	حدثنا محمد بن يحيى ثنا عبد الرزاق أنبأنا سفيان عن الأعمش عن زياد بن الحصين عن أبي العالية عن ابن عباس قال مر النبي صلى الله عليه وسلم بنفر يرمون فقال رميا بني إ
urn:hadith:0273IbnMaja.Sunan:2823	al-Busiri (Misbah al-zujaja)	840	classical	chain	weak	هذا إسناد ضعيف لضعف علي وسنيد بن داود	1.0	1	urn:openiti:0840ShihabDinBusiri.MisbahZujaja.JK000312-ara1:p08139	3:167	799	Ibn Maja	حدثنا عبيد الله بن عبد الكريم ثنا سنيد بن داود عن خالد بن حيان الرقي أنبأنا علي بن عروة البارقي ثنا يونس بن يزيد عن أبي الزناد عن خارجة بن زيد قال رأيت رجلا يسأ
urn:hadith:0273IbnMaja.Sunan:2824	al-Busiri (Misbah al-zujaja)	840	classical	chain	weak	هذا إسناد ضعيف لضعف ابن لهيعة وشيخه زبان بن فائد رواه الإمام أحمد من حديث معاذ بن أنس والحاكم في المستدرك من طريق يحيى بن أيوب عن زبان بن فايد به	1.0	1	urn:openiti:0840ShihabDinBusiri.MisbahZujaja.JK000312-ara1:p08147	3:167	1002	Ibn Maja	حدثنا جعفر بن مسافر ثنا أبو الأسود ثنا ابن لهيعة عن زبان بن فائد عن سهل بن معاذ بن أنس عن أبيه عن رسول الله صلى الله عليه وسلم قال لأن أشيع مجاهدا في سبيل الله 
urn:hadith:0273IbnMaja.Sunan:2825	al-Busiri (Misbah al-zujaja)	840	classical	chain	weak	هذا إسناد فيه عبد الله بن لهيعة وهو ضعيف لكن لم ينفرد به ابن لهيعة فقد رواه النسائي في عمل اليوم والليلة عن يونس بن عبد الأعلى عن ابن وهب عن الليث وسعيد بن أبي سعيد كلاهما عن الحسن بن ثوبان به ورواه أبو يعلى الموصلي في مسنده من طريق ابن لهيعة به	1.0	1	urn:openiti:0840ShihabDinBusiri.MisbahZujaja.JK000312-ara1:p08152	3:168	999	Ibn Maja	حدثنا هشام بن عمار ثنا الوليد بن مسلم ثنا ابن لهيعة عن الحسن بن ثوبان عن موسى بن وردان عن أبي هريرة قال ودعني رسول الله صلى الله عليه وسلم فقال أستودعك الله الذ
urn:hadith:0273IbnMaja.Sunan:2826	al-Busiri (Misbah al-zujaja)	840	classical	chain	weak	هذا إسناد ضعيف ابن أبي ليلى هو محمد بن عبد الرحمن بن أبي ليلى وهو ضعيف رواه أو داود في سننه من طريق قزعة بن يحيى عن ابن عمر به دون قوله إذا شخص السرايا ورواه البيهقي في سننه الكبرى من طريق مجاهد عن ابن عمر كما رواه أبو داود والنسائي في عمل اليوم والليلة عن يحيى بن محمد بن السكن عن حبان هلال به	1.0	1	urn:openiti:0840ShihabDinBusiri.MisbahZujaja.JK000312-ara1:p08157	3:168	0001	Ibn Maja	حدثنا عباد بن الوليد ثنا حبان بن هلال ثنا ابن محيصن عن ابن أبي ليلى عن نافع عن ابن عمر قال كان رسول الله صلى الله عليه وسلم إذا أشخص السرايا يقول للشاخص أستودع 
urn:hadith:0273IbnMaja.Sunan:2827	al-Busiri (Misbah al-zujaja)	840	classical	chain	weak	هذا إسناد ضعيف لضعف أبي سلمة العاملي الأزدي وعبد الملك بن محمد الصنعاني رواه ابن أبي عاصم وابن فاختة من طريق الزهري عن أنس وله شاهد من حديث ابن عباس رواه ابن حبان في صحيحه وأبي داود والترمذي وقال حسن غريب انتهى	0.93	1	urn:openiti:0840ShihabDinBusiri.MisbahZujaja.JK000312-ara1:p08167	3:169	1001	Ibn Maja	حدثنا هشام بن عمار ثنا عبد الملك محمد الصناني ثنا أبو سلمة العاملي عن ابن شهاب عن أنس بن مالك أن رسول الله صلى الله عليه وسلم قال لأكثم بن الجون الخزاعي يا أكثم
urn:hadith:0273IbnMaja.Sunan:2829	al-Busiri (Misbah al-zujaja)	840	classical	chain	weak	هذا إسناد ضعيف موقوف ورواه أبو بكر بن أبي شيبة في مسنده بالإسناد مرفوعا	1.0	1	urn:openiti:0840ShihabDinBusiri.MisbahZujaja.JK000312-ara1:p08172	3:169	2001	Ibn Maja	حدثنا أبو بكر بن أبي شيبة ثنا زيد بن الحباب عن ابن لهيعة أخبرني يزيد بن أبي حبيب عن لهيعة بن عقبة قال سمعت أبا الورد صاحب النبي صلى الله عليه وسلم يقول إياكم وا
urn:hadith:0273IbnMaja.Sunan:2831	al-Busiri (Misbah al-zujaja)	840	classical	chain	weak	هذا إسناد ضعيف يزيد بن سنان التميمي أبو قروة الرهاوي ضعفه أحمد وابن معين وابن المديني وأبو حاتم والبخاري وأبو داود والنسائي والدارقطني وغيرهم رواه الترمذي في الجامع عن زيد بن أخزم عن سلم بن قتيبة عن شعبة عن أيوب عن أبي قلابة عن أبي ثعلبة به بلفظ سئل رسول الله صلى الله عليه وسلم عن قدور المشركين فقال انقوها غسلا واطبخوا فيها ولم يذكر بقية الحديث قال وقد روي هذا الحديث من غير هذا الوجه عن أبي ثعلبة ورواه أبو بكر بن أبي شيبة في مسنده عن أبي أسامة عن أبي فروة يزيد بن سنان به بمتن فيه طول	1.0	1	urn:openiti:0840ShihabDinBusiri.MisbahZujaja.JK000312-ara1:p08182	3:170	3001	Ibn Maja	حدثنا علي بن محمد ثنا أبو أسامة حدثني أبو فروة يزيد بن سنان حدثني عروة بن رويم اللخمي عن أبي ثعلبة الخشني قال ولقيه وكلمه ) قال أتيت رسول الله صلى الله عليه وسل
urn:hadith:0273IbnMaja.Sunan:2833	al-Busiri (Misbah al-zujaja)	840	classical	chain	weak	هذا إسناد ضعيف لتدليس محمد بن إسحاق وله شاهد في الصحيحين وغيرهما من حديث جابر وأبي هريرة وعلي بن أبي طالب	1.0	1	urn:openiti:0840ShihabDinBusiri.MisbahZujaja.JK000312-ara1:p08189	3:171	4001	Ibn Maja	حدثنا محمد بن عبد الله بن نمير ثنا يونس بن بكير عن محمد بن إسحاق عن يزيد بن رومان عن عروة عن عائشة أن النبي صلى الله عليه وسلم قال الحرب خدعة
urn:hadith:0273IbnMaja.Sunan:2834	al-Busiri (Misbah al-zujaja)	840	classical	chain	very_weak	هذا إسناد ضعيف مطر بن ميمون الكوفي الإسكاف قال فيه البخاري وأبو حاتم والنسائي والساجي منكر الحديث وقال الأزدي متروك الحديث	1.0	1	urn:openiti:0840ShihabDinBusiri.MisbahZujaja.JK000312-ara1:p08193	3:171	5001	Ibn Maja	حدثنا محمد بن عبد الله بن نمير ثنا يونس بن بكير عن مطر بن ميمون عن عكرمة عن ابن عباس أن النبي صلى الله عليه وسلم قال الحرب خدعة
urn:hadith:0273IbnMaja.Sunan:2836	al-Busiri (Misbah al-zujaja)	840	classical	chain	sound	هذا إسناد صحيح رجاله ثقات واسم أبي عميس عتبة بن عبد الله رواه أبو داود الطيالسي في مسنده عن أيوب بن عتبة عن إياس بإسناده ومتنه وله شاهد من حديث أبي قتادة رواه الشيخان والترمذي في الجامع وقال حسن صحيح قال وفي الباب عن عوف بن مالك وخالد بن الوليد وأنس وسمرة	0.77	1	urn:openiti:0840ShihabDinBusiri.MisbahZujaja.JK000312-ara1:p08203	3:171	6001	Ibn Maja	حدثنا علي بن محمد ثنا وكيع ثنا أبو العميس و عكرمة بن عمار عن إياس بن سلمة بن الأكوع عن أبيه قال بارزت رجلا فقتلته فنفلني رسول الله صلى الله عليه وسلم سلبه
urn:hadith:0273IbnMaja.Sunan:2838	al-Busiri (Misbah al-zujaja)	840	classical	chain	unknown_narrator	هذا إسناد فيه ابن جندب واسمه سليمان بن سمرة بن جندب ذكره ابن حبان في الثقات وقال ابن القطان حاله مجهول وباقي رجال الإسناد ثقات رواه الحاكم في المستدرك من طريق معاوية بن عمرو عن أبي إسحاق عن أبي مالك عن نعيم به ورواه البيهقي في سننه الكبرى عن الحاكم بإسناده ومتنه وسبقهما إلى ذلك أبو بكر بن أبي شيبة فرواه في مسنده عن أبي معاوية به	1.0	1	urn:openiti:0840ShihabDinBusiri.MisbahZujaja.JK000312-ara1:p08208	3:172	7001	Ibn Maja	حدثنا علي بن محمد ثنا أبو معاوية ثنا أبو مالك الأشجعي عن نعيم بن أبي هند عن ابن سمرة بن جندب عن أبيه قال قال رسول الله صلى الله عليه وسلم من قتل فله السلب
urn:hadith:0273IbnMaja.Sunan:2842	al-Busiri (Misbah al-zujaja)	840	classical	chain	sound	هذا إسناد صحيح المرقع بن صيفي ذكره ابن حبان في الثقات ولم أر من جرحه وباقي رجال الإسناد على شرط الشيخين رواه النسائي في السير عن عمرو بن علي ومحمد بن المتن كلاهما عن عبد الرحمن عن سفيان به ورواه حبان في صحيحه عن أبي عروبة عن محمد بن بشار عن عبد الرحمن ورواه أحمد وأبو داود والنسائي وابن ماجة من حديث رباح بن الربيع بن صيفي أخي حنظلة الكاتب جد المرقع بن صيفي وله شاهد في الصحيحين من حديث ابن عمر	1.0	1	urn:openiti:0840ShihabDinBusiri.MisbahZujaja.JK000312-ara1:p08217	3:172	8001	Ibn Maja	حدثنا أبو بكر بن أبي شيبة ثنا وكيع عن سفيان عن أبي الزناد عن المرقع بن عبد الله بن صيفي عن حنظلة الكاتب قال غزونا مع رسول الله صلى الله عليه وسلم فمررنا على امر
urn:hadith:0273IbnMaja.Sunan:2850	al-Busiri (Misbah al-zujaja)	840	classical	chain	disputed_narrator	هذا إسناد حسن عيسى بن سنان المقسملي مختلف فيه وله شاهد من حديث أبي هريرة رواه أبو داود فيه عيسى بن سنان اختلف فيه كلام ابن معين قال لين الحديث وليس بالقوي قيل ضعيف وقيل لا بأس به وذكره ابن حبان في الثقات وباقي رجال الإسناد ثقات ا ه	1.0	1	urn:openiti:0840ShihabDinBusiri.MisbahZujaja.JK000312-ara1:p08230	3:173	9001	Ibn Maja	حدثنا علي بن محمد ثنا أبو أسامة عن أبي سنان عيسى بن سنان عن يعلى بن شداد عن عبادة بن الصامت قال صلى بنا رسول الله صلى الله عليه وسلم يوم حنين إلى جنب بعير من ال
urn:hadith:0273IbnMaja.Sunan:2853	al-Busiri (Misbah al-zujaja)	840	classical	chain	weak	وإسناد حديث عبد الله بن عمرو حسن وهو أولى من طريق مكحول فإنه مدلس ورواه بالعنعنة ولعله لم يسمع من حبيب بن مسلمة ويؤيد ذلك أن ابن حبان في صحيحه من طريق سليمان بن موسى عن مكحول عن زياد بن جارية اللخمي عن حبيب به وله شاهد من حديث عبادة بن الصامت رواه الترمذي وابن ماجه	0.59	1	urn:openiti:0840ShihabDinBusiri.MisbahZujaja.JK000312-ara1:p08243	3:174	1014	Ibn Maja	حدثنا علي بن محمد ثنا أبو الحسين أنا رجاء بن أبي سلمة ثنا عمرو بن شعيب عن أبيه عن جده قال لا نفل بعد رسول الله صلى الله عليه وسلم يرد المسلمون قويهم على ضعيفهم 
urn:hadith:0273IbnMaja.Sunan:2857	al-Busiri (Misbah al-zujaja)	840	classical	chain	fair	هذا إسناد حسن رواه النسائي في السير عن هارون بن عبد الله عن أبي أسامة به وأصله في الترمذي من حديث بريدة ورواه البيهقي في الكبرى عن الحاكم أبي عبد الله عن أبي الوليد الفقيه عن جعفر بن أحمد الشاماتي عن يوسف بن موسى وحوثرة بن محمد عن أبي أسامة به بلفظ بعثنا رسول الله صلى الله عليه وسلم في سرية وقال ليمسح أحدكم إذا كان مسافرا على خفيه إذا أدخلهما طاهرتين ثلاثة أيام ولياليهن وليمسح المقيم يوما وليلة	0.78	1	urn:openiti:0840ShihabDinBusiri.MisbahZujaja.JK000312-ara1:p08256	3:175	1101	Ibn Maja	حدثنا الحسن بن علي الخلال ثنا أبو أسامة حدثني عطية بن الحرث أبو رؤوف الهمداني حدثني أبو العريف عبيد الله بن خليفة عن صفوان بن عسال قال بعثنا رسول الله صلى الله 
urn:hadith:0273IbnMaja.Sunan:2863	al-Busiri (Misbah al-zujaja)	840	classical	chain	sound	هذا إسناد صحيح رواه الإمام أحمد في مسنده من حديث أبي سعيد الخدري أيضا ورواه أبو بكر بن أبي شيبة في مسنده بإسناده ومتنه ورواه ابن حبان في صحيحه عن محمد بن بشار عن عبد الوهاب الثقفي عن محمد بن عمرو به ورواه الحاكم في المستدرك من طريق عبد العزيز بن محمد عن محمد بن عمرو به وله شاهد من حديث ابن عمر رواه مسلم في صحيحه والنسائي والترمذي وقال حسن صحيح قال وفي الباب عن علي وعمران الحصين والحكم بن عمرو الغفاري	0.97	1	urn:openiti:0840ShihabDinBusiri.MisbahZujaja.JK000312-ara1:p08275	3:176	2101	Ibn Maja	حدثنا أبو بكر بن أبي شيبة ثنا يزيد بن هارون ثنا محمد بن عمرو عن عمر بن الحكم بن ثوبان عن أبي سعيد الخدري أن رسول الله صلى الله عليه وسلم بعث علقمة بن مجزز على ب
urn:hadith:0273IbnMaja.Sunan:2865	al-Busiri (Misbah al-zujaja)	840	classical	chain	weak	هذا إسناد رجاله ثقات لكن عبد الرحمن بن عبد الله المسعودي اختلط بآخره ولم يتميز حديثه الأول من الآخر فاستحق الترك قاله ابن حبان	0.89	1	urn:openiti:0840ShihabDinBusiri.MisbahZujaja.JK000312-ara1:p08281	3:177	3101	Ibn Maja	حدثنا سويد بن سعيد ثنا يحيى بن سليم ح وحدثنا هشام بن عمار ثنا إسماعيل بن عياش قالا ثنا عبد الله بن عثمان بن خثيم عن القاسم بن عبد الرحمن بن عبد الله بن مسعود عن
urn:hadith:0273IbnMaja.Sunan:2873	al-Busiri (Misbah al-zujaja)	840	classical	chain	weak	هذا إسناد ضعيف لضعف علي بن زيد بن جدعان وله شاهد من حديث عبد الله بن مسعود رواه الشيخان والنسائي ورواه الترمذي من حديث ابن عمر وقال حسن صحيح وفي الباب عن علي بن أبي طالب وعبد الله بن مسعود وأبي سعيد الخدري وأنس بن مالك	1.0	1	urn:openiti:0840ShihabDinBusiri.MisbahZujaja.JK000312-ara1:p08295	3:178	5101	Ibn Maja	حدثنا عمران بن موسى الليثي ثنا حماد بن زيد أنبأنا علي بن زيد بن جدعان عن أبي نضرة عن أبي سعيد الخدري قال قال رسول الله صلى الله عليه وسلم ألا إنه ينصب لكل غادر 
urn:hadith:0273IbnMaja.Sunan:2883	al-Busiri (Misbah al-zujaja)	840	classical	chain	weak	هذا إسناد فيه مقال إسماعيل بن خليفة أبو إسرائيل الملائي قال فيه ابن عدي عامة ما يرويه يخالف الثقات وقال النسائي ضعيف وقال الجوزجاني مفتري زائغ	0.85	1	urn:openiti:0840ShihabDinBusiri.MisbahZujaja.JK000312-ara1:p08308	3:179	6101	Ibn Maja	حدثنا علي بن محمد و عمرو بن عبدالله قالا ثنا وكيع ثنا إسماعيل أبو إسرائيل عن فضيل بن عمرو عن سعيد بن جبير عن ابن عباس عن الفضل ( أو أحدهما عن الآخر ) قال قال رس
urn:hadith:0273IbnMaja.Sunan:2885	al-Busiri (Misbah al-zujaja)	840	classical	chain	sound	هذا إسناد صحيح رجاله ثقات وأبو سفيان اسمه طلحة بن نافع ومحمد بن أبي عبيدة بن معن بن عبد الرحمن بن عبدالله بن مسعود ثقة وأبوه مثله	0.92	1	urn:openiti:0840ShihabDinBusiri.MisbahZujaja.JK000312-ara1:p08320	3:180	7101	Ibn Maja	حدثنا محمد بن عبدالله بن نمير ثنا محمد بن أبي عبيدة عن أبيه عن الأعمش عن أبي سفيان عن أنس بن مالك قال قالوا يا رسول الله الحج في كل عام قال لو قلت نعم لوجبت ولو
urn:hadith:0273IbnMaja.Sunan:2887	al-Busiri (Misbah al-zujaja)	840	classical	chain	weak	هذا إسناد ضعيف لضعف عاصم بن عبيد الله بن عامر بن عمر العمري ورواه البيهقي من هذا الوجه وعنده فإن متابعة بينهما يزيدان في الأجل وينفيان الفقر والذنوب كما ينفي الكير الخبث ورواه الحميدي في مسنده عن سفيان عن عاصم بن عبيد الله فذكره كما رواه البيهقي بالزيادة وكذا رواه ابن أبي عمر في مسنده عن عامر بن ربيعة عن عمر به وله شاهد من حديث عبد الله بن مسعود رواه الترمذي والنسائي وابن حبان وابن خزيمة في صحيحيهما وقال الترمذي حديث حسن صحيح ورواه النسائي من حديث ابن عباس	1.0	1	urn:openiti:0840ShihabDinBusiri.MisbahZujaja.JK000312-ara1:p08333	3:181	8101	Ibn Maja	حدثنا أبو بكر بن أبي شيبة ثنا محمد بن بشر ثنا عبيد الله بن عمر عن عاصم بن عبيد الله عن عبد الله بن عامر بن ربيعة عن أبيه عن عمر بن الخطاب عن النبي صلى الله عليه
urn:hadith:0273IbnMaja.Sunan:2892	al-Busiri (Misbah al-zujaja)	840	classical	chain	very_weak	هذا إسناد ضعيف صالح بن عبد الله قال فيه البخاري منكر الحديث رواه البيهقي في سننه الكبرى من طريق إبراهيم بن المنذر الحزامي فذكره بتمامه	1.0	1	urn:openiti:0840ShihabDinBusiri.MisbahZujaja.JK000312-ara1:p08346	3:183	0201	Ibn Maja	حدثنا إبراهيم بن المنذر الحزامي ثنا صالح بن عبد الله بن صالح مولى بني عامر حدثني يعقوب بن يحيى بن عباد بن عبد الله بن الزبير عن أبي صالح السمان عن أبي هريرة عن 
urn:hadith:0273IbnMaja.Sunan:2893	al-Busiri (Misbah al-zujaja)	840	classical	chain	disputed_narrator	هذا إسناد حسن عمران مختلف فيه رواه ابن حبان في صحيحه عن الحسن بن سفيان عن الحسن عن سهل عن عمران بن عيينة فذكره بإسناده ومتنه ورواه البيهقي من هذا الوجه فوقفه ولم يرفعه وروى النسائي في الصغرى الشطر الأول من حديث أبي هريرة	1.0	1	urn:openiti:0840ShihabDinBusiri.MisbahZujaja.JK000312-ara1:p08350	3:183	1201	Ibn Maja	حدثنا محمد بن طريف ثنا عمران بن عيينة عن عطاء بن السائب عن مجاهد عن ابن عمر عن النبي صلى الله عليه وسلم قال الغازي في سبيل الله والحاج والمعتمر وفد الله دعاهم ف
urn:hadith:0273IbnMaja.Sunan:2897	al-Busiri (Misbah al-zujaja)	840	classical	chain	weak	هذا إسناد حسن ابن عطاء اسمه عمر بن عطاء بن وراز قال ابن معين عمر بن عطاء الذي يروي عنه ابن جريج يحدث عن عكرمة ليس هو بشيء وهو ابن وراز وهم يضعفون كل شيء عن عكرمة وقال وعمر بن عطاء بن أبي الحوار ثقة وقال أحمد ليس بقوي في الحديث وقال أبو زرعة ثقة لين وقال النسائي ليس بثقة وقال ابن عدي قليل الحديث ولا أعلم يروي عنه غير ابن جريج	1.0	1	urn:openiti:0840ShihabDinBusiri.MisbahZujaja.JK000312-ara1:p08358	3:184	2201	Ibn Maja	حدثنا سويد بن سعيد ثنا هشام بن سليمان القرشي عن ابن جريج قال وأخبرنيه أيضا عن ابن عطاء عن عكرمة عن ابن عباس أن رسول الله صلى الله عليه وسلم قال الزاد والراحلة ي
urn:hadith:0273IbnMaja.Sunan:2902	al-Busiri (Misbah al-zujaja)	840	classical	chain	weak	هذا إسناد ضعيف أبو جعفر اسمه محمد بن علي بن الحسين وهو الباقر قال أحمد وأبو حاتم لم يسمع أبو جعفر من أم سلمة رواه أبو داود الطيالسي في مسنده عن القاسم بن الفضل به ورواه الإمام أحمد في مسنده من حديث أم سلمة أيضا ورواه أبو بكر بن أبي شيبة في مسنده هكذا ورواه أحمد بن منيع في مسنده ثنا يزيد بن هارون ثنا القاسم بن الفضل فذكره ورواه أبو يعلى الموصلي ثنا شيبان وهدية قالا ثنا القاسم فذكره ومن حديث عائشة رواه البخاري وغيره ورواه الترمذي والنسائي من حديث أبي هريرة	1.0	1	urn:openiti:0840ShihabDinBusiri.MisbahZujaja.JK000312-ara1:p08366	3:185	3201	Ibn Maja	حدثنا أبو بكر بن أبي شيبة ثنا وكيع عن القاسم بن الفضل الحداني عن أبي جعفر عن أم سلمة قالت قال رسول الله صلى الله عليه وسلم الحج جهاد كل ضعيف
urn:hadith:0273IbnMaja.Sunan:2904	al-Busiri (Misbah al-zujaja)	840	classical	chain	sound	هذا إسناد صحيح رجاله ثقات وسليمان هو ابن فيروز أبو إسحاق والجملة الأولى رواها الترمذي في جامعه من حديث أبي رزين وقال حسن صحيح	1.0	1	urn:openiti:0840ShihabDinBusiri.MisbahZujaja.JK000312-ara1:p08376	3:185	4201	Ibn Maja	حدثنا محمد بن عبد الأعلى الصنعاني ثنا عبد الرزاق أنبأنا سفيان الثوري عن سليمان الشيباني عن يزيد بن الأصم عن ابن عباس قال جاء رجل إلى النبي صلى الله عليه وسلم فق
urn:hadith:0273IbnMaja.Sunan:2915	al-Busiri (Misbah al-zujaja)	840	classical	chain	very_weak	هذا إسناد ضعيف إبراهيم بن يزيد الخوري قال فيه أحمد والنسائي وعلي بن جنيد متروك الحديث وقال الدارقطني منكر الحديث وقال ابن المديني وابن سعد ضعيف انتهى	1.0	1	urn:openiti:0840ShihabDinBusiri.MisbahZujaja.JK000312-ara1:p08405	3:187	7201	Ibn Maja	حدثنا علي بن محمد ثنا وكيع ثنا إبراهيم بن يزيد عن أبي الزبير عن جابر قال خطبنا رسول الله صلى الله عليه وسلم فقال مهل أهل المدينة من ذي الحليفة ومهل أهل الشام من
urn:hadith:0273IbnMaja.Sunan:2916	al-Busiri (Misbah al-zujaja)	840	classical	chain	sound	هذا إسناد صحيح محرز بن سلمة ذكره ابن حبان في الثقات وباقي رجال الإسناد رجال الصحيح رواه أبو داود في سننه عن القعنبي عن مالك عن موسى بن عقبة عن سالم بن عبد الله عن أبيه به فلم يقل إذا أدخل رجليه في الغرز واستوت به راحلته	1.0	1	urn:openiti:0840ShihabDinBusiri.MisbahZujaja.JK000312-ara1:p08414	3:188	8201	Ibn Maja	حدثنا محرز بن سلمة العدني ثنا عبد العزيز بن محمد الدراوردي حدثني عبيد الله بن عمر عن نافع عن ابن عمر أن رسول الله صلى الله عليه وسلم كان إذا أدخل رجله في الغرز 
urn:hadith:0273IbnMaja.Sunan:2917	al-Busiri (Misbah al-zujaja)	840	classical	chain	sound	هذا إسناد صحيح رجاله ثقات	0.84	1	urn:openiti:0840ShihabDinBusiri.MisbahZujaja.JK000312-ara1:p08420	3:188	9201	Ibn Maja	حدثنا عبد الرحمن بن إبراهيم الدمشقي ثنا الوليد بن مسلم و عمر بن عبد الواحد قالا ثنا الأوزاعي عن أيوب بن موسى عند عبد الله بن عبيد بن عمير عن ثابت البناني عن أنس
urn:hadith:0273IbnMaja.Sunan:2925	al-Busiri (Misbah al-zujaja)	840	classical	chain	weak	هذا إسناد ضعيف لضعف عاصم بن عمرو بن عاصم بن عبيد الله رواه الإمام أحمد في مسنده من حديث جابر بن عبد الله أيضا ورواه البيهقي في سننه الكبرى من طريق عاصم بن عبد الله به وقال هذا إسناد ضعيف	0.76	1	urn:openiti:0840ShihabDinBusiri.MisbahZujaja.JK000312-ara1:p08441	3:191	2301	Ibn Maja	حدثنا إبراهيم بن المنذر الحزامي ثنا عبد الله بن نافع و عبد الله بن وهب و محمد بن فليح قالوا ثنا عاصم بن عمر بن حفص عن عاصم بن عبيد الله عن عبد الله بن عامر بن ر
urn:hadith:0273IbnMaja.Sunan:2939	al-Busiri (Misbah al-zujaja)	840	classical	chain	very_weak	هذا إسناد فيه مقال مبارك بن حسان وإن وثقه ابن معين فقد قال فيه النسائي ليس بالقوي وقال أبو داود منكر الحديث وقال ابن حبان في الثقات يخطىء ويخالف وقال الأزدي متروك انتهى	0.78	1	urn:openiti:0840ShihabDinBusiri.MisbahZujaja.JK000312-ara1:p08468	3:193	5301	Ibn Maja	حدثنا أبو كريب ثنا إسماعيل بن صبيح ثنا مبارك بن حسان أبو عبد الله عن عطاء بن أبي رباح عن عبد الله بن عباس قال كانت الأنبياء عليهم الصلاة والسلام تدخل الحرم مشاة
urn:hadith:0273IbnMaja.Sunan:2945	al-Busiri (Misbah al-zujaja)	840	classical	chain	weak	هذا إسناد ضعيف محمد بن عوف ضعفه ابن معين وأبو حاتم وأبو زرعة والبخاري والنسائي وغيرهم رواه ابن خزيمة في صحيحه والحاكم وصحح إسناده ومن طريقه البيهقي وقال تفرد به محمد بن عوف ورواه عبد بن حميد في مسنده عن يعلى به	0.88	1	urn:openiti:0840ShihabDinBusiri.MisbahZujaja.JK000312-ara1:p08479	3:193	6301	Ibn Maja	حدثنا علي بن محمد ثنا خالي يعلى عن محمد بن عون عن نافع عن ابن عمر قال استقبل رسول الله صلى الله عليه وسلم الحجر ثم وضع شفتيه عليه يبكي طويلا ثم التفت فإذا هو بع
urn:hadith:0273IbnMaja.Sunan:2950	al-Busiri (Misbah al-zujaja)	840	classical	chain	sound	هذا إسناد صحيح رجاله ثقات رواه أبو داود في سننه عن أبي كامل عن سليم ابن أخضر عن عبيد الله بن عمر به مقتصرا على قوله رمل من الحجر إلى الحجر فقط وسكت عليه فهو عنده صالح وله شاهد من حديث جابر بن عبد الله رواه مسلم والنسائي والترمذي في الجامع وقال حسن صحيح	1.0	1	urn:openiti:0840ShihabDinBusiri.MisbahZujaja.JK000312-ara1:p08490	3:194	7301	Ibn Maja	حدثنا محمد بن عبد الله بن نمير ثنا أحمد بن بشير ح وحدثنا علي بن محمد ثنا محمد بن عبيد قالا ثنا عبيد الله بن عمر عن نافع عن ابن عمر أن رسول الله صلى الله عليه وس
urn:hadith:0273IbnMaja.Sunan:2957	al-Busiri (Misbah al-zujaja)	840	classical	chain	weak	هذا إسناد ضعيف حميد قال فيه ابن عدي أحاديثه غير محفوظة وقال الذهبي مجهول قال المزي في الأطراف هكذا وقع عند ابن ماجة حميد بن أبي سوية والصحيح حميد بن أبي سويد كذلك ذكره عبد الرحمن بن حاتم عن أبيه ولذلك رواه أبو أحمد بن عدي الحافظ عن جعفر بن أحمد بن عاصم الدمشقي عن هشام بن عمار	1.0	1	urn:openiti:0840ShihabDinBusiri.MisbahZujaja.JK000312-ara1:p08503	3:195	8301	Ibn Maja	حدثنا هشام بن عمار ثنا إسماعيل بن عياش ثنا حميد بن أبي سوية قال سمعت ابن هشام يسأل عطاء بن أبي رباح عن الركن اليماني وهو يطوف بالبيت فقال عطاء حدثني أبو هريرة أ
urn:hadith:0273IbnMaja.Sunan:2956	al-Busiri (Misbah al-zujaja)	840	classical	chain	narrators_trustworthy	هذا إسناد رجاله ثقات	1.0	1	urn:openiti:0840ShihabDinBusiri.MisbahZujaja.JK000312-ara1:p08507	3:196	9301	Ibn Maja	حدثنا علي بن محمد ثنا محمد بن الفضيل عن العلاء بن المسيب عن عطاء عن عبد الله بن عمر قال سمعت رسول الله صلى الله عليه وسلم يقول من طاف بالبيت وصلى ركعتين كان كعت
urn:hadith:0273IbnMaja.Sunan:2966	al-Busiri (Misbah al-zujaja)	840	classical	chain	sound	هذا إسناد صحيح رجاله ثقات وله شاهد من حديث عائشة رواه الشيخان وغيرهما قال الترمذي وفي الباب عن جابر وابن عمر	0.73	1	urn:openiti:0840ShihabDinBusiri.MisbahZujaja.JK000312-ara1:p08514	3:196	0401	Ibn Maja	حدثنا هشام بن عمار ثنا عبد العزيز الدراوردي و حاتم بن إسماعيل عن جعفر بن محمد عن أبيه عن جابر أن رسول الله صلى الله عليه وسلم أفرد الحج
urn:hadith:0273IbnMaja.Sunan:2967	al-Busiri (Misbah al-zujaja)	840	classical	chain	very_weak	هذا إسناد ضعيف القاسم بن عبد الله متروك وكذبه أحمد ونسبه إلى الوضع	1.0	1	urn:openiti:0840ShihabDinBusiri.MisbahZujaja.JK000312-ara1:p08518	3:196	1401	Ibn Maja	حدثنا هشام بن عمار ثنا القاسم بن عبد الله العمري عن محمد بن المنكدر عن جابر أن رسول الله صلى الله عليه وسلم وأبا بكر وعمر وعثمان أفردوا الحج
urn:hadith:0273IbnMaja.Sunan:2971	al-Busiri (Misbah al-zujaja)	840	classical	chain	weak	هذا إسناد ضعيف لضعف حجاج وهو ابن أرطأة وتدليسه وقد رواه بالعنعنة رواه الإمام أحمد في مسنده من حديث أبي طلحة ورواه مسدد في مسنده ثنا أبو معاوية عن الحجاج فذكره ورواه أبو بكر بن أبي شيبة في مسنده ثنا أبو خالد الأحمر وأبو معاوية عن حجاج فذكره ورواه أحمد بن منيع في مسنده ثنا ابن أبي زائدة ثنا الحجاج فذكره ورواه أبو يعلى الموصلي من طريق أنس بن مالك عن أبي طلحة به ورواه من طريق أبي معاوية به	1.0	1	urn:openiti:0840ShihabDinBusiri.MisbahZujaja.JK000312-ara1:p08526	3:196	2401	Ibn Maja	حدثنا على بن محمد ثنا أبو معاوية ثنا حجاج عن الحسن بن سعد عن ابن عباس قال أخبرني أبو طلحة أن رسول الله صلى الله عليه وسلم قرن الحج والعمرة
urn:hadith:0273IbnMaja.Sunan:2972	al-Busiri (Misbah al-zujaja)	840	classical	chain	weak	هذا إسناد ضعيف ليث هو ابن أبي سليم ضعفه الجمهور رواه أبو داود والترمذي من حديث جابر فقط دون جابر وابن عباس قال الترمذي وفي الباب عن ابن عمر وابن عباس قال وقد روى غير واحد عن عبيد الله بن عمر ولم يرفعوه وهذا صح انتهى ورواه الدارقطني في سننه من حديث جابر وابن عباس ورواه أبو بكر بن أبي شيبة وأبو يعلى الموصلي من حديث جابر وابن عباس وابن عمر فذكره	0.73	1	urn:openiti:0840ShihabDinBusiri.MisbahZujaja.JK000312-ara1:p08533	3:197	3401	Ibn Maja	حدثنا محمد بن عبد الله بن نمير ثنا يحيى بن يعلى بن حارث المحاربي ثنا أبي عن غيلان بن جامع عن ليث عن عطاء و طاوس و مجاهد عن جابر بن عبد الله و ابن عمر و ابن عباس
urn:hadith:0273IbnMaja.Sunan:2974	al-Busiri (Misbah al-zujaja)	840	classical	chain	disputed_narrator	هذا إسناد حسن مسلم بن خالد مختلف فيه رواه ابن حبان في صحيحه عن محمد بن اسحاق بن إبراهيم عن ابن أبي عمر العدني عن سفيان عن أيوب بن موسى وأيوب السختياني وعبيد الله بن عمر عن نافع بإسناده ومتنه	1.0	1	urn:openiti:0840ShihabDinBusiri.MisbahZujaja.JK000312-ara1:p08541	3:198	4401	Ibn Maja	حدثنا هشام بن عمار ثنا مسلم بن خالد الزنجي ثنا عبيد الله بن عمر عن نافع عن ابن عمر أنه قدم قارنا فطاف بالبيت سبعا وسعى بين الصفا والمروة ثم قال هكذا فعل رسول ال
urn:hadith:0273IbnMaja.Sunan:2977	al-Busiri (Misbah al-zujaja)	840	classical	chain	weak	هذا إسناد صحيح رجاله ثقات إن سلم من الانقطاع قال المزي في التهذيب سراقة مات سنة أربع وعشرين قال فتكون روايته عنه مرسلة	0.88	1	urn:openiti:0840ShihabDinBusiri.MisbahZujaja.JK000312-ara1:p08547	3:198	5401	Ibn Maja	حدثنا أبو بكر بن أبي شيبة و علي بن محمد قالا ثنا وكيع عن مسعر عن عبد الملك بن ميسرة عن طاوس عن سراقة بن جعشم قال قام رسول الله صلى الله عليه وسلم خطيبا في هذا ا
urn:hadith:0273IbnMaja.Sunan:2989	al-Busiri (Misbah al-zujaja)	840	classical	chain	weak	هذا إسناد ضعيف عمر بن قيس المعروف بمندل ضعفه أحمد وابن معين والفلاس وأبو زرعة والبخاري وأبو حاتم وأبو داود والنسائي وغيرهم والحسن الراوي عنه ضعيف	1.0	1	urn:openiti:0840ShihabDinBusiri.MisbahZujaja.JK000312-ara1:p08570	3:199	7401	Ibn Maja	حدثنا هشام بن عمار ثنا الحسن بن يحيى الخشني ثنا عمر بن قيس أخبرني طلحة بن يحيى عن عمه إسحاق بن طلحة عن طلحة بن عبيد الله أنه سمع رسول الله صلى الله عليه وسلم يق
urn:hadith:0273IbnMaja.Sunan:2991	al-Busiri (Misbah al-zujaja)	840	classical	chain	sound	هذا إسناد صحيح رواه النسائي في الكبرى عن عبيد الله بن سعيد عن يحيى بن آدم عن سفيان به فذكره بإسناده ومتنه وله شاهد من حديث جابر وابن عباس رواه البخاري وغيره ورواه أصحاب السنن من حديث أم معقل	0.6	1	urn:openiti:0840ShihabDinBusiri.MisbahZujaja.JK000312-ara1:p08577	3:200	8401	Ibn Maja	حدثنا أبو بكر بن أبي شيبة و علي بن محمد قالا ثنا وكيع ثنا سفيان عن بيان و جابر عن الشعبي عن وهب بن خنبش قال قال رسول الله صلى الله عليه وسلم عمرة في رمضان تعدل 
urn:hadith:0273IbnMaja.Sunan:2992	al-Busiri (Misbah al-zujaja)	840	classical	chain	weak	هذا إسناد ضعيف لضعف داود بن يزيد بن عبد الرحمن الزعافري عزاه المزي للنسائي ولم أره في رواية ابن السني	0.84	1	urn:openiti:0840ShihabDinBusiri.MisbahZujaja.JK000312-ara1:p08582	3:200	9401	Ibn Maja	حدثنا محمد بن الصباح ثنا سفيان ح وحدثنا علي بن محمد و عمرو بن عبد الله قالا ثنا وكيع جميعا عن داود بن يزيد الزعافري عن الشعبي عن هرم بن خنبش قال قال رسول الله ص
urn:hadith:0273IbnMaja.Sunan:2996	al-Busiri (Misbah al-zujaja)	840	classical	chain	weak	هذا إسناد فيه ابن أبي ليلى واسمه محمد بن عبد الرحمن ابن أبي ليلى وهو ضعيف وله شاهد من حديث عائشة رواه الشيخان وغيرهما ورواه البخاري وغيره من حديث ابن عمر وأبو داود من حديث أنس والترمذي من حديث البراء	1.0	1	urn:openiti:0840ShihabDinBusiri.MisbahZujaja.JK000312-ara1:p08589	3:201	0501	Ibn Maja	حدثنا عثمان بن أبي شيبة ثنا يحيى بن زكريا بن أبي زائدة عن ابن أبي ليلى عن عطاء عن ابن عباس قال لم يعتمر رسول الله صلى الله عليه وسلم إلا في ذي القعدة
urn:hadith:0273IbnMaja.Sunan:3005	al-Busiri (Misbah al-zujaja)	840	classical	chain	weak	هذا إسناد ضعيف لضعف عبد الله بن عمر وله شاهد من حديث ابن عباس رواه الترمذي وابن ماجه	1.0	1	urn:openiti:0840ShihabDinBusiri.MisbahZujaja.JK000312-ara1:p08597	3:201	1501	Ibn Maja	حدثنا محمد بن يحيى ثنا عبد الرزاق أنبأنا عبد الله بن عمر عن نافع عن ابن عمر أنه كان يصلي الصلوات الخمس بمنى ثم يخبرهم أن رسول الله صلى الله عليه وسلم كان يفعل ذ
urn:hadith:0273IbnMaja.Sunan:3012	al-Busiri (Misbah al-zujaja)	840	classical	chain	fabricated	هذا إسناد ضعيف القاسم بن عبد الله بن عمر قال فيه أحمد بن حنبل كان كذابا يضع الحديث ترك الناس حديثه وقال البخاري سكتوا عنه وقال أبو حاتم وأبو زرعة والنسائي متروك الحديث وله شاهد من حديث علي بن أبي طالب رواه أبو داود والترمذي وابن ماجه	1.0	1	urn:openiti:0840ShihabDinBusiri.MisbahZujaja.JK000312-ara1:p08610	3:202	2501	Ibn Maja	حدثنا هشام بن عمار ثنا القاسم بن عبد الله العمري ثنا محمد بن المنكدر عن جابر بن عبد الله قال قال رسول الله صلى الله عليه وسلم كل عرفة موقف وارتفعوا عن بطن عرفة 
urn:hadith:0273IbnMaja.Sunan:3013	al-Busiri (Misbah al-zujaja)	840	classical	chain	weak	هذا إسناد ضعيف عبد الله بن كنانة قال البخاري لا يصح حديثه انتهى	1.0	1	urn:openiti:0840ShihabDinBusiri.MisbahZujaja.JK000312-ara1:p08627	3:203	3501	Ibn Maja	حدثنا أيوب بن محمد الهاشمي ثنا عبد القاهر بن السري السلمي ثنا عبد الله بن كنانة بن عباس بن مرداس السلمي أن أباه أخبره عن أبيه أن النبي صلى الله عليه وسلم دعا لأ
urn:hadith:0273IbnMaja.Sunan:3018	al-Busiri (Misbah al-zujaja)	840	classical	chain	sound	هذا إسناد صحيح موقوف لكن حكمه الرفع لأنه في شأن سبب نزوله	1.0	1	urn:openiti:0840ShihabDinBusiri.MisbahZujaja.JK000312-ara1:p08638	3:203	4501	Ibn Maja	حدثنا محمد بن يحيى ثنا عبد الرزاق أنبأنا الثوري عن هشام بن عروة عن أبيه عن عائشة قالت قالت قريش نحن قواطن البيت لا نجاوز الحرم فقال الله عز وجل ثم أفيضوا من حيث
urn:hadith:0273IbnMaja.Sunan:3024	al-Busiri (Misbah al-zujaja)	840	classical	chain	weak	هذا إسناد ضعيف أبو سلمة هذا لا يعرف اسمه وهو مجهول	0.91	1	urn:openiti:0840ShihabDinBusiri.MisbahZujaja.JK000312-ara1:p08647	3:204	5501	Ibn Maja	حدثنا علي بن محمد و عمرو بن عبد الله قالا ثنا وكيع ثنا ابن أبي رواد عن أبي سلمة الحمصي عن بلال بن رباح أن النبي صلى الله عليه وسلم قال له غداة جمع يا بلال أسكت 
urn:hadith:0273IbnMaja.Sunan:3039	al-Busiri (Misbah al-zujaja)	840	classical	chain	sound	هذا إسناد صحيح وأيوب هو السختياني وله شاهد من حديث الفضل بن عباس رواه الشيخان	1.0	1	urn:openiti:0840ShihabDinBusiri.MisbahZujaja.JK000312-ara1:p08655	3:204	7501	Ibn Maja	حدثنا بكر بن خلف أبو بشر ثنا حمزة بن الحارث بن عمير عن أبيه عن أيوب عن سعيد بن جبير عن ابن عباس أن النبي صلى الله عليه وسلم لبى حتى رمى جمرة العقبة
urn:hadith:0273IbnMaja.Sunan:3045	al-Busiri (Misbah al-zujaja)	840	classical	chain	sound	هذا إسناد صحيح رواه الإمام أحمد في مسنده من حديث ابن عباس أيضا ورواه البيهقي في سننه من طريق ابن إسحاق بإسناده ومتنه وله شاهد من حديث ابن عمر رواه مسلم وغيره وأصله في الصحيحين من حديث أبي هريرة رضي الله عنه	0.83	1	urn:openiti:0840ShihabDinBusiri.MisbahZujaja.JK000312-ara1:p08664	3:205	8501	Ibn Maja	حدثنا محمد بن عبد الله بن نمير ثنا يونس بن كبير ثنا ابن إسحاق حدثنا ابن أبي نجيح عن مجاهد عن ابن عباس قال قيل يا رسول الله لم ظاهرت للمحلقين ثلاثا وللمقصرين واح
urn:hadith:0273IbnMaja.Sunan:3052	al-Busiri (Misbah al-zujaja)	840	classical	chain	sound	هذا إسناد صحيح رواه ابن حبان في صحيحه عن عبد الله بن محمد الأزدي عن إسحاق بن إبراهيم عن النضر بن شميل عن حماد بن سلمة عن قيس بن سعد عن عطاء بن أبي رباح به فذكره ورواه البخاري من حديث جابر تعليقا ورواه البيهقي في سننه الكبرى من طريق عبيد الله بن موسى عن أسامة به وأصله في الصحيحين وغيرهما من حديث ابن عباس وابن عمر	1.0	1	urn:openiti:0840ShihabDinBusiri.MisbahZujaja.JK000312-ara1:p08676	3:205	9501	Ibn Maja	حدثنا هارون بن سعيد المصري ثنا عبد الله بن وهب أخبرني أسامة بن زيد حدثني عطاء بن أبي رباح أنه سمع جابر بن عبد الله يقول قعد رسول الله صلى الله عليه وسلم بمنى يو
urn:hadith:0273IbnMaja.Sunan:3056	al-Busiri (Misbah al-zujaja)	840	classical	chain	weak	هذا إسناد ضعيف لتدليس ابن إسحاق وقد تقدم هذا الحديث بإسناده في كتاب السنة وله شاهد من حديث ابن مسعود رواه الترمذي وابن ماجة وابن حبان في صحيحه وابن إسحاق قد رواه بالعنعنة والمتن على حاله صحيح	1.0	1	urn:openiti:0840ShihabDinBusiri.MisbahZujaja.JK000312-ara1:p08688	3:206	0601	Ibn Maja	حدثنا محمد بن عبد الله بن نمير ثنا أبي عن محمد بن إسحاق عن عبد السلام عن الزهري عن محمد بن جبير بن مطعم عن أبيه قال قام رسول الله صلى الله عليه وسلم بالخيف من م
urn:hadith:0273IbnMaja.Sunan:3057	al-Busiri (Misbah al-zujaja)	840	classical	chain	sound	هذا إسناد صحيح رواه مسدد في مسنده عن يحيى بن سعيد عن شعبة عن عمرو بن مرة عن مرة عن رجل من أصحاب النبي صلى الله عليه وسلم عن النبي صلى الله عليه وسلم فذكره وسياقه أتم ورواه النسائي في الكبرى عن ابن مثنى وابن بشار كلاهما عن يحيى بن سعيد به وله شاهد من حديث ابن عباس وأبي بكرة وغيرهما رواه البخاري وغيره	1.0	1	urn:openiti:0840ShihabDinBusiri.MisbahZujaja.JK000312-ara1:p08698	3:207	1601	Ibn Maja	حدثنا إسماعيل بن توبة ثنا زافر بن سليمان عن أبي سنان عن عمرو بن مرة عن عبد الله بن مسعود قال قال رسول الله صلى الله عليه وسلم وهو على ناقته المخضرمة بعرفات فقال
urn:hadith:0273IbnMaja.Sunan:3061	al-Busiri (Misbah al-zujaja)	840	classical	chain	sound	هذا إسناد صحيح رجاله ثقات رواه الدارقطني في سننه والحاكم في المستدرك من طريق عبد الله بن أبي مليكة عن ابن عباس ورواه البيهقي في سننه الكبرى عن الحاكم فذكره	1.0	1	urn:openiti:0840ShihabDinBusiri.MisbahZujaja.JK000312-ara1:p08717	3:208	3601	Ibn Maja	حدثنا علي بن محمد ثنا عبيد الله بن موسى عن عثمان بن الأسود عن محمد بن عبد الرحمن بن أبي بكر قال كنت عند ابن عباس جالسا فجاءه رجل فقال من أين جئت قال من زمزم قال
urn:hadith:0273IbnMaja.Sunan:3062	al-Busiri (Misbah al-zujaja)	840	classical	chain	weak	هذا إسناد ضعيف لضعف عبد الله بن المؤمل رواه الإمام أحمد في مسنده من حديث جابر بن عبد الله ورواه أبو بكر بن أبي شيبة في مسنده عن زيد بن الحباب وسعيد بن زكريا عن عبد الله بن مؤمل به ورواه أبو يعلى الموصلي من طريق عبد الله بن المؤمل به لكن لم ينفرد ابن ماجة بإخراج هذا المتن فقد رواه الحاكم في المستدرك كذلك من طريق سعيد بن سليمان عن ابن عباس وقال هذا حديث صحيح الإسناد وكذا رواه الدارقطني في سننه من حديث ابن عباس ولم يضعفه ورواه البيهقي في سننه عن الحاكم فذكره بإسناده ومتنه وقال تفرد به عبد الله المؤمل قلت وله شاهد من حديث أبي ذو رواه مسلم في صحيحه والبيهقي في الكبرى وغيرهما	1.0	1	urn:openiti:0840ShihabDinBusiri.MisbahZujaja.JK000312-ara1:p08721	3:209	4601	Ibn Maja	حدثنا هشام بن عمار ثنا الوليد بن مسلم قال قال عبد الله بن المؤمل إنه سمع أبا الزبير يقول سمعت جابر بن عبد الله يقول سمعت رسول الله صلى الله عليه وسلم يقول ماء ز
urn:hadith:0273IbnMaja.Sunan:3066	al-Busiri (Misbah al-zujaja)	840	classical	chain	weak	هذا إسناد ضعيف إسماعيل بن مسلم البصري ضعفه ابن المبارك وأحمد وابن معين وقال ابن المديني اجمع أصحابنا على ترك أحاديثه	0.83	1	urn:openiti:0840ShihabDinBusiri.MisbahZujaja.JK000312-ara1:p08727	3:210	5601	Ibn Maja	حدثنا علي بن محمد و هناد بن السري قالا ثنا أبو معاوية عن إسماعيل بن مسلم عن عطاء عن ابن عباس قال لم يرخص النبي صلى الله عليه وسلم لأحد يبيت بمكة إلا للعباس من أ
urn:hadith:0273IbnMaja.Sunan:3068	al-Busiri (Misbah al-zujaja)	840	classical	chain	sound	هذا إسناد صحيح رجاله ثقات على شرط مسلم	1.0	1	urn:openiti:0840ShihabDinBusiri.MisbahZujaja.JK000312-ara1:p08735	3:210	6601	Ibn Maja	حدثنا أبو بكر بن أبي شيبة ثنا معاوية بن هشام عن عمار بن زريق عن الأعمش عن إبراهيم عن الأسود عن عائشة قالت أدلج النبي صلى الله عليه وسلم ليلة النفر من البطحاء إد
urn:hadith:0273IbnMaja.Sunan:3071	al-Busiri (Misbah al-zujaja)	840	classical	chain	weak	هذا إسناد ضعيف إبراهيم بن يزيد هو أبو إسماعيل المكي الخوري ضعفه أحمد وابن معين والبخاري وابن المديني والنسائي وابن سعد والدارقطني وغيرهم لكن لم ينفرد به إبراهيم بن يزيد عن طاوس فقد تابعه عليه إبراهيم بن ميسرة عن طاوس كما رواه الدارقطني في سننه من طريق نافع ومن طريق طاوس كلاهما عن ابن عمر ورواه ابن أبي عمر في مسنده عن وكيع عن إبراهيم بن يزيد بإسناده ومتنه وزاد إلا الحيض رخص لهم رسول الله صلى الله عليه وسلم وله شاهد من حديث عبد الله بن عباس رواه الشيخان وأبو داود والنسائي وابن ماجه	1.0	1	urn:openiti:0840ShihabDinBusiri.MisbahZujaja.JK000312-ara1:p08743	3:211	7601	Ibn Maja	حدثنا علي بن محمد ثنا وكيع ثنا إبراهيم بن يزيد عن طاوس عن ابن عمر قال نهى رسول الله صلى الله عليه وسلم أن ينفر الرجل حتى يكون آخر عهده بالبيت
urn:hadith:0273IbnMaja.Sunan:3082	al-Busiri (Misbah al-zujaja)	840	classical	chain	weak	هذا إسناد فيه مقال محمد بن أبي الضيف لم أر من جرحه ولا من وثقه وباقي رجال الإسناد ثقات وله شاهد من حديث ابن عباس رواه الشيخان	1.0	1	urn:openiti:0840ShihabDinBusiri.MisbahZujaja.JK000312-ara1:p08765	3:212	9601	Ibn Maja	حدثنا بكر بن خلف أبو بشر ثنا محمد بن أبي الضيف عن ابن خثيم عن أبي الزبير عن جابر أن النبي صلى الله عليه وسلم احتجم وهو محرم عن رهصة أخذته
urn:hadith:0273IbnMaja.Sunan:3086	al-Busiri (Misbah al-zujaja)	840	classical	chain	weak	هذا إسناد ضعيف علي بن عبد العزيز مجهول وأبو المهزم ضعيف واسمه يزيد بن سفيان قال المزي في الأطراف وقع في بعض النسخ محمد بن يونس وهو خطأ	1.0	1	urn:openiti:0840ShihabDinBusiri.MisbahZujaja.JK000312-ara1:p08775	3:213	0701	Ibn Maja	حدثنا محمد بن موسى القطان الواسطي ثنا يزيد بن موهب ثنا مروان بن معاوية الفزاري ثنا علي بن عبد العزيز ثنا حسين المعلم عن أبي المهزم عن أبي هريرة أن رسول الله صلى
urn:hadith:0273IbnMaja.Sunan:3089	al-Busiri (Misbah al-zujaja)	840	classical	chain	weak	هذا إسناد ضعيف يزيد بن أبي زياد ضعيف وإن أخرج له مسلم فإنما أخرج له مقرونا بغيره مع ضعفه فقد اختلط بآخرة روى أبو داود بعضه عن أحمد بن حنبل وكذلك الترمذي عن أحمد بن منيع كلاهما عن هشيم عن يزيد ابن أبي زياد به وقال الترمذي حسن انتهى	1.0	1	urn:openiti:0840ShihabDinBusiri.MisbahZujaja.JK000312-ara1:p08784	3:213	1701	Ibn Maja	حدثنا أبو كريب ثنا محمد بن فضيل عن يزيد بن أبي زياد عن ابن نعم عن أبي سعيد عن النبي صلى الله عليه وسلم أنه قال يقتل المحرم الحية والعقرب والسبع العادي والكلب ال
urn:hadith:0273IbnMaja.Sunan:3091	al-Busiri (Misbah al-zujaja)	840	classical	chain	weak	هذا إسناد ضعيف عبد الكريم هو ابن أبي المخارق وهو ضعيف وكذلك الراوي عنه وهذا مما قال المزي في الأطراف وأصله في الصحيحين من حديث ابن عباس	1.0	1	urn:openiti:0840ShihabDinBusiri.MisbahZujaja.JK000312-ara1:p08792	3:214	2701	Ibn Maja	حدثنا عثمان بن أبي شيبة ثنا عمران بن محمد بن أبي ليلى عن أبيه عن عبد الكريم عن عبد الله بن الحرث عن ابن عباس عن علي بن أبي طالب قال أتي النبي صلى الله عليه وسلم
urn:hadith:0273IbnMaja.Sunan:3092	al-Busiri (Misbah al-zujaja)	840	classical	chain	narrators_trustworthy	هذا إسناد رجاله ثقات قال المزي في الأطراف قال يعقوب بن شيبة هذا الحديث لا أعلمه رواه هكذا غير ابن عيينة وأحسبه أراد أن يختصره فأخطأ فيه وقد خالفه الناس في هذا الحديث ورواه مالك بن أنس وحماد بن زيد ويزيد بن هارون وغيرهم جماعة كلهم رووه عن يحيى بن سعيد عن محمد بن إبراهيم التيمي عن عيسى بن طلحة عن عمير بن سلمة عن رجل من بهز عن النبي صلى الله عليه وسلم وقال جميعا في حديثهم فأمر رسول الله صلى الله عليه وسلم أبا بكر أن يقسم في الرفاق وهم محرمون قال ولعل ابن عيينة حين اختصره لحقه الوهم والله أعلم اه	1.0	1	urn:openiti:0840ShihabDinBusiri.MisbahZujaja.JK000312-ara1:p08799	3:214	3701	Ibn Maja	حدثنا هشام بن عمار ثنا سفيان بن عيينة عن يحيى بن سعيد عن محمد بن إبراهيم التيمي عن عيسى بن طلحة عن طلحة بن عبيد الله أن النبي صلى الله عليه وسلم أعطاه حمار وحش 
urn:hadith:0273IbnMaja.Sunan:3101	al-Busiri (Misbah al-zujaja)	840	classical	chain	weak	هذا إسناد ضعيف لضعف موسى بن عبيدة الرندي وله شاهد من حديث ابن عباس رواه أبو داود	1.0	1	urn:openiti:0840ShihabDinBusiri.MisbahZujaja.JK000312-ara1:p08810	3:216	5701	Ibn Maja	حدثنا أبو بكر بن أبي شيبة ثنا عبيد الله بن موسى أنبأنا موسى بن عبيدة عن إياس بن سلمة عن أبيه أن النبي صلى الله عليه وسلم كان في بدنه جمل
urn:hadith:0273IbnMaja.Sunan:3113	al-Busiri (Misbah al-zujaja)	840	classical	chain	disputed_narrator	هذا إسناد حسن محمد بن عثمان العثماني مختلف فيه وأصله في الصحيحين من حديث عبد الله بن زيد بن عاصم وله شاهد من حديث علي بن أبي طالب رواه الترمذي وقال حسن صحيح	1.0	1	urn:openiti:0840ShihabDinBusiri.MisbahZujaja.JK000312-ara1:p08843	3:218	9701	Ibn Maja	حدثنا أبو مروان محمد بن عثمان العثماني ثنا عبد العزيز بن أبي حازم عن العلاء بن عبد الرحمن عن أبيه عن أبي هريرة أن النبي صلى الله عليه وسلم قال اللهم إن إبراهيم 
urn:hadith:0273IbnMaja.Sunan:3115	al-Busiri (Misbah al-zujaja)	840	classical	chain	weak	هذا إسناد ضعيف لتدليس ابن إسحاق وشيخه عبد الله بن مكنف قال البخاري لا في حديثه نظر وقال ابن حبان لا أعلم له سماعا من أنس لا يجوز الاحتجاج به	0.86	1	urn:openiti:0840ShihabDinBusiri.MisbahZujaja.JK000312-ara1:p08848	3:218	0801	Ibn Maja	حدثنا هناد بن السري ثنا عبدة عن محمد بن إسحاق عن عبد الله بن مكنف قال سمعت أنس بن مالك يقول إن رسول الله صلى الله عليه وسلم قال إن أحدا جبل يحبنا ونحبه وهو على 
urn:hadith:0273IbnMaja.Sunan:3119	al-Busiri (Misbah al-zujaja)	840	classical	chain	very_weak	هذا إسناد ضعيف حمران بن أعين الكوفي قال فيه ابن معين ليس بشيء وقال أبو داود رافضي وقال النسائي ليس بثقة ويحيى بن يمان العجلي وإن روى له مسلم فقد اختلط بآخره ولم يتميز حال من روى عنه هل له قبل الاختلاط أو بعده ورواه أبو يعلى الموصلي في مسنده ثنا أحمد بن حاتم ثنا يحيى بن يمان فذكره بإسناده ومتنه	1.0	1	urn:openiti:0840ShihabDinBusiri.MisbahZujaja.JK000312-ara1:p08858	3:219	3801	Ibn Maja	حدثنا إسماعيل بن حفص الأيلي ثنا يحيى بن يمان عن حمزة بن حبيب الزيات عن حمران بن أعين عن أبي الطفيل عن أبي سعيد قال حج النبي صلى الله عليه وسلم وأصحابه مشاة من ا
urn:hadith:0273IbnMaja.Sunan:3122	al-Busiri (Misbah al-zujaja)	840	classical	chain	disputed_narrator	هذا إسناد حسن عبد الله بن محمد مختلف فيه رواه البيهقي في الكبرى من طريق الطبراني عن ابن أبي مريم عن الفريابي عن سفيان فذكره بإسناده ومتنه ورواه أحمد بن منيع في مسنده ثنا سفيان بن عبد الله بن محمد بن عقيل بتمامه وله شاهد من حديث أنس رواه الشيخان والنسائي والترمذي في الجامع وقال حسن صحيح قال وفي الباب عن علي وعائشة وأبي هريرة وأبي أيوب وجابر وأبي الدرداء وأبي رافع عبد الله بن عمر وابن بكرة نفيع بن الحارث ورواه الدارقطني في سننه من حديث ابن المسيب عن أبي هريرة	1.0	1	urn:openiti:0840ShihabDinBusiri.MisbahZujaja.JK000312-ara1:p08873	3:222	4801	Ibn Maja	حدثنا محمد بن يحيى ثنا عبد الرزاق أنبأنا سفيان الثوري عن عبد الله بن محمد بن عقيل عن أبي سلمة عن عائشة وعن أبي هريرة أن رسول الله صلى الله عليه وسلم كان إذا أرا
urn:hadith:0273IbnMaja.Sunan:3123	al-Busiri (Misbah al-zujaja)	840	classical	chain	very_weak	هذا إسناد فيه مقال عبد الله بن عياش وإن روى له مسلم فإنما روى له في المتابعات والشواهد فقد ضعفه أبو داود والنسائي وقال أبو حاتم صدوق وقال ابن يونس منكر الحديث وذكره ابن حبان في الثقات انتهى	1.0	1	urn:openiti:0840ShihabDinBusiri.MisbahZujaja.JK000312-ara1:p08881	3:222	5801	Ibn Maja	حدثنا أبو بكر بن أبي شيبة ثنا زيد بن الحباب ثنا عبد الله بن عياش عن عبد الرحمن الأعرج عن أبي هريرة أن رسول الله صلى الله عليه وسلم قال من كان له سعة ولم يضح فلا
urn:hadith:0273IbnMaja.Sunan:3127	al-Busiri (Misbah al-zujaja)	840	classical	chain	very_weak	هذا إسناد فيه أبو داود واسمه نفيع بن الحرث وهو متروك رواه الحاكم في المستدرك من طريق يزيد بن هارون عن سلام بن مسكين فذكره بإسناده ومتنه سواء ونقل البيهقي في سننه الكبرى أن البخاري قال عائذ الله المجاشعي عن أبي داود روى عنه سلام بن مسكين لا يصح حديثه ورواه أحمد بن منيع في مسنده ثنا يزيد بن هارون عن سلام بن مسكين فذكره بتمامه ورواه عبد بن حميد عن يزيد بن هارون عن سلام بن مسكين به ورواه أبو يعلى الموصلي في مسنده من هدية بن خالد الخدري ثنا سلام بن مسكين فذكره	1.0	1	urn:openiti:0840ShihabDinBusiri.MisbahZujaja.JK000312-ara1:p08892	3:223	6801	Ibn Maja	حدثنا محمد بن خلف العسقلاني ثنا آدم بن أبي إياس ثنا سلام بن مسكين ثنا عائذ الله عن أبي داود عن زيد بن أرقم قال قال أصحاب رسول الله صلى الله عليه وسلم يا رسول ال
urn:hadith:0273IbnMaja.Sunan:3134	al-Busiri (Misbah al-zujaja)	840	classical	chain	sound	هذا إسناد صحيح رجاله ثقات وأبو حاضر اسمه عثمان بن حاضر رواه الترمذي والنسائي وابن ماجة أيضا من طريق عليا بن أحمد عن عكرمة عن ابن عباس بلفظ كنا مع رسول الله صلى الله عليه وسلم في سفر فحضر الأضاحي فاشتركنا في البقرة سبعة وفي البعير عشرة	1.0	1	urn:openiti:0840ShihabDinBusiri.MisbahZujaja.JK000312-ara1:p08911	3:224	8801	Ibn Maja	حدثنا هناد بن السري ثنا أبو بكر بن عياش عن عمرو بن ميمون عن أبي حاضر الأزدي عن ابن عباس قال قلت الإبل على عهد رسول الله صلى الله عليه وسلم فأمرهم أن ينحروا البق
urn:hadith:0273IbnMaja.Sunan:3136	al-Busiri (Misbah al-zujaja)	840	classical	chain	weak	هذا إسناد رجاله رجال الصحيح وفيه مقال عطاء الخراساني لم يسمع من ابن عباس قاله الإمام أحمد قال شيخنا أبو زرعة روايته عن ابن عباس في صحيح البخاري رواه الإمام أحمد في مسنده وأبو داود في المراسيل من حديث ابن عباس	0.87	1	urn:openiti:0840ShihabDinBusiri.MisbahZujaja.JK000312-ara1:p08922	3:225	9801	Ibn Maja	حدثنا محمد بن معمر ثنا محمد بن بكر البرساني ثنا ابن جريج قال قال عطاء الخراساني عن ابن عباس أن النبي صلى الله عليه وسلم أتاه رجل فقال إن علي بدنة وأنا موسر بها 
urn:hadith:0273IbnMaja.Sunan:3146	al-Busiri (Misbah al-zujaja)	840	classical	chain	very_weak	هذا إسناد ضعيف فيه جابر بن يزيد الجعفي وهو ضعيف وقد اتهم رواه أبو داود الطيالسي في مسنده عن شعبة عن جابر الجعفي به ورواه الإمام أحمد في مسنده من حديث أبي سعيد الخدري ورواه الحاكم في المستدرك عن طريق إسرائيل عن جابر به ورواه البيهقي في سننه الكبرى عن الحاكم به وله شاهد من حديث أبي العشراء عن أبيه رواه النسائي	0.9	1	urn:openiti:0840ShihabDinBusiri.MisbahZujaja.JK000312-ara1:p08941	3:227	1901	Ibn Maja	حدثنا محمد بن يحيى و محمد بن عبد الملك أبو بكر قالا ثنا عبد الرزاق عن الثوري عن جابر بن يزيد عن محمد بن قرظة الأنصاري عن أبي سعيد الخدري قال ابتعنا كبشا نضحي به
urn:hadith:0273IbnMaja.Sunan:3148	al-Busiri (Misbah al-zujaja)	840	classical	chain	sound	هذا إسناد صحيح رجاله ثقات رواه البيهقي في سننه الكبرى من طريق مطرف عن الشعبي عن أبي شريحة الغفاري واسمه حديقة بن أسد صاحب رسول الله صلى الله عليه وسلم وسياقه أتم وله شاهد من حديث أبي أيوب الأنصاري رواه ابن ماجة والترمذي في الجامع وقال حسن صحيح	0.81	1	urn:openiti:0840ShihabDinBusiri.MisbahZujaja.JK000312-ara1:p08952	3:228	2901	Ibn Maja	حدثنا إسحاق بن منصور أنبأنا عبد الرحمن بن مهدي و محمد بن يوسف ح وحدثنا محمد بن يحيى ثنا عبد الرزاق جميعا عن سفيان الثوري عن بيان عن الشعبي عن أبي سريحة قال حملن
urn:hadith:0273IbnMaja.Sunan:3154	al-Busiri (Misbah al-zujaja)	840	classical	chain	fair	هذا إسناد حسن أبو قلابة واسمه عبد الله بن زيد	0.93	1	urn:openiti:0840ShihabDinBusiri.MisbahZujaja.JK000312-ara1:p08978	3:229	4901	Ibn Maja	ثنا عبد الأعلى عن خالد الحذاء عن أبي قلابة عن أبي زيد قال أبو بكر وقال غير عبد الأعلى عن عمرو بن بجدان عن أبي زيد ح وحدثنا محمد بن المثنى أبو موسى ثنا عبد الصمد
urn:hadith:0273IbnMaja.Sunan:3156	al-Busiri (Misbah al-zujaja)	840	classical	chain	weak	هذا إسناد ضعيف وتقدم الكلام عليه في باب الآذان وغيره وله شاهد من حديث أنس بن مالك رواه الشيخان وغيرهما	1.0	1	urn:openiti:0840ShihabDinBusiri.MisbahZujaja.JK000312-ara1:p08986	3:229	5901	Ibn Maja	حدثنا هشام بن عمار ثنا عبد الرحمن بن سعد بن عمار بن سعد مؤذن رسول الله صلى الله عليه وسلم حدثني أبي عن أبيه عن جده أن رسول الله صلى الله عليه وسلم ذبح أضحيته عن
urn:hadith:0273IbnMaja.Sunan:3158	al-Busiri (Misbah al-zujaja)	840	classical	chain	sound	هذا إسناد صحيح رجاله ثقات رواه النسائي في الصغرى عن علي بن حجر عن إسماعيل بن جعفر عن جعفر به	1.0	1	urn:openiti:0840ShihabDinBusiri.MisbahZujaja.JK000312-ara1:p08995	3:230	6901	Ibn Maja	حدثنا هشام بن عمار ثنا سفيان بن عيينة عن جعفر بن محمد عن أبيه عن جابر بن عبد الله أن رسول الله أمر من كل جزور ببضعة فجعلت في قدر فأكلوا من اللحم وحسوا من المرق
urn:hadith:0273IbnMaja.Sunan:3169	al-Busiri (Misbah al-zujaja)	840	classical	chain	sound	هذا إسناد صحيح رجاله ثقات وله شاهد في الصحيحين وغيرهما من حديث أبي هريرة وفي السنن من حديث نبيشة قال ابن ماجه هذا من فرائد العدني اه	1.0	1	urn:openiti:0840ShihabDinBusiri.MisbahZujaja.JK000312-ara1:p09015	3:232	8901	Ibn Maja	حدثنا محمد بن أبي عمر العدني ثنا سفيان بن عيينة عن زيد بن أسلم عن أبيه عن ابن عمر أن النبي صلى الله عليه وسلم قال لا فرعة ولا عتيرة قال ابن ماجة هذا من فرائد ال
urn:hadith:0273IbnMaja.Sunan:3171	al-Busiri (Misbah al-zujaja)	840	classical	chain	weak	هذا إسناد ضعيف لضعف موسى بن محمد بن إبراهيم التيمي رواه أبو بكر بن أبي شيبة في مسنده هكذا	1.0	1	urn:openiti:0840ShihabDinBusiri.MisbahZujaja.JK000312-ara1:p09024	3:232	9901	Ibn Maja	حدثنا أبو بكر بن أبي شيبة ثنا عقبة بن خالد عن موسى بن محمد بن إبراهيم التيمي أخبرني أبي عن أبي سعيد الخدري قال مر النبي صلى الله عليه وسلم برجل وهو يجر شاة بأذن
urn:hadith:0273IbnMaja.Sunan:3181	al-Busiri (Misbah al-zujaja)	840	classical	chain	weak	هذا إسناد فيه يحيى بن عبيد الله وهو ضعيف وله شاهد من حديث أبي هريرة رواه ابن ماجه	1.0	1	urn:openiti:0840ShihabDinBusiri.MisbahZujaja.JK000312-ara1:p09046	3:233	1011	Ibn Maja	حدثنا علي بن محمد ثنا عبد الرحمن المحاربي عن يحيى بن عبد الله عن أبيه عن أبي هريرة قال حدثني أبو بكر بن أبي قحافة أن رسول الله صلى الله عليه وسلم قال له ولعمر ا
urn:hadith:0273IbnMaja.Sunan:3185	al-Busiri (Misbah al-zujaja)	840	classical	chain	weak	هذا إسناد ضعيف تقدم الكلام عليه قبل هذا بحديثين وله شاهد من حديث أنس رواه الشيخان وغيرهما في إسناده موسى بن إبراهيم وهو ضعيف	0.8	1	urn:openiti:0840ShihabDinBusiri.MisbahZujaja.JK000312-ara1:p09052	3:234	2011	Ibn Maja	حدثنا أبو بكر بن أبي شيبة و عبد الله بن سعيد قالا ثنا عقبة بن خالد عن موسى بن محمد بن إبراهيم التيمي عن أبيه عن أبي سعيد الخدري قال نهى رسول الله صلى الله عليه 
urn:hadith:0273IbnMaja.Sunan:3193	al-Busiri (Misbah al-zujaja)	840	classical	chain	sound	هذا إسناد صحيح الحسن بن جابر ذكره ابن حبان في الثقات وباقي رجال الإسناد على شرط مسلم وله شواهد في الصحيحين وغيرهما من حديث البراء وعبد الله ابن أبي أوفى وأنس بن مالك وغيرهم ورواه الترمذي من حديث أبي هريرة وعلي بن أبي طالب قال وفي الباب عن علي وجابر والبراء وابن أبي أوفى وأنس والعرباض بن سارية وأبي ثعلبة والخشني وابن عمر وأبي سعيد ورواه أحمد في مسنده من حديث أبي سليط	1.0	1	urn:openiti:0840ShihabDinBusiri.MisbahZujaja.JK000312-ara1:p09061	3:234	3011	Ibn Maja	حدثنا أبو بكر بن أبي شيبة ثنا زيد بن الحباب عن معاوية بن صالح حدثني الحسن بن جابر عن المقدام بن معد يكرب الكندي أن رسول الله صلى الله عليه وسلم حرم أشياء حتى ذك
urn:hadith:0273IbnMaja.Sunan:3209	al-Busiri (Misbah al-zujaja)	840	classical	chain	weak	هذا إسناد ضعيف لتدليس حجاج بن أرطأة رواه الترمذي في الجامع عن يوسف بن عيسى عن وكيع به خلا قوله وطائرهم وقال هذا حديث غريب لا نعرفه إلا من هذا الوجه قال وابن أبي بزة هو القاسم بن نافع المكي انتهى	0.81	1	urn:openiti:0840ShihabDinBusiri.MisbahZujaja.JK000312-ara1:p09071	3:235	4011	Ibn Maja	حدثنا عمرو بن عبد الله ثنا وكيع عن شريك عن حاج بن أرطأة عن القاسم بن أبي بزة عن سليمان اليشكري عن جابر بن عبد الله قال نهينا عن صيد كلبهم وطائرهم يعني المجوس
urn:hadith:0273IbnMaja.Sunan:3212	al-Busiri (Misbah al-zujaja)	840	classical	chain	weak	هذا إسناد ضعيف من أجل مجالد بن سعيد وأصله في الصحيحين والترمذي والنسائي من حديث عدي بن حاتم أيضا بغير هذا السياق	1.0	1	urn:openiti:0840ShihabDinBusiri.MisbahZujaja.JK000312-ara1:p09081	3:236	5011	Ibn Maja	حدثنا علي بن المنذر ثنا محمد بن فضيل ثنا مجالد بن سعيد عن عامر عن عدي بن حاتم قال قلت يا رسول الله إنا قوم نرمي قال إذا رميت وخزقت فكل ما خزقت
urn:hadith:0273IbnMaja.Sunan:3217	al-Busiri (Misbah al-zujaja)	840	classical	chain	weak	هذا إسناد ضعيف لضعف أبي بكر الهذلي السلمي وله شاهد من حديث أبي سعيد الخدري رواه الحاكم في المستدرك	1.0	1	urn:openiti:0840ShihabDinBusiri.MisbahZujaja.JK000312-ara1:p09094	3:236	7011	Ibn Maja	حدثنا هشام بن عمار ثنا إسماعيل بن عياش ثنا أبو بكر الهذلي عن شهر بن حوشب عن تميم الداري قال قال رسول الله صلى الله عليه وسلم يكون في آخر الزمان قوم يجبون أسنمة 
urn:hadith:0273IbnMaja.Sunan:3218	al-Busiri (Misbah al-zujaja)	840	classical	chain	weak	هذا إسناد فيه عبد الرحمن بن زيد بن أسلم وهو ضعيف وله شاهد من حديث عبد الله بن أبي أوفى رواه النسائي في الصغرى مقتصرا على ذكر الجراد	1.0	1	urn:openiti:0840ShihabDinBusiri.MisbahZujaja.JK000312-ara1:p09101	3:237	8011	Ibn Maja	حدثنا أبو مصعب ثنا عبد الرحمن بن زيد بن أسلم عن أبيه عن عبد الله بن عمر أن رسول الله صلى الله عليه وسلم قال أحلت لنا ميتتان الحوت والجراد
urn:hadith:0273IbnMaja.Sunan:3220	al-Busiri (Misbah al-zujaja)	840	classical	chain	weak	هذا إسناد ضعيف لضعف أبي سعد واسمه سعيد بن المرزبان رواه الحاكم في المستدرك من طريق يزيد بن هارون عن أبي سعد البقال ورواه البيهقي في سننه الكبرى عن الحاكم به وسياقه أتم	1.0	1	urn:openiti:0840ShihabDinBusiri.MisbahZujaja.JK000312-ara1:p09106	3:237	9011	Ibn Maja	حدثنا أحمد بن منيع ثنا سفيان بن عيينة عن أبي سعيد ( سعد ) البقال سمع أنس بن مالك يقول كن أزواج النبي صلى الله عليه وسلم يتهادين الجراد على الأطباق
urn:hadith:0273IbnMaja.Sunan:3221	al-Busiri (Misbah al-zujaja)	840	classical	chain	fabricated	هذا إسناد ضعيف لضعف موسى بن محمد بن إبراهيم أورده ابن الجوزي في الموضوعات من طريق هارون بن عبد الله وقال لا يصح عن رسول الله صلى الله عليه وسلم وضعفه بموسى بن محمد المذكور	0.95	1	urn:openiti:0840ShihabDinBusiri.MisbahZujaja.JK000312-ara1:p09117	3:238	0111	Ibn Maja	حدثنا هارون بن عبد الله الحمال ثنا هاشم بن القاسم ثنا زياد بن عبد الله بن علاثة عن موسى بن محمد بن إبراهيم عن أبيه عن جابر و أنس بن مالك أن النبي صلى الله عليه 
urn:hadith:0273IbnMaja.Sunan:3223	al-Busiri (Misbah al-zujaja)	840	classical	chain	weak	هذا إسناد ضعيف لضعف إبراهيم بن الفضل المخزومي وله شاهد من حديث ابن عباس رواه أبو داود وابن ماجة ورواه أبو داود والنسائي من حديث عبد الرحمن بن عثمان	0.83	1	urn:openiti:0840ShihabDinBusiri.MisbahZujaja.JK000312-ara1:p09124	3:238	1111	Ibn Maja	حدثنا محمد بن بشار و عبد الرحمن بن عبد الوهاب قالا ثنا أبو عامر العقدي ثنا إبراهيم بن الفضل عن سعيد المقبري عن أبي هريرة قال نهى رسول الله صلى الله عليه وسلم عن
urn:hadith:0273IbnMaja.Sunan:3231	al-Busiri (Misbah al-zujaja)	840	classical	chain	sound	هذا إسناد صحيح رواه أبو بكر بن أبي شيبة في مسنده هكذا وله شاهد في الصحيحين وغيرهما من حديث أم شريك وفي مسلم من حديث سعد بن أبي وقاص وأبي هريرة	1.0	1	urn:openiti:0840ShihabDinBusiri.MisbahZujaja.JK000312-ara1:p09136	3:239	2111	Ibn Maja	حدثنا أبو بكر بن أبي شيبة ثنا يونس بن محمد عن جرير بن حازم عن نافع عن سائبة مولاة الفاكه بن المغيرة أنها دخلت على عائشة فرأت في بيتها رمحا موضوعا فقالت يا أم ال
urn:hadith:0273IbnMaja.Sunan:3239	al-Busiri (Misbah al-zujaja)	840	classical	chain	weak	هذا إسناد رجاله ثقات إلا أنه منقطع حكى الترمذي في الجامع عن البخاري أن قتادة لم يسمع من سليمان اليشكري رواه مسلم في صحيحه من حديث جابر أيضا بلفظ أتي النبي صلى الله عليه وسلم بضب فأبى أن يأكل منه وقال لا أدري لعله من القرون التي مسخت وله شاهد في الصحيحين وغيرهما من حديث خالد بن الوليد وابن عباس وابن عمر وفي مسلم وغيره من حديث عمر بن الخطاب وأبي سعيد الخدري	0.9	1	urn:openiti:0840ShihabDinBusiri.MisbahZujaja.JK000312-ara1:p09154	3:240	4111	Ibn Maja	حدثنا أبو إسحاق الهروي إبراهيم بن عبد الله بن حاتم ثنا إسماعيل بن علية عن سعيد بن أبي عروبة عن قتادة عن سليمان اليشكري عن جابر بن عبد الله أن النبي صلى الله علي
urn:hadith:0273IbnMaja.Sunan:3245	al-Busiri (Misbah al-zujaja)	840	classical	chain	weak	هذا إسناد ضعيف تقدم الكلام عليه قبل هذا الحديث	1.0	1	urn:openiti:0840ShihabDinBusiri.MisbahZujaja.JK000312-ara1:p09162	3:241	5111	Ibn Maja	حدثنا أبو بكر بن أبي شيبة ثنا يحيى بن واضح عن محمد بن إسحاق عن عبد الكريم بن أبي المخارق عن حبان بن جزء عن أخيه خزيمة بن جزء قال قلت يا رسول الله جئتك لأسألك عن
urn:hadith:0273IbnMaja.Sunan:3248	al-Busiri (Misbah al-zujaja)	840	classical	chain	sound	هذا إسناد صحيح رواه البيهقي في سننه الكبرى من طريق الهيثم بن جميل بإسناده ومتنه ورواه من طريق آخر	1.0	1	urn:openiti:0840ShihabDinBusiri.MisbahZujaja.JK000312-ara1:p09171	3:241	6111	Ibn Maja	حدثنا أحمد بن الأزهر النيسابوري ثنا الهيثم بن جميل ثنا شريك عن هشام بن عروة عن أبيه عن ابن عمر قال من يأكل الغراب وقد سماه رسول الله صلى الله عليه وسلم فاسقا وا
urn:hadith:0273IbnMaja.Sunan:3249	al-Busiri (Misbah al-zujaja)	840	classical	chain	weak	هذا إسناد رجاله ثقات إلا أن المسعودي واسمه عبد الرحمن بن عبد الله بن عتبة بن عبد الله بن مسعود اختلط بآخره ولم نعلم هل روى الأنصاري عن المسعودي قبل الاختلاط أو بعده فيجب التوقف في حديثه واسم الأنصاري محمد بن عبد الله بن المثنى	1.0	1	urn:openiti:0840ShihabDinBusiri.MisbahZujaja.JK000312-ara1:p09178	3:242	7111	Ibn Maja	حدثنا محمد بن بشار ثنا الأنصاري ثنا المسعودي ثنا عبد الرحمن بن القاسم ابن محمد بن أبي بكر الصديق عن أبيه عن عائشة أن رسول الله صلى الله عليه وسلم قال الحية فاسق
urn:hadith:0273IbnMaja.Sunan:3252	al-Busiri (Misbah al-zujaja)	840	classical	chain	sound	هذا إسناد صحيح إن كان ابن جريج سمعه من سليمان بن موسى رواه النسائي في القضاء عن إسحاق بن إبراهيم عن عبد الله بن الحارث وعن الحسن بن محمد الزعفراني عن حجاج بن محمد كلاهما عن ابن جريج به ولم أره في الصغرى وله شاهد من حديث عبد الله بن سلام رواه الترمذي وابن ماجة وأصله في الصحيحين من حديث ابن عمر	1.0	1	urn:openiti:0840ShihabDinBusiri.MisbahZujaja.JK000312-ara1:p09191	3:243	8111	Ibn Maja	حدثنا محمد بن يحيى الأزدي ثنا حجاج بن محمد عن ابن جريج قال سليمان بن موسى حدثنا عن نافع أن عبد الله بن عمر كان يقول إن رسول الله صلى الله عليه وسلم قال أفشوا ال
urn:hadith:0273IbnMaja.Sunan:3255	al-Busiri (Misbah al-zujaja)	840	classical	chain	weak	هذا إسناد ضعيف لضعف عمرو بن دينار فقد ضعفه أحمد وابن معين وأبو حاتم وأبو زرعة والفلاس والبخاري والترمذي والنسائي وغيرهم وفي طبقته عمرو بن دينار مولى قريش مكي احتج به الأئمة الستة	1.0	1	urn:openiti:0840ShihabDinBusiri.MisbahZujaja.JK000312-ara1:p09202	4:6	9111	Ibn Maja	حدثنا الحسن بن علي الخلال ثنا الحسن بن موسى ثنا سعيد بن زيد ثنا عمرو بن دينار قهرمان آل الزبير قال سمعت سالم بن عبد الله بن عمر عن أبيه عن جده عمر بن الخطاب قال
urn:hadith:0273IbnMaja.Sunan:3260	al-Busiri (Misbah al-zujaja)	840	classical	chain	weak	هذا إسناد ضعيف لضعف كثير وجبارة وله شاهد من حديث سلمان رواه أبو داود والترمذي وضعفاه	1.0	1	urn:openiti:0840ShihabDinBusiri.MisbahZujaja.JK000312-ara1:p09211	4:7	0211	Ibn Maja	حدثنا جبارة بن المغلس ثنا كثير بن سليم سمعت أنس بن مالك يقول قال رسول الله صلى الله عليه وسلم من أحب أن يكثر الله خير بيته فليتوضأ إذا حضر غداؤه وإذا رفع
urn:hadith:0273IbnMaja.Sunan:3261	al-Busiri (Misbah al-zujaja)	840	classical	chain	weak	هذا إسناد فيه مقال صاعد بن عبيد لم أر من جرحه ولا من وثقه وجعفر بن مسافر قال أبو حاتم شيخ وقال النسائي صالح وذكره ابن حبان في الثقات وباقي رجال الإسناد على شرط الصحيح وأصله في صحيح مسلم وغيره من حديث ابن عباس ومن حديث سعيد بن الحويرث	1.0	1	urn:openiti:0840ShihabDinBusiri.MisbahZujaja.JK000312-ara1:p09220	4:7	1211	Ibn Maja	حدثنا جعفر بن مسافر ثنا صاعد بن عبيد الجزري ثنا زهير بن معاوية ثنا محمد بن جحادة ثنا عمرو بن دينار المكي عن عطاء بن يسار عن أبي هريرة عن رسول الله صلى الله عليه
urn:hadith:0273IbnMaja.Sunan:3263	al-Busiri (Misbah al-zujaja)	840	classical	chain	sound	هذا إسناد صحيح روى أبو داود بعضه من حديث عبد الله بن بسر أيضا وله شاهد من حديث أبي جحيفة رواه الأئمة الستة رحمهم الله جميعا	1.0	1	urn:openiti:0840ShihabDinBusiri.MisbahZujaja.JK000312-ara1:p09231	4:8	2211	Ibn Maja	حدثنا عمرو بن عثمان بن سعيد بن كثير بن دينار الحمصي ثنا أبي أنبأنا محمد بن عبد الرحمن بن عرق ثنا عبد الله بن بسر قال أهديت للنبي صلى الله عليه وسلم شاة فجثى رسو
urn:hadith:0273IbnMaja.Sunan:3264	al-Busiri (Misbah al-zujaja)	840	classical	chain	weak	هذا إسناد رجاله ثقات على شرط مسلم إلا أنه منقطع قال ابن حزم في المحلى عبد الله بن عبيد لم يسمع من عائشة	1.0	1	urn:openiti:0840ShihabDinBusiri.MisbahZujaja.JK000312-ara1:p09241	4:9	3211	Ibn Maja	حدثنا أبو بكر بن أبي شيبة ثنا يزيد بن هارون عن هشام الدستوائي عن بديل بن ميسرة عن عبد الله بن عبيد بن عمير عن عائشة قالت كان رسول الله صلى الله عليه وسلم يأكل ط
urn:hadith:0273IbnMaja.Sunan:3266	al-Busiri (Misbah al-zujaja)	840	classical	chain	sound	هذا إسناد صحيح رجاله ثقات وأصله في الصحيحين من حديث عمر بن أبي سلمة وفي مسلم وغيره من حديث جابر وابن عمر	1.0	1	urn:openiti:0840ShihabDinBusiri.MisbahZujaja.JK000312-ara1:p09252	4:10	4211	Ibn Maja	حدثنا هشام بن عمار ثنا الهقل بن زياد ثنا هشام بن حسان عن يحيى بن أبي كثير عن أبي سلمة عن أبي هريرة أن النبي صلى الله عليه وسلم قال ليأكل أحدكم بيمينه وليشرب بيم
urn:hadith:0273IbnMaja.Sunan:3273	al-Busiri (Misbah al-zujaja)	840	classical	chain	weak	هذا إسناد فيه عبد الأعلى بن أعين أخو وقد ضعفه العقيلي وابن حبان والدارقطني وله شاهد من حديث عكراس رواه الترمذي وابن ماجه	0.86	1	urn:openiti:0840ShihabDinBusiri.MisbahZujaja.JK000312-ara1:p09260	4:10	5211	Ibn Maja	حدثنا محمد بن خلف العسقلاني ثنا عبيد الله ثنا عبد الأعلى عن يحيى بن أبي كثير عن عروة بن الزبير عن ابن عمر قال قال رسول الله صلى الله عليه وسلم إذا وضعت المائدة 
urn:hadith:0273IbnMaja.Sunan:3276	al-Busiri (Misbah al-zujaja)	840	classical	chain	weak	هذا إسناد فيه مقال عبد الرحمن بن أبي قسيمة لم أر من جرحه ولا من وثقه وعمر بن الدرفس ذكره البخاري فيمن اسمه عمرو وتبعه على ذلك ابن حبان في كتاب الثقات وقال أبو حاتم صالح ما في حديثه إنكار وباقي رجال الإسناد ثقات رواه الحاكم في المستدرك من طريق يزيد بن أبي مالك عن واثلة بن الأسقع وقال هذا حديث صحيح الإسناد	0.61	1	urn:openiti:0840ShihabDinBusiri.MisbahZujaja.JK000312-ara1:p09266	4:11	6211	Ibn Maja	حدثنا هشام بن عمار ثنا أبو حفص عمر بن الدرفس حدثني عبد الرحمن بن أبي قسيمة عن واثلة بن الأسقع الليثي قال أخذ رسول الله صلى الله عليه وسلم برأس الثريد قال كلوا ب
urn:hadith:0273IbnMaja.Sunan:3278	al-Busiri (Misbah al-zujaja)	840	classical	chain	weak	هذا إسناد رجاله ثقات غير أنه منقطع قال أبو حاتم الحسن لم يسمع من معقل بن يسار انتهى رواه مسدد في مسنده عن يزيد بن زريع بإسناده ومتنه وله شاهد في صحيح مسلم وغيره من حديث جابر بن عبدالله وأنس بن مالك	1.0	1	urn:openiti:0840ShihabDinBusiri.MisbahZujaja.JK000312-ara1:p09280	4:12	7211	Ibn Maja	حدثنا سويد بن سعيد ثنا يزيد بن زريع عن يونس عن الحسن عن معقل بن يسار قال بينما هو يتغدى إذ سقطت منه لقمة فتناولها فأماط ما كان فيها من أذى فأكلها فتغامز به الده
urn:hadith:0273IbnMaja.Sunan:3287	al-Busiri (Misbah al-zujaja)	840	classical	chain	weak	هذا إسناد ضعيف وهو طرف حديث تقدم في باب طعام الواحد يكفي للاثنين وتقدم الكلام عليه هناك وله شاهد من حديث وحشي رواه أبو داود وابن ماجة وابن حبان في صحيحه	1.0	1	urn:openiti:0840ShihabDinBusiri.MisbahZujaja.JK000312-ara1:p09290	4:12	8211	Ibn Maja	حدثنا الحسن بن علي الخلال ثنا الحسن بن موسى ثنا سعيد بن زيد ثنا عمرو بن دينار قهرمان آل الزبير قال سمعت سالم بن عبد الله بن عمر قال سمعت أبي يقول سمعت عمر بن ال
urn:hadith:0273IbnMaja.Sunan:3291	al-Busiri (Misbah al-zujaja)	840	classical	chain	weak	هذا إسناد فيه إبراهيم بن مسلم الهجري الكوفي وهو ضعيف وله شاهد من حديث أبي هريرة رواه الشيخان وأبو داود والترمذي وابن ماجه	0.9	1	urn:openiti:0840ShihabDinBusiri.MisbahZujaja.JK000312-ara1:p09299	4:13	9211	Ibn Maja	حدثنا علي بن المنذر ثنا محمد بن فضيل ثنا إبراهيم الهجري عن أبي الأحوص عن عبد الله قال قال رسول الله صلى الله عليه وسلم إذا جاء خادم أحدكم بطعامه فليقعده أو لينا
urn:hadith:0273IbnMaja.Sunan:3294	al-Busiri (Misbah al-zujaja)	840	classical	chain	weak	هذا إسناد ضعيف لضعف منير بن الزبير وتدليس الوليد بن مسلم ومكحول لكن رأيت في مسند الشاميين للطبراني تصريح الوليد بن مسلم ومكحول بالتحديث فزالت تهمة تدليسهما فلم يبق في ضعف رجال الإسناد إلا منير بن الزبير والله أعلم	1.0	1	urn:openiti:0840ShihabDinBusiri.MisbahZujaja.JK000312-ara1:p09306	4:13	0311	Ibn Maja	حدثنا عبد الله بن أحمد بن بشير بن ذكوان الدمشقي ثنا الوليد بن مسلم عن منير بن الزبير عن مكحول عن عائشة أن رسول الله صلى الله عليه وسلم نهى أن يقام عن الطعام حتى
urn:hadith:0273IbnMaja.Sunan:3295	al-Busiri (Misbah al-zujaja)	840	classical	chain	weak	هذا إسناد ضعيف تقدم الكلام عليه قبل هذا بستة أحاديث في إسناده عبد الأعلى بن أعين وهو ضعيف	1.0	1	urn:openiti:0840ShihabDinBusiri.MisbahZujaja.JK000312-ara1:p09315	4:14	1311	Ibn Maja	حدثنا محمد بن خلف العسقلاني ثنا عبيد الله أنبأنا عبد الأعلى عن يحيى بن أبي كثير عن عروة بن الزبير عن ابن عمر قال قال رسول الله صلى الله عليه وسلم إذا وضعت المائ
urn:hadith:0273IbnMaja.Sunan:3296	al-Busiri (Misbah al-zujaja)	840	classical	chain	weak	هذا إسناد فيه جبارة وهو ضعيف رواه أبو يعلى الموصلي في مسنده ثنا جبارة بن المغلس فذكره بإسناده ومتنه وله شاهد من حديث أبي هريرة رواه أصحاب السنن الأربعة وابن حبان في صحيحه والحاكم في المستدرك ورواه النسائي في الصغرى من حديث عائشة	1.0	1	urn:openiti:0840ShihabDinBusiri.MisbahZujaja.JK000312-ara1:p09324	4:14	2311	Ibn Maja	حدثنا جبارة بن المغلس ثنا عبيد بن وسيم الجمال ثنى الحسن بن الحسن عن أمه فاطمة بنت الحسين عن الحسين بن علي عن أمه فاطمة ابنة رسول الله صلى الله عليه وسلم قالت قا
urn:hadith:0273IbnMaja.Sunan:3298	al-Busiri (Misbah al-zujaja)	840	classical	chain	disputed_narrator	هذا إسناد حسن شهر مختلف فيه رواه أبو بكر بن أبي شيبة في مسنده هكذا ورواه أبو يعلى الموصلي ثنا زهير ثنا سفيان بن عيينة فذكره بزيادة طويلة كما سقته في زوائد المسانيد العشرة	0.87	1	urn:openiti:0840ShihabDinBusiri.MisbahZujaja.JK000312-ara1:p09333	4:15	3311	Ibn Maja	حدثنا أبو بكر بن أبي شيبة و علي بن محمد قالا ثنا وكيع عن سفيان عن ابن أبي حسين عن شهر بن حوشب عن أسماء بنت يزيد قالت أتي النبي صلى الله عليه وسلم بطعام فعرض علي
urn:hadith:0273IbnMaja.Sunan:3300	al-Busiri (Misbah al-zujaja)	840	classical	chain	disputed_narrator	هذا إسناد حسن ويعقوب مختلف فيه رواه الإمام أحمد في مسنده من حديث عبد الله بن الحارث أيضا	0.87	1	urn:openiti:0840ShihabDinBusiri.MisbahZujaja.JK000312-ara1:p09341	4:15	4311	Ibn Maja	حدثنا يعقوب بن حميد بن كاسب و حرملة بن يحيى قالا ثنا عبد الله بن وهب أخبرني عمرو بن الحارث حدثني سليمان بن زياد الحضرمي أنه سمع عبد الله بن الحارث بن جزء الزبيد
urn:hadith:0273IbnMaja.Sunan:3303	al-Busiri (Misbah al-zujaja)	840	classical	chain	sound	هذا إسناد صحيح رجاله رواه الشيخان في صحيحهما ومالك في الموطأ وأحمد في مسنده وأبو داود والترمذي من طريق أنس أيضا بلفظ أن خياطا دعى رسول الله صلى الله عليه وسلم لطعام صنعه قال أنس فذهبت مع رسول الله صلى الله عليه وسلم إلى ذلك الطعام فقرب إلي رسول الله صلى الله عليه وسلم خبزا معه شعير ومرقا فيه دباء وقديدا قال أنس فرأيت رسول الله صلى الله عليه وسلم يتبع الدباء من حوالي الصفحة فلم أزل أحب الدباء بعد يومئذ	1.0	1	urn:openiti:0840ShihabDinBusiri.MisbahZujaja.JK000312-ara1:p09359	4:16	5311	Ibn Maja	حدثنا محمد بن المثنى ثنا ابن أبي عدي عن حميد عن أنس قال بعثت معي أم سليم بمكتل فيه رطب إلى رسول الله صلى الله عليه وسلم فلم أجده وخرج قريبا إلى مولى له دعاه فصن
urn:hadith:0273IbnMaja.Sunan:3304	al-Busiri (Misbah al-zujaja)	840	classical	chain	sound	هذا إسناد صحيح وجابر هو ابن طارق ويقال ابن أبي طارق ويقال ابن عوف الأحمسي رواه الترمذي في الشمائل والنسائي في الوليمة جميعا عن قتيبة عن حفص بن غياث عن إسماعيل بن أبي خالد به	1.0	1	urn:openiti:0840ShihabDinBusiri.MisbahZujaja.JK000312-ara1:p09366	4:16	6311	Ibn Maja	حدثنا أبو بكر بن أبي شيبة ثنا وكيع عن إسماعيل بن أبي خالد عن حكيم بن جابر عن أبيه قال دخلت على النبي صلى الله عليه وسلم في بيته وعنده هذه الدباء فقلت أي شيء هذا
urn:hadith:0273IbnMaja.Sunan:3310	al-Busiri (Misbah al-zujaja)	840	classical	chain	weak	هذا إسناد ضعيف لضعف كثير وجبارة حدثنا حرملة بن يحيى بن بكير حدثنا ابن لهيعة به	1.0	1	urn:openiti:0840ShihabDinBusiri.MisbahZujaja.JK000312-ara1:p09392	4:19	9311	Ibn Maja	حدثنا جبارة بن المغلس ثنا كثير بن سليم عن أنس بن مالك قال ما رفع من بين يدي رسول الله صلى الله عليه وسلم فضل شواء قط ولا حملت معه طنفسة
urn:hadith:0273IbnMaja.Sunan:3311	al-Busiri (Misbah al-zujaja)	840	classical	chain	weak	هذا إسناد ضعيف لضعف ابن لهيعة	1.0	1	urn:openiti:0840ShihabDinBusiri.MisbahZujaja.JK000312-ara1:p09401	4:19	0411	Ibn Maja	حدثنا حرملة بن يحيى ثنا يحيى بن بكير ثنا ابن لهيعة أخبرني سليمان بن زياد الحضرمي عن عبد الله بن الحارث بن الجزء الزبيدي قال أكلنا مع رسول الله صلى الله عليه وسل
urn:hadith:0273IbnMaja.Sunan:3312	al-Busiri (Misbah al-zujaja)	840	classical	chain	sound	هذا إسناد صحيح رجاله ثقات رواه الحاكم في المستدرك من طريق جعفر بن عون به ولفظه أنه كلم النبي صلى الله عليه وسلم يوم الفتح فأخذته الرعدة فقال النبي صلى الله عليه وسلم	1.0	1	urn:openiti:0840ShihabDinBusiri.MisbahZujaja.JK000312-ara1:p09414	4:19	1411	Ibn Maja	حدثنا إسماعيل بن أسد ثنا جعفر بن عون ثنا إسماعيل بن أبي خالد عن قيس بن أبي حازم عن أبي مسعود قال أتى النبي صلى الله عليه وسلم رجل فكلمه فجعل ترعد فرائصه فقال له
urn:hadith:0273IbnMaja.Sunan:3314	al-Busiri (Misbah al-zujaja)	840	classical	chain	fabricated	هذا إسناد ضعيف عبد الرحمن هذا قال فيه أبو عبد الله الحاكم روى عن أبيه أحاديث موضوعة وقال ابن الجوزي أجمعوا على ضعفه	0.67	1	urn:openiti:0840ShihabDinBusiri.MisbahZujaja.JK000312-ara1:p09425	4:21	2411	Ibn Maja	حدثنا أبو مصعب ثنا عبد الرحمن بن زيد بن أسلم عن أبيه عن عبد الله بن عمر أن رسول الله صلى الله عليه وسلم قال أحلت لكم ميتتان ودمان فأمان الميتتان فالحوت والجراد 
urn:hadith:0273IbnMaja.Sunan:3315	al-Busiri (Misbah al-zujaja)	840	classical	chain	weak	هذا إسناد ضعيف لضعف عيسى بن أبي عيس الحناط ويقال الخياط ويقال الخباط قال المزي رواه جمعة بن اللخمي عن مروان عن عيسى بن أبي عيسى عن موسى بن أنس بن مالك بن أنس به	1.0	1	urn:openiti:0840ShihabDinBusiri.MisbahZujaja.JK000312-ara1:p09434	4:21	3411	Ibn Maja	حدثنا هشام بن عمار ثنا مروان بن معاوية ثنا عيسى بن أبي عيسى عن رجل أراه موسى عن أنس بن مالك قال قال رسول الله صلى الله عليه وسلم سيد إدامكم الملح
urn:hadith:0273IbnMaja.Sunan:3320	al-Busiri (Misbah al-zujaja)	840	classical	chain	weak	هذا إسناد ضعيف لضعف عبد الله بن سعيد المقبري رواه الحاكم في المستدرك عن أبي العباس محمد بن يعقوب عن بكار بن قتيبة عن صفوان بن عيسى به وقال صحيح	1.0	1	urn:openiti:0840ShihabDinBusiri.MisbahZujaja.JK000312-ara1:p09455	4:23	5411	Ibn Maja	حدثنا عقبة بن مكرم ثنا صفوان بن عيسى ثنا عبد الله بن سعيد عن جده قال سمعت أبا هريرة يقول قال رسول الله صلى الله عليه وسلم كلوا الزيت وادهنوا به فإنه مبارك
urn:hadith:0273IbnMaja.Sunan:3326	al-Busiri (Misbah al-zujaja)	840	classical	chain	very_weak	هذا إسناد فيه يعقوب بن الوليد وهو ضعيف واتهموه وله شاهد من حديث عائشة رواه أبو داود والترمذي وابن ماجة وابن حبان والحاكم ورواه الحاكم أيضا من حديث أنس بن مالك	0.79	1	urn:openiti:0840ShihabDinBusiri.MisbahZujaja.JK000312-ara1:p09470	4:24	7411	Ibn Maja	حدثنا محمد بن الصباح و عمرو بن رافع قالا ثنا يعقوب بن الوليد بن أبي هلال المدني عن أبي حازم عن سهل بن سعد قال كان رسول الله صلى الله عليه وسلم يأكل الرطب بالبطي
urn:hadith:0273IbnMaja.Sunan:3328	al-Busiri (Misbah al-zujaja)	840	classical	chain	disputed_narrator	هذا إسناد فيه مقال عبيد الله بن علي مختلف فيه وهشام بن سعد وإن أخرج له مسلم فإنما أخرج له في المتابعات والشواهد فقد ضعفه ابن معين والنسائي ويعقوب بن سفيان وابن البرقي وقال أبو زرعة ومحمد ابن إسحاق شيخ محله الصدق وباقي رجاله الإسناد ثقات وله شاهد من حديث عائشة رواه البخاري وغيره	1.0	1	urn:openiti:0840ShihabDinBusiri.MisbahZujaja.JK000312-ara1:p09478	4:24	8411	Ibn Maja	حدثنا عبد الرحمن بن إبراهيم الدمشقي ثنا ابن أبي فديك ثنا هشام بن سعد عن عبيد الله بن أبي رافع عن جدته سلمى أن النبي صلى الله عليه وسلم قال بيت لا تمر فيه كالبيت
urn:hadith:0273IbnMaja.Sunan:3330	al-Busiri (Misbah al-zujaja)	840	classical	chain	weak	هذا إسناد فيه أبو زكير يحيى بن محمد بن قيس وهو ضعيف رواه النسائي في الوليمة عن محمد بن علي بن مقدم عن يحيى بن محمد بن قيس به وقال هذا حديث منكر رواه الحاكم في المستدرك من طريق أبي عبد الله محمد التيمي وسليمان بن داود العتكي ونصر بن علي الجهضمي كلهم عن أبي زكير يحيى بن محمد ابن قيس به قال ابن الصلاح تفرد به أبي زكير وهو شيخ صالح وسبقه إلى ذلك أبي يعلى الخليلي فإنه في الإرشاد لذلك	0.88	1	urn:openiti:0840ShihabDinBusiri.MisbahZujaja.JK000312-ara1:p09488	4:25	9411	Ibn Maja	حدثنا أبو بشر بكر بن خلف ثنا يحيى بن محمد بن قيس المدني ثنا هشام بن عورة عن أبيه عن عائشة قالت قال رسول الله صلى الله عليه وسلم كلوا البلح بالتمر كلوا الخلق بال
urn:hadith:0273IbnMaja.Sunan:3332	al-Busiri (Misbah al-zujaja)	840	classical	chain	sound	هذا إسناد صحيح رجاله ثقات وليس لسعد عند ابن ماجة سوى هذا الحديث وليس له رواية في شيء من الخمسة الأصول وله شاهد من حديث عبد الله بن عمرو رواه أصحاب الكتب الستة	1.0	1	urn:openiti:0840ShihabDinBusiri.MisbahZujaja.JK000312-ara1:p09499	4:26	0511	Ibn Maja	حدثنا محمد بن بشار ثنا أبو داود ثنا أبو عامر الخزاز عن الحسن عن سعد مولى أبي بكر ( وكان سعد يخدم النبي صلى الله عليه وسلم وكان يعجبه حديثه ) أن النبي صلى الله ع
urn:hadith:0273IbnMaja.Sunan:3335	al-Busiri (Misbah al-zujaja)	840	classical	chain	weak	هذا إسناد صحيح رجاله ثقات النقي هو الخبز الأبيض ثريناه بثاء مثلثة مفتوحة وراء مشددة بعدها ياء مثناة تحت ثم نون أي بللناه وعجناه وفي نسخة ليناه بالماء وعجناه	0.93	1	urn:openiti:0840ShihabDinBusiri.MisbahZujaja.JK000312-ara1:p09524	4:27	2511	Ibn Maja	حدثنا محمد بن الصباح و سويد بن سعيد قالا ثنا عبد العزيز بن أبي حازم حدثني أبي قال سألت سهل بن سعد هل رأيت النقي قال ما رأيت النقي حتى قبض رسول الله صلى الله علي
urn:hadith:0273IbnMaja.Sunan:3338	al-Busiri (Misbah al-zujaja)	840	classical	chain	weak	هذا إسناد ضعيف لضعفه ابن عطاء واسمه عثمان بن عطاء بن أبي مسلم الخراساني وله شاهد من حديث أنس رواه البخاري في صحيحه وغيره	1.0	1	urn:openiti:0840ShihabDinBusiri.MisbahZujaja.JK000312-ara1:p09543	4:28	4511	Ibn Maja	حدثنا أبو عمير عيسى بن محمد النحاس الرملي ثنا ضمرة بن ربيعة عن ابن عطاء عن أبيه قال زار أبو هريرة قومه يعني قرية ( أظنه قال ينا ) فأتوه برقاق من رقاق الأول فبكى
urn:hadith:0273IbnMaja.Sunan:3340	al-Busiri (Misbah al-zujaja)	840	classical	chain	fabricated	هذا إسناد ضعيف عبد الوهاب قال فيه أبو داود يضع الحديث وقال الحاكم روى أحاديث موضوعة رواه ابن الجوزي في الموضوعات من طريق إسماعيل بن عياش به وقال هذا حديث باطل لا أصل له ثم ضعف جميع رواته وفي إسناده عثمان بن يحيى ما علمت فيه جرح ومحمد بن طلحة لم أعرفه	0.85	1	urn:openiti:0840ShihabDinBusiri.MisbahZujaja.JK000312-ara1:p09554	4:29	5511	Ibn Maja	حدثنا عبد الوهاب بن الضحاك السلمي أبو الحارث ثنا إسماعيل بن عياش ثنا محمد بن طلحة عن عثمان بن يحيى عن ابن عباس قال أول ما سمعنا بالفالوذج أن جبريل عليه السلام أ
urn:hadith:0273IbnMaja.Sunan:3348	al-Busiri (Misbah al-zujaja)	840	classical	chain	weak	هذا إسناد ضعيف نوح بن ذكوان متفق على ضعفه قال الحاكم أبو عبد الله يروي عن الحسن كل معضلة رواه الحاكم في المستدرك وقال صحيح الإسناد	1.0	1	urn:openiti:0840ShihabDinBusiri.MisbahZujaja.JK000312-ara1:p09565	4:29	6511	Ibn Maja	حدثنا يحيى بن عثمان بن سعيد بن كثير بن دينار الحمصي ( وكان يعد من الأبدال ) ثنا بقية ثنا يوسف بن أبي كثير عن نوح بن ذكوان عن الحسن عن أنس بن مالك قال لبس رسول ا
urn:hadith:0273IbnMaja.Sunan:3351	al-Busiri (Misbah al-zujaja)	840	classical	chain	disputed_narrator	هذا إسناد فيه مقال سعيد بن محمد الوراق ضعفه ابن معين وأبو حاتم وابن سعد وأبو داود والنسائي وابن عدي والدارقطني ووثقه ابن حبان والحاكم قال المزي في الإطراق رواه سعيد بن عنبسة الرازي وهو ضعيف عن سعيد بن محمد وقال عامر بن عطية رواه أبو يعلى الموصلي في مسنده من طريق سعد بن محمد عن موسى عن زيد عن عطية بن عامر به فذكره بزيادة وله شاهد من حديث ابن عمر ورواه الترمذي ورواه الحاكم من حديث أبي حنيفة	0.9	1	urn:openiti:0840ShihabDinBusiri.MisbahZujaja.JK000312-ara1:p09573	4:30	7511	Ibn Maja	حدثنا داود بن سليمان العسكري و محمد بن الصباح قالا ثنا سعيد بن محمد الثقفي عن موسى الجهني عن زيد بن وهب عن عطية بن عامر الجهني قال سمعت سلمان وأكره على طعام يأك
urn:hadith:0273IbnMaja.Sunan:3352	al-Busiri (Misbah al-zujaja)	840	classical	chain	fabricated	هذا إسناد ضعيف تقدم الكلام عليه قبل هذا الحديث رواه ابن أبي الدنيا في كتاب الجوع والبيهقي وقد صحح الحاكم إسناده لمتن غير هذا وحسنه غيره وأورده ابن الجوزي في الموضوعات من طريق يحيى بن عثمان عن بقية بن الوليد به وضعفه بنوح بن ذكوان كما تقدم	0.78	1	urn:openiti:0840ShihabDinBusiri.MisbahZujaja.JK000312-ara1:p09580	4:31	8511	Ibn Maja	حدثنا هشام بن عمار و سويد بن سعيد و يحيى بن عثمان بن سعيد بن كثير بن دينار الحمصي قالوا ثنا بقية بن الوليد ثنا يوسف بن أبي كثير عن نوح بن ذكوان عن الحسن عن أنس 
urn:hadith:0273IbnMaja.Sunan:3353	al-Busiri (Misbah al-zujaja)	840	classical	chain	weak	هذا إسناد ضعيف لضعف الوليد بن محمد الموقري أبو بشر البلقاوي	1.0	1	urn:openiti:0840ShihabDinBusiri.MisbahZujaja.JK000312-ara1:p09592	4:31	9511	Ibn Maja	حدثنا إبراهيم بن محمد بن يوسف الفريابي ثنا وساج بن عقبة بن وساج ثنا الوليد بن محمد الموقري ثنا الزهري عن عروة عن عائشة قالت دخل النبي صلى الله عليه وسلم البيت ف
urn:hadith:0273IbnMaja.Sunan:3354	al-Busiri (Misbah al-zujaja)	840	classical	chain	weak	هذا إسناد ضعيف كعب هو المدني مجهول تفرد بالرواية عنه ليث بن أبي سليم وهو ضعيف وهريم هو ابن سفيان	1.0	1	urn:openiti:0840ShihabDinBusiri.MisbahZujaja.JK000312-ara1:p09601	4:32	0611	Ibn Maja	حدثنا أبو بكر بن أبي شيبة ثنا إسحاق بن منصور ثنا هريم عن ليث عن كعب عن أبي هريرة قال كان رسول الله صلى الله عليه وسلم يقول اللهم إني أعوذ بك من الجوع فإنه بئس ا
urn:hadith:0273IbnMaja.Sunan:3355	al-Busiri (Misbah al-zujaja)	840	classical	chain	fabricated	هذا إسناد فيه إبراهيم بن عبد السلام وهو ضعيف وله شاهد من حديث أنس رواه الترمذي في الجامع وقال هذا حديث منكر وأورده ابن الجوزي حديث أنس هذا في الموضوعات وقال قال ابن حبان لا أصل لهذا الحديث	0.87	1	urn:openiti:0840ShihabDinBusiri.MisbahZujaja.JK000312-ara1:p09610	4:32	1611	Ibn Maja	حدثنا محمد بن عبد الله الرقي ثنا إبراهيم بن عبد السلام بن عبد الله بن باباه المخزومي ثنا عبد الله بن ميمون عن محمد بن المنكدر عن جابر بن عبد الله قال قال رسول ا
urn:hadith:0273IbnMaja.Sunan:3356	al-Busiri (Misbah al-zujaja)	840	classical	chain	weak	هذا إسناد ضعيف لضعف كثير وجبارة رواه ابن أبي الدنيا	1.0	1	urn:openiti:0840ShihabDinBusiri.MisbahZujaja.JK000312-ara1:p09617	4:33	2611	Ibn Maja	حدثنا جبارة بن المغلس ثنا كثير بن سليم عن أنس بن مالك قال قال رسول الله صلى الله عليه وسلم الخير أسرع إلى البيت الذي يغشى من الشفرة إلى سنام البعير
urn:hadith:0273IbnMaja.Sunan:3357	al-Busiri (Misbah al-zujaja)	840	classical	chain	weak	هذا إسناد ضعيف من أجل جبارة قال المزي في الأطراف هكذا وقع في جميع الأصول وهو وهم والصواب ما هو مذكور في الحديث قبله عن كثير عن أنس بن مالك كما تقدم	1.0	1	urn:openiti:0840ShihabDinBusiri.MisbahZujaja.JK000312-ara1:p09622	4:33	3611	Ibn Maja	حدثنا جبارة بن المغلس ثنا المحاربي ثنا عبد الرحمن بن نهشل عن الضحاك بن مزاحم عن ابن عباس قال قال رسول الله صلى الله عليه وسلم الخير أسرع إلى البيت الذي يؤكل فيه
urn:hadith:0273IbnMaja.Sunan:3358	al-Busiri (Misbah al-zujaja)	840	classical	chain	fabricated	هذا إسناد ضعيف علي بن عروة أحد الضعفاء المتروكين وقال ابن حبان يضع الحديث	1.0	1	urn:openiti:0840ShihabDinBusiri.MisbahZujaja.JK000312-ara1:p09626	4:33	4611	Ibn Maja	حدثنا علي بن ميمون الرقي ثنا عثمان بن عبد الرحمن عن علي بن عروة عن عبد الملك عن عطاء عن أبي هريرة قال قال رسول الله صلى الله عليه وسلم إن من السنة أن يخرج الرجل
urn:hadith:0273IbnMaja.Sunan:3361	al-Busiri (Misbah al-zujaja)	840	classical	chain	disputed_narrator	هذا إسناد حسن يحيى بن عبد الرحمن ويونس بن أبي يعقوب مختلف فيهما واسم أبي يعقوب عبد الرحمن بن عبيد	1.0	1	urn:openiti:0840ShihabDinBusiri.MisbahZujaja.JK000312-ara1:p09648	4:34	5611	Ibn Maja	فأوسع له عن صدر المجلس فقال بسم الله ثم ضرب بيده فلقم لقمة ثم ثنى بأخرى ثم قال إني لأجد طعم دسم ما هو بدسم اللحم فقال عبد الله يا أمير المؤمنين إني خرجت إلى الس
urn:hadith:0273IbnMaja.Sunan:3366	al-Busiri (Misbah al-zujaja)	840	classical	chain	weak	هذا إسناد ضعيف لضعف ابن لهيعة وعثمان والمغيرة لم أر من تكلم فيهما بجرح ولا توثيق	0.86	1	urn:openiti:0840ShihabDinBusiri.MisbahZujaja.JK000312-ara1:p09656	4:35	6611	Ibn Maja	حدثنا حرملة بن يحيى ثنا عبد الله بن وهب أخبرني ابن لهيعة عن عثمان ابن نعيم عن المغيرة بن نهيك عن دخين الحجري أنه سمع عقبة بن عامر الجهني يقول إن رسول الله صلى ا
urn:hadith:0273IbnMaja.Sunan:3368	al-Busiri (Misbah al-zujaja)	840	classical	chain	sound	هذا إسناد صحيح رجاله ثقات قال المزي رواه أبو بكر بن أبي شيبة في كتاب المادية عن العباس بن أحمد بن حسان عن عمرو بن عثمان عن أبيه عن محمد بن عمر المحري عن عبد الله بن بسر الحبراني عن عبد الله بن بسر المازني قال بعثتني أمي إلى النبي صلى الله عليه وسلم بقطف من عنب فأكلت منه قبل أن أبلغه إياه فلما جئت به أخذ بإذني وقال يا غدر قال المزي والقصة مختلفة فيحتمل أن يكونا صحيحين والله أعلم	1.0	1	urn:openiti:0840ShihabDinBusiri.MisbahZujaja.JK000312-ara1:p09667	4:35	7611	Ibn Maja	حدثنا عمرو بن عثمان بن سعيد بن كثير بن دينار الحمصي ثنا أبي ثنا محمد بن عبد الرحمن بن عرق عن أبيه عن النعمان بن بشير قال أهدي للنبي صلى الله عليه وسلم عنب من ال
urn:hadith:0273IbnMaja.Sunan:3369	al-Busiri (Misbah al-zujaja)	840	classical	chain	weak	هذا إسناد فيه مقال عبد الملك الزبيري مجهول قال المزي في الأطراف وأبو سعيد نكرة قاله الذهبي في الكاشف	1.0	1	urn:openiti:0840ShihabDinBusiri.MisbahZujaja.JK000312-ara1:p09672	4:36	8611	Ibn Maja	حدثنا إسماعيل بن محمد الطلحي ثنا نقيب بن حاجب عن أبي سعيد عن عبد الملك الزبيري عن طلحة قال دخلت على النبي صلى الله عليه وسلم وبيده سفرجلة فقال دونكها يا طلحة فإ
urn:hadith:0273IbnMaja.Sunan:3371	al-Busiri (Misbah al-zujaja)	840	classical	chain	sound	هذا إسناد حسن وله شاهد من حديث ابن عمر رواه الإمام أحمد في مسنده ورواه الحاكم من حديث ابن عباس وقال هذا حديث صحيح الإسناد	1.0	1	urn:openiti:0840ShihabDinBusiri.MisbahZujaja.JK000312-ara1:p09686	4:37	9611	Ibn Maja	حدثنا الحسين بن الحسن المروزي ثنا ابن أبي عدي ح وحدثنا إبراهيم ابن سعيد الجوهري ثنا عبد الوهاب جميعا عن راشد أبي محمد الحماني عن شهر بن حوشب عن أم الدرداء عن أب
urn:hadith:0273IbnMaja.Sunan:3372	al-Busiri (Misbah al-zujaja)	840	classical	chain	weak	هذا إسناد فيه منير بن الزبير الأزدي الشامي وهو ضعيف لكن قال عبد العظيم ليس في إسناده من ترك	0.84	1	urn:openiti:0840ShihabDinBusiri.MisbahZujaja.JK000312-ara1:p09694	4:37	0711	Ibn Maja	حدثنا العباس بن عثمان الدمشقي ثنا الوليد بن مسلم ثنا منير بن الزبير أنه سمع عبادة بن نسي يقول سمعت خباب بن الأرت عن رسول الله صلى الله عليه وسلم أنه قال إياك وا
urn:hadith:0273IbnMaja.Sunan:3374	al-Busiri (Misbah al-zujaja)	840	classical	chain	sound	هذا إسناد صحيح وله شاهد من حديث ابن عمر رواه مسلم وغيره	0.9	1	urn:openiti:0840ShihabDinBusiri.MisbahZujaja.JK000312-ara1:p09702	4:38	1711	Ibn Maja	حدثنا هشام بن عمار ثنا يحيى بن حمزة حدثني زيد بن واقد أن خالد بن عبد الله بن حسين حدثه قال حدثني أبو هريرة أن رسول الله صلى الله عليه وسلم قال من شرب الخمر في ا
urn:hadith:0273IbnMaja.Sunan:3375	al-Busiri (Misbah al-zujaja)	840	classical	chain	weak	هذا إسناد فيه مقال محمد بن سليمان ضعفه النسائي وابن عدي وقواه ابن حبان وقال أبو حاتم يكتب حديثه ولا يحتج به وباقي رجال الإسناد ثقات وله شاهد من حديث أبي موسى رواه النسائي في الصغرى ورواه الإمام أحمد في مسنده وابن حبان في صحيحه من حديث ابن عباس ورواه البزار في مسنده من حديث عبد الله بن عمرو	0.77	1	urn:openiti:0840ShihabDinBusiri.MisbahZujaja.JK000312-ara1:p09708	4:38	2711	Ibn Maja	حدثنا أبو بكر بن أبي شيبة و محمد بن الصباح قالا ثنا محمد بن سليمان بن الأصبهاني عن سهيل عن أبيه عن أبي هريرة قال قال رسول الله صلى الله عليه وسلم مدمن الخمر كعا
urn:hadith:0273IbnMaja.Sunan:3376	al-Busiri (Misbah al-zujaja)	840	classical	chain	disputed_narrator	هذا إسناد حسن سليمان بن عتبة مختلف فيه وباقي رجال الإسناد ثقات رواه الإمام أحمد في مسنده من حديث أبي الدرداء أيضا بزيادة فيه ورواه البيهقي من طريق أم الدرداء عن أبي الدرداء به ورواه أحمد بن منيع ثنا الهيثم بن خارجة ثنا سليمان بن عتبة به بلفظ لا يدخل الجنة عاق ولا منان ولا مكذب بالقدر ولا مدمن خمر وله شاهد من حديث أبي موسى الأشعري رواه الإمام أحمد في مسنده وابن حبان في صحيحه أيضا ورواه ابن حبان في صحيحه أيضا والبزار في مسنده من حديث عبد الله بن عمر	1.0	1	urn:openiti:0840ShihabDinBusiri.MisbahZujaja.JK000312-ara1:p09713	4:39	3711	Ibn Maja	حدثنا هشام بن عمار ثنا سليمان بن عتبة حدثني يونس بن ميسرة بن حلبس عن أبي إدريس عن أبي الدرداء عن النبي صلى الله عليه وسلم قال لا يدخل الجنة مدمن خمر
urn:hadith:0273IbnMaja.Sunan:3384	al-Busiri (Misbah al-zujaja)	840	classical	chain	weak	هذا إسناد ضعيف لضعف عبد السلام وله شاهد من حديث عبادة بن الصامت رواه النسائي وابن ماجة ورواه ابن حبان في صحيحه من حديث أبي موسى الأشعري ورواه الحاكم في المستدرك من حديث عائشة	1.0	1	urn:openiti:0840ShihabDinBusiri.MisbahZujaja.JK000312-ara1:p09729	4:40	5711	Ibn Maja	حدثنا العباس بن الوليد الدمشقي ثنا عبد السلام بن عبد القدوس ثنا ثور بن يزيد عن خالد بن معدان عن أبي أمامة الباهلي قال قال رسول الله صلى الله عليه وسلم لا تذهب ا
urn:hadith:0273IbnMaja.Sunan:3388	al-Busiri (Misbah al-zujaja)	840	classical	chain	disputed_narrator	هذا إسناد حسن أيوب بن هانىء مختلف فيه تفرد ابن جريج بالرواية عنه قاله الذهبي في طبقات التهذيب رواه البيهقي في سننه من حديث ابن مسعود أيضا ورواه البيهقي في سننه من طريق الأصم عن محمد عن ابن وهب به وسياقه أتم وله شاهد من حديث ابن عمر رواه النسائي والترمذي وقال حديث حسن قال وفي الباب عن عمر وعلي وابن مسعود وأنس بن مالك وأبي سعيد الخدري وأبي موسى والأشج العصري وديلم وميمونة وابن عباس وقبيس بن سعد والنعمان بن بشير ومعاوية ووائل بن حجر وقرة المزني وعبد الله بن مغفل وأم سلمة وبريدة وأبي هريرة وابن عمر رضي الله عنهم	0.6	1	urn:openiti:0840ShihabDinBusiri.MisbahZujaja.JK000312-ara1:p09738	4:40	6711	Ibn Maja	حدثنا يونس بن عبد الأعلى ثنا ابن وهب أخربنا ابن جريج عن أيوب بن هانىء عن مسروق عن ابن مسعود أن رسول الله صلى الله عليه وسلم قال كل مسكر حرام قال ابن ماجة هذا حد
urn:hadith:0273IbnMaja.Sunan:3389	al-Busiri (Misbah al-zujaja)	840	classical	chain	sound	هذا إسناد صحيح رجاله ثقات رواه أبو يعلى الموصلي في مسنده ثنا أحمد بن إبراهيم الرقي ثنا علي بن ميمون فذكره وله شاهد من حديث عائشة وأبي موسى رواه الشيخان وغيرهما	1.0	1	urn:openiti:0840ShihabDinBusiri.MisbahZujaja.JK000312-ara1:p09742	4:41	7711	Ibn Maja	حدثنا علي بن ميمون الرقي ثنا خالد بن حيان عن سليمان بن عبد الله بن الزبرقان عن يعلى بن شداد بن أوس سمعت معاوية يقول سمعت رسول الله صلى الله عليه وسلم يقول كل مس
urn:hadith:0273IbnMaja.Sunan:3392	al-Busiri (Misbah al-zujaja)	840	classical	chain	weak	هذا إسناد فيه زكريا بن منظور وهو ضعيف قال المزي هكذا وقع في أكثر الروايات عبد الله بن عمر ووقع في رواية إبراهيم بن دينار عن ابن ماجة عبد الله بن عمرو فالله أعلم انتهى	0.8	1	urn:openiti:0840ShihabDinBusiri.MisbahZujaja.JK000312-ara1:p09750	4:41	8711	Ibn Maja	حدثنا إبراهيم بن المنذر الحزامي ثنا أبو يحيى ثنا زكريا بن منظور عن أبي حازم عبد الله بن عمر قال قال رسول الله صلى الله عليه وسلم كل مسكر حرام وما أسكر كثيره فقل
urn:hadith:0273IbnMaja.Sunan:3401	al-Busiri (Misbah al-zujaja)	840	classical	chain	sound	هذا إسناد صحيح رجاله ثقات رواه الشيحان بهذا اللفظ من حديث أبي هريرة خلا قوله وكل مسكر حرام ورواه من حديث علي بن أبي طالب وابن عباس وغيرهما ورواه الإمام أحمد بن حنبل في مسنده من حديث عبد الله بن مغفل ورواه الترمذي في الجامع من حديث ابن عمر	1.0	1	urn:openiti:0840ShihabDinBusiri.MisbahZujaja.JK000312-ara1:p09760	4:42	9711	Ibn Maja	حدثنا أبو بكر بن أبي شيبة ثنا محمد بن بشر عن محمد بن عمر وثنا أبو سلمة عن أبي هريرة قال نهى رسول الله صلى الله عليه وسلم أن ينبذ في النقير والمزفت والدباء والحن
urn:hadith:0273IbnMaja.Sunan:3406	al-Busiri (Misbah al-zujaja)	840	classical	chain	fair	هذا إسناد حسن رواه الحاكم عن الأصم عن محمد بن عبد الله بن عبد الحكم به ورواه البيهقي في سننه الكبرى من طريق الحاكم وهذا الحديث طرف من حديث ذكره المصنف في كتاب الجنائز وقد تقدم الكلام عليه في باب كل مسكر حرام	0.87	1	urn:openiti:0840ShihabDinBusiri.MisbahZujaja.JK000312-ara1:p09770	4:42	0811	Ibn Maja	حدثنا يونس بن عبد الأعلى ثنا عبد الله بن وهب أنبأنا ابن جريج عن أيوب بن هانىء عن مسروق بن الأجدع عن ابن مسعود أن رسول الله صلى الله عليه وسلم قال إني كنت نهيتكم
urn:hadith:0273IbnMaja.Sunan:3407	al-Busiri (Misbah al-zujaja)	840	classical	chain	disputed_narrator	هذا إسناد حسن سويد مختلف فيه وله شاهد من حديث ابن عمر وجابر بن عبد الله رواه مسلم في صحيحه ورواه الإمام أحمد بن حنبل في مسنده من حديث سويد بن مقرن ورواه الترمذي وغيره من حديث أبي هريرة	0.89	1	urn:openiti:0840ShihabDinBusiri.MisbahZujaja.JK000312-ara1:p09780	4:43	1811	Ibn Maja	حدثنا سويد بن سعيد ثنا المعتمر بن سليمان عن أبيه حدثتني رميثة عن عائشة أنها قالت أتعجز إحداكن أن تتخذ كل عام من جلد أضحيتها سقاء ثم قالت نهى رسول الله صلى الله 
urn:hadith:0273IbnMaja.Sunan:3411	al-Busiri (Misbah al-zujaja)	840	classical	chain	sound	هذا إسناد صحيح رجاله ثقات وله شاهد من حديث جابر بن عبد الله رواه مسلم في صحيحه وأبو داود وابن ماجه	1.0	1	urn:openiti:0840ShihabDinBusiri.MisbahZujaja.JK000312-ara1:p09787	4:43	2811	Ibn Maja	حدثنا عبد الحميد بن بيان الواسطي ثنا خالد بن عبد الله عن سهيل عن أبيه عن أبي هريرة قال أمرنا رسول الله بتغطية الإناء وإيكاء السقاء وإكفاء الإناء
urn:hadith:0273IbnMaja.Sunan:361	al-Busiri (Misbah al-zujaja)	840	classical	chain	weak	هذا إسناد ضعيف لضعف حريش بن خريث رواه الحاكم في المستدرك من طريق حرمي بن عمارة به وقال هذا حديث صحيح الاسناد انتهى	0.76	2	urn:openiti:0840ShihabDinBusiri.MisbahZujaja.JK000312-ara1:p09793	4:44	3811	Ibn Maja	حدثنا عصمة بن الفضل ثنا حرمي بن عمارة بن أبي حفصة ثنا حريش بن خريث أنبأنا ابن أبي مليكة عن عائشة قالت كنت أصنع لرسول الله صلى الله عليه وسلم ثلاثة آنية من الليل
urn:hadith:0273IbnMaja.Sunan:3412	al-Busiri (Misbah al-zujaja)	840	classical	chain	weak	هذا إسناد ضعيف لضعف حريش بن خريث رواه الحاكم في المستدرك من طريق حرمي بن عمارة به وقال هذا حديث صحيح الاسناد انتهى	0.71	2	urn:openiti:0840ShihabDinBusiri.MisbahZujaja.JK000312-ara1:p09793	4:44	3811	Ibn Maja	حدثنا عصمة بن الفضل ثنا حرمي بن عمارة بن أبي حفصة ثنا حريش بن خريث أنبأنا ابن أبي مليكة عن عائشة قالت كنت أصنع لرسول الله صلى الله عليه وسلم ثلاثة آنية من الليل
urn:hadith:0273IbnMaja.Sunan:3415	al-Busiri (Misbah al-zujaja)	840	classical	chain	unknown_narrator	هذا إسناد صحيح رجاله ثقات رواه النسائي في الوليمة عن محمد بن إسماعيل بن إبراهيم عن وهب بن جرير عن شعبة عن سعد بن إبراهيم عن نافع عن امرأة ابن عمر به ولم يسمها	1.0	1	urn:openiti:0840ShihabDinBusiri.MisbahZujaja.JK000312-ara1:p09801	4:44	4811	Ibn Maja	حدثنا أبو بكر بن أبي شيبة ثنا غندر عن شعبة عن سعد بن إبراهيم عن نافع عن امرأة ابن عمر عن عائشة عن رسول الله صلى الله عليه وسلم قال من شرب في إناء فضة فكأنما يجر
urn:hadith:0273IbnMaja.Sunan:3419	al-Busiri (Misbah al-zujaja)	840	classical	chain	weak	هذا إسناد فيه مقال رواه البخاري في صحيحه من طريق أيوب بن كيسان عن عكرمة به دون قوله وإن رجلا بعدما نهى إلى آخر ورواه الإمام أحمد بن حنبل في مسنده عن إسماعيل بن علية عن أيوب عن عكرمة عن أبي هريرة به بلفظ نهى أن يشرب الرجل من السقاء	0.88	1	urn:openiti:0840ShihabDinBusiri.MisbahZujaja.JK000312-ara1:p09811	4:45	5811	Ibn Maja	حدثنا محمد بن بشار ثنا أبو عامر ثنا زمعة بن صالح عن سلمة بن وهرام عن عكرمة عن ابن عباس قال نهى رسول الله صلى الله عليه وسلم عن اختناث الأسقية وإن رجلا بعدما نهى
urn:hadith:0273IbnMaja.Sunan:3426	al-Busiri (Misbah al-zujaja)	840	classical	chain	weak	هذا إسناد حسن رجاله ثقات لأن رواية إسماعيل بن عياش عن الحجازيين ضعيفه رواه الإمام أحمد في مسنده من حديث ابن عباس أيضا وله شاهد في الصحيحين وغيرهما من حديث أنس وسهل بن سعد	1.0	1	urn:openiti:0840ShihabDinBusiri.MisbahZujaja.JK000312-ara1:p09824	4:46	6811	Ibn Maja	حدثنا هشام بن عمار ثنا إسماعيل بن عياش ثنا ابن جريج عن ابن شهاب عن عبيد الله بن عبد الله عن ابن عباس قال أتى رسول الله صلى الله عليه وسلم بلبن وعن يمينه ابن عبا
urn:hadith:0273IbnMaja.Sunan:3427	al-Busiri (Misbah al-zujaja)	840	classical	chain	sound	هذا إسناد صحيح رجاله ثقات وعم الحارث اسمه عبد الله بن عبد الرحمن بن الحارث	1.0	1	urn:openiti:0840ShihabDinBusiri.MisbahZujaja.JK000312-ara1:p09832	4:47	7811	Ibn Maja	حدثنا أبو بكر بن أبي شيبة ثنا داود بن عبد الله عن عبد العزيز بن محمد عن الحارث بن أبي ذباب عن عمه عن أبي هريرة قال قال رسول الله صلى الله عليه وسلم إذا شرب أحدك
urn:hadith:0273IbnMaja.Sunan:3431	al-Busiri (Misbah al-zujaja)	840	classical	chain	weak	هذا إسناد ضعيف لتدليس بقية بن الوليد وقد عنعنه	1.0	1	urn:openiti:0840ShihabDinBusiri.MisbahZujaja.JK000312-ara1:p09846	4:47	8811	Ibn Maja	حدثنا محمد بن المصفى الحمصي ثنا بقية عن مسلم بن عبد الله عن زياد بن عبد الله عن عاصم بن محمد بن زيد بن عبد الله بن عمر عن أبيه عن جده قال نهانا رسول الله صلى ال
urn:hadith:0273IbnMaja.Sunan:3433	al-Busiri (Misbah al-zujaja)	840	classical	chain	weak	هذا إسناد ضعيف لضعف ليث وهو ابن أبي سليم رواه أبو بكر بن أبي شيبة في مسنده عن محمد بن فضل به رواه أبو يعلى الموصلي ثنا واصل بن عبد الأعلى فذكره بتمامه بزيادة في أوله كما بينته في زوائد المسانيد العشرة	1.0	1	urn:openiti:0840ShihabDinBusiri.MisbahZujaja.JK000312-ara1:p09854	4:48	9811	Ibn Maja	حدثنا واصل بن عبد الأعلى ثنا ابن فضيل عن ليث عن سعيد بن عامر عن ابن عمر قال مررنا على بركة فجعلنا نكرع فيها فقال رسول الله صلى الله عليه وسلم لا تكرعوا ولكن اغس
urn:hadith:0273IbnMaja.Sunan:3435	al-Busiri (Misbah al-zujaja)	840	classical	chain	weak	هذا إسناد ضعيف لضعف مندل وتدليس ابن إسحاق	1.0	1	urn:openiti:0840ShihabDinBusiri.MisbahZujaja.JK000312-ara1:p09862	4:48	0911	Ibn Maja	حدثنا أحمد بن سنان ثنا زيد بن الحباب ثنا مندل بن علي عن محمد بن إسحاق عن الزهري عن عبيد الله بن عبد الله عن ابن عباس قال كان لرسول الله صلى الله عليه وسلم قدح ق
urn:hadith:0273IbnMaja.Sunan:3436	al-Busiri (Misbah al-zujaja)	840	classical	chain	sound	هذا إسناد صحيح رجاله ثقات رواه أبو داود في سننه والترمذي في الجامع والنسائي في الكبرى من طريق زياد بن علاقة مقتصرين على قصة الدواء فقط دون باقيه ورواه ابن حبان في صحيحه والحاكم في المستدرك من طريق زياد بن علافة أيضا بتمامه وقال هذا حديث صحيح قال الترمذي وفي الباب عن ابن مسعود وأبي هريرة وابن عباس	0.95	1	urn:openiti:0840ShihabDinBusiri.MisbahZujaja.JK000312-ara1:p09875	4:49	1991	Ibn Maja	حدثنا أبو بكر بن أبي شيبة و هشام بن عمار قالا ثنا سفيان بن عيينة عن زياد بن علاقة عن أسامة بن شريك قال شهدت الأعراب يسألون النبي صلى الله عليه وسلم أعلينا حرج ف
urn:hadith:0273IbnMaja.Sunan:3438	al-Busiri (Misbah al-zujaja)	840	classical	chain	sound	هذا إسناد صحيح رجاله ثقات رواه أبو داود الطيالسي في مسنده عن المسعودي عن قيس بن مسلم عن طارق بن شهاب به وسياقه أتم ورواه الحميدي في مسنده عن سفيان فذكره وسياقه أتم وكذا ابن أبي عمر في مسنده عن سفيان وبه وكذا رواه أبو يعلى الموصلي ثنا أبو خيثمة ثنا جرير عن عطاء بن السائب به ورواه الحاكم في المستدرك من طريق عطاء بن السائب ورواه البيهقي في سننه عن الحاكم وله شاهد من حديث أبي هريرة رواه البخاري وغيره	1.0	1	urn:openiti:0840ShihabDinBusiri.MisbahZujaja.JK000312-ara1:p09880	4:50	2991	Ibn Maja	حدثنا محمد بن بشار ثنا عبد الرحمن بن مهدي ثنا سفيان عن عطاء بن السائب عن أبي عبد الرحمن عن عبد الله عن النبي صلى الله عليه وسلم قال ما أنزل الله داء إلا أنزل له
urn:hadith:0273IbnMaja.Sunan:3440	al-Busiri (Misbah al-zujaja)	840	classical	chain	disputed_narrator	هذا إسناد حسن صفوان مختلف فيه وأبو مكين اسمه نوح بن ربيعة وقد تقدم هذا الحديث بإسناده في كتاب الجنائز	1.0	1	urn:openiti:0840ShihabDinBusiri.MisbahZujaja.JK000312-ara1:p09891	4:51	3911	Ibn Maja	حدثنا الحسن بن علي الخلال ثنا صفوان بن هبيرة ثنا أبو مكين عن عكرمة عن ابن عباس أن النبي صلى الله عليه وسلم عاد رجلا فقال له ما تشتهي فقال أشتهي خبز بر فقال النب
urn:hadith:0273IbnMaja.Sunan:3441	al-Busiri (Misbah al-zujaja)	840	classical	chain	weak	هذا إسناد ضعيف لضعف يزيد وتقدم هذا الحديث أيضا في كتاب الجنائز	1.0	1	urn:openiti:0840ShihabDinBusiri.MisbahZujaja.JK000312-ara1:p09897	4:51	4911	Ibn Maja	حدثنا سفيان بن وكيع ثنا أبو يحيى الحماني عن الأعمش عن يزيد الرقاشي عن أنس بن مالك قال دخل النبي صلى الله عليه وسلم على مريض يعوده قال أتشتهي شيئا قال أشتهي كعكا
urn:hadith:0273IbnMaja.Sunan:3443	al-Busiri (Misbah al-zujaja)	840	classical	chain	sound	هذا إسناد صحيح رواه البيهقي في سننه من طريق عبد الحميد بن زياد بن صهيب عن أبيه عن جده دون قوله خبز وله شاهد من حديث أم المنذر بنت قيس رواه أبو داود والترمذي وابن ماجه	1.0	1	urn:openiti:0840ShihabDinBusiri.MisbahZujaja.JK000312-ara1:p09908	4:51	5911	Ibn Maja	حدثنا عبد الرحمن بن عبد الوهاب ثنا موسى بن إسماعيل ثنا ابن المبارك عن عبد الحميد بن صيفي ( من ولد صهيب ) عن أبيه عن جده صهيب قال قدمت على النبي صلى الله عليه وس
urn:hadith:0273IbnMaja.Sunan:3444	al-Busiri (Misbah al-zujaja)	840	classical	chain	disputed_narrator	هذا إسناد حسن بكر بن يونس مختلف فيه وباقي رجال الإسناد ثقات	1.0	1	urn:openiti:0840ShihabDinBusiri.MisbahZujaja.JK000312-ara1:p09916	4:52	6911	Ibn Maja	حدثنا محمد بن عبد الله بن نمير ثنا بكر بن يونس بن بكير عن موسى بن علي بن رباح عن أبيه عن عقبة بن عامر الجهني قال قال رسول الله صلى الله عليه وسلم لا تكرهوا مرضا
urn:hadith:0273IbnMaja.Sunan:3448	al-Busiri (Misbah al-zujaja)	840	classical	chain	disputed_narrator	هذا إسناد حسن عثمان مختلف فيه وله شاهد في الصحيحين وغيرهما من حديث أبي هريرة	1.0	1	urn:openiti:0840ShihabDinBusiri.MisbahZujaja.JK000312-ara1:p09937	4:54	8911	Ibn Maja	حدثنا أبو سلمة يحيى بن خلف ثنا أبو عاصم عن عثمان بن عبد الملك قال سمعت سالم بن عبد الله يحدث عن أبيه أن رسول الله صلى الله عليه وسلم قال عليكم بهذه الحبة السودا
urn:hadith:0273IbnMaja.Sunan:3450	al-Busiri (Misbah al-zujaja)	840	classical	chain	weak	هذا إسناد فيه لين ومع ذلك فهو منقطع قال البخاري لا يعرف لعبد الحميد سماع من أبي هريرة وقال العقيلي ليس له أصل عن ثقة	0.86	1	urn:openiti:0840ShihabDinBusiri.MisbahZujaja.JK000312-ara1:p09944	4:54	9911	Ibn Maja	حدثنا محمود بن خداش ثنا سعيد بن زكرياء القرشي ثنا الزبير بن سعيد الهاشمي عن عبد الحميد بن سالم عن أبي هريرة قال قال رسول الله صلى الله عليه وسلم من لعق العسل ثل
urn:hadith:0273IbnMaja.Sunan:3451	al-Busiri (Misbah al-zujaja)	840	classical	chain	disputed_narrator	هذا إسناد حسن عمر بن سهل مختلف فيه ولذلك أبو حمزة واسمه إسحاق بن الربيع	1.0	1	urn:openiti:0840ShihabDinBusiri.MisbahZujaja.JK000312-ara1:p09953	4:55	0021	Ibn Maja	حدثنا أبو بشر بكر بن خلف ثنا عمر بن سهل ثنا أبو حمزة العطار عن الحسن عن جابر بن عبد الله قال أهدي للنبي صلى الله عليه وسلم عسل فقسم بيننا لعقة لعقة فأخذت لعقتي 
urn:hadith:0273IbnMaja.Sunan:3452	al-Busiri (Misbah al-zujaja)	840	classical	chain	sound	هذا إسناد صحيح رجاله ثقات رواه الحاكم في المستدرك من طريق محمد بن إسحاق عن علي بن سلمة لا به وقال هذا حديث صحيح على شرط الشيخين انتهى	1.0	1	urn:openiti:0840ShihabDinBusiri.MisbahZujaja.JK000312-ara1:p09958	4:55	1021	Ibn Maja	حدثنا علي بن سلمة ثنا زيد بن الحباب ثنا سفيان عن أبي إسحاق عن أبي الأحوص عن عبد الله قال قال رسول الله صلى الله عليه وسلم عليكم بالشفاءين العسل والقرآن
urn:hadith:0273IbnMaja.Sunan:3453	al-Busiri (Misbah al-zujaja)	840	classical	chain	disputed_narrator	هذا إسناد حسن شهر مختلف فيه رواه النسائي في الكبرى في الوليمة عن محمد بن بشار عن غندر عن شعبة عن أبي بشر جعفر بن إياس به ورواه الإمام أحمد في مسنده من حديث أبي سعيد وجابر	0.96	1	urn:openiti:0840ShihabDinBusiri.MisbahZujaja.JK000312-ara1:p09970	4:56	2021	Ibn Maja	حدثنا محمد بن عبد الله بن نمير ثنا أسباط بن محمد ثنا الأعمش عن جعفر بن إياس عن شهر بن حوشب عن أبي سعيد وجابر قالا قال رسول الله صلى الله عليه وسلم الكمأة من الم
urn:hadith:0273IbnMaja.Sunan:3453	al-Busiri (Misbah al-zujaja)	840	classical	chain	weak	هذا إسناد ضعيف لضعف سعيد بن مسلمة رواه النسائي في الوليمة عن محمد بن قدامة عن جرير عن الأعمش عن جعفر بن إياس عن أبي نضرة عن أبي سعيد وجابر بهمن	0.79	1	urn:openiti:0840ShihabDinBusiri.MisbahZujaja.JK000312-ara1:p09975	4:56	1209	Ibn Maja	حدثنا علي بن ميمون و محمد بن عبد الله الرقيان قالا ثنا سعيد بن مسلمة بن هشام عن الأعمش عن جعفر بن إياس عن أبي نضرة عن أبي سعيد الخدري عن النبي صلى الله عليه وسل
urn:hadith:0273IbnMaja.Sunan:3456	al-Busiri (Misbah al-zujaja)	840	classical	chain	sound	هذا إسناد صحيح رجاله ثقات رواه الحاكم في المستدرك من طريق عبد الصمد بن عبد الوارث المشمعل به ثم رواه من طريق أحمد بن حنبل عن عبد الرحمن بن مهدي به وقال هذا حديث صحيح الإسناد ورواه الإمام أحمد بن حنبل عن عبد الرحمن بن مهدي ويحيى بن سهير القطان وعبد الصمد بن عبد الوارث كلهم عن المشمعل به ورواه مسدد في مسنده عن يحيى بن سعيد القطان حدثني المشمعل حدثني عمرو بن سليم المزني سمعت رافع بن عمرو المزني سمعت رسول الله صلى الله عليه وسلم وأنا وصيف يقول الشجرة العجوة من الجنة	1.0	1	urn:openiti:0840ShihabDinBusiri.MisbahZujaja.JK000312-ara1:p09982	4:57	3021	Ibn Maja	حدثنا محمد بن بشار ثنا عبد الرحمن بن مهدي ثنا المشمعل بن إياس المزني حدثني عمرو بن سليم قال سمعت رافع بن عمرو المزني قال سمعت رسول الله صلى الله عليه وسلم يقول 
urn:hadith:0273IbnMaja.Sunan:3458	al-Busiri (Misbah al-zujaja)	840	classical	chain	weak	هذا إسناد فيه لين ومع ذلك فهو منقطع قال البحاري لا يعرف لعبد الحميد سماع من أبي هريرة وقال العقيلي ليس له أصل عن ثقة	1.0	1	urn:openiti:0840ShihabDinBusiri.MisbahZujaja.JK000312-ara1:p10006	4:59	5021	Ibn Maja	حدثنا جعفر بن مسافر ثنا السري بن مسكين ثنا ذؤاد بن علبة عن ليث عن مجاهد عن أبي هريرة قال هجر النبي صلى الله عليه وسلم فهجرت فصليت ثم جلست فالتفت إلي النبي صلى ا
urn:hadith:0273IbnMaja.Sunan:3458	al-Busiri (Misbah al-zujaja)	840	classical	chain	weak	هذا إسناد ضعيف لضعف ليث بن أبي سليم ووقع عن ابن ماجة داود وصوابه ذؤاد بن علبة رواه الأمام أحمد في مسنده من حديث أبي هريرة	0.7	1	urn:openiti:0840ShihabDinBusiri.MisbahZujaja.JK000312-ara1:p10017	4:59	6021	Ibn Maja	حدثنا أبو الحسن القطان ثنا إبراهيم بن نصر ثنا أبو سلمة ثنا داود بن علبة فذكر نحوهوقال فيه اشكمت درد يعني تشتكي بطنك بالفارسية قال أبو عبد الله حدث به رجل لأهله 
urn:hadith:0273IbnMaja.Sunan:3463	al-Busiri (Misbah al-zujaja)	840	classical	chain	sound	هذا إسناد صحيح رجاله ثقات رواه أبو بكر بن أبي شيبة في مسنده ثنا أسامة عن هشام فذكره بإسناده ومتنه وزاد ليس بصغيرة ولا كبيرة فيقطعها صغار ورواه أبو يعلى الموصلي ثنا أبو بكر بن أبي شيبة فذكره ورواه الحاكم في المستدرك من طريق الوليد بن مسلم وقال هذا حديث صحيح على شرط الشيخين	0.9	1	urn:openiti:0840ShihabDinBusiri.MisbahZujaja.JK000312-ara1:p10026	4:60	7021	Ibn Maja	حدثنا هشام بن عمار و راشد بن سعيد الرملي قالا ثنا الوليد بن مسلم ثنا هشام بن حسان ثنا أنس بن سيرين أنه سمع أنس بن مالك يقول سمعت رسول الله صلى الله عليه وسلم يق
urn:hadith:0273IbnMaja.Sunan:3469	al-Busiri (Misbah al-zujaja)	840	classical	chain	weak	هذا إسناد ضعيف لضعف موسى بن عبيدة	1.0	1	urn:openiti:0840ShihabDinBusiri.MisbahZujaja.JK000312-ara1:p10036	4:60	8021	Ibn Maja	حدثنا أبو بكر بن أبي شيبة ثنا وكيع عن موسى بن عبيدة عن علقمة بن مرثد عن حفص بن عبيد الله عن أبي هريرة قال ذكرت الحمى عند رسول الله صلى الله عليه وسلم فسبها رجل 
urn:hadith:0273IbnMaja.Sunan:3470	al-Busiri (Misbah al-zujaja)	840	classical	chain	sound	هذا إسناد صحيح رجاله موثقون رواه ابن أبي شيبة في مسنده هكذا	1.0	1	urn:openiti:0840ShihabDinBusiri.MisbahZujaja.JK000312-ara1:p10044	4:61	9021	Ibn Maja	حدثنا أبو بكر بن أبي شيبة ثنا أبو أسامة عن عبد الرحمن بن يزيد عن إسماعيل بن عبيد الله عن أبي صالح الأشعري عن أبي هريرة عن النبي صلى الله عليه وسلم أنه عاد مريضا
urn:hadith:0273IbnMaja.Sunan:3475	al-Busiri (Misbah al-zujaja)	840	classical	chain	sound	هذا إسناد صحيح رجاله ثقات وأصله في الصحيحين من حديث رافع بن خديج وأسماء بنت أبي بكر وفي مسلم من حديث عائشة وابن عمر	1.0	1	urn:openiti:0840ShihabDinBusiri.MisbahZujaja.JK000312-ara1:p10052	4:61	0121	Ibn Maja	حدثنا أبو سلمة يحيى بن خلف ثنا عبد الأعلى عن سعيد عن قتادة عن الحسن عن أبي هريرة أن رسول الله صلى الله عليه وسلم قال الحمى كير من كير جهنم فنحوها عنكم بالماء ال
urn:hadith:0273IbnMaja.Sunan:3479	al-Busiri (Misbah al-zujaja)	840	classical	chain	weak	هذا إسناد ضعيف لضعف كثير وجبارة وله شاهد من حديث ابن مسعود رواه الترمذي ورواه الحاكم والترمذي من حديث ابن عباس ورواه البزار في مسنده من حديث ابن عمر	1.0	1	urn:openiti:0840ShihabDinBusiri.MisbahZujaja.JK000312-ara1:p10060	4:62	1121	Ibn Maja	حدثنا جبارة بن المغلس ثنا كثير بن سليم سمعت أنس بن مالك يقول قال رسول الله صلى الله عليه وسلم ما مررت ليلة أسري بي بملأ إلا قالوا يا محمد مر أمتك بالحجامة
urn:hadith:0273IbnMaja.Sunan:3482	al-Busiri (Misbah al-zujaja)	840	classical	chain	weak	هذا إسناد ضعيف لضعف الاصبغ بن نباتة رواه أحمد بن منيع في مسنده ثنا مروان بن معاوية عن سعد بن طريف عن أصبغ بإسناده ومتنه سواء وله شاهد من حديث أنس رواه أبو داود وابن ماجة والترمذي وقال حسن	1.0	1	urn:openiti:0840ShihabDinBusiri.MisbahZujaja.JK000312-ara1:p10067	4:62	2121	Ibn Maja	حدثنا سويد بن سعيد ثنا علي بن مسهر عن سعد الإسكاف عن الأصبغ بن نباتة عن علي قال نزل جبريل على النبي صلى الله عليه وسلم بحجامة الأخدعين والكاهل
urn:hadith:0273IbnMaja.Sunan:3485	al-Busiri (Misbah al-zujaja)	840	classical	chain	sound	هذا إسناد صحيح إن كان أبو سفيان سمع من جابر واسم أبي سفيان طلحة بن نابع	1.0	1	urn:openiti:0840ShihabDinBusiri.MisbahZujaja.JK000312-ara1:p10073	4:63	3121	Ibn Maja	حدثنا محمد بن طريف ثنا وكيع عن الأعمش عن أبي سفيان عن جابر أن النبي صلى الله عليه وسلم سقط عن فرسه على جذع فانفكت قدمه قال وكيع يعني أن النبي صلى الله عليه وسلم
urn:hadith:0273IbnMaja.Sunan:3486	al-Busiri (Misbah al-zujaja)	840	classical	chain	weak	هذا إسناد فيه النهاس وهو ضعيف رواه الشيخان وأبو داود والترمذي من حديث أنس أيضا كما رواه ابن ماجة خلا قوله لا يتبيغ بأحدكم إلى آخره ورواه البزار في مسنده من حديث ابن عباس كما رواه ابن ماجة ورواه الحاكم في المستدرك من طريق قتادة عن أنس وقال صحيح على شرط الشيخين	0.88	1	urn:openiti:0840ShihabDinBusiri.MisbahZujaja.JK000312-ara1:p10081	4:63	4121	Ibn Maja	حدثنا سويد بن سعيد ثنا عثمان بن مطر عن زكريا بن ميسرة عن النهاس بن قهم عن أنس بن مالك أن رسول الله صلى الله عليه وسلم قال من أراد الحجامة فليتحر سبعة عشر أو تسع
urn:hadith:0273IbnMaja.Sunan:3487	al-Busiri (Misbah al-zujaja)	840	classical	chain	weak	هذا إسناد فيه الحسن بن أبي جعفر وهو ضعيف رواه الحاكم في المستدرك من طريق زياد بن يحيى الحساني عن عدال بن محمد عن محمد بن جحادة به وقال رواه هذا الحديث كلهم ثقات إلا عثمان فإنه مجهول لا أعرفه بعدالة ولا جرح قال وقد صح الحديث عن ابن عمر من قوله غير مسند ولا متصل	1.0	1	urn:openiti:0840ShihabDinBusiri.MisbahZujaja.JK000312-ara1:p10095	4:64	5121	Ibn Maja	حدثنا سويد بن سعيد ثنا عثمان بن مطر عن الحسن بن أبي جعفر عن محمد بن جحادة عن نافع عن ابن عمر قال يا نافع قد تبيغ بي الدم فالتمس لي حجاما واجعله رفيقا إن استطعت 
	al-Busiri (Misbah al-zujaja)	840	classical	chain	weak	هذا إسناد فيه مقال قال الذهبي في ترجمة عبد الله بن عصمة عن سعيد بن ميمون مجهول		0	urn:openiti:0840ShihabDinBusiri.MisbahZujaja.JK000312-ara1:p10100	4:65	6121	Ibn Maja	حدثنا محمد بن المصفى الحمصي ثنا عثمان بن عبد الرحمن ثنا عبد الله بن عصمة عن سعيد بن ميمون عن نافع عن ابن عمر فذكره إلا أنه زاد بعد قوله ويزيد في الحفظ ويزيد الح
urn:hadith:0273IbnMaja.Sunan:3495	al-Busiri (Misbah al-zujaja)	840	classical	chain	disputed_narrator	هذا إسناد حسن عثمان مختلف فيه رواه الترمذي في الشمائل عن إبراهيم بن المستمر عن أبي عاصم به ورواه عبد بن حميد في مسنده ورواه الحاكم في المستدرك من طريق أبي قلابة عن أبي عاصم به وقال هذا حديث صحيح الإسناد انتهى	1.0	1	urn:openiti:0840ShihabDinBusiri.MisbahZujaja.JK000312-ara1:p10126	4:67	9121	Ibn Maja	حدثنا أبو سلمة يحيى بن خلف ثنا أبو عاصم حدثني عثمان بن عبد الملك قال سمعت سالم بن عبد الله يحدث عن أبيه قال قال رسول الله صلى الله عليه وسلم عليكم بالإثمد فإنه 
urn:hadith:0273IbnMaja.Sunan:3496	al-Busiri (Misbah al-zujaja)	840	classical	chain	weak	هذا إسناد فيه إسماعيل بن مسلم المكي وهو ضعيف وفي طبقته إسماعيل بن مسلم العبدي ثقة احتج به مسلم في صحيحه لكن لم ينفرد به إسماعيل عن ابن المنكدر فقد رواه أحمد بن منيع في مسنده ثنا محمد بن يزيد الواسطي عن محمد بن إسحاق عن محمد بن المنكدر فذكره بإسناده ومتنه إلا أن ابن إسحاق لم يصرح بالتحديث ورواه الترمذي في الشمائل عن أحمد بن منيع عن محمد بن بديل عن ابن إسحاق به ورواه عبد بن حميد ثنا جعفر بن عون ثنا إسماعيل بن مسلم فذكره بالإسناد بلفظ عليكم بالاثمد عند النوم فإنه يشد البصر وينبت الشعر وله شاهد من حديث معبد بن هوذة رواه الإمام أحمد في مسنده ورواه البزار في مسنده من حديث أبي هريرة رضي الله عنه وأن 	1.0	1	urn:openiti:0840ShihabDinBusiri.MisbahZujaja.JK000312-ara1:p10131	4:68	0221	Ibn Maja	حدثنا أبو بكر بن أبي شيبة ثنا عبد الرحيم بن سليمان عن إسماعيل بن مسلم عن محمد بن المنكدر عن جابر قال سمعت رسول الله صلى الله عليه وسلم يقول عليكم بالإثمد عند ال
urn:hadith:0273IbnMaja.Sunan:3501	al-Busiri (Misbah al-zujaja)	840	classical	chain	weak	هذا إسناد فيه الحارث بن عبد الله الأعور وهو ضعيف وله شاهد من حديث ابن مسعود رواه الحاكم مرفوعا وموقوفا	1.0	1	urn:openiti:0840ShihabDinBusiri.MisbahZujaja.JK000312-ara1:p10139	4:69	1221	Ibn Maja	حدثنا محمد بن عبيد بن عتبة بن عبد الرحمن الكندي ثنا علي بن ثابت ثنا سعاد بن سليمان عن أبي إسحاق عن الحارث عن علي قال قال رسول الله صلى الله عليه وسلم خير الدواء
urn:hadith:0273IbnMaja.Sunan:3504	al-Busiri (Misbah al-zujaja)	840	classical	chain	disputed_narrator	هذا إسناد حسن سعيد بن خالد مختلف فيه رواه النسائي في الصغرى عن عمرو بن علي عن يحيى بن سعيد القطان عن ابن أبي ذئب به بلفظ إذا وقع الذباب في إناء إحدكم فليمقله هكذا رواه الإمام أحمد في مسنده من حديث أبي سعيد الخدري أيضا وله شاهد من حديث أبي هريرة رواه البخاري في صحيحه وابن ماجة في سننه	1.0	1	urn:openiti:0840ShihabDinBusiri.MisbahZujaja.JK000312-ara1:p10149	4:69	2221	Ibn Maja	حدثنا أبو بكر بن أبي شيبة ثنا يزيد بن هارون عن ابن أبي ذئب عن سعيد بن خالد عن أبي سلمة حدثني أبو سعيد أن رسول الله صلى الله عليه وسلم قال في أحد جناحي الذباب سم
urn:hadith:0273IbnMaja.Sunan:3508	al-Busiri (Misbah al-zujaja)	840	classical	chain	weak	هذا إسناد فيه مقال رواه الحاكم في المستدرك من طريق أحمد بن إسحاق الحضرمي عن وهيب به وقال هذا حديث صحيح على شرط الشيخين	1.0	1	urn:openiti:0840ShihabDinBusiri.MisbahZujaja.JK000312-ara1:p10163	4:70	4221	Ibn Maja	حدثنا محمد بن بشار ثنا أبو هشام المخزومي ثنا وهيب عن أبي واقد عن أبي سلمة بن عبد الرحمن عن عائشة قالت قال رسول الله صلى الله عليه وسلم استعيذوا بالله فإن العين 
urn:hadith:0273IbnMaja.Sunan:3518	al-Busiri (Misbah al-zujaja)	840	classical	chain	sound	هذا إسناد صحيح رجاله ثقات رواه النسائي في عمل اليوم والليلة عن إبراهيم بن يوسف الكوفي عن عبيد الله به	1.0	1	urn:openiti:0840ShihabDinBusiri.MisbahZujaja.JK000312-ara1:p10196	4:72	7221	Ibn Maja	حدثنا إسماعيل بن بهرام ثنا عبيد الله الأشجعي عن سفيان عن سهيل بن أبي صالح عن أبيه عن أبي هريرة قال لدغت عقرب رجلا فلم ينم ليلته فقيل للنبي صلى الله عليه وسلم إن
urn:hadith:0273IbnMaja.Sunan:3524	al-Busiri (Misbah al-zujaja)	840	classical	chain	weak	هذا إسناد فيه عاصم بن عبيد الله وهو ضعيف رواه النسائي في عمل اليوم والليلة عن محمد بن بشار به @ 75	0.87	1	urn:openiti:0840ShihabDinBusiri.MisbahZujaja.JK000312-ara1:p10215	4:73	9221	Ibn Maja	حدثنا محمد بن بشار و حفص بن عمر قالا ثنا عبد الرحمن ثنا سفيان عن عاصم بن عبيد الله عن زياد بن ثويب عن أبي هريرة قال جاء النبي صلى الله عليه وسلم يعودني فقال لي 
urn:hadith:0273IbnMaja.Sunan:3527	al-Busiri (Misbah al-zujaja)	840	classical	chain	disputed_narrator	هذا إسناد حسن ابن ثوبان اسمه عبد الرحمن بن ثابت بن ثوبان مختلف فيه رواه الإمام أحمد في مسنده من حديث عبادة بن الصامت أيضا ورواه أبو بكر بن أبي شيبة في مسنده عن زيد بن الحباب عن عبد الرحمن بن ثوبان بإسناده ومتنه ورواه عبد بن حميد عن أبي بكر بن أبي شيبة به	0.89	1	urn:openiti:0840ShihabDinBusiri.MisbahZujaja.JK000312-ara1:p10225	4:75	0321	Ibn Maja	حدثنا عمرو بن عثمان بن سعيد بن كثير بن دينار الحمصي ثنا أبي عن ابن ثوبان عن عمير أنه سمع جنادة بن أبي أمية يقول سمعت عبادة بن الصامت يقول أتى جبريل النبي صلى ال
urn:hadith:0273IbnMaja.Sunan:3531	al-Busiri (Misbah al-zujaja)	840	classical	chain	disputed_narrator	هذا إسناد حسن مبارك هو ابن فضلة مختلف فيه رواه الحاكم في المستدرك من طريق أبي عامر الحرار عن الحسن ورواه البيهقي في سننه الكبرى عن الحاكم به ورواه أبو يعلى الموصلي من طريق أبي عامر الحزار عن الحسن به بزيادة فيه	1.0	1	urn:openiti:0840ShihabDinBusiri.MisbahZujaja.JK000312-ara1:p10259	4:77	2321	Ibn Maja	حدثنا علي بن أبي الخصيب ثنا وكيع عن مبارك عن الحسن عن عمران بن الحصين أن النبي صلى الله عليه وسلم رأى رجلا في يده حلقة من صفر فقال ما هذه الحلقة قال هذه من الوا
urn:hadith:0273IbnMaja.Sunan:3536	al-Busiri (Misbah al-zujaja)	840	classical	chain	sound	هذا إسناد صحيح رجاله ثقات رواه الشيخان من حديث أبي هريرة أيضا من هذا الوجه إلا قوله ويكره الطيرة ورواه ابن حبان في صحيحه عن أحمد بن علي بن المثنى عن محمد بن عبد الله بن نمير بتمامه	1.0	1	urn:openiti:0840ShihabDinBusiri.MisbahZujaja.JK000312-ara1:p10266	4:77	3321	Ibn Maja	حدثنا محمد بن عبد الله بن نمير ثنا عبدة بن سليمان عن محمد بن عمرو عن أبي سلمة عن أبي هريرة قال كان النبي صلى الله عليه وسلم يعجبه الفأل الحسن ويكره الطيرة
urn:hadith:0273IbnMaja.Sunan:3539	al-Busiri (Misbah al-zujaja)	840	classical	chain	sound	هذا إسناد صحيح رجاله ثقات رواه ابن حبان في صحيحه عن محمد بن عبد الله بن الجنيد عن قتيبة بن سعيد عن أبي عوانة عن سماك به	1.0	1	urn:openiti:0840ShihabDinBusiri.MisbahZujaja.JK000312-ara1:p10270	4:78	4321	Ibn Maja	حدثنا أبو بكر بن أبي شيبة ثنا أبو الأحوص عن سماك عن عكرمة عن ابن عباس قال قال رسول الله صلى الله عليه وسلم لا عدوى ولا طيرة ولا هامة ولا صفر
urn:hadith:0273IbnMaja.Sunan:3540	al-Busiri (Misbah al-zujaja)	840	classical	chain	weak	هذا إسناد ضعيف لضعف ابن أبي جناب واسمه يحيى بن أبي حيه	1.0	1	urn:openiti:0840ShihabDinBusiri.MisbahZujaja.JK000312-ara1:p10276	4:78	5321	Ibn Maja	حدثنا أبو بكر بن أبي شيبة ثنا وكيع عن ابن أبي جناب عن أبيه عن ابن عمر قال قال رسول الله صلى الله عليه وسلم لا عدوى ولا طيرة ولا هامة فقام إليه رجل فقال يا رسول 
urn:hadith:0273IbnMaja.Sunan:3543	al-Busiri (Misbah al-zujaja)	840	classical	chain	narrators_trustworthy	هذا إسناد رجاله ثقات رواه عبد الله بن أحمد بن حنبل في زيادات المسند عن أبي إبراهيم الترجماني ثنا الفرج بن فضالة عن عبد الله بن عمرو بن عثمان عن أمه فاطمة بنت الحسين عن الحسين عن أبيه عن النبي صلى الله عليه وسلم به ورواه البيهقي في الكبرى من طريق ابن أبي الزناد ومن طريق عبد الله بن سعيد كلاهما عن محمد بن عبد الله كما رواه ابن ماجة سواء وقال بعبدة وقيل عن فاطمة عن أبيها ورواه أبو بكر بن أبي شيبة في مسنده عن وكيع به كما رواه ابن ماجة من طريق وكيع	0.88	1	urn:openiti:0840ShihabDinBusiri.MisbahZujaja.JK000312-ara1:p10285	4:78	6321	Ibn Maja	حدثنا عبد الرحمن بن إبراهيم ثنا عبد الله بن نافع عن ابن أبي الزناد ح وحدثنا علي بن أبي الخصيب ثنا وكيع عن عبد الله بن سعيد بن أبي هند جميعا عن محمد بن عبد الله 
urn:hadith:0273IbnMaja.Sunan:3546	al-Busiri (Misbah al-zujaja)	840	classical	chain	weak	هذا إسناد فيه أبو بكر العنسي وهو ضعيف	0.93	1	urn:openiti:0840ShihabDinBusiri.MisbahZujaja.JK000312-ara1:p10294	4:79	7321	Ibn Maja	حدثنا يحيى بن عثمان بن سعيد بن كثير بن دينار الحمصي ثنا بقية ثنا أبو بكر العنسي عن يزيد بن أبي حبيب و محمد بن يزيد المصريين قالا ثنا نافع عن ابن عمر قال قالت أم
urn:hadith:0273IbnMaja.Sunan:3548	al-Busiri (Misbah al-zujaja)	840	classical	chain	sound	هذا إسناد صحيح رجاله ثقات رواه الحاكم في المستدرك من طريق أبي العلاء عن عثمان بن أبي العاص وقال هذا حديث صحيح الإسناد	0.96	1	urn:openiti:0840ShihabDinBusiri.MisbahZujaja.JK000312-ara1:p10311	4:80	8321	Ibn Maja	حدثنا محمد بن بشار ثنا محمد بن عبد الله الأنصاري حدثني عيينة بن عبد الرحمن حدثني أبي عن عثمان بن أبي العاص قال لما استعملني رسول الله صلى الله عليه وسلم على الط
urn:hadith:0273IbnMaja.Sunan:3549	al-Busiri (Misbah al-zujaja)	840	classical	chain	weak	هذا إسناد فيه أبو جناب الكلبي وهو ضعيف ومدلس واسمه يحيى بن أبي حية رواه الحاكم في المستدرك من طريق أبي جناب عن عبد الله بن عيسى عن عبد الرحمن بن أبي ليلى عن أبي بن كعب به وقال هذا حديث محفوظ صحيح	0.98	1	urn:openiti:0840ShihabDinBusiri.MisbahZujaja.JK000312-ara1:p10323	4:80	9321	Ibn Maja	حدثنا هارون بن حيان ثنا إبراهيم بن موسى أنبأنا عبدة بن سليمان ثنا أبو جناب عن عبد الرحمن بن أبي ليلى عن أبيه أبي ليلى قال كنت جالسا عند النبي صلى الله عليه وسلم
urn:hadith:0273IbnMaja.Sunan:3552	al-Busiri (Misbah al-zujaja)	840	classical	chain	weak	هذا إسناد فيه الأحوص بن حكيم وهو ضعيف وخالد بن معدان لم يسمع من عبادة	1.0	1	urn:openiti:0840ShihabDinBusiri.MisbahZujaja.JK000312-ara1:p10332	4:81	0421	Ibn Maja	حدثنا أحمد بن ثابت الجحدري ثنا سفيان بن عيينة عن الأحوص بن حكيم عن خالد بن معدان عن عبادة بن الصامت أن رسول الله صلى الله عليه وسلم صلى في شملة قد عقد عليها
urn:hadith:0273IbnMaja.Sunan:3554	al-Busiri (Misbah al-zujaja)	840	classical	chain	weak	هذا إسناد ضعيف لضعف عاصم بن عمر وابن لهيعة	1.0	1	urn:openiti:0840ShihabDinBusiri.MisbahZujaja.JK000312-ara1:p10338	4:81	1421	Ibn Maja	حدثنا عبد القدوس بن محمد ثنا بشر بن عمر ثنا ابن لهيعة حدثنا أبو الأسود عن عاصم بن عمر بن قتادة عن علي بن الحسين عن عائشة قالت ما رأيت رسول الله صلى الله عليه وس
urn:hadith:0273IbnMaja.Sunan:3556	al-Busiri (Misbah al-zujaja)	840	classical	chain	weak	هذا إسناد ضعيف لضعف نوح وتدليس بقية	1.0	1	urn:openiti:0840ShihabDinBusiri.MisbahZujaja.JK000312-ara1:p10344	4:82	2421	Ibn Maja	حدثنا يحيى بن عثمان بن سعيد بن كثير بن دينار الحمصي ثنا بقية بن الوليد عن يوسف بن أبي كثير عن نوح بن ذكوان عن الحسن عن أنس قال لبس رسول الله صلى الله عليه وسلم 
urn:hadith:0273IbnMaja.Sunan:3558	al-Busiri (Misbah al-zujaja)	840	classical	chain	sound	هذا إسناد صحيح رواه النسائي في عمل اليوم والليلة عن نوح بن حبيب عن معمر به ورواه الإمام أحمد في مسنده من حديث عبد الله بن عمر أيضا	1.0	1	urn:openiti:0840ShihabDinBusiri.MisbahZujaja.JK000312-ara1:p10354	4:82	3421	Ibn Maja	حدثنا الحسين بن مهدي ثنا عبد الرزاق أنبأنا معمر عن الزهري عن سالم عن ابن عمر أن رسول الله صلى الله عليه وسلم رأى على عمر قميصا أبيض فقال ثوبك هذا غسيل أم جديد ق
urn:hadith:0273IbnMaja.Sunan:3561	al-Busiri (Misbah al-zujaja)	840	classical	chain	sound	هذا إسناد صحيح رجاله ثقات سعد بن سعيد هو أخو يحيى بن سعيد احتج به مسلم وله شاهد في الصحيحين وغيرهما من حديث أبي هريرة وفي البخاري وغيره من حديث أبي سعيد	0.9	1	urn:openiti:0840ShihabDinBusiri.MisbahZujaja.JK000312-ara1:p10362	4:82	4421	Ibn Maja	حدثنا أبو بكر بن أبي شيبة ثنا عبد الله بن نمير و أبو أسامة عن سعد بن سعيد عن عمرة عن عائشة قالت نهى رسول الله صلى الله عليه وسلم عن لبستين اشتمال الصماء والاحتب
urn:hadith:0273IbnMaja.Sunan:3563	al-Busiri (Misbah al-zujaja)	840	classical	chain	weak	هذا إسناد ضعيف تقدم الكلام عليه في أول كتاب اللباس رواه مسدد في مسنده عن عيسى عن الأحوص فذكره بإسناده ومتنه إلا أنه خلط هذا الحديث	1.0	1	urn:openiti:0840ShihabDinBusiri.MisbahZujaja.JK000312-ara1:p10373	4:83	5421	Ibn Maja	حدثنا محمد بن عثمان بن كرامة ثنا أبو أسامة ثنا الأحوص بن حكيم عن خالد بن معدان عن عبادة بن الصامت قال خرج علينا رسول الله صلى الله عليه وسلم ذات يوم وعليه جبة ر
urn:hadith:0273IbnMaja.Sunan:3564	al-Busiri (Misbah al-zujaja)	840	classical	chain	weak	هذا إسناد فيه مقال محفوظ بن علقمة عن سلمان يقال مرسل قاله في التهذيب وباقي رجال الإسناد ثقات	0.86	2	urn:openiti:0840ShihabDinBusiri.MisbahZujaja.JK000312-ara1:p10380	4:83	6421	Ibn Maja	حدثنا العباس بن الوليد الدمشقي و أحمد بن الأزهر قالا ثنا مروان بن محمد ثنا يزيد بن السمط حدثني الوضين بن عطاء عن محفوظ بن علقمة عن سلمان الفارسي أن رسول الله صل
urn:hadith:0273IbnMaja.Sunan:468	al-Busiri (Misbah al-zujaja)	840	classical	chain	weak	هذا إسناد فيه مقال محفوظ بن علقمة عن سلمان يقال مرسل قاله في التهذيب وباقي رجال الإسناد ثقات	0.82	2	urn:openiti:0840ShihabDinBusiri.MisbahZujaja.JK000312-ara1:p10380	4:83	6421	Ibn Maja	حدثنا العباس بن الوليد الدمشقي و أحمد بن الأزهر قالا ثنا مروان بن محمد ثنا يزيد بن السمط حدثني الوضين بن عطاء عن محفوظ بن علقمة عن سلمان الفارسي أن رسول الله صل
urn:hadith:0273IbnMaja.Sunan:3568	al-Busiri (Misbah al-zujaja)	840	classical	chain	weak	هذا إسناد ضعيف شريح بن عبيد لم يسمع من أبي الدرداء قاله المزي في التهذيب كذا قال العلائي في المراسيل والمزي في التهذيب لم يذكر أن روايته عن أبي الدرداء مرسلة بل ذكرها ساكتا عليها	1.0	1	urn:openiti:0840ShihabDinBusiri.MisbahZujaja.JK000312-ara1:p10388	4:84	7421	Ibn Maja	حدثنا محمد بن حسان الأزرق ثنا عبد المجيد بن أبي داود ثنا مروان بن سالم عن صفوان بن عمرو عن شريح بن عبيد الحضرمي عن أبي الدرداء قال قال رسول الله صلى الله عليه و
urn:hadith:0273IbnMaja.Sunan:3570	al-Busiri (Misbah al-zujaja)	840	classical	chain	weak	هذا إسناد ضعيف لضعف عطية بن سعيد العوفي أبي الحسن رواه أبو بكر بن أبي شيبة في مسنده هكذا وأصله في الصحيحين من حديث أبي هريرة وابن عمر	1.0	1	urn:openiti:0840ShihabDinBusiri.MisbahZujaja.JK000312-ara1:p10399	4:85	8421	Ibn Maja	حدثنا أبو بكر بن أبي شيبة ثنا أبو معاوية عن الأعمش عن عطية عن أبي سعيد قال قال رسول الله صلى الله عليه وسلم من جر إزاره من الخيلاء لم ينظر الله إليه يوم القيامة
urn:hadith:0273IbnMaja.Sunan:3574	al-Busiri (Misbah al-zujaja)	840	classical	chain	sound	هذا إسناد صحيح رجاله ثقات رواه النسائي في الزينة عن عباس العنبري عن يزيد بن هارون به ورواه الإمام أحمد في مسنده من حديث المغيرة بن شعبة أيضا ورواه ابن حبان في صحيحه وله شاهد من حديث حذيفة وغيره رواه الترمذي والنسائي	1.0	1	urn:openiti:0840ShihabDinBusiri.MisbahZujaja.JK000312-ara1:p10408	4:85	9421	Ibn Maja	حدثنا أبو بكر بن أبي شيبة ثنا يزيد بن هارون أنبأنا شريك عن عبد الملك بن عمير عن حصين بن قبيصة عن المغيرة بن شعبة قال قال رسول الله صلى الله عليه وسلم يا سفيان ب
urn:hadith:0273IbnMaja.Sunan:3577	al-Busiri (Misbah al-zujaja)	840	classical	chain	weak	هذا إسناد فيه مسلم بن كيسان الملائي الكوفي وهو ضعيف وله شاهد من حديث أسماء بنت يزيد بن السكن رواه الترمذي في الجامع وقال حديث حسن ورواه البزار في مسنده حديث أنس بن مالك رضي الله عنه	1.0	1	urn:openiti:0840ShihabDinBusiri.MisbahZujaja.JK000312-ara1:p10419	4:86	0521	Ibn Maja	حدثنا أحمد بن عثمان بن حكيم الأودي ثنا أبو غسان وحدثنا أبو كريب ثنا عبيد بن محمد قالا ثنا حسن بن صالح ح وحدثنا سفيان بن وكيع ثنا أبي عن الحسن بن صالح عن مسلم عن
urn:hadith:0273IbnMaja.Sunan:3582	al-Busiri (Misbah al-zujaja)	840	classical	chain	weak	هذا إسناد ضعيف لضعف أبي المهزم واسمه يزيد بن سفيان وقيل عبد الرحمن بن سفيان رواه أبو بكر بن أبي شيبة في مسنده هكذا ورواه أحمد بن منيع في مسنده ثنا أبو نصر ثنا حماد فذكره	1.0	1	urn:openiti:0840ShihabDinBusiri.MisbahZujaja.JK000312-ara1:p10427	4:86	1521	Ibn Maja	حدثنا أبو بكر بن أبي شيبة ثنا يزيد بن هارون ثنا حماد بن سلمة عن أبي المهزم عن أبي هريرة أن النبي صلى الله عليه وسلم قال لفاطمة أو لأم سلمة ذيلك ذراع
urn:hadith:0273IbnMaja.Sunan:3583	al-Busiri (Misbah al-zujaja)	840	classical	chain	weak	هذا إسناد ضعيف حكمه حكم الإسناد قبله وله شاهد من حديث أم سلمة رواه أصحاب السنن	1.0	1	urn:openiti:0840ShihabDinBusiri.MisbahZujaja.JK000312-ara1:p10434	4:87	2521	Ibn Maja	حدثنا أبو بكر بن أبي شيبة ثنا عفان ثنا عبد الوارث ثنا حبيب المعلم عن أبي المهزم عن أبي هريرة عن عائشة أن النبي صلى الله عليه وسلم قال في ذيول النساء شبرا فقالت 
urn:hadith:0273IbnMaja.Sunan:3586	al-Busiri (Misbah al-zujaja)	840	classical	chain	weak	هذا إسناد فيه موسى بن عبيدة وهو ضعيف وله شاهد من حديث جابر بن عبد الله رواه مسلم وأصحاب السنن الأربعة	0.77	1	urn:openiti:0840ShihabDinBusiri.MisbahZujaja.JK000312-ara1:p10442	4:87	1260	Ibn Maja	حدثنا أبو بكر بن أبي شيبة ثنا عبد الله أنبأنا موسى بن عبيدة عن عبد الله بن دينا عن ابن عمر أن النبي صلى الله عليه وسلم دخل يوم فتح مكة وعليه عمامة سوداء
urn:hadith:0273IbnMaja.Sunan:3597	al-Busiri (Misbah al-zujaja)	840	classical	chain	weak	هذا إسناد ضعيف عبد الرحمن بن رافع قال ابن حبان في الثقات لا يحتج بخبره إذا كان من رواية عبد الرحمن بن زيد بن أنعم الأفريقي وإنما وقع المناكير في حديثه من أجله وقال أبو حاتم حديثه منكر	1.0	1	urn:openiti:0840ShihabDinBusiri.MisbahZujaja.JK000312-ara1:p10451	4:87	4521	Ibn Maja	حدثنا أبو بكر ثنا عبد الرحيم بن سليمان عن الإفريقي عن عبد الرحمن بن رافع عن عبد الله بن عمرو قال خرج علينا رسول الله صلى الله عليه وسلم وفي إحدى يديه ثوب من حري
urn:hadith:0273IbnMaja.Sunan:3601	al-Busiri (Misbah al-zujaja)	840	classical	chain	sound	هذا إسناد صحيح وله شاهد من حديث علي بن أبي طالب رواه مسلم وأصحاب السنن الأربعة ورواه أبو بكر بن أبي شيبة في مسنده بهذا الإسناد بزيادة في أوله	0.62	1	urn:openiti:0840ShihabDinBusiri.MisbahZujaja.JK000312-ara1:p10466	4:89	6521	Ibn Maja	حدثنا أبو بكر بن أبي شيبة ثنا علي بن مسهر عن يزيد بن أبي زياد عن الحسن بن سهيل عن ابن عمر قال نهى رسول الله صلى الله عليه وسلم عن المقدم قال يزيد قلت للحسن ما ا
urn:hadith:0273IbnMaja.Sunan:3608	al-Busiri (Misbah al-zujaja)	840	classical	chain	disputed_narrator	هذا إسناد حسن العباس بن يزيد مختلف فيه	1.0	1	urn:openiti:0840ShihabDinBusiri.MisbahZujaja.JK000312-ara1:p10482	4:90	8521	Ibn Maja	حدثنا العباس بن يزيد البحراني ثنا وكيع بن محرز الناجي ثنا عثمان بن جهم عن زر بن حبيش عن أبي ذر عن النبي صلى الله عليه وسلم قال من لبس ثوب شهرة أعرض الله عنه حتى
urn:hadith:0273IbnMaja.Sunan:3611	al-Busiri (Misbah al-zujaja)	840	classical	chain	weak	هذا إسناد ضعيف لضعف ليث وهو ابن أبي سليم رواه أبو بكر بن أبي شيبة في مسنده بالإسناد وله شاهد من حديث ميمونة رواه مسلم في صحيحه وغيره	0.87	1	urn:openiti:0840ShihabDinBusiri.MisbahZujaja.JK000312-ara1:p10490	4:90	9521	Ibn Maja	حدثنا أبو بكر بن أبي شيبة ثنا عبد الرحمن بن سليمان عن ليث عن شهر بن حوشب عن سلمان قال كان لبعض أمهات المؤمنين شاة فماتت فمر رسول الله صلى الله عليه وسلم عليها ف
urn:hadith:0273IbnMaja.Sunan:3614	al-Busiri (Misbah al-zujaja)	840	classical	chain	sound	هذا إسناد صحيح رجاله ثقات رواه الترمذي في الشمائل عن أبي كريب عن وكيع به وله شاهد من حديث أنس بن مالك رواه البخاري وأصحاب السنن الأربعة ورواه البزار من حديث أبي هريرة	0.77	1	urn:openiti:0840ShihabDinBusiri.MisbahZujaja.JK000312-ara1:p10497	4:91	0621	Ibn Maja	حدثنا علي بن محمد ثنا وكيع عن سفيان عن خالد الحذاء عن عبد الله بن الحارث عن عبد الله بن العباس قال كان لنعل النبي صلى الله عليه وسلم قبالان مثني شراكهما
urn:hadith:0273IbnMaja.Sunan:3617	al-Busiri (Misbah al-zujaja)	840	classical	chain	sound	هذا إسناد صحيح رواه الشيخان وأبو داود والترمذي والنسائي ولم يذكروا فيه الخف فلذلك أوردته ورووه من حديث جابر كرواية ابن ماجة ورواه الترمذي في الجامع من حديث عائشة مرفوعا وموقوفا وصحح كونه موقوفا	0.85	1	urn:openiti:0840ShihabDinBusiri.MisbahZujaja.JK000312-ara1:p10505	4:91	1621	Ibn Maja	حدثنا أبو بكر ثنا عبد الله بن إدريس عن ابن عجلان عن سعيد بن أبي سعيد عن أبي هريرة قال قال رسول الله صلى الله عليه وسلم لا بمشي أحدكم في نعل واحد ولا خف واحد ليخ
urn:hadith:0273IbnMaja.Sunan:3619	al-Busiri (Misbah al-zujaja)	840	classical	chain	weak	هذا إسناد صحيح وله شاهد من حديث جابر بن عبد الله ورواه الترمذي في الجامع وابن ماجة في سننه والبزار في مسنده من حديث أبي هريرة ورواه الترمذي أيضا من حديث أنس وقال عقب حديث أبي هريرة وأنس كلا الحديثين لا يصح عند أهل الحديث	1.0	1	urn:openiti:0840ShihabDinBusiri.MisbahZujaja.JK000312-ara1:p10512	4:92	2621	Ibn Maja	حدثنا علي بن محمد ثنا وكيع عن سفيان عن عبد الله بن دينار عن ابن عمر قال نهى النبي صلى الله عليه وسلم أن ينتعل الرجل قائما
urn:hadith:0273IbnMaja.Sunan:3624	al-Busiri (Misbah al-zujaja)	840	classical	chain	weak	هذا إسناد فيه ليث بن أبي سليم وهو ضعيف رواه مسلم في صحيحه من حديث جابر أيضا خلا قوله اذهبوا به إلى بعض نسائه فلتغيره وقال بدله غيروا هذا بشيء والباقي نحوه ورواه البزار في مسنده من حديث ابن عباس	1.0	1	urn:openiti:0840ShihabDinBusiri.MisbahZujaja.JK000312-ara1:p10522	4:92	3621	Ibn Maja	حدثنا أبو بكر بن أبي شيبة ثنا إسماعيل بن علية عن ليث عن أبي الزبير عن جابر قال جيء بأبي قحافة يوم الفتح إلى النبي صلى الله عليه وسلم وكأن رأسه ثغامة فقال رسول ا
urn:hadith:0273IbnMaja.Sunan:3625	al-Busiri (Misbah al-zujaja)	840	classical	chain	fair	هذا إسناد حسن وقال في الهامش هذا الحديث معارض لحديث النهي عن السواد وهو أقوى إسنادا وأيضا النهي يقدم عند المعارضة	0.9	1	urn:openiti:0840ShihabDinBusiri.MisbahZujaja.JK000312-ara1:p10528	4:93	4621	Ibn Maja	حدثنا أبو هريرة الصيرفي محمد بن فراس ثنا عمر بن الخطاب بن زكريا الراسبي ثنا دفاع بن دغفل السدوسي عن عبد الحميد بن صيفي عن أبيه عن جده صهيب الخير قال قال رسول ال
urn:hadith:0273IbnMaja.Sunan:3629	al-Busiri (Misbah al-zujaja)	840	classical	chain	sound	هذا إسناد صحيح	0.87	1	urn:openiti:0840ShihabDinBusiri.MisbahZujaja.JK000312-ara1:p10535	4:93	5621	Ibn Maja	حدثنا محمد بن المثنى ثنا خالد بن الحارث وابن أبي عدي عن حميد قال سئل أنس بن مالك أخضب رسول الله صلى الله عليه وسلم قال إنه لم ير من الشيب إلا نحو سبعة عشر أو عش
urn:hadith:0273IbnMaja.Sunan:3630	al-Busiri (Misbah al-zujaja)	840	classical	chain	sound	هذا إسناد صحيح رواه الترمذي في الشمائل عند محمد بن عمر به ورواه الإمام أحمد في مسنده من حديث ابن عمر أيضا	1.0	1	urn:openiti:0840ShihabDinBusiri.MisbahZujaja.JK000312-ara1:p10539	4:93	6621	Ibn Maja	حدثنا محمد بن عمر بن الوليد الكندي ثنا يحيى بن آدم عن شريك عن عبيد الله عن نافع عن ابن عمر قال كان شيب رسول الله صلى الله عليه وسلم نحو عشرين شعرة
urn:hadith:0273IbnMaja.Sunan:3651	al-Busiri (Misbah al-zujaja)	840	classical	chain	sound	هذا إسناد صحيح وله شاهد في الصحيحين وغيرهما من حديث أبي طلحة ورواه أبو داود والنسائي وابن حبان في صحيحه من حديث علي بن أبي طالب بزيادة الجنب وفي البزار من حديث ابن عباس مرفوعا ثلاثة لا تقربهم الملائكة الجنب والسكران والمنضمخ بالخلوق وحديث الكلب رواه ابن أبي شيبة في مسنده بإسناده ومتنه	0.92	1	urn:openiti:0840ShihabDinBusiri.MisbahZujaja.JK000312-ara1:p10550	4:94	7621	Ibn Maja	حدثنا أبو بكر بن أبي شيبة ثنا يحيى بن مسهر عن محمد بن عمرو عن أبي سلمة عن عائشة قالت واعد رسول الله صلى الله عليه وسلم جبريل عليه السلام في ساعة يأتيه فيها فراث
urn:hadith:0273IbnMaja.Sunan:3652	al-Busiri (Misbah al-zujaja)	840	classical	chain	weak	هذا إسناد فيه عفير بن معدان وهو ضعيف	1.0	1	urn:openiti:0840ShihabDinBusiri.MisbahZujaja.JK000312-ara1:p10559	4:94	8621	Ibn Maja	حدثنا العباس بن عثمان الدمشقي ثنا الوليد ثنا عفير بن معدان ثنا سليم بن عامر عن أبي أمامة أن امراة أتت النبي صلى الله عليه وسلم فأخبرته أن زوجها في بعض المغازي ف
urn:hadith:0273IbnMaja.Sunan:3653	al-Busiri (Misbah al-zujaja)	840	classical	chain	weak	هذا إسناد ضعيف لضعف أسامة بن زيد رواه الشيخان خلا قوله فرأيت النبي صلى الله عليه وسلم متكئا على إحداهما والباقي نحوه	0.88	1	urn:openiti:0840ShihabDinBusiri.MisbahZujaja.JK000312-ara1:p10571	4:95	1276	Ibn Maja	حدثنا أبو بكر بن أبي شيبة ثنا وكيع عن أسامة بن زيد عن عبد الرحمن بن القاسم عن أبيه عن عائشة قالت سترت سهوة لي تعني الداخل بستر فيه تصاوير فلما قدم النبي صلى الل
urn:hadith:0273IbnMaja.Sunan:3658	al-Busiri (Misbah al-zujaja)	840	classical	chain	sound	هذا إسناد صحيح رواه الشيخان من طريق القعقاع به بلفظ من أحق الناس بحسن صحابتي الحديث وقال ثم أدناك أدناك والباقي نحوه	1.0	1	urn:openiti:0840ShihabDinBusiri.MisbahZujaja.JK000312-ara1:p10590	4:98	1721	Ibn Maja	حدثنا محمد بن ميمون المكي ثنا سفيان بن عيينة عن عمارة بن القعقاع عن أبي زرعة عن أبي هريرة قال قالوا يا رسول الله من أبر قال أمك قال ثم من قال أمك قال ثم من قال 
urn:hadith:0273IbnMaja.Sunan:3660	al-Busiri (Misbah al-zujaja)	840	classical	chain	sound	هذا إسناد صحيح رجاله ثقات رواه الإمام أحمد في مسنده من حديث أبي هريرة أيضا ورواه البيهقي في الكبرى من طريق حماد بن زيد عن عاصم بن بهدلة به	1.0	1	urn:openiti:0840ShihabDinBusiri.MisbahZujaja.JK000312-ara1:p10595	4:98	2721	Ibn Maja	حدثنا أبو بكر بن أبي شيبة ثنا عبد الصمد بن عبد الوارث عن حماد بن سلمة عن عاصم عن أبي صالح عن أبي هريرة عن النبي صلى الله عليه وسلم قال القنطار أثنا عشر ألف أوقي
urn:hadith:0273IbnMaja.Sunan:3661	al-Busiri (Misbah al-zujaja)	840	classical	chain	weak	هذا إسناد صحيح رواه مام أحمد في مسنده من حديث المقدام أيضا ورواه البيهقي من طريق بقية عن يحيى بن سعد وفي إسناده إسماعيل وروايته عن الحجازيين ضعيفة كما هنا	1.0	1	urn:openiti:0840ShihabDinBusiri.MisbahZujaja.JK000312-ara1:p10601	4:99	3721	Ibn Maja	حدثنا هشام بن عمار ثنا إسماعيل بن عياش عن بحير بن سعيد عن خالد بن معدان عن المقدام بن معد يكرب أن رسول الله صلى الله عليه وسلم قال إن الله يوصيكم بأمهاتكم ( ثلا
urn:hadith:0273IbnMaja.Sunan:3662	al-Busiri (Misbah al-zujaja)	840	classical	chain	weak	هذا إسناد ضعيف وقال الساجي اتفق أهل النقل على ضعف علي بن يزيد قال ابن معين علي بن يزيد عن القاسم عن أبي أمامة هي كلها ضعيفة	1.0	1	urn:openiti:0840ShihabDinBusiri.MisbahZujaja.JK000312-ara1:p10606	4:99	4721	Ibn Maja	حدثنا هشام بن عمار ثنا صدقة بن خالد ثنا عثمان بن أبي العاتكة عن علي بن يزيد عن القاسم عن أبي أمامة أن رجلا قال يا رسول الله ما حق الوالدين على ولدهما قال هما جن
urn:hadith:0273IbnMaja.Sunan:3666	al-Busiri (Misbah al-zujaja)	840	classical	chain	sound	هذا إسناد صحيح رواه الإمام أحمد في مسنده من طريق ابن خيثم فذكره وزاد مجهلة بين مجبنة ومبخلة ورواه ابن أبي شيبة في مسنده كما رواه ابن ماجة سواء ورواه أحمد بن منيع في مسنده ثنا القاسم بن خارجة ثنا إسماعيل بن عياش عن عبد الله بن عثمان فذكره بزيادة فيه وله شاهد من حديث أبي سعيد الخدري رواه البزار في مسنده	0.85	1	urn:openiti:0840ShihabDinBusiri.MisbahZujaja.JK000312-ara1:p10616	4:99	5721	Ibn Maja	حدثنا أبو بكر بن أبي شيبة ثنا عفان ثنا وهيب ثنا عبد الله بن عثمان بن خثيم عن سعيد بن أبي راشد عن يعلى العامري أنه قال جاء الحسن والحسين يسعيان إلى النبي صلى الل
urn:hadith:0273IbnMaja.Sunan:3667	al-Busiri (Misbah al-zujaja)	840	classical	chain	unknown_narrator	هذا إسناد رجاله ثقات إلا أن علي بن رباح لم يسمع من سراقة بن مالك رواه أبو بكر بن أبي شيبة في مسنده هكذا بالاسناد ورواه أبو يعلى الموصلي في مسنده ثنا عبد الله بن محمد بن أسماء ثنا عبد الله بن المبارك عن موسى بن علي فذكره بتمامه	1.0	1	urn:openiti:0840ShihabDinBusiri.MisbahZujaja.JK000312-ara1:p10620	4:100	6721	Ibn Maja	حدثنا أبو بكر بن أبي شيبة ثنا زيد بن الحباب عن موسى بن علي سمعت أبي يذكر عن سراقة بن مالك أن النبي صلى الله عليه وسلم قال ألا أدلكم على أفضل الصدقة ابنتك مردودة
urn:hadith:0273IbnMaja.Sunan:3668	al-Busiri (Misbah al-zujaja)	840	classical	chain	sound	هذا إسناد صحيح وأصله في الصحيحين والترمذي من حديث عائشة أيضا بغير هذا السياق	1.0	1	urn:openiti:0840ShihabDinBusiri.MisbahZujaja.JK000312-ara1:p10630	4:100	7721	Ibn Maja	حدثنا أبو بكر بن أبي شيبة ثنا محمد بن بشر عن مسعر أخبرني سعد بن إبراهيم عن الحسن عن صعصعة عم الأحنف قال دخلت على عائشة امرأة معها ابنتان لها فأعطتها ثلاث تمرات 
urn:hadith:0273IbnMaja.Sunan:3669	al-Busiri (Misbah al-zujaja)	840	classical	chain	sound	هذا إسناد صحيح رواه الإمام أحمد في مسنده من حديث عقبة بن عامر الجهني أيضا ورواه أبو يعلى الموصلي في مسنده ثنا أبو خيثمة ثنا عبد الله بن يزيد ابنا حرملة بن عمران به فذكره بتمامه وله شاهد من حديث أبي سعيد الخدري رواه أبو داود والترمذي	0.89	1	urn:openiti:0840ShihabDinBusiri.MisbahZujaja.JK000312-ara1:p10634	4:101	8721	Ibn Maja	حدثنا الحسين بن الحسن المرزوي ثنا ابن المبارك عن حرملة بن عمران قال سمعت أبا عشانة المعافري قال سمعت عقبة بن عامر يقول سمعت رسول الله صلى الله عليه وسلم يقول من
urn:hadith:0273IbnMaja.Sunan:3670	al-Busiri (Misbah al-zujaja)	840	classical	chain	very_weak	هذا إسناد ضعيف أبو سعد اسمه شرحبيل بن سعيد مولى خطمه وان ذكره ابن حبان في الثقات فقد ضعفه ابن سعد وابن معين وأبو زرعة وابن عدي والدارقطني واتهمه ابن أبي ذئب رواه أحمد بن منيع في مسنده ثنا أبو معاوية ثنا فطر فذكره بإسناده ومتنه ورواه ابن حبان في صحيحه من طريق شرحبيل به رواه أبو يعلى الموصلي بإسناده ومتنه ورواه ابن حبان في صحيحه من طريق شرحبيل به ورواه أبو يعلى الموصلي ثنا من طريق فطر به ورواه الحاكم في المستدرك من طريق فطر به وقال هذا حديث صحيح الإسناد	1.0	1	urn:openiti:0840ShihabDinBusiri.MisbahZujaja.JK000312-ara1:p10638	4:101	9721	Ibn Maja	حدثنا الحسين بن الحسن ثنا ابن المبارك عن فطر عن أبي سعيد عن ابن عباس قال قال رسول الله صلى الله عليه وسلم ما من رجل تدرك له ابنتان فيحسن إليهما ما صحبتاه أو صحب
urn:hadith:0273IbnMaja.Sunan:3671	al-Busiri (Misbah al-zujaja)	840	classical	chain	very_weak	هذا إسناد ضعيف الحارث وإن ذكره ابن حبان في الثقات فقد لينه أبو حاتم وقال البخاري منكر الحديث وقال العقيلي أحاديثه مناكير قال المزي ورواه أبو الجماهر محمد بن عبد الرحمن الحمصي عن علي بن عياش فزاد في إسناده سعيد بن جبير بين الحارث وبين أنس	0.79	1	urn:openiti:0840ShihabDinBusiri.MisbahZujaja.JK000312-ara1:p10645	4:102	0821	Ibn Maja	حدثنا العباس بن الوليد الدمشقي ثنا علي بن عياش ثنا سعيد بن عمارة أخبرني الحارث بن النعمان سمعت أنس بن مالك يحدث عن رسول الله صلى الله عليه وسلم قال أكرموا أولاد
urn:hadith:0273IbnMaja.Sunan:3674	al-Busiri (Misbah al-zujaja)	840	classical	chain	sound	هذا إسناد صحيح رجاله ثقات رواه ابن حبان في صحيحه من طريق داود بن فراهيج عن أبي هريرة به وله شاهد في الصحيحين وغيرهما من حديث عائشة وأبي شريح ورواه البخاري من حديث عبد الله بن عمر ورواه الترمذي في الجامع من حديث عبد الله بن عمرو	1.0	1	urn:openiti:0840ShihabDinBusiri.MisbahZujaja.JK000312-ara1:p10653	4:102	1821	Ibn Maja	حدثنا علي بن محمد ثنا وكيع ثنا يونس بن أبي إسحاق عن مجاهد عن أبي هريرة قال قال رسول الله صلى الله عليه وسلم ما زال جبرائيل يوصيني بالجار حتى ظننت أنه سيورثه
urn:hadith:0273IbnMaja.Sunan:3678	al-Busiri (Misbah al-zujaja)	840	classical	chain	sound	هذا إسناد صحيح رجاله ثقات رواه النسائي في عشرة النساء عن إسحاق بن منصور عن يحيى بن سعيد به ورواه ابن أبي شيبة في مسنده هكذا والحاكم في المستدرك من طريق الليث بن سعد عن محمد بن عجلان به وقال هذا حديث صحيح على شرط مسلم ورواه البيهقي في الكبرى عن الحاكم به ورواه مسدد في مسنده عن يحيى القطان به	1.0	1	urn:openiti:0840ShihabDinBusiri.MisbahZujaja.JK000312-ara1:p10660	4:103	2821	Ibn Maja	حدثنا أبو بكر بن أبي شيبة ثنا يحيى بن سعيد القطان عن ابن عجلان عن سعيد بن أبي سعيد عن أبي هريرة قال قال رسول الله صلى الله عليه وسلم اللهم إني أحرج حق الضعيفين 
urn:hadith:0273IbnMaja.Sunan:3679	al-Busiri (Misbah al-zujaja)	840	classical	chain	very_weak	هذا إسناد ضعيف يحيى بن سليمان أبو صالح قال فيه البخاري منكر الحديث وقال أبو حاتم مضطرب الحديث وذكره ابن حبان في الثقات وأخرج ابن خزيمة حديثه في صحيحه وقال في النفس من هذا الإسناد فإني لا أعرف يحيى بعدالة ولا جرح وإنما أخرجت خبره لأنه لا يختلف فيه العلماء	1.0	1	urn:openiti:0840ShihabDinBusiri.MisbahZujaja.JK000312-ara1:p10666	4:103	3821	Ibn Maja	حدثنا علي بن محمد ثنا يحيى بن آدم ثنا ابن المبارك عن سعيد بن أبي أيوب عن يحيى بن سليمان عن زيد بن أبي عتاب عن أبي هريرة عن النبي صلى الله عليه وسلم قال خير بيت 
urn:hadith:0273IbnMaja.Sunan:3680	al-Busiri (Misbah al-zujaja)	840	classical	chain	weak	هذا إسناد ضعيف إسماعيل بن إبراهيم مجهول والراوي عنه ضعيف	1.0	1	urn:openiti:0840ShihabDinBusiri.MisbahZujaja.JK000312-ara1:p10677	4:104	4821	Ibn Maja	حدثنا هشام بن عمار ثنا حماد بن عبد الرحمن الكلبي ثنا إسماعيل بن إبراهيم الأنصاري عن عطاء بن أبي رباح عن عبد الله بن عباس قال قال رسول الله صلى الله عليه وسلم من
urn:hadith:0273IbnMaja.Sunan:3681	al-Busiri (Misbah al-zujaja)	840	classical	chain	very_weak	هذا إسناد ضعيف أبو سعد إسمه شرحبيل بن سعيد مولى خطمة وإن ذكره ابن حبان في الثقات فقد ضعفه ابن سعد وابن معين وأبو زرعة وابن عدي والدارقطني واتهمه ابن أبي ذئب رواه أحمد بن منيع في مسنده ثنا أبو معاوية ثنا فطر فذكره بإسناده ومتنه ورواه ابن حبان في صحيحه من طريق شرحبيل به ورواه أبو يعلى الموصلي ثنا من طريق فطر به ورواه الحاكم في المستدرك من طريق فطر به	0.86	1	urn:openiti:0840ShihabDinBusiri.MisbahZujaja.JK000312-ara1:p10684	4:105	5821	Ibn Maja	حدثنا أبو بكر بن أبي شيبة و علي بن محمد قالا ثنا وكيع عن أبان بن صمعة عن أبي الوازع الراسبي عن أبي برزة الأسلمي قال قلت يا رسول الله دلني على عمل أنتفع به قال ا
urn:hadith:0273IbnMaja.Sunan:3682	al-Busiri (Misbah al-zujaja)	840	classical	chain	very_weak	هذا إسناد ضعيف الحارث وان ذكره ابن حبان في الثقات فقد لينه أبو حاتم وقال البخاري منكر الحديث وقال العقيلي أحاديثه مناكير قال المزي ورواه أبو الجماهر محمد بن عبد الرحمن الحمصي عن علي بن عياش فزاد في إسناده سعيد بن جبير	1.0	1	urn:openiti:0840ShihabDinBusiri.MisbahZujaja.JK000312-ara1:p10690	4:105	6821	Ibn Maja	حدثنا أبو بكر بن أبي شيبة ثنا عبد الله بن نمير عن الأعمش عن أبي صالح عن أبي هريرة عن النبي صلى الله عليه وسلم قال كان على الطريق غصن شجرة يؤذي الناس فأماطها رجل
urn:hadith:0273IbnMaja.Sunan:3685	al-Busiri (Misbah al-zujaja)	840	classical	chain	weak	هذا إسناد ضعيف لضعف يزيد بن إبن الرقاشي رواه أبو بكر بن أبي شيبة في مسنده عن أبي معاوية عن الأعمش به ورواه الطبراني في الأوسط والبيهقي في شعب الايمان كلاهما من طريق أبي طلال عن أنس ورواه الأصبهاني من هذا الوجه	0.95	1	urn:openiti:0840ShihabDinBusiri.MisbahZujaja.JK000312-ara1:p10699	4:105	7821	Ibn Maja	حدثنا محمد بن عبد الله بن نمير و علي بن محمد قالا ثنا وكيع عن الأعمش عن يزيد الرقاشي عن أنس بن مالك قال قال رسول الله صلى الله عليه وسلم يصف الناس يوم القيامة ص
urn:hadith:0273IbnMaja.Sunan:3686	al-Busiri (Misbah al-zujaja)	840	classical	chain	weak	هذا إسناد ضعيف لتدليس محمد بن إسحاق بن بكر رواه الإمام أحمد في مسنده من حديث سراقة أيضا ورواه ابن حبان في صحيحه ورواه البيهقي عن طريق محمد بن إسحاق به ورواه مسدد في مسنده عن بشر بن المفضل ثنا عبد الرحمن بن إسحاق عن الزهري عن عبد الرحمن بن مالك بن جعشم عن عمه سراقة فذكره وفيه زيادة ورواه أبو بكر بن أبي شيبة في مسنده هكذا بإسناده ومتنه ورواه أحمد بن منيع في مسنده ثناه يزيد ثنا محمد بن إسحاق عن الزهري فذكره ورواه عن ابن نمير عن أبيه عن ابن إسحاق به	0.82	1	urn:openiti:0840ShihabDinBusiri.MisbahZujaja.JK000312-ara1:p10705	4:106	8821	Ibn Maja	حدثنا أبو بكر بن أبي شيبة ثنا عبد الله بن نمير ثنا محمد بن إسحاق عن الزهري عن عبد الرحمن بن مالك بن جعشم عن أبيه عن جده سراقة بن جعشم قال سألت رسول الله صلى الل
urn:hadith:0273IbnMaja.Sunan:3689	al-Busiri (Misbah al-zujaja)	840	classical	chain	sound	هذا إسناد صحيح رجاله ثقات وله شاهد من حديث أبي هريرة وجرير بن عبد الله رواه مسلم وغيره ورواه أحمد في مسنده من حديث علي بن أبي طالب ورواه ابن حبان في صحيحه والبزار في مسنده من حديث أنس	0.86	1	urn:openiti:0840ShihabDinBusiri.MisbahZujaja.JK000312-ara1:p10714	4:107	9821	Ibn Maja	حدثنا أبو بكر بن أبي شيبة ثنا محمد بن مصعب عن الأوزاعي ح وحدثنا هشام بن عمار و عبد الرحمن بن إبراهيم قالا ثنا الوليد بن مسلم ثنا الأوزاعي عن الزهري عن عروة عن ع
urn:hadith:0273IbnMaja.Sunan:3691	al-Busiri (Misbah al-zujaja)	840	classical	chain	disputed_narrator	هذا إسناد ضعيف فرقد وان وثقه ابن معين في رواية فقد ضعفه في أخرى وضعفه البخاري والترمذي والنسائي ويعقوب بن شيبة وابن المديني وابن حبان وغيرهم وقال أحمد روى عن مرة منكرات انتهى	0.94	1	urn:openiti:0840ShihabDinBusiri.MisbahZujaja.JK000312-ara1:p10724	4:108	0921	Ibn Maja	حدثنا أبو بكر بن أبي شيبة و علي بن محمد قالا ثنا إسحاق بن سليمان عن مغيرة بن مسلم عن فرقد السبخي عن مرة الطيب عن أبي بكر الصديق قال قال رسول الله صلى الله عليه 
	al-Busiri (Misbah al-zujaja)	840	classical	chain	sound	هذا إسناد صحيح رجاله ثقات رواه أحمد بن منيع في مسنده ثنا الهيثم بن خارجة ثنا بقية عن محمد بن زياد فذكره		0	urn:openiti:0840ShihabDinBusiri.MisbahZujaja.JK000312-ara1:p10732	4:108	1921	Ibn Maja	حدثنا أبو بكر بن أبي شيبة ثنا أبو بكر بن عياش عن محمد بن زياد عن أبي أمامة قال أمرنا رسول الله صلى الله عليه وسلم أن نفشي السلام
urn:hadith:0273IbnMaja.Sunan:3707	al-Busiri (Misbah al-zujaja)	840	classical	chain	very_weak	هذا إسناد ضعيف أبو سورة هذا قال فيه البخاري منكر الحديث يروي عن أبي أيوب مناكير لا يتابع عليها رواه أبو بكر بن أبي شيبة في مسنده بإسناده سواء	1.0	1	urn:openiti:0840ShihabDinBusiri.MisbahZujaja.JK000312-ara1:p10750	4:110	3921	Ibn Maja	حدثنا أبو بكر بن أبي شيبة ثنا عبد الرحيم بن سليمان عن واصل بن السائب عن أبي سورة عن أبي أيوب الأنصاري قال قلنا يا رسول الله هذا السلام فما الاستئذان قال يتكلم ا
urn:hadith:0273IbnMaja.Sunan:3710	al-Busiri (Misbah al-zujaja)	840	classical	chain	weak	هذا إسناد ضعيف عبد الله بن مسلم هو ابن هرمز المكي ضعفه أحمد وابن معين وأبو حاتم وأبو داود والنسائي وغيرهم	1.0	1	urn:openiti:0840ShihabDinBusiri.MisbahZujaja.JK000312-ara1:p10758	4:110	4921	Ibn Maja	حدثنا أبو بكر ثنا عيسى بن يونس عن عبد الله بن مسلم عن عبد الرحمن بن سابط عن جابر قال قلت كيف أصبحت يا رسول الله قال بخير من رجل لم يصبح صائما ولم يعد سقيما
urn:hadith:0273IbnMaja.Sunan:3711	al-Busiri (Misbah al-zujaja)	840	classical	chain	weak	هذا إسناد ضعيف قال البخاري مالك بن حمزة عن أبيه عن جده أن النبي دعا للعباس الحديث لا يتابع عليه وقال أبو حاتم عبد الله بن عثمان شيخ يروي أحاديث مشتبهة	1.0	1	urn:openiti:0840ShihabDinBusiri.MisbahZujaja.JK000312-ara1:p10767	4:111	5921	Ibn Maja	حدثنا أبو إسحاق الهروي إبراهيم بن عبد الله بن أبي حاتم ثنا عبد الله بن عثمان بن إسحاق بن سعد بن أبي وقاص حدثني جدي أبو أمي مالك بن حمزة بن أبي أسيد الساعدي عن أ
urn:hadith:0273IbnMaja.Sunan:3712	al-Busiri (Misbah al-zujaja)	840	classical	chain	weak	هذا إسناد ضعيف لضعف سعيد بن مسلمة رواه البيهقي في سننه الكبرى من طريق محمد بن الصباح وله شاهد من حديث جرير بن عبد الله ورواه البيهقي في سننه عن الحاكم به والمتن أورده ابن الجوزي في العلل المتناهية من حديث أبي قتادة ورواه أبو داود في المراسيل من قول الشعبي وله شاهد أيضا من حديث أبي هريرة رواه البزار في مسنده	1.0	1	urn:openiti:0840ShihabDinBusiri.MisbahZujaja.JK000312-ara1:p10774	4:111	6921	Ibn Maja	حدثنا محمد بن الصباح أنبأنا سعيد بن مسلمة عن ابن عجلان عن نافع عن ابن عمر قال قال رسول الله صلى الله عليه وسلم إذا أتاكم كريم قوم فأكرموه
urn:hadith:0273IbnMaja.Sunan:3715	al-Busiri (Misbah al-zujaja)	840	classical	chain	weak	هذا إسناد ضعيف لضعف ابن أبي ليلى واسمه محمد بن عبد الرحمن رواه الحاكم في المستدرك من طريق يحيى بن سعيد عن ابن أبي ليلى به وله شاهد من حديث عبد الله بن جعفر وعائشة ورواه أحمد بن حنبل في مسنده ورواه الترمذي والنسائي في اليوم والليلة	1.0	1	urn:openiti:0840ShihabDinBusiri.MisbahZujaja.JK000312-ara1:p10783	4:112	7921	Ibn Maja	حدثنا أبو بكر بن أبي شيبة ثنا علي بن مسهر عن ابن أبي ليلى عن عيسى عن عبد الرحمن بن أبي ليلى عن علي قال قال رسول الله صلى الله عليه وسلم إذا عطس أحدكم فليقل الحم
urn:hadith:0273IbnMaja.Sunan:3719	al-Busiri (Misbah al-zujaja)	840	classical	chain	weak	هذا إسناد ضعيف رفعة بن صالح وان أخرج له مسلم فإنما روى له مقرونا بغيره وقد ضعفه أحمد وابن معين وأبو حاتم وأبو زرعة وأبو داود والنسائي رواه أبو داود الطيالسي في مسنده عن زمعة مختصرا ورواه الإمام أحمد في مسنده من حديث أم سلمة أيضا ورواه بو بكر بن أبي شيبة في مسنده هكذا ورواه أحمد بن منيع في مسنده ثنا أبو أحمد الزبيري ثنا زمعة بن صالح فذكره بإسناده ومتنه	0.81	1	urn:openiti:0840ShihabDinBusiri.MisbahZujaja.JK000312-ara1:p10843	4:115	1031	Ibn Maja	قالوا لا بل نشتريه منك فاشتروه منه بعشرة قلائص ثم أتوه فوضعوا في عنقه عمامة أو حبلا فقال نعيمان إن هذا يستهزىء بكم وإني حر لست بعبد فقالوا قد أخبرنا خبرك فانطلق
urn:hadith:0273IbnMaja.Sunan:3722	al-Busiri (Misbah al-zujaja)	840	classical	chain	disputed_narrator	هذا إسناد حسن أبو المنيب اسمه عبيد الله بن عبد الرحمن العتكي المروزي مختلف فيه رواه الحاكم في المستدرك من طريق أبي المنيب به ورواه ابن حبان في صحيحه والحاكم في المستدرك من طريق عيسى بن أبي حازم عن أبيه	1.0	1	urn:openiti:0840ShihabDinBusiri.MisbahZujaja.JK000312-ara1:p10851	4:116	2031	Ibn Maja	حدثنا أبو بكر بن أبي شيبة ثنا زيد بن الحباب عن أبي المنيب عن ابن بريدة عن أبيه أن النبي صلى الله عليه وسلم نهى أن يقعد بين الظل والشمس
urn:hadith:0273IbnMaja.Sunan:3724	al-Busiri (Misbah al-zujaja)	840	classical	chain	disputed_narrator	هذا إسناد فيه مقال محمد بن نعيم لم أر من جرحه ولا من وثقه ويعقوب بن حميد مختلف فيه وباقي رجال الإسناد ثقات قال المزي كذا وقع عند ابن ماجة وفي نسخة أخرى عن ابن طخفة عن أبي ذر قال والمحفوظ حديث طخفة عن النبي صلى الله عليه وسلم	1.0	1	urn:openiti:0840ShihabDinBusiri.MisbahZujaja.JK000312-ara1:p10860	4:116	3031	Ibn Maja	حدثنا يعقوب بن حميد بن كاسب ثنا إسماعيل بن عبد الله ثنا محمد بن نعيم بن عبد الله المجمر عن أبيه عن ابن طخفة الغفاري عن أبي ذر قال مر بي النبي صلى الله عليه وسلم
urn:hadith:0273IbnMaja.Sunan:3725	al-Busiri (Misbah al-zujaja)	840	classical	chain	disputed_narrator	هذا إسناد فيه مقال الوليد بن جميل لينه أبوزرعة وقال أبو حاتم شيخ يروي عن القاسم أحاديث منكرة وقال أبو داود ليس به بأس وذكره ابن حبان في الثقات وسلمة بن رجاء ويعقوب بن حميد مختلف فيهما وله شاهد من حديث أبي هريرة رواه ابن حبان في صحيحه	1.0	1	urn:openiti:0840ShihabDinBusiri.MisbahZujaja.JK000312-ara1:p10866	4:117	4031	Ibn Maja	حدثنا يعقوب بن حميد بن كاسب ثنا سلمة بن رجاء عن الوليد بن جميل الدمشقي أنه سمع القاسم بن عبد الرحمن يحدث عن أبي أمامة قال مر النبي صلى الله عليه وسلم على رجل نا
urn:hadith:0273IbnMaja.Sunan:3734	al-Busiri (Misbah al-zujaja)	840	classical	chain	weak	هذا إسناد فيه مقال ابن أخي عبد الله بن سلام لم يسم قاله في الأطراف وما علمته وباقي رجال الإسناد ثقات رواه أبو بكر بن أبي شيبة في مسنده عن الفضل بن ذكين عن يحيى بن أبي الهيثم العطار حدثني يوسف بن عبد الله بن سلام قال سماني رسول الله صلى الله عليه وسلم وأقعدني في حجره ورواه الإمام أحمد في مسنده من حديث عبد الله بن سلام أيضا ورواه أبو يعلى الموصلي في مسنده ثنا أبو بكر بن أبي شيبة فذكره	1.0	1	urn:openiti:0840ShihabDinBusiri.MisbahZujaja.JK000312-ara1:p10884	4:118	6031	Ibn Maja	حدثنا أبو بكر ثنا يحيى بن يعلى أبو المحياة عن عبد الملك بن عمير حدثني ابن أخي عبد الله بن سلام عن عبد الله بن سلام قال قدمت على رسول الله صلى الله عليه وسلم ولي
urn:hadith:0273IbnMaja.Sunan:3738	al-Busiri (Misbah al-zujaja)	840	classical	chain	disputed_narrator	هذا إسناد حسن عبد الله بن محمد مختلف فيه ورواه أبو بكر بن أبي شيبة في مسنده هكذا بهذا الإسناد بمتن أطول من هذا كما هو مذكور فيما جمعته في زوائد المسانيد العشرة على الكتب الستة وكذا رواه أبو يعلى الموصلي ثنا عبد الجبار بن عاصم حدثني عبيد الله بن عمر عن عبد الله بن محمد بن عقيل به وله شاهد من حديث عمر بن الخطاب رواه أبو داود	1.0	1	urn:openiti:0840ShihabDinBusiri.MisbahZujaja.JK000312-ara1:p10893	4:119	7031	Ibn Maja	حدثنا أبو بكر بن أبي شيبة ثنا يحيى بن أبي بكير ثنا زهير بن محمد عن عبد الله بن محمد بن عقيل عن حمزة بن صهيب أن عمر قال لصهيب مالك تكتني بأبي يحيى وليس لك ولد قا
urn:hadith:0273IbnMaja.Sunan:3743	al-Busiri (Misbah al-zujaja)	840	classical	chain	disputed_narrator	هذا إسناد حسن معبد مختلف فيه وباقي رجال الإسناد ثقات رواه أبو داود الطيالسي في مسنده عن شعبة به وفيه زيادة في أوله وكذا رواه أبو بكر بن أبي شيبة في مسنده عن غندر عن شعبة به ورواه أحمد بن منيع في مسنده عن يزيد بن هارون عن إبراهيم بن سعد عن أبيه به وأصله في الصحيحين من حديث أبي بكرة	1.0	1	urn:openiti:0840ShihabDinBusiri.MisbahZujaja.JK000312-ara1:p10900	4:119	8031	Ibn Maja	حدثنا أبو بكر بن أبي شيبة ثنا غندر عن شعبة عن سعد بن إبراهيم بن عبد الرحمن بن عوف عن معبد الجهني عن معاوية قال سمعت رسول الله صلى الله عليه وسلم يقول إياكم والت
urn:hadith:0273IbnMaja.Sunan:3746	al-Busiri (Misbah al-zujaja)	840	classical	chain	sound	هذا إسناد صحيح رجاله ثقات وأبو عمرو الشيباني اسمه سعد بن اياس رواه عبد بن حميد في مسنده ثنا الأسود بن عامر فذكره ورواه ابن حبان في صحيحه عن الحسن بن سفيان عن أبي بكر بن أبي شيبة به ورواه الحاكم في المستدرك من طريق العباس بن محمد عن الأسود بن عامر به ورواه البيهقي في سننه الكبرى عن الحاكم وله شاهد من حديث أبي هريرة رواه أصحاب السنن الأربعة ورواه الترمذي من حديث أم سلمة	1.0	1	urn:openiti:0840ShihabDinBusiri.MisbahZujaja.JK000312-ara1:p10907	4:120	9031	Ibn Maja	حدثنا أبو بكر بن أبي شيبة ثنا أسود بن عامر عن شريك عن الأعمش عن أبي عمرو الشيباني عن أبي مسعود قال قال رسول الله صلى الله عليه وسلم المستشار مؤتمن
urn:hadith:0273IbnMaja.Sunan:3747	al-Busiri (Misbah al-zujaja)	840	classical	chain	weak	هذا إسناد ضعيف لضعف ابن أبي ليلى واسمه محمد بن عبدالرحمن بن أبي ليلى وأبوه عبد الرحمن عبد الرحمن الأنصاري القاضي وهو ضعيف اه	0.75	1	urn:openiti:0840ShihabDinBusiri.MisbahZujaja.JK000312-ara1:p10911	4:120	0131	Ibn Maja	حدثنا أبو بكر ثنا يحيى بن زكريا بن أبي زائدة و علي بن هاشم عن ابن أبي ليلى عن أبي الزبير عن جابر قال قال رسول الله صلى الله عليه وسلم إذا استشار أحدكم أخاه فليش
urn:hadith:0273IbnMaja.Sunan:3753	al-Busiri (Misbah al-zujaja)	840	classical	chain	weak	هذا إسناد فيه عبد الله بن عامر الأسلمي القاري وهو ضعيف رواه أبو بكر بن أبي شيبة من طريق عبد الله بن عامر به	1.0	1	urn:openiti:0840ShihabDinBusiri.MisbahZujaja.JK000312-ara1:p10944	4:122	4131	Ibn Maja	حدثنا هشام بن عمار ثنا الهقل بن زياد ثنا الأوزاعي عن عبد الله بن عامر الأسلمي عن عمرو بن شعيب عن أبيه عن جده أن رسول الله صلى الله عليه وسلم قال لا يقص على النا
urn:hadith:0273IbnMaja.Sunan:3754	al-Busiri (Misbah al-zujaja)	840	classical	chain	weak	هذا إسناد فيه العمري وهو ضعيف واسمه عبد الله	0.6	1	urn:openiti:0840ShihabDinBusiri.MisbahZujaja.JK000312-ara1:p10948	4:122	5131	Ibn Maja	حدثنا علي بن محمد ثنا وكيع عن العمري عن نافع عن ابن عمر قال لم يكن القصص في زمن رسول الله صلى الله عليه وسلم ولا زمن أبي بكر ولا زمن عمر
urn:hadith:0273IbnMaja.Sunan:3761	al-Busiri (Misbah al-zujaja)	840	classical	chain	sound	هذا إسناد صحيح رجاله ثقات وعبيد الله هو ابن موسى العبسي أبو محمد وشيبان هو ابن عبد الرحمن النحوي أبو معاوية المؤدب والأعمش وهو سليمان بن مهران وفي هذا الاسناد لطيفة أربعة من التابعين يروي بعضهم عن بعض رواه أبو بكر بن أبي شيبة في مسنده هكذا ورواه البيهقي في الكبرى من طريق محمد بن شعيب بن شابور عن الأعمش فذكره بمثله	0.88	1	urn:openiti:0840ShihabDinBusiri.MisbahZujaja.JK000312-ara1:p10956	4:123	6131	Ibn Maja	حدثنا أبو بكر بن أبي شيبة ثنا عبيد الله عن شيبان عن الأعمش عن عمرو بن مرة عن يوسف بن ماهك عن عبيد بن عمير عن عائشة قالت قال رسول الله صلى الله عليه وسلم إن أعظم
urn:hadith:0273IbnMaja.Sunan:3764	al-Busiri (Misbah al-zujaja)	840	classical	chain	weak	هذا إسناد صحيح رجاله ثقات رواه أبو داود وابن ماجة في سننهما وابن حبان في صحيحه من طريق حماد بن سلمة عن محمد بن عمر أبي سلمة عن أبي هريرة به وكذا رواه ابن أبي شيبة في مسنده من هذا الوجه قال البيهقي في سننه وروى عمر بن حمزة عن حصين بن مصعب قال كره أبو هريرة التراهن بالحمامين ورواه مسدد في مسنده مرسلا فقال ثنا يحيى عن محمد بن عمرو عن أبي سلمة عن النبي صلى الله عليه وسلم فذكره	1.0	1	urn:openiti:0840ShihabDinBusiri.MisbahZujaja.JK000312-ara1:p10963	4:124	7131	Ibn Maja	حدثنا عبد الله بن عامر بن زرارة ثنا شريك عن محمد بن عمرو عن أبي سلمة بن عبد الرحمن عن عائشة أن النبي صلى الله عليه وسلم نظر إلى إنسان يتبع طائرا فقال شيطان يتبع
urn:hadith:0273IbnMaja.Sunan:3766	al-Busiri (Misbah al-zujaja)	840	classical	chain	weak	هذا إسناد رجاله ثقات وهومنقطع الحسن لم يسمع من عثمان شيئا إنما رأى رواته قاله أبو زرعة	1.0	1	urn:openiti:0840ShihabDinBusiri.MisbahZujaja.JK000312-ara1:p10968	4:124	8131	Ibn Maja	حدثنا هشام بن عمار ثنا يحيى بن سليم الطائفي ثنا ابن جريج عن الحسن بن أبي الحسن عن عثمان بن عفان أن رسول الله صلى الله عليه وسلم رأى رجلا وراء حمامة فقال شيطان ي
urn:hadith:0273IbnMaja.Sunan:3767	al-Busiri (Misbah al-zujaja)	840	classical	chain	disputed_narrator	هذا إسناد ضعيف أبو سعيد مجهول ورواد بن الجراح مختلف فيه	1.0	1	urn:openiti:0840ShihabDinBusiri.MisbahZujaja.JK000312-ara1:p10974	4:124	9131	Ibn Maja	حدثنا أبو نصر محمد بن خلف العسقلاني ثنا رواد بن الجراح ثنا أبو ساعد الساعدي عن أنس بن مالك قال رأى رسول الله صلى الله عليه وسلم رجلا يتبع حماما فقال شيطان يتبع 
urn:hadith:0273IbnMaja.Sunan:3780	al-Busiri (Misbah al-zujaja)	840	classical	chain	weak	هذا إسناد فيه عطية العوفي وهو ضعيف رواه الإمام أحمد في مسنده من حديث أبي سعيد أيضا ورواه أبو بكر بن أبي شيبة في مسنده هكذا عن عبيد الله به	1.0	1	urn:openiti:0840ShihabDinBusiri.MisbahZujaja.JK000312-ara1:p10994	4:125	1231	Ibn Maja	حدثنا أبو بكر ثنا عبيد الله بن موسى أنبأنا شيبان عن فراس عن عطية عن أبي سعيد الخدري قال قال رسول الله صلى الله عليه وسلم يقال لصاحب القرآن إذا دخل الجنة اقرأ وا
urn:hadith:0273IbnMaja.Sunan:3781	al-Busiri (Misbah al-zujaja)	840	classical	chain	narrators_trustworthy	هذا إسناد رجاله ثقات رواه أبو بكر بن أبي شيبة في مسنده عن الفضل بن دكين عن بشير بن المهاجر به زيادة طويلة في آخره	0.82	1	urn:openiti:0840ShihabDinBusiri.MisbahZujaja.JK000312-ara1:p10999	4:126	2231	Ibn Maja	حدثنا علي بن محمد ثنا وكيع عن بشير بن مهاجر عن ابن بريدة عن أبيه قال قال رسول الله صلى الله عليه وسلم يجيىء القرآن يوم القيامة كالرجل الشاحب فيقول أنا الذي أسهر
urn:hadith:0273IbnMaja.Sunan:3789	al-Busiri (Misbah al-zujaja)	840	classical	chain	sound	هذا إسناد صحيح رجاله ثقات وأبو قيس هو عبد الرحمن بن ثروان رواه مسدد عن بشر عن شعبة عن أبي قيس به ورواه النسائي في اليوم والليلة عن إسماعيل بن مسعود عن بشر بن المفضل به ورواه الإمام أحمد بن حنبل في مسنده من حديث أبي سعيد أيضا	1.0	1	urn:openiti:0840ShihabDinBusiri.MisbahZujaja.JK000312-ara1:p11003	4:126	3231	Ibn Maja	حدثنا علي بن محمد ثنا وكيع عن سفيان عن أبي قيس الأودي عن عمرو بن ميمون عن أبي مسعود الأنصاري قال قال رسول الله صلى الله عليه وسلم الله أحد الواحد الصمد تعدل ثلث
urn:hadith:0273IbnMaja.Sunan:3792	al-Busiri (Misbah al-zujaja)	840	classical	chain	weak	هذا إسناد حسن محمد بن مصعب الفرقساني قال فيه صالح بن محمد ضعيف في الأوزاعي روى عن الأوزاعي غير حديث كلها مناكير وليس لها أصول	0.94	1	urn:openiti:0840ShihabDinBusiri.MisbahZujaja.JK000312-ara1:p11010	4:127	4231	Ibn Maja	حدثنا أبو بكر ثنا محمد بن مصعب عن الأوزاعي عن إسماعيل بن عبيد الله عن أم الدرداء عن أبي هريرة عن النبي صلى الله عليه وسلم قال إن الله عز وجل يقول أنا مع عبدي إذ
urn:hadith:0273IbnMaja.Sunan:3797	al-Busiri (Misbah al-zujaja)	840	classical	chain	unclassified	هذا إسناد فيه زكريا بن	0.62	1	urn:openiti:0840ShihabDinBusiri.MisbahZujaja.JK000312-ara1:p11033	4:129	7231	Ibn Maja	حدثنا إبراهيم بن المنذر الحزامي ثنا زكريا بن منظور حدثني محمد بن عقبة عن أم هانىء قالت قال رسول الله صلى الله عليه وسلم لا إله إلا الله لا يسبقها عمل ولا تترك ذ
urn:hadith:0273IbnMaja.Sunan:3799	al-Busiri (Misbah al-zujaja)	840	classical	chain	weak	هذا إسناد ضعيف لضعف عطية العوفي ومحمد بن عبد الرحمن بن أبي ليلى رواه أبو بكر بن أبي شيبة في مسنده هكذا بإسناده بزيادة فيه	1.0	1	urn:openiti:0840ShihabDinBusiri.MisbahZujaja.JK000312-ara1:p11038	4:129	8231	Ibn Maja	حدثنا أبو بكر بن أبي شيبة ثنا بكر بن عبد الرحمن ثنا عيسى بن المختار عن محمد بن أبي ليلى عن عطية العوفي عن أبي سعيد عن النبي صلى الله عليه وسلم قال من قال في دبر
urn:hadith:0273IbnMaja.Sunan:3801	al-Busiri (Misbah al-zujaja)	840	classical	chain	weak	هذا إسناد فيه مقال قدامة بن إبراهيم ذكره ابن حبان في الثقات وصدقة بن بشير لم أر من جرحه ولا من وثقه وباقي رجال الاسناد ثقات رواه الإمام أحمد في مسنده من هذا الوجه	0.96	1	urn:openiti:0840ShihabDinBusiri.MisbahZujaja.JK000312-ara1:p11053	4:130	9231	Ibn Maja	حدثنا إبراهيم بن المنذر الحزامي ثنا صدقة بن بشير مولى العمريين قال سمعت قدامة بن إبراهيم الجمحي يحدث أنه كان يختلف إلى عبد الله بن عمر بن الخطاب وهو غلام وعليه 
urn:hadith:0273IbnMaja.Sunan:3803	al-Busiri (Misbah al-zujaja)	840	classical	chain	sound	هذا إسناد صحيح	1.0	1	urn:openiti:0840ShihabDinBusiri.MisbahZujaja.JK000312-ara1:p11068	4:131	1331	Ibn Maja	حدثنا هشام بن خالد الأزرق أبو مروان ثنا الوليد بن مسلم ثنا زهير بن محمد عن منصور بن عبد الرحمن عن أمه صفية بنت شيبة عن عائشة قالت كان رسول الله صلى الله عليه وس
urn:hadith:0273IbnMaja.Sunan:3804	al-Busiri (Misbah al-zujaja)	840	classical	chain	weak	هذا إسناد فيه موسى بن عبيدة وهو ضعيف وشيخه مجهول رواه الحسن بن علي الخلال ثنا أبو عاصم عن شبيب بن بشر عن أنس قال قال رسول الله صلى الله عليه وسلم ما أنعم الله على عبد نعمة فقال الحمد لله إلا كان الذي أعطى أفضل مما أخذ	0.89	1	urn:openiti:0840ShihabDinBusiri.MisbahZujaja.JK000312-ara1:p11073	4:131	2331	Ibn Maja	حدثنا علي بن محمد ثنا وكيع عن موسى بن عبيدة عن محمد بن ثابت عن أبي هريرة أن النبي صلى الله عليه وسلم كان يقول الحمد الله على كل حال رب أعوذ بك من حال أهل النار
	al-Busiri (Misbah al-zujaja)	840	classical	chain	disputed_narrator	هذا إسناد حسن شبيب بن بشر مختلف فيه		0	urn:openiti:0840ShihabDinBusiri.MisbahZujaja.JK000312-ara1:p11074	4:131	r11073	Ibn Maja	
urn:hadith:0273IbnMaja.Sunan:3807	al-Busiri (Misbah al-zujaja)	840	classical	chain	disputed_narrator	هذا إسناد حسن وأبو سنان اسمه عيسى بن سنان أبو سنان الحنفي القلسمي الفلسطيني مختلف فيه رواه أبو بكر بن أبي شيبة في مسنده بإسناده ومتنه وقال الحاكم في المستدرك صحيح الإسناد	1.0	1	urn:openiti:0840ShihabDinBusiri.MisbahZujaja.JK000312-ara1:p11083	4:132	3331	Ibn Maja	حدثنا أبو بكر بن أبي شيبة ثنا عفان ثنا حماد بن سلمة عن أبي سنان عن عثمان بن أبي سودة عن أبي هريرة أن رسول الله صلى الله عليه وسلم مر به وهو يغرس غرسا فقال يا أب
urn:hadith:0273IbnMaja.Sunan:3809	al-Busiri (Misbah al-zujaja)	840	classical	chain	sound	هذا إسناد صحيح رجاله ثقات وأخو عون اسمه عبيد الله بن عتبة رواه ابن أبي الدنيا والحاكم وقال صحيح على شرط مسلم ورواه مسدد في مسنده عن يحيى بن سعيد القطان بإسناده ومتنه ورواه أبو بكر بن أبي شيبة في مسنده عن ابن نمير عن موسى بإسناده ومتنه	0.93	1	urn:openiti:0840ShihabDinBusiri.MisbahZujaja.JK000312-ara1:p11091	4:132	4331	Ibn Maja	حدثنا أبو بشر بكر بن خلف حدثني يحيى بن سعيد عن موسى بن أبي عيسى الطحان عن عون بن عبد الله عن أبيه أو عن أخيه عن النعمان بن بشير قال قال رسول الله صلى الله عليه 
urn:hadith:0273IbnMaja.Sunan:3810	al-Busiri (Misbah al-zujaja)	840	classical	chain	weak	هذا إسناد ضعيف لضعف زكريا وقد تقدم قبل هذا بتسعة أحاديث	0.87	1	urn:openiti:0840ShihabDinBusiri.MisbahZujaja.JK000312-ara1:p11104	4:133	5331	Ibn Maja	حدثنا إبراهيم بن المنذر الحزامي ثنا أبو يحيى زكريا بن منظور حدثني محمد بن عقبة بن أبي مالك عن أم هانىء قالت أتيت إلى رسول الله صلى الله عليه وسلم فقلت يا رسول ا
urn:hadith:0273IbnMaja.Sunan:3813	al-Busiri (Misbah al-zujaja)	840	classical	chain	fabricated	هذا إسناد ضعيف عمر بن راشد قال فيه البخاري حديثه عن ابن أبي كثير مضطرب وقال ابن حبان يضع الحديث ورواه الطبراني من طريقين أصلحها طريق عمر بن راشد	0.89	1	urn:openiti:0840ShihabDinBusiri.MisbahZujaja.JK000312-ara1:p11109	4:133	6331	Ibn Maja	حدثنا علي بن محمد ثنا أبو معاوية عن عمر بن راشد عن يحيى بن أبي كثير عن أبي سلمة بن عبد الرحمن عن أبي الدرداء قال قال لي رسول الله صلى الله عليه وسلم عليك بسبحان
urn:hadith:0273IbnMaja.Sunan:3815	al-Busiri (Misbah al-zujaja)	840	classical	chain	sound	هذا إسناد صحيح رجاله ثقات رواه ابن حبان في صحيحه من طريق ابن شهاب عن أبي سلمة به ورواه أصحاب السنن من حديث ابن عمر	1.0	1	urn:openiti:0840ShihabDinBusiri.MisbahZujaja.JK000312-ara1:p11116	4:133	7331	Ibn Maja	حدثنا أبو بكر بن أبي شيبة ثنا محمد بن بشر عن محمد بن عمرو عن أبي سلمة عن أبي هريرة قال قال رسول الله صلى الله عليه وسلم إني لأستغفر الله وأتوب إليه في اليوم مائ
urn:hadith:0273IbnMaja.Sunan:3817	al-Busiri (Misbah al-zujaja)	840	classical	chain	weak	هذا إسناد فيه أبو المغيرة البجلي مضطرب الحديث عن حذيفة قاله الذهبي في الكاشف	1.0	1	urn:openiti:0840ShihabDinBusiri.MisbahZujaja.JK000312-ara1:p11126	4:134	9331	Ibn Maja	حدثنا علي بن محمد ثنا أبو بكر بن عياش عن أبي إسحاق عن أبي المغيرة عن حذيفة قال كان في لساني ذرب على أهلي وكان لا يعدوهم إلى غيرهم فذكرت ذلك للنبي صلى الله عليه 
urn:hadith:0273IbnMaja.Sunan:3818	al-Busiri (Misbah al-zujaja)	840	classical	chain	sound	هذا إسناد صحيح رجاله ثقات رواه النسائي في عمل اليوم والليلة عن عمرو بن عثمان به ورواه البيهقي	1.0	1	urn:openiti:0840ShihabDinBusiri.MisbahZujaja.JK000312-ara1:p11132	4:135	0431	Ibn Maja	حدثنا عمرو بن عثمان بن سعيد بن كثير بن دينار الحمصي ثنا أبي ثنا محمد بن عبد الرحمن بن عرق سمعت عبد الله بن بسر يقول قال النبي صلى الله عليه وسلم طوبى لمن وجد في
urn:hadith:0273IbnMaja.Sunan:3820	al-Busiri (Misbah al-zujaja)	840	classical	chain	weak	هذا إسناد فيه علي بن زيد بن جدعان وهو ضعيف رواه أبو داود الطيالسي في مسنده عن حماد بن سلمة بإسناده ومتنه ورواه محمد بن يحيى بن أبي عمر في مسنده عن بشر بن السري عن حماد بن سامة بالاسناد والمتن وابن أبي شيبة بإسناد ومتنه	1.0	1	urn:openiti:0840ShihabDinBusiri.MisbahZujaja.JK000312-ara1:p11137	4:135	1431	Ibn Maja	حدثنا أبو بكر بن أبي شيبة ثنا يزيد بن هارون عن حماد بن سلمة عن علي بن زيد عن أبي عثمان عن عائشة أن النبي صلى الله عليه وسلم كان يقول اللهم اجعلني من الذين إذا أ
urn:hadith:0273IbnMaja.Sunan:3825	al-Busiri (Misbah al-zujaja)	840	classical	chain	sound	هذا إسناد صحيح رجاله ثقات رواه ابن حبان في صحيحه والنسائي في اليوم والليلة ورواه أحمد بن منيع في مسنده من طريق عوف بن مالك عن أبي ذر به عن طريق عمرو بن ميمون الأودي عن أبي ذر به ورواه الإمام أحمد في مسنده من حديث أبي ذر أيضا وكذلك ابن أبي الدنيا ورواه مسدد في مسنده عن يحيى عن سفيان عن الأعمش بالإسناد به ورواه أبو بكر بن أبي شيبة في مسنده عن أبي معاوية ووكيع كلاهما عن الأعمش به وله شاهد من حديث أبي موسى رواه الأئمة الستة	1.0	1	urn:openiti:0840ShihabDinBusiri.MisbahZujaja.JK000312-ara1:p11145	4:135	2431	Ibn Maja	حدثنا علي بن محمد ثنا وكيع عن الاعمش عن مجاهد عن عبد الرحمن بن أبي ليلى عن أبي ذر قال قال لي رسول الله صلى الله عليه وسلم ألا أدلك على كنز من كنوز الجنة قلت بلى
urn:hadith:0273IbnMaja.Sunan:3840	al-Busiri (Misbah al-zujaja)	840	classical	chain	disputed_narrator	هذا إسناد حسن حميد بن زياد أبو صحر الخراط وبكر بن سليم الصواف مختلف فيهما وأصله في الصحيحين من حديث عائشة	0.92	1	urn:openiti:0840ShihabDinBusiri.MisbahZujaja.JK000312-ara1:p11177	4:140	5431	Ibn Maja	حدثنا إبراهيم بن المنذر الحزامي ثنا بكر بن سليم حدثني حميد الخراط عن كريب مولى ابن عباس عن ابن عباس قال كان رسول الله صلى الله عليه وسلم يعلمنا هذا الدعاء كما ي
urn:hadith:0273IbnMaja.Sunan:3843	al-Busiri (Misbah al-zujaja)	840	classical	chain	sound	هذا إسناد صحيح رجاله ثقات وأسامة بن زيد هذا هو الليثي المدني احتج به مسلم رواه عبد بن حميد في مسنده حدثني أبي بكر بن أبي شيبة ثنا وكيع فذكره وأبو يعلى الموصلي عن أبي بكر بن أبي شيبة عن وكيع ورواه ابن حبان في صحيحه عن الحسن بن سفيان عن أبي بكر بن أبي شيبة عن وكيع به وأصله في صحيح مسلم من حديث زيد بن أرقم وفي الترمذي والنسائي والحاكم من حديث أبي هريرة	1.0	1	urn:openiti:0840ShihabDinBusiri.MisbahZujaja.JK000312-ara1:p11180	4:140	6431	Ibn Maja	حدثنا علي بن محمد ثنا وكيع عن أسامة بن زيد عن محمد بن المنكدر عن جابر قال قال رسول الله صلى الله عليه وسلم سلوا الله علما نافعا وتعوذوا بالله من علم لا ينفع
urn:hadith:0273IbnMaja.Sunan:3846	al-Busiri (Misbah al-zujaja)	840	classical	chain	weak	هذا إسناد فيه مقال أم كلثوم هذه لم أر من تكلم فيها وعدها جماعة في الصحابة وفيه نظر لأنها ولدت بعيد موت أبي بكر وباقي رجال الاسناد ثقات رواه أبو داود الطيالسي في مسنده عن شعبة عن جبير بن حبيب فذكره ورواه ابن حبان في صحيحه من طريق حماد بن سلمة عن الجريري عن أم كلثوم به	1.0	1	urn:openiti:0840ShihabDinBusiri.MisbahZujaja.JK000312-ara1:p11195	4:141	7431	Ibn Maja	حدثنا أبو بكر بن أبي شيبة ثنا عفان ثنا حماد بن سلمة أخبرني جبر بن حبيب عن أم كلثوم بنت أبي بكر عن عائشة أن رسول الله صلى الله عليه وسلم علمها هذا الدعاء اللهم إ
urn:hadith:0273IbnMaja.Sunan:3851	al-Busiri (Misbah al-zujaja)	840	classical	chain	sound	هذا إسناد صحيح رجاله ثقات العلاء بن زياد ذكره ابن حبان في الثقات ولم أر من تكلم فيه وباقي رجال السنة ثقات وله شاهد من حديث أنس رواه ابن ماجة والترمذي وقال حسن غريب	1.0	1	urn:openiti:0840ShihabDinBusiri.MisbahZujaja.JK000312-ara1:p11223	4:143	0531	Ibn Maja	حدثنا علي بن محمد ثنا وكيع بن هشام صاحب الدستوائي عن قتادة عن العلاء بن زياد العدوى عن أبي هريرة قال قال رسول الله صلى الله عليه وسلم ما من دعوة يدعو بها العبد 
urn:hadith:0273IbnMaja.Sunan:3852	al-Busiri (Misbah al-zujaja)	840	classical	chain	sound	هذا إسناد صحيح وله شاهد في صحيح مسلم وغيره من حديث أبي بن كعب	1.0	1	urn:openiti:0840ShihabDinBusiri.MisbahZujaja.JK000312-ara1:p11231	4:144	1531	Ibn Maja	حدثنا الحسن بن علي الخلال ثنا زيد بن الحباب ثنا سفيان عن أبي إسحاق عن سعيد بن جبير عن ابن عباس قال قال رسول الله صلى الله عليه وسلم يرحمنا الله وأخا عاد
urn:hadith:0273IbnMaja.Sunan:3859	al-Busiri (Misbah al-zujaja)	840	classical	chain	weak	هذا إسناد فيه مقال عبد الله بن حكيم وثقه الخطيب وعده جماعة من الصحابة ولا يصح له سماع وأبو شيبة لم أر من جرحه ولا من وثقه وباقي رجال الإسناد ثقات	0.97	1	urn:openiti:0840ShihabDinBusiri.MisbahZujaja.JK000312-ara1:p11274	4:146	4531	Ibn Maja	وإذا استرحمت به رحمت وإذا استفرجت به فرجت قالت وقال ذات يوم يا عائشة هل علمت أن الله قد دلني على الاسم الذي إذا دعي به أجاب قالت فقلت يا رسول الله بأبي أنت وأمي
urn:hadith:0273IbnMaja.Sunan:3877	al-Busiri (Misbah al-zujaja)	840	classical	chain	weak	هذا إسناد رجاله ثقات إلا أنه منقطع أبو عبيدة اسمه عامر بن عبد الله بن مسعود لم يسمع من أبيه شيئا قاله غير واحد رواه أبو بكر بن أبي شيبة ثنا يحيى بن آدم ثنا إسرائيل به ورواه أبو يعلى الموصلي ثنا أبو بكر بن أبي شيبة فذكره ورواه الترمذي في الشمائل عن محمد بن المثنى عن ابن مهدي والنسائي في اليوم والليلة عن إبراهيم بن الحسن عن حجاج بن محمد كلاهما عن وكيع به وله شاهد من حديث حذيفة بن اليمان رواه الترمذي في الجامع ورواه الإمام أحمد في مسنده من حديث عبد الله بن مسعود ورواه أبو يعلى الموصلي في مسنده من حديث البراء بن عازب	1.0	1	urn:openiti:0840ShihabDinBusiri.MisbahZujaja.JK000312-ara1:p11318	4:151	8531	Ibn Maja	حدثنا علي بن محمد ثنا وكيع عن إسرائيل عن إسحاق عن أبي عبيدة عن عبد الله أن النبي صلى الله عليه وسلم كان إذا أوى إلى فراشه وضع يده ( يعني اليمنى ) تحت خده ثم قال
urn:hadith:0273IbnMaja.Sunan:3885	al-Busiri (Misbah al-zujaja)	840	classical	chain	weak	هذا إسناد فيه عبد الله بن حسين بن عطاء وقد ضعفه أبو زرعة والبخاري وابن حبان	1.0	1	urn:openiti:0840ShihabDinBusiri.MisbahZujaja.JK000312-ara1:p11326	4:151	9531	Ibn Maja	حدثنا يعقوب بن حميد بن كاسب ثنا حاتم بن إسماعيل عن عبد الله بن حسين عن عطاء بن يسار عن سهيل بن أبي صالح عن أبيه عن أبي هريرة أن النبي صلى الله عليه وسلم كان إذا
urn:hadith:0273IbnMaja.Sunan:3886	al-Busiri (Misbah al-zujaja)	840	classical	chain	weak	هذا إسناد ضعيف لضعف هارون بن هارون بن عبد الله والطبراني في كتاب الدعاء بإسناده ومتنه وله شاهد من حديث أنس رواه ابن حبان في صحيحه والترمذي وقال حديث حسن صحيح غريب	0.94	1	urn:openiti:0840ShihabDinBusiri.MisbahZujaja.JK000312-ara1:p11335	4:152	0631	Ibn Maja	حدثنا عبد الرحمن بن إبراهيم الدمشقي ثنا ابن أبي فديك حدثني هارون بن هارون عن الأعرج عن أبي هريرة أن النبي صلى الله عليه وسلم قال إذا خرج الرجل من باب بيته ( أو 
urn:hadith:0273IbnMaja.Sunan:3895	al-Busiri (Misbah al-zujaja)	840	classical	chain	weak	هذا إسناد ضعيف لضعف عطية العوفي رواه البخاري في صحيحه والإمامان مالك وأحمد من حديث أبي سعيد الخدري أيضا خلا قوله رؤيا الرجل المسلم الصالح فلذلك أوردته وأصله في صحيح مسلم وغيره من حديث ابن عمر	0.89	1	urn:openiti:0840ShihabDinBusiri.MisbahZujaja.JK000312-ara1:p11346	4:153	1631	Ibn Maja	حدثنا أبو بكر بن أبي شيبة و أبو كريب قالا ثنا عبيد الله بن موسى أنبأنا شيبان عن فراس عن عطية عن أبي سعيد الخدري عن النبي صلى الله عليه وسلم قال رؤيا الرجل المسل
urn:hadith:0273IbnMaja.Sunan:3896	al-Busiri (Misbah al-zujaja)	840	classical	chain	sound	هذا إسناد صحيح رجاله ثقات وله شاهد من حديث أبي هريرة رواه البخاري في صحيحه ورواه الترمذي في الجامع من حديث أنس وقال حسن صحيح قال وفي الباب عن أبي هريرة وحذيفة وأنس وابن عباس وأم كرز	1.0	1	urn:openiti:0840ShihabDinBusiri.MisbahZujaja.JK000312-ara1:p11350	4:153	2631	Ibn Maja	حدثنا هارون بن عبد الله الحمال ثنا سفيان بن عيينة عن عبيد الله بن أبي يزيد عن أبيه عن سباع بن ثابت عن أم كرز الكعبية قالت سمعت رسول الله صلى الله عليه وسلم يقول
urn:hadith:0273IbnMaja.Sunan:3903	al-Busiri (Misbah al-zujaja)	840	classical	chain	weak	هذا إسناد ضعيف لضعف عطية وابن أبي ليلى وله شاهد في الصحيحين من حديث أبي هريرة	0.9	1	urn:openiti:0840ShihabDinBusiri.MisbahZujaja.JK000312-ara1:p11358	4:154	3631	Ibn Maja	حدثنا أبو بكر بن أبي شيبة و أبو كريب قالا ثنا بكر بن عبد الرحمن ثنا عيسى بن المختار عن ابن أبي ليلى عن عطية عن أبي سعيد عن النبي صلى الله عليه وسلم قال من رآني 
urn:hadith:0273IbnMaja.Sunan:3904	al-Busiri (Misbah al-zujaja)	840	classical	chain	disputed_narrator	هذا إسناد صحيح صدقة بن أبي عمران مختلف فيه رواه أبو يعلى الموصلي من طريق صدقة به لكن لم ينفرد به عن عون بن أبي جحيفة فقد رواه ابن حبان في صحيحه من طريق زيد بن أبي أنيسة عن عون بن أبي جحيفة به وله شاهد في صحيح مسلم من حديث جابر بن عبد الله	1.0	1	urn:openiti:0840ShihabDinBusiri.MisbahZujaja.JK000312-ara1:p11365	4:154	4631	Ibn Maja	حدثنا محمد بن يحيى ثنا سليمان بن عبد الرحمن الدمشقي ثنا سعدان بن يحيى بن صالح اللخمي ثنا صدقة بن أبي عمران عن عون بن أبي جحيفة عن أبيه عن رسول الله صلى الله علي
urn:hadith:0273IbnMaja.Sunan:3905	al-Busiri (Misbah al-zujaja)	840	classical	chain	sound	هذا إسناد فيه جابر الجعفي وهو متهم رواه الإمام أحمد في مسنده من حديث ابن عباس أيضا وله شاهد من حديث ابن مسعود رواه الترمذي في الجامع وقال حسن صحيح قال وفيه الباب عن أبي هريرة وأبي قتادة وابن عباس وأبي سعيد وجابر وأبي مالك عن أبيه وأنس وأبي جحيفة	0.85	1	urn:openiti:0840ShihabDinBusiri.MisbahZujaja.JK000312-ara1:p11372	4:154	5631	Ibn Maja	حدثنا محمد بن يحيى ثنا أبو الوليد قال أبو عوانة ثنا عن جابر عن عمار هو الدهني عن سيعد بن جبير عن ابن عباس قال قال رسول الله صلى الله عليه وسلم من رآني في المنام
urn:hadith:0273IbnMaja.Sunan:3906	al-Busiri (Misbah al-zujaja)	840	classical	chain	weak	هذا إسناد ضعيف قال ابن معين هوذة بن خليفة عن عوف الاعرابي ضعيف رواه البخاري وأبو داود والترمذي من حديث أبي هريرة إلا قوله فإذا رأى أحدكم رؤيا تعجبه فليقصها إن شاء والباقي نحوه	1.0	1	urn:openiti:0840ShihabDinBusiri.MisbahZujaja.JK000312-ara1:p11383	4:155	6631	Ibn Maja	حدثنا أبو بكر بن أبي شيبة ثنا هوذة بن خليفة ثنا عوف عن محمد بن سيرين عن أبي هريرة عن النبي صلى الله عليه وسلم قال الرؤيا ثلاث فبشرى من الله وحديث النفس وتخويف م
urn:hadith:0273IbnMaja.Sunan:3907	al-Busiri (Misbah al-zujaja)	840	classical	chain	sound	هذا إسناد صحيح رجاله ثقات رواه أبو بكر بن أبي شيبة في مسنده عن المعلى بن منصور عن يحيى بن حمزة بإسناده ومتنه وأصله في صحيح البخاري وغيره من حديث أنس بن مالك وفي صحيح مسلم من حديث أبي هريرة	1.0	1	urn:openiti:0840ShihabDinBusiri.MisbahZujaja.JK000312-ara1:p11393	4:155	7631	Ibn Maja	حدثنا هشام بن عمار ثنا يحيى بن حمزة ثنا يزيد بن عبيدة حدثني أبو عبيد الله مسلم بن مشكم عن عوف بن مالك عن رسول الله صلى الله عليه وسلم قال إن الرؤيا ثلاث منها أه
urn:hadith:0273IbnMaja.Sunan:3910	al-Busiri (Misbah al-zujaja)	840	classical	chain	weak	هذا إسناد ضعيف لضعف العمري واسمه عبد الله بن عمر وله شاهد في الصحيحين وغيرهما من حديث أبي قتادة وفي مسلم وغيره من حديث جابر بن عبد الله	1.0	1	urn:openiti:0840ShihabDinBusiri.MisbahZujaja.JK000312-ara1:p11401	4:156	8631	Ibn Maja	حدثنا علي بن محمد ثنا وكيع عن العمري عن سعيد المقبري عن أبي هريرة قال قال رسول الله صلى الله عليه وسلم إذا رأى أحدكم رؤيا يكرهها فليتحول وليتفل عن يساره ثلاثا و
urn:hadith:0273IbnMaja.Sunan:3911	al-Busiri (Misbah al-zujaja)	840	classical	chain	sound	هذا إسناد صحيح رجاله ثقات رواه النسائي من عمل اليوم والليلة عن محمد بن المثنى عن محمد بن عبد الله به وله شاهد من حديث جابر بن عبدالله رواه الشيخان	1.0	1	urn:openiti:0840ShihabDinBusiri.MisbahZujaja.JK000312-ara1:p11412	4:156	9631	Ibn Maja	حدثنا أبو بكر بن أبي شيبة ثنا محمد بن عبد الله بن الزبير عن عمر بن سعيد بن أبي حسين حدثني عطاء بن أبي رباح عن أبي هريرة قال جاء رجل إلى النبي صلى الله عليه وسلم
urn:hadith:0273IbnMaja.Sunan:3915	al-Busiri (Misbah al-zujaja)	840	classical	chain	weak	هذا إسناد فيه يزيد وهو ضعيف رواه أبو بكر بن أبي شيبة في مسنده عن أبي معاوية عن الأعمش به بزيادة في أوله أن الرؤيا كناوها أسماء فكنوها بكناها واعبروها فذكره وكذا رواه أحمد بن منيع في مسنده ثنا يحيى بن سعيد الأموي عن الأعمش به ورواه أبو يعلى الموصلي من طريق الأعمش به	1.0	1	urn:openiti:0840ShihabDinBusiri.MisbahZujaja.JK000312-ara1:p11422	4:157	0731	Ibn Maja	حدثنا محمد بن عبد الله بن نمير ثنا أبي ثنا الأعمش عن يزيد الرقاشي عن أنس بن مالك قال قال رسول الله صلى الله عليه وسلم اعتبروها بأسمائها وكنوها بكناها والرؤيا لأ
urn:hadith:0273IbnMaja.Sunan:3923	al-Busiri (Misbah al-zujaja)	840	classical	chain	narrators_trustworthy	هذا إسناد رجاله ثقات وهو صحيح ان سلم من الانقطاع قال المزي في التهذيب والأطراف روى قابوس عن أبيه عن أم الفضل	0.95	1	urn:openiti:0840ShihabDinBusiri.MisbahZujaja.JK000312-ara1:p11437	4:157	1731	Ibn Maja	حدثنا أبو بكر بن أبي شيبة ثنا معاذ بن هشام ثنا علي بن صالح عن سماك عن قابوس قال قالت أم الفضل يا رسول الله رأيت كأن في بيتي عضوا من أعضائك قال خيرا رأيت تلد فاط
urn:hadith:0273IbnMaja.Sunan:3925	al-Busiri (Misbah al-zujaja)	840	classical	chain	weak	هذا إسناد رجاله ثقات وهو منقطع قال علي بن المديني وابن معين وأبو سلمة لم يسمع من طلحة بن عبيد الله شيئا رواه الإمام أحمد في مسنده من حديث طلحة بن عبيد الله أيضا ورواه مسدد في مسنده	1.0	1	urn:openiti:0840ShihabDinBusiri.MisbahZujaja.JK000312-ara1:p11463	4:158	2731	Ibn Maja	ثم خرج فأذن للذي استشهد ثم رجع إلي فقال ارجع فإنك لم يأن لك بعد فأصبح طلحة يحدث به الناس فعجبوا لذلك فبلغ ذلك رسول الله صلى الله عليه وسلم وحدثوه الحديث فقال من
urn:hadith:0273IbnMaja.Sunan:3929	al-Busiri (Misbah al-zujaja)	840	classical	chain	sound	هذا إسناد صحيح رجاله ثقات رواه أبو داود الطيالسي في مسنده عن شعبة عن النعمان به ورواه ابن أبي شيبة في مسنده هكذا ورواه أبو يعلى الموصلي في مسند ثنا محمد بن أبي بكر ثنا أبو عوانة عن سماك عن النعمان بن سالم عن أوس فذكره ورواه النسائي في الكبرى في المحاربة من طريق منها عن محمد بن بشار عن غندر عن شعبة عن النعمان بن سالم مختصرا وأصله في الصحيحين من حديث أبي هريرة وجابر وابن عمر	0.95	1	urn:openiti:0840ShihabDinBusiri.MisbahZujaja.JK000312-ara1:p11481	4:161	3731	Ibn Maja	حدثنا أبو بكر بن أبي شيبة ثنا عبد الله بن بكر السهمي ثنا حاتم بن أبي صغيرة عن النعمان بن سالم أن عمرو بن أوس أخبره أن أباه أوسا أخبره قال إنا لقعود عند النبي صل
urn:hadith:0273IbnMaja.Sunan:3930	al-Busiri (Misbah al-zujaja)	840	classical	chain	disputed_narrator	هذا إسناد حسن عاصم هو الأحول روى له مسلم والسميط وثقه العجلي وروى له مسلم في صحيحه أيضا وسويد بن سعيد مختلف فيه	1.0	1	urn:openiti:0840ShihabDinBusiri.MisbahZujaja.JK000312-ara1:p11512	4:163	4731	Ibn Maja	فقال له رسول الله صلى الله عليه وسلم فهلا شققت عن بطنه فعلمت ما في قلبه قال يا رسول الله لو شققت بطنه لكنت أعلم ما في قلبه قال فلا أنت قبلت ما تكلم به ولا أنت ت
urn:hadith:0273IbnMaja.Sunan:3930	al-Busiri (Misbah al-zujaja)	840	classical	chain	disputed_narrator	هذا إسناد حسن إسماعيل مختلف فيه	1.0	1	urn:openiti:0840ShihabDinBusiri.MisbahZujaja.JK000312-ara1:p11520	4:163	5731	Ibn Maja	حدثنا إسماعيل بن حفص الأيلي ثنا حفص بن غياث عن عاصم عن السميط عن عمران بن الحصين قال بعثنا رسول الله صلى الله عليه وسلم في سرية فحمل رجل من المسلمين على رجل من 
urn:hadith:0273IbnMaja.Sunan:3931	al-Busiri (Misbah al-zujaja)	840	classical	chain	sound	هذا إسناد صحيح رجاله ثقات وله شاهد من حديث عمرو بن الأحوص رواه الترمذي في الجامع وصححه	1.0	1	urn:openiti:0840ShihabDinBusiri.MisbahZujaja.JK000312-ara1:p11533	4:164	6731	Ibn Maja	حدثنا هشام بن عمار ثنا عيسى بن يونس ثنا الأعمش عن أبي صالح عن أبي سعيد قال قال رسول الله صلى الله عليه وسلم في حجة الوداع ألا إن أحرم الأيام يومكم هذا ألا وإن أ
urn:hadith:0273IbnMaja.Sunan:3932	al-Busiri (Misbah al-zujaja)	840	classical	chain	weak	هذا إسناد فيه مقال نصر بن محمد ضعفه أبو حاتم وذكره ابن حبان في الثقات وباقي رجال الإسناد ثقات	1.0	1	urn:openiti:0840ShihabDinBusiri.MisbahZujaja.JK000312-ara1:p11542	4:164	7731	Ibn Maja	حدثنا أبو القاسم بن أبي ضمرة نصر بن محمد بن سليمان الحمصي ثنا أبي ثنا عبد الله بن أبي قيس النصري ثنا عبد الله بن عمرو قال رأيت رسول الله صلى الله عليه وسلم يطوف
urn:hadith:0273IbnMaja.Sunan:3934	al-Busiri (Misbah al-zujaja)	840	classical	chain	sound	هذا إسناد صحيح وأبو هانىء هو حميد بن هانئ الخولاني	0.87	1	urn:openiti:0840ShihabDinBusiri.MisbahZujaja.JK000312-ara1:p11547	4:164	8731	Ibn Maja	حدثنا أحمد بن عمرو بن السرح المصري ثنا عبد الله بن وهب عن أبي هانىء عن عمرو بن مالك الجنبي أن فضالة بن عبيد حدثه أن النبي صلى الله عليه وسلم قال المؤمن من أمنه 
urn:hadith:0273IbnMaja.Sunan:3940	al-Busiri (Misbah al-zujaja)	840	classical	chain	disputed_narrator	هذا إسناد حسن أبو هال اسمه محمد بن سليم مختلف فيه وكذلك محمد بن الحسن وله شاهد من حديث ابن مسعود رواه الشيخان وغيرهما	1.0	1	urn:openiti:0840ShihabDinBusiri.MisbahZujaja.JK000312-ara1:p11567	4:166	0831	Ibn Maja	حدثنا أبو بكر بن أبي شيبة ثنا محمد بن الحسن الأسدي ثنا أبو هلال عن ابن سيرين عن أبي هريرة عن النبي صلى الله عليه وسلم قال سباب المسلم فسوق وقتاله كفر
urn:hadith:0273IbnMaja.Sunan:3941	al-Busiri (Misbah al-zujaja)	840	classical	chain	sound	هذا إسناد صحيح رجاله ثقات رواه النسائي في المحاربة من طريق أبي همام الدلال عن إسرائيل عن أبي إسحاق به	1.0	1	urn:openiti:0840ShihabDinBusiri.MisbahZujaja.JK000312-ara1:p11571	4:166	1831	Ibn Maja	حدثنا علي بن محمد ثنا وكيع عن شريك عن أبي إسحاق عن محمد بن سعد عن سعد قال قال رسول الله صلى الله عليه وسلم سباب المسلم فسوق وقتاله كفر
urn:hadith:0273IbnMaja.Sunan:3945	al-Busiri (Misbah al-zujaja)	840	classical	chain	weak	هذا إسناد رجاله ثقات إلا أنه منقطع سعيد بن إبراهيم لم يدرك حابس بن سعد قاله في التهذيب ورواه الطبراني في الكبير بسند صحيح	0.92	1	urn:openiti:0840ShihabDinBusiri.MisbahZujaja.JK000312-ara1:p11588	4:167	3831	Ibn Maja	حدثنا عمرو بن عثمان بن سعيد بن كثير بن دينار الحمصي ثنا أحمد بن خالد الذهبي ثنا عبد العزيز بن أبي سلمة الماجشون عن عبد الواحد بن أبي عون عن سعد بن إبراهيم عن حا
urn:hadith:0273IbnMaja.Sunan:3946	al-Busiri (Misbah al-zujaja)	840	classical	chain	sound	هذا إسناد صحيح إن كان الحسن سمع من سمرة وأشعث هو ابن عبد الملك رواه الإمام أحمد في مسنده من هذا الوجه وله شاهد من حديث أنس رواه أبو يعلى الموصلي	1.0	1	urn:openiti:0840ShihabDinBusiri.MisbahZujaja.JK000312-ara1:p11593	4:168	4831	Ibn Maja	حدثنا محمد بن بشار ثنا روح بن عبادة ثنا أشعث عن الحسن عن سمرة بن جندب عن النبي صلى الله عليه وسلم قال من صلى الصبح فهو في ذمة الله عز وجل
urn:hadith:0273IbnMaja.Sunan:3947	al-Busiri (Misbah al-zujaja)	840	classical	chain	weak	هذا إسناد ضعيف لضعف يزيد بن سفيان	1.0	1	urn:openiti:0840ShihabDinBusiri.MisbahZujaja.JK000312-ara1:p11600	4:168	5831	Ibn Maja	حدثنا هشام بن عمار ثنا الوليد بن مسلم ثنا حماد بن سلمة ثنا أبو المهزم يزيد بن سفيان سمعت أبا هريرة يقول قال رسول الله صلى الله عليه وسلم المؤمن أكرم على الله عز
urn:hadith:0273IbnMaja.Sunan:3950	al-Busiri (Misbah al-zujaja)	840	classical	chain	weak	هذا إسناد ضعيف لضعف أبي خلف الأعمى واسمه حازم بن عطار رواه عبد بن حميد ثنا يزيد بن هارون أنبا بقية بن الوليد بن معاذ فذكره ورواه أبو يعلى الموصلي ثنا داود بن رشيد ثنا الوليد فذكره بإسناده ومتنه وقد روى هذا الحديث من حديث أبي ذر وأبي مالك الأشعري وابن عمر وأبي نصرة وقدامة بن عبد الله الكلابي وفي كلها نظر قاله شيخنا العراقي رحمه الله	1.0	1	urn:openiti:0840ShihabDinBusiri.MisbahZujaja.JK000312-ara1:p11619	4:169	7831	Ibn Maja	حدثنا العباس بن عثمان الدمشقي ثنا الوليد بن مسلم ثنا معان بن رفاعة السلامي حدثني أبو خلف الأعمى قال سمعت أنس بن مالك يقول سمعت رسول الله صلى الله عليه وسلم يقول
urn:hadith:0273IbnMaja.Sunan:3951	al-Busiri (Misbah al-zujaja)	840	classical	chain	sound	هذا إسناد صحيح رجاله ثقات رواه الإمام أحمد في مسنده من حديث معاذ بن جبل أيضا ورواه أبو بكر بن أبي شيبة في مسنده عن أبي معاوية الضرير	0.71	1	urn:openiti:0840ShihabDinBusiri.MisbahZujaja.JK000312-ara1:p11632	4:170	8831	Ibn Maja	حدثنا محمد بن عبد الله بن نمير و علي بن محمد قالا ثنا أبو معاوية عن الأعمش عن رجاء الأنصاري عن عبد الله بن شداد بن الهاد عن معاذ بن جبل قال صلى رسول الله صلى ال
urn:hadith:0273IbnMaja.Sunan:3954	al-Busiri (Misbah al-zujaja)	840	classical	chain	very_weak	هذا إسناد ضعيف وقال البخاري وغيره في علي بن يزيد منكر الحديث قال ابن معين علي بن يزيد عن القاسم عن أبي أمامة هي ضعاف كلها	1.0	1	urn:openiti:0840ShihabDinBusiri.MisbahZujaja.JK000312-ara1:p11638	4:170	9831	Ibn Maja	حدثنا راشد بن سعيد الرملي ثنا الوليد بن مسلم عن الوليد بن سليمان بن أبي السائب عن علي بن يزيد عن القاسم أبي عبد الرحمن عن أبي أمامة قال قال رسول الله صلى الله ع
urn:hadith:0273IbnMaja.Sunan:3959	al-Busiri (Misbah al-zujaja)	840	classical	chain	weak	هذا إسناد فيه مقال أسيد بن المتشمس هو ابن عم الأصنف بن قيس ذكره ابن المديني في مجهولي شيوخ الحسن وذكره ابن حبان في الثقات وباقي رجال الإسناد ثقات رواه الإمام أحمد في مسنده من حديث أبي موسى ومسدد في مسنده عن يزيد بن يونس عن الحسن فذكره بإسناده وزيادة في متنه ورواه أبو بكر بن أبي شيبة في مسنده عن هوذة بن خليفة ثنا عوف به وزاد بكر بن عمر أخاه وابن أخيه ورواه أبو يعلى الموصلي من طريق الحسن عن أبي موسى بزيادة كما أوردته في زوائد المسانيد العشرة قال المزي في التهذيب وقع عند ابن ماجة أسيد بن المنتشر وهو وهم والصواب ابن المتشمس	0.93	1	urn:openiti:0840ShihabDinBusiri.MisbahZujaja.JK000312-ara1:p11662	4:172	1931	Ibn Maja	حدثنا محمد بن بشار ثنا محمد بن جعفر ثنا عوف عن الحسن ثنا أسيد بن المنتشر قال ثنا أبو موسى حدثنا رسول الله صلى الله عليه وسلم إن بين يدي الساعة لهرجا قال قلت يا 
urn:hadith:0273IbnMaja.Sunan:3962	al-Busiri (Misbah al-zujaja)	840	classical	chain	sound	هذا إسناد صحيح إن كان من طريق حماد بن سلمة عن ثابت البناني رواه الإمام أحمد في مسنده من حديث محمد بن مسلمة أيضا ورواه البيهقي في سننه الكبرى من طريق محمود بن لبيد عن محمد بن مسلمة به ورواه أبو بكر بن أبي شيبة في مسنده ثنا يزيد بن هارون ثنا حماد بن سلمة ثنا علي بن يزيد بن جدعان فذكره مطولا على ما ها هنا	1.0	1	urn:openiti:0840ShihabDinBusiri.MisbahZujaja.JK000312-ara1:p11671	4:173	2931	Ibn Maja	حدثنا أبو بكر بن أبي شيبة ثنا يزيد بن هارون عن حماد بن سلمة عن ثابت ( أو علي بن زيد بن جدعان شك أبو بكر ) عن أبي بردة قال دخلت على محمد بن مسلمة فقال إن رسول ال
urn:hadith:0273IbnMaja.Sunan:3963	al-Busiri (Misbah al-zujaja)	840	classical	chain	weak	هذا إسناد ضعيف مبارك بن سحيم قال فيه ابن عبد البر إجمعوا على أنه	1.0	1	urn:openiti:0840ShihabDinBusiri.MisbahZujaja.JK000312-ara1:p11678	4:174	3931	Ibn Maja	حدثنا سويد بن سعيد ثنا مبارك بن سحيم عن عبد العزيز بن صهيب عن أنس بن مالك عن النبي صلى الله عليه وسلم قال ما من مسلمين التقيا بأسيافهما إلا كان القاتل والمقتول 
urn:hadith:0273IbnMaja.Sunan:3964	al-Busiri (Misbah al-zujaja)	840	classical	chain	sound	هذا إسناد صحيح رجاله ثقات رواه النسائي في المحاربة عن محمد بن إسماعيل بن إبراهيم عن يزيد بن هارون عن سليمان التيمي وعن محمد بن إسماعيل عن يزيد عن سعيد عن قتادة وعن مجاهد بن موسى عن إسماعيل بن علية عن يونس بن عبيد ثلاثتهم عن الحسن بن علي به ورواه عبد بن حميد في مسنده ثنا يزيد بن هارون ثنا سليمان التيمي عن الحسن به فذكره ورواه أبو يعلى الموصلي من طريق الحسن به بزيادة فيه كما بينته في زوائد المسانيد العشرة وله شاهد في الصحيحين وغيرهما من حديث أبي بكرة	0.88	1	urn:openiti:0840ShihabDinBusiri.MisbahZujaja.JK000312-ara1:p11682	4:174	4931	Ibn Maja	حدثنا أحمد بن سنان ثنا يزيد بن هارون عن سليمان التيمي و سعيد بن أبي عروبة عن قتادة عن الحسن عن أبي موسى قال رسول الله صلى الله عليه وسلم إذا التقى المسلمان بسيف
urn:hadith:0273IbnMaja.Sunan:3966	al-Busiri (Misbah al-zujaja)	840	classical	chain	disputed_narrator	هذا إسناد حسن سويد مختلف فيه وكذلك شهر بن حوشب لكن لم ينفرد به سويد بن سعيد فقد رواه محمد بن يحيى بن أبي عمر في مسنده عن مروان بالإسناد والمتن ورواه أبو بكر بن أبي شيبة في مسنده عن سويد به مثله	1.0	1	urn:openiti:0840ShihabDinBusiri.MisbahZujaja.JK000312-ara1:p11687	4:175	5931	Ibn Maja	حدثنا سويد بن سعيد ثنا مروان بن معاوية عن عبد الحكم السدوسي ثنا شهر بن حوشب عن أبي أمامة أن رسول الله صلى الله عليه وسلم قال من شر الناس منزلة عند الله يوم القي
urn:hadith:0273IbnMaja.Sunan:3968	al-Busiri (Misbah al-zujaja)	840	classical	chain	weak	هذا إسناد ضعيف لضعف محمد بن عبد الرحمن وأبوه لم يسمع من أحد من الصحابة إلا من شرف وله شاهد من حديث عبد الله بن عمر ورواه أبو داود في سننه	0.81	1	urn:openiti:0840ShihabDinBusiri.MisbahZujaja.JK000312-ara1:p11702	4:176	7931	Ibn Maja	حدثنا محمد بن بشار ثنا محمد بن الحارث ثنا محمد بن عبد الرحمن بن البيلماني عن أبيه عن ابن عمر قال قال رسول الله صلى الله عليه وسلم إياكم والفتن فإن اللسان فيها م
urn:hadith:0273IbnMaja.Sunan:3970	al-Busiri (Misbah al-zujaja)	840	classical	chain	weak	هذا إسناد ضعيف لتدليس ابن إسحاق	0.96	1	urn:openiti:0840ShihabDinBusiri.MisbahZujaja.JK000312-ara1:p11726	4:177	9931	Ibn Maja	حدثنا أبو سيف الصيدلاني محمد بن أحمد الرقي ثنا محمد بن سلمة عن ابن إسحاق عن محمد بن إبراهيم عن أبي سلمة عن أبي هريرة قال قال رسول الله صلى الله عليه وسلم إن الر
urn:hadith:0273IbnMaja.Sunan:3975	al-Busiri (Misbah al-zujaja)	840	classical	chain	sound	هذا إسناد صحيح رجاله ثقات وأبو الشعثاء اسمه سليمان بن أسود رواه النسائي في السير عن أبي كريب عن أبي خالد الأحمر عن الأعمش به	0.87	1	urn:openiti:0840ShihabDinBusiri.MisbahZujaja.JK000312-ara1:p11732	4:177	0041	Ibn Maja	حدثنا علي بن محمد ثنا خالي يعلى عن الأعمش عن إبراهيم عن أبي الشعثاء قال قيل لابن عمر إنا ندخل على أمرائنا نقول القول فإذا خرجنا قلنا غيره قال كنا نعد ذلك على عه
urn:hadith:0273IbnMaja.Sunan:3987	al-Busiri (Misbah al-zujaja)	840	classical	chain	disputed_narrator	هذا إسناد حسن سنان بن سعد ويقال سعد بن سنان مختلف فيه وفي اسمه وله شاهد في صحيح مسلم وغيره من حديث أبي هريرة وفي الترمذي وابن ماجة من حديث بن مسعود	0.89	1	urn:openiti:0840ShihabDinBusiri.MisbahZujaja.JK000312-ara1:p11741	4:178	1041	Ibn Maja	حدثنا حرملة بن يحيى ثنا عبد الله بن وهب أنبأنا عمرو بن الحارث و ابن لهيعة عن يزيد بن أبي حبيب عن سنان بن سعد عن أنس بن مالك عن رسول الله صلى الله عليه وسلم قال 
urn:hadith:0273IbnMaja.Sunan:3989	al-Busiri (Misbah al-zujaja)	840	classical	chain	weak	هذا إسناد فيه عبد الله بن لهيعة وهو ضعيف رواه الحاكم من طريق عياش بن عباس عن عيسى به وقال لا علة له	1.0	1	urn:openiti:0840ShihabDinBusiri.MisbahZujaja.JK000312-ara1:p11755	4:179	2041	Ibn Maja	حدثنا حرملة بن يحيى ثنا عبد الله بن وهب أخبرني ابن لهيعة عن عيسى بن عبد الرحمن عن زيد بن أسلم عن أبيه عن عمر بن الخطاب أنه خرج يوما إلى مسجد رسول الله صلى الله 
urn:hadith:0273IbnMaja.Sunan:3992	al-Busiri (Misbah al-zujaja)	840	classical	chain	weak	هذا إسناد فيه مقال راشد بن سعد قال فيه أبو حاتم صدوق وعباد بن يوسف لم يخرج له أحد سوى ابن ماجة وليس له عنده سوى هذا الحديث قال ابن عدي روى أحاديث تفرد بها وذكره ابن حبان في الثقات وباقي رجال الإسناد ثقات وله شاهد من حديث أبي هريرة رواه أبو داود في سننه والترمذي في الجامع وقال حسن صحيح	0.95	1	urn:openiti:0840ShihabDinBusiri.MisbahZujaja.JK000312-ara1:p11768	4:179	3041	Ibn Maja	حدثنا عمرو بن عثمان بن سعيد بن كثير بن دينار الحمصي ثنا عباد بن يوسف ثنا صفوان بن عمرو عن راشد بن سعد عن عوف بن مالك قال قال رسول الله صلى الله عليه وسلم افترقت
urn:hadith:0273IbnMaja.Sunan:3993	al-Busiri (Misbah al-zujaja)	840	classical	chain	sound	هذا إسناد صحيح رجاله ثقات رواه الإمام أحمد في مسنده من حديث أنس أيضا ورواه أبو يعلى الموصلي	1.0	1	urn:openiti:0840ShihabDinBusiri.MisbahZujaja.JK000312-ara1:p11777	4:180	4041	Ibn Maja	حدثنا هشام بن عمار ثنا الوليد بن مسلم ثنا أبو عمرو ثنا قتادة عن أنس بن مالك قال قال رسول الله صلى الله عليه وسلم إن بني إسرائيل افترقت على إحدى وسبعين فرقة وإن 
urn:hadith:0273IbnMaja.Sunan:3994	al-Busiri (Misbah al-zujaja)	840	classical	chain	sound	هذا إسناد صحيح رواه البخاري في صحيحه من حديث أبي هريرة أيضا بلفظ لا تقوم الساعة حتى يأخذ أمتي ما أخذ القرون قبلها شبرا بشبر وذراعا بذراع قيل يا يا رسول الله كفارس والروم قال من الناس إلا أولئك وله شاهد في الصحيحين من حديث أبي سعيد	1.0	1	urn:openiti:0840ShihabDinBusiri.MisbahZujaja.JK000312-ara1:p11782	4:180	5041	Ibn Maja	حدثنا أبو بكر بن أبي شيبة ثنا يزيد بن هارون عن محمد بن عمرو عن أبي سلمة عن أبي هريرة قال قال رسول الله صلى الله عليه وسلم لتتبعن سنة من كان قبلكم باعا بباع وذرا
urn:hadith:0273IbnMaja.Sunan:3999	al-Busiri (Misbah al-zujaja)	840	classical	chain	weak	هذا إسناد فيه خارجة وهو ضعيف ورواه أبو بكر بن أبي شيبة في مسنده عن وكيع هكذا ورواه عبد بن حميد في مسنده عن أبي بكر بن أبي شيبة به ورواه الحاكم في المستدرك وقال صحيح الإسناد	0.88	1	urn:openiti:0840ShihabDinBusiri.MisbahZujaja.JK000312-ara1:p11789	4:181	6041	Ibn Maja	حدثنا أبو بكر بن أبي شيبة و علي بن محمد قالا ثنا وكيع عن خارجة بن مصعب عن زيد بن أسلم عن عطاء بن يسار عن أبي سعيد قال قال رسول الله صلى الله عليه وسلم ما من صبا
urn:hadith:0273IbnMaja.Sunan:4001	al-Busiri (Misbah al-zujaja)	840	classical	chain	weak	هذا إسناد ضعيف داود بن مدرك لا يعرف وموسى بن عبيدة ضعيف رواه محمد بن يحيى بن أبي عمر في مسنده ثنا مروان ثنا موسى بن عبيدة حدث داود بن مدرك فذكره بالإسناد والمتن ورواه أبو بكر بن أبي شيبة هكذا ورواه أحمد بن منيع في مسنده عن مروان بن معاوية عن موسى بن عبيدة به	0.94	1	urn:openiti:0840ShihabDinBusiri.MisbahZujaja.JK000312-ara1:p11793	4:181	7041	Ibn Maja	حدثنا أبو بكر بن أبي شيبة و علي بن محمد قالا ثنا عبيد الله بن موسى عن موسى بن عبيدة عن داود بن مدرك عن عروة بن الزبير عن عائشة قالت بينما رسول الله صلى الله علي
urn:hadith:0273IbnMaja.Sunan:4008	al-Busiri (Misbah al-zujaja)	840	classical	chain	sound	هذا إسناد صحيح وأبو البختري اسمه سعيد بن فيروز رواه أبو داود الطيالسي في مسنده عن شعبة عن عمرو بن مرة به ورواه البيهقي في الكبرى من طريق محمد بن عبيد عن الأعمش فذكره بإسناده ومتنه وقال تابع زبيد وشعبة عن عمرو بن مرة ورواه أحمد بن منيع ثنا محمد بن عبيد عن الأعمش بإسناده ومتنه ورواه عبد بن حميد في مسنده ثنا محمد بن عبيد فذكره	0.95	1	urn:openiti:0840ShihabDinBusiri.MisbahZujaja.JK000312-ara1:p11806	4:182	9041	Ibn Maja	حدثنا أبو كريب ثنا عبد الله بن نمير و أبو معاوية عن الأعمش عن عمرو بن مرة عن أبي البختري عن أبي سعيد قال قال رسول الله صلى الله عليه وسلم لا يحقر أحدكم نفسه قال
urn:hadith:0273IbnMaja.Sunan:4010	al-Busiri (Misbah al-zujaja)	840	classical	chain	disputed_narrator	هذا إسناد حسن سويد مختلف فيه	0.91	1	urn:openiti:0840ShihabDinBusiri.MisbahZujaja.JK000312-ara1:p11818	4:183	0141	Ibn Maja	حدثنا سويد بن سعيد ثنا يحيى بن سليم عن عبد الله بن عثمان بن خثيم عن أبي الزبير عن جابر قال لما رجعت إلى رسول الله صلى الله عليه وسلم مهاجرة البحر قال ألا تحدثون
urn:hadith:0273IbnMaja.Sunan:4012	al-Busiri (Misbah al-zujaja)	840	classical	chain	disputed_narrator	هذا إسناد فيه مقال أبو غالب مختلف فيه ضعفه ابن سعد وأبو حاتم والنسائي ووثقه الدارقطني وقال ابن عدي لا بأس به وراشد بن سعيد قال فيه أبو حاتم صدوق وباقي رجال الاسناد ثقات رواه الإمام أحمد في مسنده من حديث أبي أمامة أيضا ورواه البيهقي في الكبرى من طريق المعلى بن زياد عن أبي غالب فذكره وسبقه إلى ذلك ابن أبي عمر في مسنده فرواه عن وكيع عن حماد بن سلمة به وتبعه عليه أحمد بن منيع في مسنده فقال ثنا شريح بن النعمان وأبو نصر قالا ثنا حماد بن سلمة فذكره وله شاهد من حديث أبي سعيد رواه أصحاب السنن	0.95	1	urn:openiti:0840ShihabDinBusiri.MisbahZujaja.JK000312-ara1:p11829	4:184	1141	Ibn Maja	حدثنا راشد بن سعيد الرملي ثنا الوليد بن مسلم ثنا حماد بن سلمة عن أبي غالب عن أبي أمامة قال عرض لرسول الله صلى الله عليه وسلم رجل عند الجمرة الأولى فقال يا رسول 
urn:hadith:0273IbnMaja.Sunan:4015	al-Busiri (Misbah al-zujaja)	840	classical	chain	sound	هذا إسناد صحيح رجاله ثقات رواه الإمام أحمد في مسنده	1.0	1	urn:openiti:0840ShihabDinBusiri.MisbahZujaja.JK000312-ara1:p11841	4:185	2141	Ibn Maja	حدثنا العباس بن الوليد الدمشقي ثنا زيد بن يحيى بن عبيد الخزاعي ثنا الهيثم بن حميد ثنا أبو معيد حفص بن غيلان الرعيني عن مكحول عن أنس بن مالك قال قيل يا رسول الله
urn:hadith:0273IbnMaja.Sunan:4017	al-Busiri (Misbah al-zujaja)	840	classical	chain	sound	هذا إسناد صحيح رواه الحاكم في المستدرك من طريق سفيان بن عيينة عن يحيى بن سعيد فذكره وسياقه أتم وعن الحاكم ورواه البيهقي في الكبرى ورواه الحميدي في مسنده من طريق أبي طوالة بإسناده ومتنه وكذا رواه أبو يعلى الموصلي في مسنده بالإسناد والمتن	1.0	1	urn:openiti:0840ShihabDinBusiri.MisbahZujaja.JK000312-ara1:p11849	4:185	3141	Ibn Maja	حدثنا علي بن محمد ثنا محمد بن فضيل ثنا يحيى بن سعيد ثنا عبد الله بن عبد الرحمن أبو طوالة ثنا نهار العبدي أنه سمع أبا سعيد الخدري يقول سمعت رسول الله صلى الله عل
urn:hadith:0273IbnMaja.Sunan:4021	al-Busiri (Misbah al-zujaja)	840	classical	chain	weak	هذا إسناد ضعيف لضعف ليث أبي سليم	1.0	1	urn:openiti:0840ShihabDinBusiri.MisbahZujaja.JK000312-ara1:p11864	4:187	5141	Ibn Maja	حدثنا محمد بن الصباح ثنا عمار بن محمد عن ليث عن المنهال عن زاذان عن البراء بن عازب قال قال رسول الله صلى الله عليه وسلم يلعنهم الله ويلعنهم اللاعنون قال دواب ال
urn:hadith:0273IbnMaja.Sunan:4022	al-Busiri (Misbah al-zujaja)	840	classical	chain	sound	هذا إسناد حسن تقدم هذا الحديث في كتاب الإيمان والكلام عليه وروه النسائي في الرقائق عن سويد بن نصر عن عبد الله بن المبارك عن سفيان عن عبد الله بن عيسى عن عبد الله بن أبي الجعد بالقصة الثالثة ورواه ابن حبان في صحيحه من هذا الوجه والحاكم وقال صحيح الاسناد ورواه ابن حبان في صحيحه وسياقه أتم	1.0	2	urn:openiti:0840ShihabDinBusiri.MisbahZujaja.JK000312-ara1:p11870	4:187	6141	Ibn Maja	حدثنا علي بن محمد ثنا وكيع عن سفيان عن عبد الله بن عيسى عن عبد الله بن أبي الجعد عن ثوبان قال قال رسول الله صلى الله عليه وسلم لا يزيد في العمر إلا البر ولا يرد
urn:hadith:0273IbnMaja.Sunan:90	al-Busiri (Misbah al-zujaja)	840	classical	chain	sound	هذا إسناد حسن تقدم هذا الحديث في كتاب الإيمان والكلام عليه وروه النسائي في الرقائق عن سويد بن نصر عن عبد الله بن المبارك عن سفيان عن عبد الله بن عيسى عن عبد الله بن أبي الجعد بالقصة الثالثة ورواه ابن حبان في صحيحه من هذا الوجه والحاكم وقال صحيح الاسناد ورواه ابن حبان في صحيحه وسياقه أتم	0.92	2	urn:openiti:0840ShihabDinBusiri.MisbahZujaja.JK000312-ara1:p11870	4:187	6141	Ibn Maja	حدثنا علي بن محمد ثنا وكيع عن سفيان عن عبد الله بن عيسى عن عبد الله بن أبي الجعد عن ثوبان قال قال رسول الله صلى الله عليه وسلم لا يزيد في العمر إلا البر ولا يرد
urn:hadith:0273IbnMaja.Sunan:4024	al-Busiri (Misbah al-zujaja)	840	classical	chain	sound	هذا إسناد صحيح رجاله ثقات وله شاهد من حديث مصعب بن سعد عن أبيه رواه الترمذي وقال حسن صحيح	0.91	1	urn:openiti:0840ShihabDinBusiri.MisbahZujaja.JK000312-ara1:p11885	4:188	7141	Ibn Maja	حدثنا عبد الرحمن بن إبراهيم ثنا ابن أبي فديك حدثني هشام بن سعد عن زيد بن أسلم عن عطاء بن يسار عن أبي سعيد الخدري قال دخلت على النبي صلى الله عليه وسلم وهو يوعك 
urn:hadith:0273IbnMaja.Sunan:4027	al-Busiri (Misbah al-zujaja)	840	classical	chain	sound	هذا إسناد صحيح	0.75	1	urn:openiti:0840ShihabDinBusiri.MisbahZujaja.JK000312-ara1:p11888	4:188	8141	Ibn Maja	حدثنا نصر بن علي الجهضمي و محمد بن المثنى قالا ثنا عبد الوهاب قالا ثنا حميد عن أنس بن مالك قال لما كان يوم أحد كسرت رباعية رسول الله صلى الله عليه وسلم فجعل يسي
urn:hadith:0273IbnMaja.Sunan:4028	al-Busiri (Misbah al-zujaja)	840	classical	chain	sound	هذا إسناد صحيح ان كان أبو سفيان واسمه طلحة بن نافع سمع من جابر وقد تقدم هذا الحديث في كتاب الطب	1.0	1	urn:openiti:0840ShihabDinBusiri.MisbahZujaja.JK000312-ara1:p11903	4:189	9141	Ibn Maja	حدثنا محمد بن طريف ثنا أبو معاوية عن الأعمش عن أبي سفيان عن أنس قال جاء جبريل عليه السلام ذات يوم إلى رسول الله صلى الله عليه وسلم وهو جالس حزين قد خضب بالدماء 
urn:hadith:0273IbnMaja.Sunan:4030	al-Busiri (Misbah al-zujaja)	840	classical	chain	weak	هذا إسناد فيه مقال سعيد بن بشير قال البخاري يتكلمون في حفظه وهو محتمل وقال ابن أبي حاتم سمعت أبي وأبا زرعة قالا محله الصدق عندنا قلت تحتج به قالا لا	1.0	1	urn:openiti:0840ShihabDinBusiri.MisbahZujaja.JK000312-ara1:p11938	4:190	0241	Ibn Maja	فقيل ومن رآه معك قال فلان فسئل فكتم وكان في دينهم أن من كذب قتل قال فتزوج المرأة الكاتمة فبينما هي تمشط ابنة فرعون إذ سقط المشط فقالت تعس فرعون فأخبرت أباها وكا
urn:hadith:0273IbnMaja.Sunan:4034	al-Busiri (Misbah al-zujaja)	840	classical	chain	disputed_narrator	هذا إسناد حسن شهر مختلف فيه وقد تقدم الجملة الأخيرة بهذا الاسناد في أول كتاب الأشربة وتقدم الكلام عليه	0.93	1	urn:openiti:0840ShihabDinBusiri.MisbahZujaja.JK000312-ara1:p11948	4:190	1241	Ibn Maja	حدثنا الحسين بن الحسن المروزي ثنا ابن أبي عدي ح وحدثنا إبراهيم بن سعيد الجوهري ثنا عبد الوهاب بن عطاء قالا ثنا راشد أبو محمد الحماني عن شهر بن حوشب عن أم الدردا
urn:hadith:0273IbnMaja.Sunan:4035	al-Busiri (Misbah al-zujaja)	840	classical	chain	sound	هذا إسناد صحيح رجاله ثقات رواه ابن حبان في صحيحه من طريق الوليد بن مزيد عن ابن جابر به	1.0	1	urn:openiti:0840ShihabDinBusiri.MisbahZujaja.JK000312-ara1:p11956	4:190	2241	Ibn Maja	حدثنا غياث بن جعفر الرحبي أنبأنا الوليد بن مسلم سمعت ابن جابر يقول قال سمعت أبا عبد ربه يقول سمعت معاوية يقول سمعت النبي صلى الله عليه وسلم يقول لم يبق من الدني
urn:hadith:0273IbnMaja.Sunan:4036	al-Busiri (Misbah al-zujaja)	840	classical	chain	very_weak	هذا إسناد فيه مقال إسحاق بن بكر بن أبي الفرات قال الذهبي في الكاشف مجهول وقال السليماني منكر الحديث وذكره ابن حبان في الثقات ووقع عند ابن ماجة عبد الله بن قدامة وصوابه عبد الملك وهو مختلف فيه قال المزي في الأطراف رواه محمد بن عبد الملك الدقيقي عن يزيد بن هارون قال عن أبيه عن أبي هريرة ورواه أبو بكر بن أبي شيبة في مسنده هكذا بالإسناد والمتن	0.95	1	urn:openiti:0840ShihabDinBusiri.MisbahZujaja.JK000312-ara1:p11964	4:191	3241	Ibn Maja	حدثنا أبو بكر بن أبي شيبة ثنا يزيد بن هارون ثنا عبد الله بن قدامة الجمحي عن إسحاق بن أبي الفرات عن المقبري عن أبي هريرة قال قال رسول الله صلى الله عليه وسلم سيأ
urn:hadith:0273IbnMaja.Sunan:4038	al-Busiri (Misbah al-zujaja)	840	classical	chain	weak	هذا إسناد فيه مقال أبو حميد لم أر من جرحه ولا من وثقه ويونس هو ابن يزيد الايلي وباقي الرجال	1.0	1	urn:openiti:0840ShihabDinBusiri.MisbahZujaja.JK000312-ara1:p11970	4:191	4241	Ibn Maja	حدثنا عثمان بن أبي شيبة ثنا طلحة بن يحيى عن يونس عن الزهري عن أبي حميد يعني مولى مسافع عن أبي هريرة قال قال رسول الله صلى الله عليه وسلم لتنتقون كما ينتقي التمر
urn:hadith:0273IbnMaja.Sunan:4046	al-Busiri (Misbah al-zujaja)	840	classical	chain	sound	هذا إسناد صحيح رجاله ثقات رواه أبو داود في سننه من طريق حفص بن عاصم عن أبي هريرة مروفوعا بلفظ يوشك الفرات أن يحسر عن كنز من ذهب فمن حضره فلا يأخذ منه شيئا	1.0	1	urn:openiti:0840ShihabDinBusiri.MisbahZujaja.JK000312-ara1:p11988	4:193	6241	Ibn Maja	حدثنا أبو بكر بن أبي شيبة ثنا محمد بن بشر عن محمد بن عمرو عن أبي سلمة عن أبي هريرة قال قال رسول الله صلى الله عليه وسلم لا تقوم الساعة حتى يحسر الفرات عن جبل من
urn:hadith:0273IbnMaja.Sunan:4047	al-Busiri (Misbah al-zujaja)	840	classical	chain	sound	هذا إسناد صحيح رجاله ثقات وقد روى الترمذي بعضه	1.0	1	urn:openiti:0840ShihabDinBusiri.MisbahZujaja.JK000312-ara1:p11994	4:193	7241	Ibn Maja	حدثنا أبو مروان العثماني ثنا عبد العزيز بن أبي حازم عن العلاء بن عبد الرحمن عن أبيه عن أبي هريرة أن رسول الله صلى الله عليه وسلم قال لا تقوم الساعة حتى يفيض الم
urn:hadith:0273IbnMaja.Sunan:4049	al-Busiri (Misbah al-zujaja)	840	classical	chain	sound	هذا إسناد صحيح رجاله ثقات رواه مسدد في مسنده عن أبي عوانة عن أبي مالك بإسناده ومتنه ورواه الحاكم في المستدرك من طريق أبي كريب عن أبي معاوية به وقال صحيح على شرط مسلم	1.0	1	urn:openiti:0840ShihabDinBusiri.MisbahZujaja.JK000312-ara1:p12017	4:194	9241	Ibn Maja	حدثنا علي بن محمد ثنا أبو معاوية عن أبي مالك الأشجعي عن ربعي بن حراش عن حذيفة بن اليمان قال قال رسول الله صلى الله عليه وسلم يدرس الإسلام كما يدرس وشي الثوب حتى
urn:hadith:0273IbnMaja.Sunan:4054	al-Busiri (Misbah al-zujaja)	840	classical	chain	weak	هذا إسناد ضعيف لضعف سعيد بن سنان والاختلاف في اسمه	1.0	1	urn:openiti:0840ShihabDinBusiri.MisbahZujaja.JK000312-ara1:p12029	4:195	0341	Ibn Maja	حدثنا محمد بن المصفى ثنا محمد بن حرب عن سعيد بن سنان عن أبي الزاهرية عن أبي شجرة كثير بن مرة عن ابن عمر أن النبي صلى الله عليه وسلم قال إن الله عز وجل إذا أراد 
urn:hadith:0273IbnMaja.Sunan:4056	al-Busiri (Misbah al-zujaja)	840	classical	chain	disputed_narrator	هذا إسناد حسن سنان بن حسن مختلف فيه وفي اسمه	0.92	1	urn:openiti:0840ShihabDinBusiri.MisbahZujaja.JK000312-ara1:p12037	4:196	1341	Ibn Maja	حدثنا حرملة بن يحيى ثنا عبد الله بن وهب أخبرني عمرو بن الحارث و ابن لهيعة عن يزيد بن أبي حبيب عن سنان بن سعد عن أنس بن مالك عن رسول الله صلى الله عليه وسلم قال 
urn:hadith:0273IbnMaja.Sunan:4057	al-Busiri (Misbah al-zujaja)	840	classical	chain	weak	هذا إسناد ضعيف لضعف عون بن عمارة العبدي قال المزي هكذا وقع نسب عبد الله بن المثنى عن ابن ماجة وذكر تمامه هنا زيادة لا حاجة إليه فإن ثمامة أخو المثنى لا أبوه والله أعلم قال وسقط من نسخة السماع عن أنس بن مالك وثبت فب بعض الأصول القديمة وهي الصواب إن شاء الله	1.0	1	urn:openiti:0840ShihabDinBusiri.MisbahZujaja.JK000312-ara1:p12042	4:196	2341	Ibn Maja	حدثنا الحسن بن علي الخلال ثنا عون بن عمارة ثنا عبد الله بن المثنى بن ثمامة بن عبد الله بن أنس عن أبيه عن جده عن أنس بن مالك عن أبي قتادة قال قال رسول الله صلى ا
urn:hadith:0273IbnMaja.Sunan:4058	al-Busiri (Misbah al-zujaja)	840	classical	chain	weak	هذا إسناد ضعيف لضعف يزيد	0.93	1	urn:openiti:0840ShihabDinBusiri.MisbahZujaja.JK000312-ara1:p12053	4:197	3341	Ibn Maja	حدثنا نصر بن علي الجهضمي ثنا نوح بن قيس ثنا عبد الله بن مغفل عن يزيد الرقاشي عن أنس بن مالك عن رسول الله صلى الله عليه وسلم قال أمتي على خمس طبقات فأربعون سنة أ
urn:hadith:0273IbnMaja.Sunan:4058	al-Busiri (Misbah al-zujaja)	840	classical	chain	fabricated	هذا إسناد ضعيف أبو معن والمسور بن الحسن وخازم العنزي مجهولون قال أبو حاتم هذا الحديث باطل وقال الذهبي	0.92	1	urn:openiti:0840ShihabDinBusiri.MisbahZujaja.JK000312-ara1:p12061	4:197	4341	Ibn Maja	حدثنا نصر بن علي ثنا خازم أبو محمد العنزي ثنا المسور بن الحسن عن أبي معن عن أنس ين مالك قال قال رسول الله صلى الله عليه وسلم أمتي على خمس طبقات كل طبقة أربعون ع
urn:hadith:0273IbnMaja.Sunan:4059	al-Busiri (Misbah al-zujaja)	840	classical	chain	weak	هذا إسناد رجاله ثقات إلا أنه منقطع سيار أبو الحكم لم يحدث عن طارق بن شهاب قاله الإمام أحمد بن محمد بن حنبل وله شاهد من حديث أبي هريرة رواه ابن حبان في صحيحه	1.0	1	urn:openiti:0840ShihabDinBusiri.MisbahZujaja.JK000312-ara1:p12069	4:198	5341	Ibn Maja	حدثنا نصر بن علي الجهضمي ثنا أبو أحمد ثنا بشير بن سليمان عن سيار عن طارق عن عبد الله عن النبي صلى الله عليه وسلم قال بين يدي الساعة مسخ وخسف وقذف
urn:hadith:0273IbnMaja.Sunan:4060	al-Busiri (Misbah al-zujaja)	840	classical	chain	weak	هذا إسناد ضعيف لضعف عبد الرحمن بن زيد أسلم	1.0	1	urn:openiti:0840ShihabDinBusiri.MisbahZujaja.JK000312-ara1:p12073	4:198	6341	Ibn Maja	حدثنا أبو مصعب ثنا عبد الرحمن بن زيد بن أسلم عن أبي حازم بن دينار عن سهل بن سعد أنه سمع النبي صلى الله عليه وسلم يقول يكون في آخر أمتي خسف ومسخ وقذف
urn:hadith:0273IbnMaja.Sunan:4062	al-Busiri (Misbah al-zujaja)	840	classical	chain	weak	هذا إسناد رجاله ثقات غير أنه منقطع أبو الزبير واسمه محمد بن مسلم بن تدرس لم يسمع من عبد الله بن عمرو قاله ابن معين وقال أبو حاتم مرسل لم يلقه	0.77	1	urn:openiti:0840ShihabDinBusiri.MisbahZujaja.JK000312-ara1:p12077	4:198	7341	Ibn Maja	حدثنا أبو كريب ثنا أبو معاوية و محمد بن فضيل عن الحسن بن عمرو عن أبي الزبير عن عبد الله بن عمرو قال قال رسول الله صلى الله عليه وسلم يكون في أمتي خسف ومسخ وقذف
urn:hadith:0273IbnMaja.Sunan:4067	al-Busiri (Misbah al-zujaja)	840	classical	chain	fabricated	هذا إسناد ضعيف خالد بن عبيد قال البخاري في حديثه نظر وقال ابن حبان والحاكم حدث عن أنس بأحاديث موضوعة	0.93	1	urn:openiti:0840ShihabDinBusiri.MisbahZujaja.JK000312-ara1:p12093	4:199	8341	Ibn Maja	حدثنا أبو غسان محمد بن عمرو زنيج ثنا أبو تميلة ثنا خالد بن عبيد ثنا عبد الله بن بريدة عن أبيه قال ذهب بي رسول الله صلى الله عليه وسلم إلى موضع بالبادية قريب من 
urn:hadith:0273IbnMaja.Sunan:4079	al-Busiri (Misbah al-zujaja)	840	classical	chain	sound	هذا إسناد صحيح رجاله ثقات رواه الإمام أحمد في مسنده من حديث أبي سعيد أيضا ورواه أبو يعلى الموصلي في مسنده ثنا عقبة ثنا يونس فذكره بتمامه ثم رواه من طريق محمود بن لبيد عن الأشهل عن أبي سعيد مرفوعا فذكره ورواه الحاكم في المستدرك عن محمد بن يعقوب عن أحمد بن عبد الجبار عن يونس بن بكير به وقال هذا حديث صحيح على شرط مسلم حدثنا أزهر بن مروان حدثنا عبد الأعلى حدثنا سعيد عن قتادة قال حدثنا أبو رافع عن أبي هريرة قال قال رسول الله صلى الله عليه وسلم إن يأجوج ومأجوج يحفرون كل يوم حتى إذا كادوا يرون شعاع الشمس قال الذي عليهم إرجعوا فسنحفره غدا فيعيده الله أشد ما كان حتى إذا بلغت مدتهم وأراد الله أن يبعثهم 	1.0	1	urn:openiti:0840ShihabDinBusiri.MisbahZujaja.JK000312-ara1:p12123	4:200	9341	Ibn Maja	ولننازلن أهل السماء حتى إن أحدهم ليهز حربته إلى السماء فترجع مخضبة بالدم فيقولون قد قتلنا أهل السماء فبينما هم كذلك إذ بعث الله دواب كنغف الجراد فتأخذ بأعناقهم 
	al-Busiri (Misbah al-zujaja)	840	classical	chain	sound	إسناده صحيح رجاله ثقات ورواه الحاكم وقال صحيح على شرط مسلم		0	urn:openiti:0840ShihabDinBusiri.MisbahZujaja.JK000312-ara1:p12124	4:201	r12123	Ibn Maja	
urn:hadith:0273IbnMaja.Sunan:4081	al-Busiri (Misbah al-zujaja)	840	classical	chain	sound	هذا إسناد صحيح رجاله ثقات مؤثر بن عفازة ذكره ابن حبان في الثقات وباقي رجال الاسناد ثقات رواه أبو بكر بن أبي شيبة عن يزيد بن هارون بإسناده ومتنه ورواه أبو يعلى الموصلي ثنا أبو خيثمة ثنا يزيد بن هارون فذكره نحوه ورواه الحاكم في المستدرك عن أبي العباس أحمد بن محمد المحبوبي عن سعيد بن مسعود عن يزيد بن هارون به وقال هذا حديث صحيح الإسناد	0.96	1	urn:openiti:0840ShihabDinBusiri.MisbahZujaja.JK000312-ara1:p12156	4:202	0441	Ibn Maja	فيستقبلهم يأجوج ومأجوج وهم من كل حدب ينسلون فلا يمرون بماء إلا شربوه ولا بشيء إلا أفسدوه فيجأرون إلى الله فأدعوا الله أن يميتهم فتنتن الأرض من ريحهم فيجأرون إلى
urn:hadith:0273IbnMaja.Sunan:4082	al-Busiri (Misbah al-zujaja)	840	classical	chain	disputed_narrator	هذا إسناد فيه يزيد بن أبي زياد الكزوفي مختلف فيه رواه أبو بكر بن أبي شيبة في مسنده عن معاوية بن هشام فذكره بإسناده ومتنه سواء ورواه أبو يعلى الموصلي ثنا محمد بن يزيد بن رفاعة ثنا أبو بكر بن عياش ثنا يزيد بن أبي زياد فذكره بزيادة ونقص ألفاظ لكن لم ينفرد به يزيد بن أبي زياد عن إبراهيم فقد رواه الحاكم في المستدرك عن طريق عمرو بن قيس عن الحكم عن إبراهيم به	0.97	1	urn:openiti:0840ShihabDinBusiri.MisbahZujaja.JK000312-ara1:p12171	4:203	1441	Ibn Maja	حدثنا عثمان بن أبي شيبة ثنا معاوية بن هشام ثنا علي بن صالح عن يزيد بن أبي زياد عن إبراهيم عن علقمة عن عبد الله قال بينما نحن عند رسول الله صلى الله عليه وسلم إذ
urn:hadith:0273IbnMaja.Sunan:4084	al-Busiri (Misbah al-zujaja)	840	classical	chain	sound	هذا إسناد صحيح رجاله ثقات رواه الحاكم في المستدرك من طريق الحسين بن حفص عن سفيان به وقال هذا حديث صحيح على شرط الشيخين ورواه أحمد بن حنبل في مسنده ولفظه إذا رأيتم الرايات السود قد جاءت من قبل خراسان فأتوها فإن فيها خليفة الله المهدي	0.94	1	urn:openiti:0840ShihabDinBusiri.MisbahZujaja.JK000312-ara1:p12181	4:204	2441	Ibn Maja	حدثنا محمد بن يحيى و أحمد بن يوسف قالا ثنا عبد الرزاق عن سفيان الثوري عن خالد الحذاء عن أبي قلابة عن أبي أسماء الرحبي عن ثوبان قال قال رسول الله صلى الله عليه و
urn:hadith:0273IbnMaja.Sunan:4085	al-Busiri (Misbah al-zujaja)	840	classical	chain	weak	هذا إسناد فيه مقال إبراهيم بن محمد وثقه العجلي وذكره ابن حبان في الثقات وقال البخاري في التاريخ في إسناده نظر وياسين العجلي قال البخاري فيه نظر قال ولا أعلم له حديثا غير هذا وقال ابن معين وأبو زرعة لا بأس به وأبو داود الحفري اسمه عمر بن سعد احتج به مسلم في صحيحه وباقي رجال الاسناد ثقات رواه أبو يعلى الموصلي وأبو بكر ثنا أبو داود عم ابن سعد ثنا ياسين فذكره	1.0	1	urn:openiti:0840ShihabDinBusiri.MisbahZujaja.JK000312-ara1:p12186	4:204	3441	Ibn Maja	حدثنا عثمان بن أبي شيبة ثنا أبو داود الحفري ثنا ياسين عن إبراهيم بن محمد بن الحنفية عن أبيه عن علي قال قال رسول الله صلى الله عليه وسلم المهدي منا أهل البيت يصل
urn:hadith:0273IbnMaja.Sunan:4087	al-Busiri (Misbah al-zujaja)	840	classical	chain	weak	هذا إسناد فيه مقال علي بن زياد لم أر من جرحه ولا من وثقه وباقي الرجال ثقات قال المزي في الأطراف كذا عنده والصواب عبد الله بن زياد قاله محمد بن خلف الحدادي عن سعد بن عبد الحميد وتابعه أبو بكر محمد بن صالح بن يزيد القتاد عن محمد بن الحجاج عن عبد الله بن زياد السحيمي	1.0	1	urn:openiti:0840ShihabDinBusiri.MisbahZujaja.JK000312-ara1:p12191	4:205	4441	Ibn Maja	حدثنا هدية بن عبد الوهاب ثنا سعد بن عبد الحميد بن جعفر عن علي بن زياد اليمامي عن عكرمة بن عمار عن إسحاق بن عبد الله بن أبي طلحة عن أنس بن مالك قال سمعت رسول الل
urn:hadith:0273IbnMaja.Sunan:4088	al-Busiri (Misbah al-zujaja)	840	classical	chain	weak	هذا إسناد ضعيف لضعف عمرو بن جابر وابن لهيعة	0.89	1	urn:openiti:0840ShihabDinBusiri.MisbahZujaja.JK000312-ara1:p12196	4:205	5441	Ibn Maja	حدثنا حرملة بن يحيى المصري و إبراهيم بن سعيد الجوهري قالا ثنا أبو صالح عبد الغفار بن داود الحراني ثنا ابن لهيعة عن أبي زرعة عمرو بن جابر الحضرمي عن عبد الله بن 
urn:hadith:0273IbnMaja.Sunan:4090	al-Busiri (Misbah al-zujaja)	840	classical	chain	disputed_narrator	هذا إسناد حسن عثمان مختلف فيه	1.0	1	urn:openiti:0840ShihabDinBusiri.MisbahZujaja.JK000312-ara1:p12224	4:206	7441	Ibn Maja	حدثنا هشام بن عمار ثنا الوليد بن مسلم ثنا عثمان بن أبي العاتكة عن سليمان بن حبيب المحاربي عن أبي هريرة قال قال رسول الله صلى الله عليه وسلم إذا وقعت الملاحم بعث
urn:hadith:0273IbnMaja.Sunan:4094	al-Busiri (Misbah al-zujaja)	840	classical	chain	fabricated	هذا إسناد ضعيف كثير بن عبد الله كذبه الشافعي وأبو داود وقال ابن حبان روى عن أبيه عن جده نسخة موضوعة لا يحل ذكرها في الكتب ولا الرواية عنه إلا على جهة التعجب	1.0	1	urn:openiti:0840ShihabDinBusiri.MisbahZujaja.JK000312-ara1:p12236	4:207	8441	Ibn Maja	حدثنا علي بن ميمون الرقي ثنا أبو يعقوب الحنيني عن كثير بن عبد الله بن عمرو بن عوف عن أبيه عن جده قال قال رسول الله صلى الله عليه وسلم لا تقوم الساعة حتى تكون أد
urn:hadith:0273IbnMaja.Sunan:4099	al-Busiri (Misbah al-zujaja)	840	classical	chain	disputed_narrator	هذا إسناد حسن عمار بن محمد مختلف فيه رواه ابن حبان في صحيحيه من طريق الأعمش به وله شاهد من حديث أبي هريرة رواه الأئمة الستة ورواه البخاري وغيره من حديث عمرو بن ثعلب	0.9	1	urn:openiti:0840ShihabDinBusiri.MisbahZujaja.JK000312-ara1:p12246	4:208	9441	Ibn Maja	حدثنا الحسن بن عرفة ثنا عمار بن محمد عن الأعمش عن أبي صالح عن أبي سعيد الخدري قال قال رسول الله صلى الله عليه وسلم لا تقوم الساعة حتى تقاتلوا قوما صغار الأعين ع
urn:hadith:0273IbnMaja.Sunan:4102	al-Busiri (Misbah al-zujaja)	840	classical	chain	fabricated	هذا إسناد ضعيف خالد بن عمرو قال أحمد وابن معين وأحاديثه موضوعة وقال البخاري وأبو زرعة منكر الحديث	0.91	1	urn:openiti:0840ShihabDinBusiri.MisbahZujaja.JK000312-ara1:p12266	4:210	1541	Ibn Maja	حدثنا أبو عبيدة بن أبي السفر ثنا شهاب بن عباد ثنا خالد بن عمر القرشي عن سفيان الثوري عن أبي حازم عن سهل بن سعد الساعدي قال أتى النبي صلى الله عليه وسلم رجل فقال
urn:hadith:0273IbnMaja.Sunan:4104	al-Busiri (Misbah al-zujaja)	840	classical	chain	weak	هذا إسناد فيه مقال	1.0	1	urn:openiti:0840ShihabDinBusiri.MisbahZujaja.JK000312-ara1:p12284	4:211	2541	Ibn Maja	حدثنا الحسن بن أبي الربيع ثنا عبد الرزاق ثنا جعفر بن سليمان عن ثابت عن أنس قال اشتكى سلمان فعاده سعد فرآه يبكي فقال له سعد ما يبكيك يا أخي أليس قد صحبت رسول الل
urn:hadith:0273IbnMaja.Sunan:4105	al-Busiri (Misbah al-zujaja)	840	classical	chain	sound	هذا إسناد صحيح رجاله ثقات رواه أبو داود الطيالسي عن شعبة رواه بنحوه ورواه الطبراني بإسناد لا بأس به ورواه ابن حبان في صحيحه بنحوه ورواه أبو يعلى الموصلي من طريق إبان بن عثمان عن زيد بن ثابت وله شاهد من حديث أبي هريرة رواه الترمذي في الجامع وابن ماجه	1.0	1	urn:openiti:0840ShihabDinBusiri.MisbahZujaja.JK000312-ara1:p12297	4:212	3541	Ibn Maja	حدثنا محمد بن بشار ثنا محمد بن جعفر ثنا شعبة عن عمر بن سليمان قال سمعت عبد الرحمن بن أبان بن عثمان بن عفان عن أبيه قال خرج زيد بن ثابت من عند مروان بنصف النهار 
urn:hadith:0273IbnMaja.Sunan:4110	al-Busiri (Misbah al-zujaja)	840	classical	chain	weak	هذا إسناد ضعيف لضعف زكريا رواه الحاكم في المستدرك من طريق زكريا بن منظور به وروي الترمذي في الجامع الجملة الأخيرة عن قتيبة عن عبد الحميد بن سليمان عن أبي حازم به وقال حديث صحيح غريب من هذا الوجه وروى الجملة الأولى في جامعه أيضا من حديث المستورد وقال هذا حديث حسن قال وفي الباب عن أبي هريرة وابن عمر وجابر	0.88	1	urn:openiti:0840ShihabDinBusiri.MisbahZujaja.JK000312-ara1:p12311	4:213	5541	Ibn Maja	حدثنا هشام بن عمار و إبراهيم بن المنذر الحزامي و محمد الصباح قالوا ثنا أبو يحيى زكريا بن منظور ثنا أبو حازم عن سهل بن سعد قال كنا مع رسول الله صلى الله عليه وسل
urn:hadith:0273IbnMaja.Sunan:4115	al-Busiri (Misbah al-zujaja)	840	classical	chain	weak	هذا إسناد فيه سويد بن عبد العزيز وقد ضعفوه وله شاهد من حديث حارثه بن وهب رواه الشيخان ورواه البخاري وغيره من حديث أنس ورواه مسلم وغيره من حديث أبي هريرة	1.0	1	urn:openiti:0840ShihabDinBusiri.MisbahZujaja.JK000312-ara1:p12320	4:214	6541	Ibn Maja	حدثنا هشام بن عمار ثنا سويد عن بن عبد العزيز عن زيد بن واقد عن بسر بن عبيد الله عن أبي إدريس الخولاني عن معاذ بن جبل قال قال رسول الله صلى الله عليه وسلم ألا أخ
urn:hadith:0273IbnMaja.Sunan:4117	al-Busiri (Misbah al-zujaja)	840	classical	chain	weak	إسناده ضعيف لضعف أيوب بن سليمان قال فيه أبو حاتم مجهول وتبعه على ذلك الذهبي في الطبقات وغيرها صدقه بن عبد الله متفق على تضعيفه اه كلام الزوائد قلت حديث أبي أمامة رواه الترمذي بزيادة بإسناد آخر قد حسنه	1.0	1	urn:openiti:0840ShihabDinBusiri.MisbahZujaja.JK000312-ara1:p12322	4:215	r12321	Ibn Maja	حدثنا محمد بن يحيى حدثنا عمرو بن أبي سلمة عن صدقة بن عبد الله عن إبراهيم بن مرة عن أيوب بن سليمان عن أبي أمامة عن رسول الله صلى الله عليه وسلم قال إن أغبط الناس
urn:hadith:0273IbnMaja.Sunan:4119	al-Busiri (Misbah al-zujaja)	840	classical	chain	disputed_narrator	هذا إسناد حسن شهر بن حوشب وسويد مختلف فيهما رجال الاسناد ثقات رواه مسدد في مسنده ثنا بشر عن عبد الله بن عثمان عن شهر فذكره بإسناده ومتنه وزيادة في آخره كما أفردته في زوائد المسانيد العشرة على الكتب العشرة وكذا رواه أبو بكر بن أبي شيبة في مسند ثنا أحمد بن عبد الله ثنا داود بن عبد الرحمن عن أبي خيثم به وكذا رواه عبد بن حميد في مسنده ثنا عبد الرزاق ثنا معمر عن ابن خيثم به وأبو يعلى الموصلي في مسنده من طريق شهر بن حوشب به	0.75	1	urn:openiti:0840ShihabDinBusiri.MisbahZujaja.JK000312-ara1:p12327	4:215	7541	Ibn Maja	حدثنا سويد بن سعيد ثنا يحيى بن سليم عن ابن خثيم عن شهر بن حوشب عن أسماء يزيد أنها سمعت رسول الله صلى الله عليه وسلم يقول ألا أنبئكم بخياركم قالوا بلى يا رسول ال
urn:hadith:0273IbnMaja.Sunan:4121	al-Busiri (Misbah al-zujaja)	840	classical	chain	weak	هذا إسناد ضعيف القاسم بن مهران لم يثبت سماعه من عمران وموسى بن عبيدة الربذي ضعيف رواه أبو بكر بن أبي شيبة في مسنده عن عبد الرحمن بن محمد المحلوبي عن موسى بن عبيدة به	1.0	1	urn:openiti:0840ShihabDinBusiri.MisbahZujaja.JK000312-ara1:p12336	4:216	8541	Ibn Maja	حدثنا عبيد الله بن يوسف الجبيري ثنا حماد بن عيسى ثنا موسى بن عبيدة أخبرني القاسم بن مهران عن عمران بن حصين قال قال رسول الله صلى الله عليه وسلم إن الله يحب عبده
urn:hadith:0273IbnMaja.Sunan:4124	al-Busiri (Misbah al-zujaja)	840	classical	chain	weak	هذا إسناد ضعيف لضعف موسى بن عبيد الربذي رواه عبد بن حميد في مسنده عن عبيد الله بن موسى عن موسى بن عبيدة فذكره بالإسناد وبزيادة في أوله أيضا أوردته في زوائد العشرة وله شاهد من حديث أبي هريرة وأبي سعيد الخدري رواه الترمذي في الجامع وغيره	0.93	1	urn:openiti:0840ShihabDinBusiri.MisbahZujaja.JK000312-ara1:p12346	4:217	9541	Ibn Maja	حدثنا إسحاق بن منصور أنبأنا أبو غسان بملول ثنا موسى بن عبيدة عن عبد الله بن دينار عن عبد الله بن عمر قال اشتكى فقراء المهاجرين إلى رسول الله صلى الله عليه وسلم 
urn:hadith:0273IbnMaja.Sunan:4126	al-Busiri (Misbah al-zujaja)	840	classical	chain	weak	هذا إسناد ضعيف أبو المبارك لا يعرف اسمه وهو مجهول ويزيد بن سنان التميمي أبو فروة ضعيف رواه الحاكم في المستدرك من طريق خالد بن يزيد بن أبي مالك عن أبيه به وقال هذا حديث صحيح الإسناد	0.88	1	urn:openiti:0840ShihabDinBusiri.MisbahZujaja.JK000312-ara1:p12353	4:218	0641	Ibn Maja	حدثنا أبو بكر بن أبي شيبة و عبد الله بن سعيد قالا ثنا أبو خالد الأحمر عن يزيد بن سنان عن أبي المبارك عن عطاء عن أبي سعيد الخدري قال أحبوا المساكين فإني سمعت رسو
urn:hadith:0273IbnMaja.Sunan:4127	al-Busiri (Misbah al-zujaja)	840	classical	chain	sound	هذا إسناد صحيح رواه أبو بكر بن أبي شيبة في مسنده عن أحمد بن المفضل ثنا أسباط بن نصر فذكره بإسناده ومتنه وزاد في آخره والا صبر أبدا حتى نقوم وأصله في صحيح مسلم وغيره من حديث سعد بن أبي وقاص وقد روى مسلم والنسائي والمنصف بعضه من حديث سعد بن أبي وقاص	0.98	1	urn:openiti:0840ShihabDinBusiri.MisbahZujaja.JK000312-ara1:p12378	4:219	1641	Ibn Maja	فأتوه فخلوا به وقالوا إنا نريد أن تجعل لنا منك مجلسا تعرف لنا به العرب فضلنا فإن وفود العرب تأتيك فنستحي أن ترانا العرب مع هذه الأعبد فإذا نحن جئناك فأقمهم عنك 
urn:hadith:0273IbnMaja.Sunan:4129	al-Busiri (Misbah al-zujaja)	840	classical	chain	weak	هذا إسناد ضعيف لضعف عطية والراوي عنه رواه الإمام أحمد في مسنده عن محمد بن عبيد عن الأعمش عن عطية به ورواه أبو بكر بن أبي شيبة في مسنده هكذا	0.93	1	urn:openiti:0840ShihabDinBusiri.MisbahZujaja.JK000312-ara1:p12386	4:220	2641	Ibn Maja	حدثنا أبو بكر بن أبي شيبة و أبو كريب قالا ثنا بكر بن عبد الرحمن ثنا عيسى بن المختار عن محمد بن أبي ليلى عن عطية العوفي عن أبي سعيد الخدري عن رسول الله صلى الله 
urn:hadith:0273IbnMaja.Sunan:4130	al-Busiri (Misbah al-zujaja)	840	classical	chain	sound	هذا إسناد صحيح رجاله ثقات	1.0	1	urn:openiti:0840ShihabDinBusiri.MisbahZujaja.JK000312-ara1:p12393	4:220	3641	Ibn Maja	حدثنا العباس بن عبد العظيم العنبري ثنا النضر بن محمد ثنا عكرمة بن عمار حدثني أبو زميل هو سماك عن مالك بن مرثد الحنفي عن أبيه عن أبي ذر قال قال رسول الله صلى الل
urn:hadith:0273IbnMaja.Sunan:4131	al-Busiri (Misbah al-zujaja)	840	classical	chain	sound	هذا إسناد صحيح رجاله ثقات رواه الإمام أحمد في مسنده بسند رواته ثقات ورواه مسدد في مسنده عن يحيى بن سعيد به	1.0	1	urn:openiti:0840ShihabDinBusiri.MisbahZujaja.JK000312-ara1:p12398	4:221	4641	Ibn Maja	حدثنا يحيى بن حكيم ثنا يحيى بن سعيد القطان عن محمد بن عجلان عن أبيه عن أبي هريرة قال قال رسول الله صلى الله عليه وسلم الأكثرون هم الأسفلون إلا من قال هكذا وهكذا
urn:hadith:0273IbnMaja.Sunan:4132	al-Busiri (Misbah al-zujaja)	840	classical	chain	disputed_narrator	هذا إسناد حسن يعقوب بن حميد مختلف فيه وأبو سهيل اسمه نافع بن مالك بن أبي عامر الأصبحي عن الإمام مالك بن أنس	1.0	1	urn:openiti:0840ShihabDinBusiri.MisbahZujaja.JK000312-ara1:p12404	4:221	5641	Ibn Maja	حدثنا يعقوب بن حميد بن كاسب ثنا عبد العزيز بن محمد عن أبي سهيل بن مالك عن أبيه عن أبي هريرة أن النبي صلى الله عليه وسلم قال ما أحب أن أحدا عندي ذهبا فتأتي علي ث
urn:hadith:0273IbnMaja.Sunan:4145	al-Busiri (Misbah al-zujaja)	840	classical	chain	sound	هذا إسناد صحيح وقد روى مسلم بعضه من هذا الوجه	1.0	1	urn:openiti:0840ShihabDinBusiri.MisbahZujaja.JK000312-ara1:p12447	4:223	9641	Ibn Maja	حدثنا أبو بكر بن أبي شيبة ثنا يزيد بن هارون ثنا محمد بن عمرو عن أبي سلمة عن عائشة قالت لقد كان يأتي على آل محمد صلى الله عليه وسلم الشهر ما يرى في بيت من بيوته 
urn:hadith:0273IbnMaja.Sunan:4147	al-Busiri (Misbah al-zujaja)	840	classical	chain	sound	هذا إسناد صحيح رجاله ثقات رواه ابن حبان في صحيحه من طريق إبان العطار عن قتادة به وأصله في صحيح البخاري والترمذي والنسائي من حديث أنس بغير هذا السياق ورواه الإمام أحمد في مسنده من حديث أنس بن مالك أيضا كما رواه ابن ماجة وله شاهد في صحيح مسلم وغيره من حديث النعمان بن بشير	1.0	1	urn:openiti:0840ShihabDinBusiri.MisbahZujaja.JK000312-ara1:p12453	4:224	0741	Ibn Maja	حدثنا أحمد بن منيع ثنا الحسن بن موسى أنبأنا شيبان عن قتادة عن أنس بن مالك قال سمعت رسول الله صلى الله عليه وسلم يقول مرارا والذي نفس محمد بيده ما أصبح عند آل مح
urn:hadith:0273IbnMaja.Sunan:4148	al-Busiri (Misbah al-zujaja)	840	classical	chain	sound	هذا إسناد صحيح رجاله ثقات وأبو المغيرة اسمه عبد القدوس بن الحجاج الخولاني	0.76	1	urn:openiti:0840ShihabDinBusiri.MisbahZujaja.JK000312-ara1:p12458	4:224	1741	Ibn Maja	حدثنا محمد بن يحيى ثنا أبو المغيرة ثنا عبد الرحمن بن عبد الله المسعودي عن علي بن بذيمة عن أبي عبيدة عن عبد الله قال قال رسول الله صلى الله عليه وسلم ما أصبح في 
urn:hadith:0273IbnMaja.Sunan:4149	al-Busiri (Misbah al-zujaja)	840	classical	chain	weak	هذا إسناد ضعيف لجهالة التابعي ولم أر من صنف في المبهمات ذكره وما علمته	1.0	1	urn:openiti:0840ShihabDinBusiri.MisbahZujaja.JK000312-ara1:p12463	4:225	2741	Ibn Maja	حدثنا نصر بن علي أخبرني أبي عن شعبة عن عبد الأكرم ( رجل من أهل الكوفة ) عن أبيه عن سليمان بن صرد قال أتانا رسول الله صلى الله عليه وسلم فمكثنا ثلاث ليال لا نقدر
urn:hadith:0273IbnMaja.Sunan:4150	al-Busiri (Misbah al-zujaja)	840	classical	chain	disputed_narrator	هذا إسناد حسن سويد بن سعيد مختلف فيه رواه البيهقي في سننه الكبرى من طريق أحمد بن الحسن عن سويد بن سعيد بإسناده ومتنه وله شاهد من حديث أسماء بنت أبي بكر رواه البيهقي أيضا	1.0	1	urn:openiti:0840ShihabDinBusiri.MisbahZujaja.JK000312-ara1:p12468	4:225	3741	Ibn Maja	حدثنا سويد بن سعيد ثنا علي بن مسهر عن الأعمش عن أبي صالح عن أبي هريرة قال أتي رسول الله صلى الله عليه وسلم يوما بطعام سخن فأكل فلما فرغ قال الحمد لله ما دخل بطن
urn:hadith:0273IbnMaja.Sunan:4154	al-Busiri (Misbah al-zujaja)	840	classical	chain	weak	هذا إسناد ضعيف لضعف الحارث الأعور ومجالد رواه أبو يعلى الموصلي ثنا عبد الله بن عمر بن ابان وأبو هشام الرفاعي قالا ثنا ابن فضيل ثنا مجالد فذكره وله شاهد في صحيح مسلم من حديث عمر بن الخطاب وعائشة	0.71	1	urn:openiti:0840ShihabDinBusiri.MisbahZujaja.JK000312-ara1:p12475	4:225	4741	Ibn Maja	حدثنا محمد بن طريف و إسحاق بن إبراهيم بن حبيب قالا ثنا محمد بن فضيل عن مجالد عن عامر عن الحارث عن علي قال أهديث ابنة رسول الله صلى الله عليه وسلم إلي فما كان فر
urn:hadith:0273IbnMaja.Sunan:4161	al-Busiri (Misbah al-zujaja)	840	classical	chain	weak	هذا إسناد فيه مقال عيسى بن عبد الأعلى لم أر من جرحه ولا من وثقه وباقي رجال الاسناد ثقات رواه أبو داود في سننه مطولا بغير هذا اللفظ من حديث أنس أيضا إلا أنه لم يقل يرحمه الله وقال بدله كل بناء وبال على صاحبه إلا مالا	1.0	1	urn:openiti:0840ShihabDinBusiri.MisbahZujaja.JK000312-ara1:p12493	4:226	5741	Ibn Maja	حدثنا العباس بن عثمان الدمشقي ثنا الوليد بن مسلم ثنا عيسى بن عبد الأعلى بن أبي فروة حدثني إسحاق بن أبي طلحة عن أنس قال مر رسول الله صلى الله عليه وسلم بقبة على 
urn:hadith:0273IbnMaja.Sunan:4166	al-Busiri (Misbah al-zujaja)	840	classical	chain	weak	هذا إسناد ضعيف صالح بن زريق ليس له إلا هذا الحديث قال في الميزان حديثه منكر	0.91	1	urn:openiti:0840ShihabDinBusiri.MisbahZujaja.JK000312-ara1:p12512	4:227	7741	Ibn Maja	حدثنا إسحاق بن منصور أنبأنا أبو شعيب صالح بن زريق العطار ثنا سعيد بن عبد الرحمن الجمحي عن موسى بن علي بن رباح عن أبيه عن عمرو بن العاص قال قال رسول الله صلى الل
urn:hadith:0273IbnMaja.Sunan:4171	al-Busiri (Misbah al-zujaja)	840	classical	chain	weak	هذا إسناد ضعيف عثمان بن جبير قال الذهبي في الطبقات مجهول وذكره ابن حبان في الثقات وقال البخاري وأبو حاتم روى عن أبيه عن جده عن أبي أيوب رواه أحمد بن منيع في مسنده ثنا علي بن عاصم عن عبد الله بن عثمان بن خيثم ثنا عثمان بن جبير عن أبيه أو جده شك عثمان عن أبي أيوب فذكره بتمامه	1.0	1	urn:openiti:0840ShihabDinBusiri.MisbahZujaja.JK000312-ara1:p12524	4:227	8741	Ibn Maja	حدثنا محمد بن زياد ثنا الفضيل بن سليمان ثنا عبد الله بن عثمان بن خثيم حدثني عثمان بن جبير مولى أبي أيوب عن أبي أيوب قال جاء رجل إلى النبي صلى الله عليه وسلم فقا
urn:hadith:0273IbnMaja.Sunan:4172	al-Busiri (Misbah al-zujaja)	840	classical	chain	weak	هذا إسناد فيه علي بن زيد بن جدعان وهو ضعيف قال أبو الحسن ثنا إسماعيل بن إبراهيم ثنا موسى ثنا حماد فذكره نحوه وقال فيه باذن شرها شاة	0.9	1	urn:openiti:0840ShihabDinBusiri.MisbahZujaja.JK000312-ara1:p12528	4:228	9741	Ibn Maja	حدثنا أبو بكر بن أبي شيبة ثنا الحسن بن موسى عن حماد بن سلمة عن علي بن زيد عن أوس بن خالد عن أبي هريرة قال قال رسول الله صلى الله عليه وسلم مثل الذي يجلس يسمع ال
urn:hadith:0273IbnMaja.Sunan:4175	al-Busiri (Misbah al-zujaja)	840	classical	chain	weak	هذا إسناد رجاله ثقات إلا أن عطاء بن السائب اختلط بآخره ولم يعرف حال عبد الرحمن بن محمد المحاربي هل روى عنه قبل الاختلاط أو بعده وله شاهد من حديث أبي هريرة رواه مسلم في صحيحه وغيره	0.87	1	urn:openiti:0840ShihabDinBusiri.MisbahZujaja.JK000312-ara1:p12537	4:229	0841	Ibn Maja	حدثنا عبد الله بن سعيد و هارون بن إسحاق قالا ثنا عبد الرحمن المحاربي عن عطاء بن السائب عن سعيد بن جبير عن ابن عباس قال قال رسول الله صلى الله عليه وسلم يقول الل
urn:hadith:0273IbnMaja.Sunan:4176	al-Busiri (Misbah al-zujaja)	840	classical	chain	weak	هذا إسناد ضعيف دراج بن سمعان أبو السمح المصري وان وثقه ابن معين وأخرج له ابن حبان في صحيحه فقد قال أبو داود وغيره حديثه مستقيم إلا ما كان عن أبي الهيثم وقال ابن عدي عامة أحاديث دراج مما لا يتابع عليه	0.89	1	urn:openiti:0840ShihabDinBusiri.MisbahZujaja.JK000312-ara1:p12544	4:229	1841	Ibn Maja	حدثنا حرملة بن يحيى ثنا ابن وهب أخبرني عمرو بن الحارث أن دراجا حدثه عن أبي الهيثم عن أبي سعيد عن رسول الله صلى الله عليه وسلم قال من يتواضع لله سبحانه درجة يرفع
urn:hadith:0273IbnMaja.Sunan:4177	al-Busiri (Misbah al-zujaja)	840	classical	chain	weak	هذا إسناد ضعيف لضعف علي بن زيد بن جدعان	0.9	1	urn:openiti:0840ShihabDinBusiri.MisbahZujaja.JK000312-ara1:p12549	4:230	2841	Ibn Maja	حدثنا نصر بن علي ثنا عبد الصمد و سلم بن قتيبة قالا ثنا شعبة عن علي بن زيد عن أنس بن مالك قال إن كانت الأمة من أهل المدينة لتأخذ بيد رسول الله صلى الله عليه وسلم
urn:hadith:0273IbnMaja.Sunan:4182	al-Busiri (Misbah al-zujaja)	840	classical	chain	weak	هذا إسناد ضعيف لضعف صالح بن حسان وسعيد بن محمد الوراق	1.0	1	urn:openiti:0840ShihabDinBusiri.MisbahZujaja.JK000312-ara1:p12559	4:231	4841	Ibn Maja	حدثنا عبد الله بن سعيد ثنا سعيد بن محمد الوراق ثنا صالح بن حيان عن محمد بن كعب القرظي عن ابن عباس قال قال رسول الله صلى الله عليه وسلم إن لكل دين خلقا وإن خلق ا
urn:hadith:0273IbnMaja.Sunan:4187	al-Busiri (Misbah al-zujaja)	840	classical	chain	very_weak	هذا إسناد ضعيف عمارة بن جوين أبو هارون العبدي كذبه ابن معين وعثمان بن أبي شيبة وابن علية وقال ابن عبد البر اجمعوا على أنه ضعيف الحديث	0.95	1	urn:openiti:0840ShihabDinBusiri.MisbahZujaja.JK000312-ara1:p12585	4:232	6841	Ibn Maja	حدثنا أبو كريب محمد بن العلاء الهمداني ثنا يونس بن بكير ثنا خالد بن دينار الشيباني عن عمارة العبدي ثنا أبو سعيد الخدري قال كنا جلوسا عند رسول الله صلى الله عليه
urn:hadith:0273IbnMaja.Sunan:4188	al-Busiri (Misbah al-zujaja)	840	classical	chain	unclassified	هذا إسناد فيه العباس بن الفضل	1.0	1	urn:openiti:0840ShihabDinBusiri.MisbahZujaja.JK000312-ara1:p12589	4:232	7841	Ibn Maja	حدثنا أبو إسحاق الهروي ثنا العباس بن الفضل الأنصاري ثنا قرة بن خالد ثنا أبو جمرة عن ابن عباس أن النبي صلى الله عليه وسلم قال للأشج العصري أن فيك خصلتين يحبهما ا
urn:hadith:0273IbnMaja.Sunan:4189	al-Busiri (Misbah al-zujaja)	840	classical	chain	sound	هذا إسناد صحيح رجاله ثقات رواه الإمام أحمد في مسنده من حديث ابن عمر أيضا	1.0	1	urn:openiti:0840ShihabDinBusiri.MisbahZujaja.JK000312-ara1:p12596	4:233	8841	Ibn Maja	حدثنا زيد بن أخزم ثنا بشر بن عمر ثنا حماد بن سلمة عن يونس بن عبيد عن الحسن عن ابن عمر قال قال رسول الله صلى الله عليه وسلم ما من جرعة أعظم أجرا عند الله من جرعة
urn:hadith:0273IbnMaja.Sunan:4192	al-Busiri (Misbah al-zujaja)	840	classical	chain	sound	هذا إسناد صحيح رجاله ثقات	0.93	1	urn:openiti:0840ShihabDinBusiri.MisbahZujaja.JK000312-ara1:p12603	4:233	9841	Ibn Maja	حدثنا عبد الرحمن بن إبراهيم ثنا محمد بن أبي فديك عن موسى بن يعقوب لزمعي عن أبي حازم أن عامر بن عبد الله بن الزبير أخبره أن أباه أخبره أنه لم يكن بين إسلامهم وبي
urn:hadith:0273IbnMaja.Sunan:4193	al-Busiri (Misbah al-zujaja)	840	classical	chain	sound	هذا إسناد صحيح وأبو بكر الحنفي اسمه عبد الكبير بن عبد المجيد البصري	1.0	1	urn:openiti:0840ShihabDinBusiri.MisbahZujaja.JK000312-ara1:p12608	4:233	0941	Ibn Maja	حدثنا أبو بكر بن خلف ثنا أبو بكر الحنفي ثنا عبد الحميد بن جعفر عن إبراهيم بن عبد الله بن حنين عن أبي هريرة قال قال رسول الله صلى الله عليه وسلم لا تكثروا الضحك 
urn:hadith:0273IbnMaja.Sunan:4195	al-Busiri (Misbah al-zujaja)	840	classical	chain	weak	هذا إسناد ضعيف فيه مقال محمد بن مالك قال فيه أبو حاتم لا بأس به وذكره ابن حبان في الثقات وقال لم يسمع من البراء بن عازب وذكره ابن حبان في الثقات وقال لم يسمع من البراء بن عازب شيئا وذكره أيضا في الضعفاء وقال كان يخطىء كثيرا لا يجوز الاحتجاج بخبره إذا انفرد	0.88	1	urn:openiti:0840ShihabDinBusiri.MisbahZujaja.JK000312-ara1:p12616	4:234	1941	Ibn Maja	حدثنا القاسم بن زكريا بن دينار ثنا إسحاق بن منصور ثنا أبو رجاء الخراساني عن محمد بن مالك عن البراء قال كنا مع رسول الله صلى الله عليه وسلم في جنازة فجلس على شفي
urn:hadith:0273IbnMaja.Sunan:4197	al-Busiri (Misbah al-zujaja)	840	classical	chain	weak	هذا إسناد ضعيف حماد بن أبي حميد اسمه محمد بن أبي حميد وهو ضعيف رواه أحمد بن منيع في مسنده ثنا حماد بن خالد ومروان بن تمام عن محمد بن أبي حميد بإسناده ومتنه والبيهقي والأصبهاني	0.93	1	urn:openiti:0840ShihabDinBusiri.MisbahZujaja.JK000312-ara1:p12622	4:235	2941	Ibn Maja	حدثنا عبد الرحمن بن إبراهيم الدمشقي و إبراهيم بن المنذر قالا ثنا ابن أبي فديك حدثني حماد بن أبي حميد الزرقي عن عون بن عبد الله بن عتبة بن مسعود عن أبيه عن عبد ا
urn:hadith:0273IbnMaja.Sunan:4199	al-Busiri (Misbah al-zujaja)	840	classical	chain	weak	هذا إسناد فيه مقال عثمان بن إسماعيل لم أر من جرحه ولا من وثقه وباقي رجال الاسناد موثقون رواه أبو بكر بن أبي شيبة في مسنده عن العلاء بن منصور عن صدقة بن خالد عن عبد الرحمن بن يزيد بن جابر بإسناده ومتنه ورواه أبو يعلى الموصلي في مسنده ثنا الوليد بن مسلم به	1.0	1	urn:openiti:0840ShihabDinBusiri.MisbahZujaja.JK000312-ara1:p12633	4:235	3941	Ibn Maja	حدثنا عثمان بن إسماعيل بن عمران الدمشقي ثنا الوليد بن مسلم ثنا عبد الرحمن بن يزيد بن جابر حدثني أبو عبد رب قال سمعت معاوية بن أبي سفيان يقول سمعت رسول الله صلى 
urn:hadith:0273IbnMaja.Sunan:4200	al-Busiri (Misbah al-zujaja)	840	classical	chain	weak	هذا إسناد ضعيف لتدليس بقية بن الوليد الدمشقي وعنعنته	1.0	1	urn:openiti:0840ShihabDinBusiri.MisbahZujaja.JK000312-ara1:p12638	4:236	4941	Ibn Maja	حدثنا كثير بن عبيد الحمصي ثنا بقية عن ورقاء بن عمر ثنا عبد الله بن ذكوان أبو الزناد عن الأعرج عن أبي هريرة قال قال رسول الله صلى الله عليه وسلم إن العبد إذا صلى
urn:hadith:0273IbnMaja.Sunan:4201	al-Busiri (Misbah al-zujaja)	840	classical	chain	disputed_narrator	هذا إسناد حسن شريك مختلف فيه	0.88	1	urn:openiti:0840ShihabDinBusiri.MisbahZujaja.JK000312-ara1:p12644	4:236	5941	Ibn Maja	حدثنا عبد الله بن عامر بن زرارة و إسماعيل بن موسى قالا ثنا شريك بن عبد الله عن الأعمش عن أبي صالح عن أبي هريرة قال قال رسول الله صلى الله عليه وسلم قاربوا وسددو
urn:hadith:0273IbnMaja.Sunan:4202	al-Busiri (Misbah al-zujaja)	840	classical	chain	sound	هذا إسناد صحيح رجاله موثقون رواه ابن خزيمة في صحيحه والبيهقي ورواه أحمد بن منيع في مسنده ثنا الهيثم بن خارجة ثنا حفص بن مسرة عن المعلا بن عبد الرحمن فذكره ورواه أبو داود الطيالسي ثنا ورقاء عن العلاء بن عبد الرحمن عن أبيه عن أبي هريرة عن النبي صلى الله عليه وسلم قال قال الله تبارك وتعالى ? < أنا أغني الشركاء فمن أشرك بي كان قليله وكثيره له > ?	0.88	1	urn:openiti:0840ShihabDinBusiri.MisbahZujaja.JK000312-ara1:p12653	4:236	6941	Ibn Maja	حدثنا أبو مروان العثماني ثنا عبد العزيز بن أبي حازم عن العلاء بن عبد الرحمن عن أبيه عن أبي هريرة أن رسول الله صلى الله عليه وسلم قال قال الله عز وجل أنا أغنى ال
urn:hadith:0273IbnMaja.Sunan:4204	al-Busiri (Misbah al-zujaja)	840	classical	chain	disputed_narrator	هذا إسناد حسن كثير بن يزيد وربيح بن عبد الرحمن مختلف فيهما رواه الإمام أحمد في مسنده من حديث أبي سعيد أيضا والبيهقي ورواه أحمد بن منيع في مسنده ثنا أبو أحمد ثنا كثير فذكره بزيادة في أوله كما أوردته في زوائد المسانيد العشرة	0.93	1	urn:openiti:0840ShihabDinBusiri.MisbahZujaja.JK000312-ara1:p12659	4:237	7941	Ibn Maja	حدثنا عبد الله بن سعيد حدثنا أبو خالد الأحمر عن كثير بن زيد عن ربيع بن عبد الرحمن بن أبي سعيد الخدري عن أبيه عن أبي سعيد قال خرج علينا رسول الله صلى الله عليه و
urn:hadith:0273IbnMaja.Sunan:4205	al-Busiri (Misbah al-zujaja)	840	classical	chain	weak	هذا إسناد فيه مقال عامر بن عبد الله لم أر من تكلم فيه بجرح ولا غيره وباقي رجال الاسناد ثقات وله شاهد من حديث محمود بن لبيد عن النبي صلى الله عليه وسلم أنه قال أخوف ما أخاف على أمتي الشرك الأصغر الحديث رواه الفقيه أبو الليث ثنا محمد بن الفضل ثنا محمد بن الفضل ثنا محمد بن جعفر الكرابيسي ثنا إبراهيم بن يوسف ثنا إسماعيل بن جعفر عن عمرو مولى المطلب عن عاصم عن محمود بن لبيد فذكره مرسلا	1.0	1	urn:openiti:0840ShihabDinBusiri.MisbahZujaja.JK000312-ara1:p12665	4:237	8941	Ibn Maja	حدثنا محمد بن خلف العسقلاني ثنا رواد بن الجراح عن عامر بن عبد الله عن الحسن بن ذكوان عن عبادة بن نسي عن شداد بن أوس قال قال رسول الله صلى الله عليه وسلم إن أخوف
urn:hadith:0273IbnMaja.Sunan:4206	al-Busiri (Misbah al-zujaja)	840	classical	chain	weak	هذا إسناد ضعيف لضعف عطية رواه أبو بكر بن أبي شيبة في مسنده هكذا وله شاهد في الصحيحين من حديث جندب وكذلك محمد بن أبي ليلى	0.9	1	urn:openiti:0840ShihabDinBusiri.MisbahZujaja.JK000312-ara1:p12669	4:238	9941	Ibn Maja	حدثنا أبو بكر بن أبي شيبة و أبو كريب قالا ثنا بكر بن عبد الرحمن ثنا عيسى بن المختار عن محمد بن أبي ليلى عن عطية العوفي عن أبي سعيد الخدري عن النبي صلى الله عليه
urn:hadith:0273IbnMaja.Sunan:4210	al-Busiri (Misbah al-zujaja)	840	classical	chain	weak	هذا إسناد فيه عيسى بن أبي عيسى وهو ضعيف والجملة الأولى رواها أبو داود من حديث أبي هريرة ورواه البيهقي ومن هذا الوجه وروى قصة الحسد رواها ابن أبي شيبة في مسنده ثنا أبو معاوية عن الأعمش عن يزيد الرقاش عن أنس به أبو معاوية عن الأعمش عن يزيد الرقاش عن أنس به ورواه أبو يعلى الموصلي ثنا أبو سعيد الأشج وغيره ثنا أبو خالد عن عيسى بن أبي عيسى فذكره بتمامه	0.59	1	urn:openiti:0840ShihabDinBusiri.MisbahZujaja.JK000312-ara1:p12678	4:238	1508	Ibn Maja	حدثنا هارون بن عبد الله الحما و أحمد بن الأزهر قالا ثنا ابن أبي فديك عن عيسى بن أبي عيسى الحناط عن أبي الزناد عن أنس أن رسول لله صلى الله عليه وسلم قال الحسد يأ
urn:hadith:0273IbnMaja.Sunan:4212	al-Busiri (Misbah al-zujaja)	840	classical	chain	weak	هذا إسناد في صالح بن موسى الصلحي وهو ضعيف وله شاهد من حديث أبي بكرة رواه أبو داود والترمذي	1.0	1	urn:openiti:0840ShihabDinBusiri.MisbahZujaja.JK000312-ara1:p12686	4:239	1051	Ibn Maja	حدثنا سويد بن سعيد ثنا صالح بن موسى عن معاوية بن إسحاق عن عائشة بنت طلحة عن عائشة أم المؤمنين قالت قال رسول الله صلى الله عليه وسلم أسرع الخير ثوابا البر وصلة ا
urn:hadith:0273IbnMaja.Sunan:4214	al-Busiri (Misbah al-zujaja)	840	classical	chain	fair	هذا إسناد حسن الاختلاف في اسم سنان بن سعد أو سعد بن سنان	0.83	1	urn:openiti:0840ShihabDinBusiri.MisbahZujaja.JK000312-ara1:p12692	4:239	2051	Ibn Maja	حدثنا حرملة بن يحيى ثنا عبد الله بن وهب أنبأنا عمرو بن الحارث عن يزيد بن أبي حبيب عن سنان بن سعد عن أنس بن مالك قال قال رسول الله صلى الله عليه وسلم إن الله أوح
urn:hadith:0273IbnMaja.Sunan:4216	al-Busiri (Misbah al-zujaja)	840	classical	chain	sound	هذا إسناد صحيح رواه البيهقي في سننه من هذا الوجه	1.0	1	urn:openiti:0840ShihabDinBusiri.MisbahZujaja.JK000312-ara1:p12704	4:240	3051	Ibn Maja	حدثنا هشام بن عمار ثنا يحيى بن حمزة ثنا زيد بن واقد ثنا مغيث بن سمي عن عبد الله بن عمرو قال قيل لرسول الله صلى الله عليه وسلم أي الناس أفضل قال كل مخموم القلب ص
urn:hadith:0273IbnMaja.Sunan:4217	al-Busiri (Misbah al-zujaja)	840	classical	chain	fair	هذا إسناد حسن وأبو رجاء اسمه محرز بن عبد الله رواه الترمذي في الجامع بغير هذا اللفظ	0.85	1	urn:openiti:0840ShihabDinBusiri.MisbahZujaja.JK000312-ara1:p12712	4:240	4051	Ibn Maja	حدثنا علي بن محمد ثنا أبو معاوية عن أبي رجاء عن برد بن سنان عن مكحول عن واثلة بن الأسقع عن أبي هريرة قال قال رسول الله صلى الله عليه وسلم يا أبا هريرة كن ورعا ت
urn:hadith:0273IbnMaja.Sunan:4218	al-Busiri (Misbah al-zujaja)	840	classical	chain	weak	هذا إسناد ضعيف لضعف الماضي بن محمد الغافقي المصري رواه الإمام أحمد في مسنده من حديث أبي أيضا	1.0	1	urn:openiti:0840ShihabDinBusiri.MisbahZujaja.JK000312-ara1:p12718	4:240	5051	Ibn Maja	حدثنا عبد الله بن محمد بن رمح ثنا عبد الله بن وهب عن الماضي بن محمد عن علي بن سليمان عن القاسم بن محمد عن أبي إدريس الخولاني عن أبي ذر قال قال رسول الله صلى الل
urn:hadith:0273IbnMaja.Sunan:4220	al-Busiri (Misbah al-zujaja)	840	classical	chain	weak	هذا إسناد رجاله ثقات إلا أنه منقطع أبو السليل لم يدرك أبا ذر قاله في التهذيب ورواه النسائي في التفسي عن محمد بن عبد الأعلى عن المعتمر بن سليمان به ورواه أحمد بن منيع في مسنده بزيادة طويلة كما أفردته في زوائد المسانيد العشرة فقال ثنا يزيد بن هارون ثنا كهمس بن الحسن فذكره	0.9	1	urn:openiti:0840ShihabDinBusiri.MisbahZujaja.JK000312-ara1:p12721	4:241	6051	Ibn Maja	حدثنا هشام بن عمار و عثمان بن أبي شيبة قالا ثنا المعتمر بن سليمان عن كهمس بن الحسن عن أبي السليل ضريب بن نفير عن أبي ذر قال قال رسول الله صلى الله عليه وسلم إني
urn:hadith:0273IbnMaja.Sunan:4222	al-Busiri (Misbah al-zujaja)	840	classical	chain	weak	هذا إسناد رجاله ثقات رواه ابن أبي شيبة في مسنده هكذا إلا أنه مرسل كلثوم بن علقمة ويقال له ابن المصطلق ذكره ابن حبان في الثقات وقال ابن عبد البر أحاديثه مرسلة لا يصح له صحبة وكذا قال أبو نعيم وزاد الصحبة لأبيه علقمة ورواه البيهقي في سننه من طريق سعدان بن نصر عن أبي معاوية فذكره بإسناده ومتنه سواء	1.0	1	urn:openiti:0840ShihabDinBusiri.MisbahZujaja.JK000312-ara1:p12738	4:242	8051	Ibn Maja	حدثنا أبو بكر بن أبي شيبة ثنا أبو معاوية عن الأعمش عن جامع بن شداد عن كلثوم الخزاعي قال أتى النبي صلى الله عليه وسلم رجل فقال يا رسول الله كيف لي أن أعلم إذا أح
urn:hadith:0273IbnMaja.Sunan:4223	al-Busiri (Misbah al-zujaja)	840	classical	chain	sound	هذا إسناد صحيح رواه ابن حبان في صحيحه من طريق عبد الرزاق به رواه الإمام أحمد في مسنده من حديث ابن مسعود أيضا ورواه البيهقي في سننه من طريق أحمد بن منصور المرداوي عن عبد الرزاق فذكره	1.0	1	urn:openiti:0840ShihabDinBusiri.MisbahZujaja.JK000312-ara1:p12744	4:242	9051	Ibn Maja	حدثنا محمد بن يحيى ثنا عبد الرزاق أنبأنا معمر عن منصور عن أبي وائل عن عبد الله قال قال رجل لرسول الله صلى الله عليه وسلم كيف لي أن أعلم إذا أحسنت وإذا أسأت قال 
urn:hadith:0273IbnMaja.Sunan:4224	al-Busiri (Misbah al-zujaja)	840	classical	chain	sound	هذا إسناد صحيح رجاله ثقات وأبو الجوزاء هو أوس بن عبد الله وأبو هلال هو محمد بن سليم	0.89	1	urn:openiti:0840ShihabDinBusiri.MisbahZujaja.JK000312-ara1:p12750	4:243	0151	Ibn Maja	حدثنا محمد بن يحيى و زيد بن أخزم قالا ثنا مسلم بن إبراهيم ثنا أبو هلال ثنا عقبة بن أبي ثبيت عن أبي الجوزاء عن ابن عباس قال قال رسول الله صلى الله عليه وسلم أهل 
urn:hadith:0273IbnMaja.Sunan:4233	al-Busiri (Misbah al-zujaja)	840	classical	chain	sound	هذا إسناد صحيح رجاله ثقات رواه الترمذي في الجامع عن قتيبة عن الليث عن ابن عجلان عن القعقاع بن حكيم عن أبي صالح عن أبي هريرة بلفظ قلب الشيخ شاب على حب اثنتين طول الحياة وكثرة المال وقال حديث حسن صحيح انتهى	1.0	1	urn:openiti:0840ShihabDinBusiri.MisbahZujaja.JK000312-ara1:p12763	4:244	2151	Ibn Maja	حدثنا أبو مروان محمد بن عثمان العثماني ثنا عبد العزيز بن أبي حازم عن العلاء بن عبد الرحمن عن أبيه عن أبي هريرة قال إن رسول الله صلى الله عليه وسلم قال قلب الشيخ
urn:hadith:0273IbnMaja.Sunan:4235	al-Busiri (Misbah al-zujaja)	840	classical	chain	sound	هذا إسناد صحيح رجاله ثقات وله شاهد في الصحيحين من حديث أنس بن مالك	0.81	1	urn:openiti:0840ShihabDinBusiri.MisbahZujaja.JK000312-ara1:p12770	4:244	3151	Ibn Maja	حدثنا بشر بن معاذ الضرير ثنا أبو عوانة عن قتادة عن العلاء بن عبد الرحمن عن أبيه عن أبي هريرة أن رسول الله صلى الله عليه وسلم قال لو أن لابن آدم واديين من مال لأ
urn:hadith:0273IbnMaja.Sunan:4240	al-Busiri (Misbah al-zujaja)	840	classical	chain	weak	هذا إسناد ضعيف لضعف ابن لهيعة	1.0	1	urn:openiti:0840ShihabDinBusiri.MisbahZujaja.JK000312-ara1:p12781	4:244	4151	Ibn Maja	حدثنا العباس بن عثمان الدمشقي ثنا الوليد بن مسلم ثنا ابن لهيعة ثنا عبد الرحمن الأعرج سمعت أبا هريرة يقول قال رسول الله صلى الله عليه وسلم أكلفوا من العمل ما تطي
urn:hadith:0273IbnMaja.Sunan:4241	al-Busiri (Misbah al-zujaja)	840	classical	chain	disputed_narrator	هذا إسناد حسن يعقوب مختلف فيه والباقي ثقات	1.0	1	urn:openiti:0840ShihabDinBusiri.MisbahZujaja.JK000312-ara1:p12789	4:245	5151	Ibn Maja	حدثنا عمرو بن رافع ثنا يعقوب بن عبد الله الأشعري عن عيسى بن جارية عن جابر بن عبد الله قال مر رسول الله صلى الله عليه وسلم على رجل يصلي على صخرة فأتى ناحية مكة ف
urn:hadith:0273IbnMaja.Sunan:4243	al-Busiri (Misbah al-zujaja)	840	classical	chain	sound	هذا إسناد صحيح رجاله ثقات رواه أبو بكر بن أبي شيبة في مسنده هكذا ورواه أبو يعلى الموصلي في مسنده ثنا أبو خيثمة ثنا أبو عامر ثنا سعيد بن مسلم فذكره ورواه النسائي في الرقاق عن إسحاق بن إبراهيم عن أبي عامر العقدي عن سعيد بن مسلم به ورواه الدارمي في مسنده عن منصور بن سلمة عن سعيد بن مسلم به ورواه بت حبان في صحيحه عن عمران بن موسى بن مجاشع عن عثمان بن أبي شيبة عن خالد بن مخلد به	0.86	1	urn:openiti:0840ShihabDinBusiri.MisbahZujaja.JK000312-ara1:p12798	4:245	6151	Ibn Maja	حدثنا أبو بكر بن أبي شيبة ثنا خالد بن مخلد حدثني سعيد بن مسلم بن بانك قال سمعت عامر بن عبد الله بن الزبير يقول حدثني عوف بن الحارث عن عائشة قالت قال لي رسول الل
urn:hadith:0273IbnMaja.Sunan:4245	al-Busiri (Misbah al-zujaja)	840	classical	chain	sound	هذا إسناد صحيح رجاله ثقات وأبو عامر الألهاني اسمه عبدالله بن غابر	0.92	1	urn:openiti:0840ShihabDinBusiri.MisbahZujaja.JK000312-ara1:p12805	4:246	7151	Ibn Maja	حدثنا عيسى بن يونس الرملي ثنا عقبة بن علقمة بن خديج المعافري عن أرطأة بن المنذر عن أبي عامر الألهاني عن ثوبان عن النبي صلى الله عليه وسلم أنه قال لأعلمن أقواما 
urn:hadith:0273IbnMaja.Sunan:4248	al-Busiri (Misbah al-zujaja)	840	classical	chain	disputed_narrator	هذا إسناد حسن ويعقوب بن حميد مختلف فيه وباقي رجال الإسناد ثقات	1.0	1	urn:openiti:0840ShihabDinBusiri.MisbahZujaja.JK000312-ara1:p12813	4:246	8151	Ibn Maja	حدثنا يعقوب بن حميد بن كاسب المديني ثنا أبو معاوية ثنا جعفر بن برقان عن يزيد بن الأصم عن أبي هريرة عن النبي صلى الله عليه وسلم قال لو أخطأتم حتى تبلغ خطاياكم ال
urn:hadith:0273IbnMaja.Sunan:4249	al-Busiri (Misbah al-zujaja)	840	classical	chain	weak	هذا إسناد ضعيف لضعف عطية العوفي وسفيان بن وكيع ورواه الإمام أحمد في مسنده من حديث أبي سعيد الخدري أيضا ورواه أحمد بن منيع في مسنده ثنا فضيل بن مرزوق فذكره بإسناده ومتنه وله شاهد من حديث ابن مسعود وأنس بن مالك رواه البخاري ومسلم	0.91	1	urn:openiti:0840ShihabDinBusiri.MisbahZujaja.JK000312-ara1:p12820	4:247	9151	Ibn Maja	حدثنا سفيان بن وكيع ثنا أبي عن فضيل بن مرزوق عن عطية عن أبي سعيد قال قال رسول الله صلى الله عليه وسلم لله أفرح بتوبة عبده من رجل أضل راحلته بفلاة من الأرض فالتم
urn:hadith:0273IbnMaja.Sunan:4252	al-Busiri (Misbah al-zujaja)	840	classical	chain	sound	هذا إسناد صحيح رجاله ثقات رواه الحاكم في المستدرك عن محمد بن يعقوب عن أحمد بن سنان عن سفيان بن عيينة به وقال هذا حديث صحيح الاسناد قلت رواه أبو داود أبو داود الطيالسي في مسنده عن زهير بن معاوية عن عبد الكريم به ورواه الإمام أحمد في مسنده من حديث عبد الله بن مغفل أيضا	1.0	1	urn:openiti:0840ShihabDinBusiri.MisbahZujaja.JK000312-ara1:p12830	4:248	1251	Ibn Maja	حدثنا هشام بن عمار ثنا سفيان عن عبد الكريم الجزري عن زياد بن أبي مريم عن ابن معقل قال دخلت مع أبي على عبد الله فسمعته يقول قال رسول الله صلى الله عليه وسلم الند
urn:hadith:0273IbnMaja.Sunan:4253	al-Busiri (Misbah al-zujaja)	840	classical	chain	weak	هذا إسناد ضعيف لتدليس الوليد ومكحول الدمشقي رواه الترمذي في الدعوات عن إبراهيم بن يعقوب عن علي بن عباس وعن محمد بن بشار عن أبي عامر العقدي كلاهما عن عبد الرحمن بن ثابت بن ثوبان عن أبيه عن مكحول عن جبير بن نفير عن عبد الله بن عمر بن الخطاب به	1.0	1	urn:openiti:0840ShihabDinBusiri.MisbahZujaja.JK000312-ara1:p12835	4:249	2251	Ibn Maja	حدثنا راشد بن سعيد الرملي أنبأنا الوليد بن مسلم عن ابن ثوبان عن أبيه عن مكحول عن جبير بن نفير عن عبد الله بن عمرو عن النبي صلى الله عليه وسلم قال إن الله عز وجل
urn:hadith:0273IbnMaja.Sunan:4259	al-Busiri (Misbah al-zujaja)	840	classical	chain	fabricated	هذا إسناد ضعيف فروة بن قيس مجهول وكذا الراوي عنه وخيره باطل قاله الذهبي في طبقات التهذيب انتهى وله شاهد من حديث أنس رواه رزين في مسنده وما أدري ما أصله ورواه أبو يعلى الموصلي بزيادة من طريق مجاهد عن ابن عمر ورواه ابن أبي الدنيا في كتاب الموت والطبراني في الصغير بإسناد حسن والبيهقي في الزهد	1.0	1	urn:openiti:0840ShihabDinBusiri.MisbahZujaja.JK000312-ara1:p12847	4:249	3251	Ibn Maja	حدثنا الزبير بن بكار ثنا أنس بن عياض ثنا نافع بن عبد الله عن فروة بن قيس عن عطاء بن أبي رباح عن ابن عمر أنه قال كنت مع رسول الله صلى الله عليه وسلم فجاءه رجل من
urn:hadith:0273IbnMaja.Sunan:4262	al-Busiri (Misbah al-zujaja)	840	classical	chain	sound	هذا إسناد صحيح رجاله ثقات رواه النسائي في التفسير عن عمرو بن سواد وفي الملائكة عن سليمان بن داود كلاهما عن ابن وهب عن ابن أبي ذئب به	1.0	1	urn:openiti:0840ShihabDinBusiri.MisbahZujaja.JK000312-ara1:p12871	4:250	4251	Ibn Maja	فيقال مرحبا بالنفس الطيبة كانت في الجسد الطيب ادخلي حميدة وأبشري بروح وريحان ورب غير غضبان فلا يزال يقال لها ذلك حتى ينتهي بها إلى السماء ( التي فيها ) الله عز 
urn:hadith:0273IbnMaja.Sunan:4263	al-Busiri (Misbah al-zujaja)	840	classical	chain	sound	هذا إسناد صحيح رجاله ثقات رواه الحاكم في المستدرك من طريق عمر بن علي المقدمي ومحمد بن خالد الوهبي وهشيم عن إسماعيل بن أبي خالد به وقال أسند هذا الحديث ثلاثة من الثقات عن إسماعيل	0.91	1	urn:openiti:0840ShihabDinBusiri.MisbahZujaja.JK000312-ara1:p12877	4:251	5251	Ibn Maja	حدثنا أحمد بن ثابت الجحدري و عمر بن شبة بن عبيدة قالا ثنا عمر بن علي أخبرني إسماعيل بن أبي خالد عن قيس بن أبي حازم عن عبد الله بن مسعود عن النبي صلى الله عليه و
urn:hadith:0273IbnMaja.Sunan:4268	al-Busiri (Misbah al-zujaja)	840	classical	chain	sound	هذا إسناد صحيح رواه النسائي في التفسير وفي الملائكة كما تقدم قيل هذا بحديث وله شاهد من حديث البراء بن عازب رواه أبو داود في سننه	1.0	1	urn:openiti:0840ShihabDinBusiri.MisbahZujaja.JK000312-ara1:p12907	4:252	6251	Ibn Maja	وعليه مت وعليه تبعث إن شاء الله ويجلس الرجل السوء في قبره فزعا مشعوفا فيقال له فيم كنت فيقول لا أدري فيقال له ما هذا الرجل فيقول سمعت الناس يقولون قولا فقلته في
urn:hadith:0273IbnMaja.Sunan:4272	al-Busiri (Misbah al-zujaja)	840	classical	chain	disputed_narrator	هذا إسناد حسن إن كان أبو سفيان واسمه طلحة بن نافع سمع من جابر بن عبد الله وإسماعيل بن حفص مختلف فيه رواه ابن حبان في صحيحه من طريق إسماعيل بن حفص الأيلي	0.68	1	urn:openiti:0840ShihabDinBusiri.MisbahZujaja.JK000312-ara1:p12912	4:252	7251	Ibn Maja	حدثنا إسماعيل بن حفص الأيلي ثنا أبو بكر بن عياش عن الأعمش عن أبي سفيان عن النبي صلى الله عليه وسلم قال إذا دخل الميت القبر مثلث الشمس عند غروبها فيجلس يمسح عيني
urn:hadith:0273IbnMaja.Sunan:4273	al-Busiri (Misbah al-zujaja)	840	classical	chain	weak	هذا إسناد ضعيف لضعف حجاج بن أرطاة وعطية العوفي	1.0	1	urn:openiti:0840ShihabDinBusiri.MisbahZujaja.JK000312-ara1:p12920	4:253	8251	Ibn Maja	حدثنا أبو بكر بن أبي شيبة ثنا عباد بن العوام عن حجاج عن عطية عن أبي سعيد قال قال رسول الله صلى الله عليه وسلم إن صاحبي الصور بأيديهما ( أو في أيديهما ) قرنان يل
urn:hadith:0273IbnMaja.Sunan:4274	al-Busiri (Misbah al-zujaja)	840	classical	chain	sound	هذا إسناد صحيح رجاله ثقات	1.0	1	urn:openiti:0840ShihabDinBusiri.MisbahZujaja.JK000312-ara1:p12928	4:253	0351	Ibn Maja	حدثنا أبو بكر بن أبي شيبة ثنا علي بن مسهر عن محمد بن عمرو عن أبي سلمة عن أبي هريرة قال قال رجل من اليهود بسوق المدينة والذي اصطفى موسى على البشر فرفع رجل من الأ
urn:hadith:0273IbnMaja.Sunan:4277	al-Busiri (Misbah al-zujaja)	840	classical	chain	weak	هذا إسناد رجاله ثقات إلا أنه منقطع الحسن لم يسمع من أبي موسى قاله علي بن المديني وأبو حاتم وأبو زرعة رواه أبو بكر بن أبي شيبة في مسنده بإسناده ومتنه وله شاهد من حديث الحسن عن أبي هريرة رواه الترمذي وقال لم يسمع الحسن من أبي هريرة	0.89	1	urn:openiti:0840ShihabDinBusiri.MisbahZujaja.JK000312-ara1:p12935	4:254	1351	Ibn Maja	حدثنا أبو بكر ثنا وكيع عن علي بن علي بن رفاعة عن الحسن عن أبي موسى الأشعري قال قال رسول الله صلى الله عليه وسلم يعرض الناس يوم القيامة ثلاث عرضات فأما عرضتان فج
urn:hadith:0273IbnMaja.Sunan:4281	al-Busiri (Misbah al-zujaja)	840	classical	chain	sound	هذا إسناد صحيح إن كان أبو سفيان سمع من جابر بن عبد الله وقد تقدم قبل هذا بأربعة أحاديث رواه أبو بكر بن أبي شيبة ثنا أبو معاوية فذكره ورواه مسلم في صحيحه والنسائي في سنننه الكبرى من حديث جابر عن أم مبشر عن النبي صلى الله عليه وسلم دون ذكر حفصة	0.93	1	urn:openiti:0840ShihabDinBusiri.MisbahZujaja.JK000312-ara1:p12942	4:255	2351	Ibn Maja	حدثنا أبو بكر بن أبي شيبة ثنا أبو معاوية عن الأعمش عن أبي سفيان عن جابر عن أم بشر عن حفصة قالت قال النبي صلى الله عليه وسلم إني لأرجو ألا يدخل النار أحد إن شاء 
urn:hadith:0273IbnMaja.Sunan:4285	al-Busiri (Misbah al-zujaja)	840	classical	chain	weak	هذا إسناد فيه مقال محمد بن مصعب قال فيه صالح بن محمد البغدادي ضعيف في الأوزاعي وعامة أحاديثه عن الأوزاعي مقلوبة	0.95	1	urn:openiti:0840ShihabDinBusiri.MisbahZujaja.JK000312-ara1:p12951	4:256	3351	Ibn Maja	حدثنا أبو بكر بن أبي شيبة ثنا محمد بن مصعب عن الأوزاعي عن يحيى بن أبي كثير عن هلال بن أبي ميمونة عن عطاء بن يسار عن رفاعة الجهني قال صدرنا مع رسول الله صلى الله
urn:hadith:0273IbnMaja.Sunan:4290	al-Busiri (Misbah al-zujaja)	840	classical	chain	sound	هذا إسناد صحيح رجاله ثقات وأبو سلمة هو موسى بن إسماعيل البصري التبوذكي	1.0	1	urn:openiti:0840ShihabDinBusiri.MisbahZujaja.JK000312-ara1:p12957	4:256	4351	Ibn Maja	حدثنا محمد بن يحيى ثنا أبو سلمة حماد بن سلمة عن سعيد بن إياس الجريري عن أبي نضرة عن ابن عباس أن النبي صلى الله عليه وسلم قال نحن آخر الأمم وأول من يحاسب يقال أي
urn:hadith:0273IbnMaja.Sunan:4291	al-Busiri (Misbah al-zujaja)	840	classical	chain	weak	هذا إسناد ضعيف لضعف جبارة بن المغلس رواه مسلم في صحيحه من حديث أبي بردة أيضا بغير هذا السياق وقد أعله البخاري	0.79	1	urn:openiti:0840ShihabDinBusiri.MisbahZujaja.JK000312-ara1:p12964	4:256	5351	Ibn Maja	حدثنا جبارة بن المغلس ثنا عبد الأعلى بن أبي المسارو عن أبي بردة عن أبيه قال قال رسول الله صلى الله عليه وسلم إذا جمع الله الخلائق يوم القيامة أذن لأمة محمد في ا
urn:hadith:0273IbnMaja.Sunan:4292	al-Busiri (Misbah al-zujaja)	840	classical	chain	weak	هذا إسناد ضعيف لضعف كثير وجبارة وقد أعله البخاري كما تقدم في الحديث قبله	1.0	1	urn:openiti:0840ShihabDinBusiri.MisbahZujaja.JK000312-ara1:p12971	4:257	6351	Ibn Maja	حدثنا جبارة بن المغلس ثنا كثير بن سليم عن أنس بن مالك قال قال رسول الله صلى الله عليه وسلم إن هذه الأمة مرحومة عذابها بأيديها فإذا كان يوم القيامة دفع إلى كل رج
urn:hadith:0273IbnMaja.Sunan:4294	al-Busiri (Misbah al-zujaja)	840	classical	chain	sound	هذا إسناد صحيح رجاله ثقات رواه أبو بكر بن أبي شيبة في مسنده ثنا أبو معاوية فذكره ورواه أبو يعلى الموصلي ثنا العباس ثنا عبد الرحمن بن زياد عن الأعمش فذكره وله شاهد في الصحيحين من حديث أبي هريرة وفي مسلم من حديث سلمان وفي الترمذي من حديث ابن عباس	0.8	1	urn:openiti:0840ShihabDinBusiri.MisbahZujaja.JK000312-ara1:p12982	4:257	7351	Ibn Maja	حدثنا أبو كريب و أحمد بن سنان قالا ثنا أبو معاوية عن الأعمش عن أبي صالح عن أبي سعيد قال قال رسول الله صلى الله عليه وسلم خلق الله عز وجل يوم خلق السموات والأرض 
urn:hadith:0273IbnMaja.Sunan:4297	al-Busiri (Misbah al-zujaja)	840	classical	chain	weak	هذا إسناد فيه إسماعيل بن يحيى وهو متهم وعبد الله ضعيف	0.96	1	urn:openiti:0840ShihabDinBusiri.MisbahZujaja.JK000312-ara1:p12994	4:258	8351	Ibn Maja	حدثنا هشام بن عمار ثنا إبراهيم بن أعين ثنا إسماعيل بن يحيى الشيباني عن عبد الله بن عمر بن حفص عن نافع عن ابن عمر قال كنا مع رسول الله صلى الله عليه وسلم في بعض 
urn:hadith:0273IbnMaja.Sunan:4301	al-Busiri (Misbah al-zujaja)	840	classical	chain	weak	هذا إسناد فيه عطية وهو عطية العوفي وهو ضعيف	1.0	1	urn:openiti:0840ShihabDinBusiri.MisbahZujaja.JK000312-ara1:p13011	4:259	0451	Ibn Maja	حدثنا أبو بكر بن أبي شيبة ثنا محمد بن بشر ثنا زكريا ثنا عطية عن أبي سعيد الخدري أن النبي صلى الله عليه وسلم قال إن لي حوضا ما بين الكعبة وبيت المقدس أبيض مثل ال
urn:hadith:0273IbnMaja.Sunan:4311	al-Busiri (Misbah al-zujaja)	840	classical	chain	sound	هذا إسناد صحيح رواه أبو بكر بن أبي شيبة وأحمد بن حنبل في مسنده من حديث أبي موسى أيضا ورواه الترمذي في الجامع من حديث أبي موسى أيضا مختصرا بلفظ أتاني آت من ربي فخيرني بين أن تدخل نصف أمتي الجنة وبين الشفاعة فاخترت الشفاعة وهي لمن مات لا يشرك بالله شيئا ورواه ابن حبان في صحيحه والحاكم في المستدرك من حديث أبي موسى أيضا وقال الحاكم صحيح على شرط الشيخين	1.0	1	urn:openiti:0840ShihabDinBusiri.MisbahZujaja.JK000312-ara1:p13023	4:260	1451	Ibn Maja	حدثنا إسماعيل بن أسد ثنا أبو بدر ثنا زياد بن خيثمة عن نعيم بن أبي هند عن ربعي بن حراش عن أبي موسى الأشعري قال قال رسول الله صلى الله عليه وسلم خيرت بين الشفاعة 
urn:hadith:0273IbnMaja.Sunan:4313	al-Busiri (Misbah al-zujaja)	840	classical	chain	weak	هذا إسناد ضعيف لضعف علاق بن أبي مسلم رواه البزار في مسنده من طريق عنبسة بإسناده ولفظه أول من يشفع الأنبياء ثم الشهداء ثم المؤذن ورواه أبو يعلى الموصلي في مسنده الكبير ثنا إسحاق ثنا أحمد بن يونس فذكره بإسناده ابن ماجه ومتنه سواء	1.0	1	urn:openiti:0840ShihabDinBusiri.MisbahZujaja.JK000312-ara1:p13028	4:260	2451	Ibn Maja	حدثنا سعيد بن مروان ثنا أحمد بن يونس ثنا عنبسة بن عبد الرحمن عن علاق بن أبي مسلم عن أبان بن عثمان عن عثمان بن عفان قال قال رسول الله صلى الله عليه وسلم يشفع يوم
urn:hadith:0273IbnMaja.Sunan:4322	al-Busiri (Misbah al-zujaja)	840	classical	chain	weak	هذا إسناد ضعيف لضعف عطية والراوي عنه رواه الإمام أحمد في مسنده من حديث أبي سعيد أيضا وأبو يعلى الموصلي والحاكم كلهم من طريق ابن لهيعة ورواه أبو بكر بن أبي شيبة في مسنده هكذا به ورواه أبو يعلى الموصلي من طريق أبي الهيثم عن أبي سعيد به بلفظ آخر	1.0	1	urn:openiti:0840ShihabDinBusiri.MisbahZujaja.JK000312-ara1:p13044	4:261	4451	Ibn Maja	حدثنا أبو بكر بن أبي شيبة ثنا بكر بن عبد الرحمن ثنا عيسى بن المختار عن محمد بن أبي ليلى عن عطية العوفي عن أبي سعيد الخدري عن النبي صلى الله عليه وسلم قال إن الك
urn:hadith:0273IbnMaja.Sunan:4323	al-Busiri (Misbah al-zujaja)	840	classical	chain	weak	هذا إسناد فيه مقال عبد الله بن قيس النخعي ذكره ابن حبان في الثقات وقال أحسبه الذي روى عنه أبو إسحاق عن ابن عباس قوله قال ولم يرو عنه غير داود بن أبي هند	1.0	1	urn:openiti:0840ShihabDinBusiri.MisbahZujaja.JK000312-ara1:p13052	4:262	5451	Ibn Maja	حدثنا أبو بكر بن أبي شيبة ثنا عبد الرحيم بن سليمان عن داود بن أبي هند ثنا عبد الله بن قيس قال كنت عند أبي بردة ذات ليلة فدخل علينا الحارث بن أقيش فحدثنا الحارث 
urn:hadith:0273IbnMaja.Sunan:4324	al-Busiri (Misbah al-zujaja)	840	classical	chain	weak	هذا إسناد فيه يزيد بن إبان الرقاشي وهو ضعيف رواه أبو يعلى في مسنده من حديث أنس أيضا ورواه أبو بكر بن أبي شيبة في مسنده ثنا أبو معاوية عن الأعمش بالإسناد والمتن	1.0	1	urn:openiti:0840ShihabDinBusiri.MisbahZujaja.JK000312-ara1:p13060	4:263	6451	Ibn Maja	حدثنا محمد بن عبد الله بن نمير ثنا محمد بن عبيد عن الأعمش عن يزيد الرقاشي عن أنس بن مالك قال قال رسول الله صلى الله عليه وسلم يرسل البكاء على أهل النار فيبكون ح
urn:hadith:0273IbnMaja.Sunan:4327	al-Busiri (Misbah al-zujaja)	840	classical	chain	sound	هذا إسناد صحيح رجاله ثقات روى البخاري في صحيحه طرفا منه من حديث أبي هريرة وله شاهد في الصحيحين من حديث أبي سعيد الخدري رضي الله عنه	1.0	1	urn:openiti:0840ShihabDinBusiri.MisbahZujaja.JK000312-ara1:p13072	4:264	7451	Ibn Maja	حدثنا أبو بكر بن أبي شيبة ثنا محمد بن بشر عن محمد بن عمرو عن أبي سلمة عن أبي هريرة قال قال رسول الله صلى الله عليه وسلم يؤتى بالموت يوم القيامة فيوقف على الصراط
urn:hadith:0273IbnMaja.Sunan:4329	al-Busiri (Misbah al-zujaja)	840	classical	chain	weak	هذا إسناد ضعيف تقدم الكلام عليه مرات رواه أبو بكر بن أبي شيبة في مسنده هكذا	1.0	1	urn:openiti:0840ShihabDinBusiri.MisbahZujaja.JK000312-ara1:p13079	4:264	8451	Ibn Maja	حدثنا أبو بكر بن أبي شيبة ثنا أبو معاوية عن حجاج عن عطية عن أبي سعيد الخدري عن النبي صلى الله عليه وسلم قال لشبر في الجنة خير من الأرض وما عليها ( الدنيا وما في
urn:hadith:0273IbnMaja.Sunan:4330	al-Busiri (Misbah al-zujaja)	840	classical	chain	weak	هذا إسناد فيه زكريا بن منظور وهو ضعيف وقد تقدم غير مرة لكن لم ينفرد به زكريا عن أبي حازم فقد رواه أحمد بن منيع في مسنده ثنا يعقوب هو ابن أبي لبيد عن حازم فذكره بإسناده ومتنه	1.0	1	urn:openiti:0840ShihabDinBusiri.MisbahZujaja.JK000312-ara1:p13084	4:264	9451	Ibn Maja	حدثنا هشام بن عمار ثنا زكريا بن منظور ثنا أبو حازم عن سهل بن سعد قال قال رسول الله صلى الله عليه وسلم موضع سوط في الجنة خير من الدنيا وما فيها
urn:hadith:0273IbnMaja.Sunan:4332	al-Busiri (Misbah al-zujaja)	840	classical	chain	disputed_narrator	هذا إسناد فيه مقال الضحاك المعافري ذكره ابن حبان في الثقات وقال الذهبي في طبقات التهذيب مجهول وسليمان بن موسى الأموي مختلف فيه وباقي رجال الإسناد ثقات رواه ابن أبي الدنيا والبزار في مسنده وابن حبان في صحيحه والبيهقي كلهم من رواية محمد بن مهاجر به وقال البزار لا نعلم رواه عن النبي صلى الله عليه وسلم إلا أسامة ولا نعلم له طريق عن أسامة إلا هذا الطريق ولا نعلم رواه عن الضحاك إلا هذا الرجل محمد بن مهاجر ورواه ابن أبي الدنيا أيضا مختصرا عن محمد بن مهاجر حدثني سليمان بن موسى لم يذكر فيه الضحاك كذا في الأصول المعتمدة وكذا رواه أبو يعلى الموصلي في مسنده من طريق الوليد بن مسلم حدثني محمد بن المهاجر عن 	0.96	1	urn:openiti:0840ShihabDinBusiri.MisbahZujaja.JK000312-ara1:p13094	4:265	0551	Ibn Maja	حدثنا العباس بن عثمان الدمشقي ثنا الوليد بن مسلم ثنا محمد بن مهاجر الأنصاري حدثني الضحاك المعافري عن سليمان بن موسى عن كريب مولى ابن عباس قال حدثني أسامة بن زيد
urn:hadith:0273IbnMaja.Sunan:4337	al-Busiri (Misbah al-zujaja)	840	classical	chain	disputed_narrator	هذا إسناد فيه مقال خالد بن يزيد بن عبد الرحمن بن أبي مالك وثقه العجلي وأحمد بن صالح المعري وضعفه أحمد وابن معين وأبو داود والنسائي وابن الجارود والساجي والعقيلي وغيرهم وله شاهد من حديث أبي هريرة رواه محمد بن يحيى بن أبي عمر في مسنده	1.0	1	urn:openiti:0840ShihabDinBusiri.MisbahZujaja.JK000312-ara1:p13103	4:266	1551	Ibn Maja	حدثنا هشام بن خالد الأزرق أبو مروان الدمشقي ثنا خالد بن يزيد بن أبي مالك عن أبيه عن خالد بن معدان عن أبي أمامة قال قال رسول الله صلى الله عليه وسلم ما من أحد يد
