hadith_id	critic	death_ah	layer	scope	class	verdict	match	candidates	critic_record	loc	entry	sources	quoted
urn:hadith:0241IbnHanbal.Musnad:15012	Ibn Hajar (Bulugh al-maram)	852	classical	hadith	sound	أخرجه الأربعة, وابن أبي شيبة واللفظ له, وصححه ابن خزيمة والترمذي، ورواه مالك والشافعي وأحمد.	0.83	1	urn:openiti:0852IbnHajarCasqalani.BulughMaram.Shamela0009111-ara1:p00011	1:4	1	al-Tirmidhi, Ahmad, Ibn Khuzayma, the Four	عن أبي هريرة - رضي الله عنه - قال: قال رسول الله - صلى الله عليه وسلم - في البحر: «هو الطهور ماؤه الحل ميتته».
urn:hadith:0273IbnMaja.Sunan:521	Ibn Hajar (Bulugh al-maram)	852	classical	hadith	weak	أخرجه ابن ماجه   وضعفه أبو حاتم.	0.92	1	urn:openiti:0852IbnHajarCasqalani.BulughMaram.Shamela0009111-ara1:p00019	0:1	3	Ibn Maja	وعن أبي أمامة الباهلي - رضي الله عنه - قال: قال رسول - صلى الله عليه وسلم: «إن الماء لا ينجسه شيء, إلا ما غلب على ريحه وطعمه, ولونه».
	Ibn Hajar (Bulugh al-maram)	852	classical	hadith	sound	أخرجه الأربعة, وصححه ابن خزيمة. وابن حبان والحاكم		0	urn:openiti:0852IbnHajarCasqalani.BulughMaram.Shamela0009111-ara1:p00025	0:1	5	al-Hakim, Ibn Khuzayma, Ibn Hibban, the Four	لم يحمل الخبث». وفي لفظ: «لم ينجس».
	Ibn Hajar (Bulugh al-maram)	852	classical	chain	sound	أخرجه أبو داود. والنسائي, وإسناده صحيح.		0	urn:openiti:0852IbnHajarCasqalani.BulughMaram.Shamela0009111-ara1:p00032	0:1	7	Abu Dawud, al-Nasaʾi	وعن رجل صحب النبي - صلى الله عليه وسلم - قال: نهى رسول الله - صلى الله عليه وسلم - أن تغتسل المرأة بفضل الرجل, أو الرجل بفضل المرأة, وليغترفا جميعا.
	Ibn Hajar (Bulugh al-maram)	852	classical	hadith	sound	أخرجه الأربعة, وصححه الترمذي. وابن خزيمة.		0	urn:openiti:0852IbnHajarCasqalani.BulughMaram.Shamela0009111-ara1:p00044	0:1	11	al-Tirmidhi, Ibn Khuzayma, the Four	وعن أبي قتادة - رضي الله عنه - أن رسول الله - صلى الله عليه وسلم - قال في الهرة: «إنها ليست بنجس, إنما هي من الطوافين عليكم».
	Ibn Hajar (Bulugh al-maram)	852	classical	chain	weak	أخرجه أحمد, وابن ماجه, وفيه ضعف		0	urn:openiti:0852IbnHajarCasqalani.BulughMaram.Shamela0009111-ara1:p00048	0:1	13	Ibn Maja, Ahmad	وعن ابن عمر رضي الله عنهما قال: قال رسول الله - صلى الله عليه وسلم: «أحلت لنا ميتتان ودمان, فأما الميتتان: فالجراد والحوت, وأما الدمان: فالطحال والكبد».
	Ibn Hajar (Bulugh al-maram)	852	classical	hadith	fair	أخرجه أبو داود, والترمذي وحسنه, واللفظ له.		0	urn:openiti:0852IbnHajarCasqalani.BulughMaram.Shamela0009111-ara1:p00053	0:1	15	Abu Dawud, al-Tirmidhi	وعن أبي واقد الليثي - رضي الله عنه - قال: قال النبي - صلى الله عليه وسلم: «ما قطع من البهيمة - وهي حية - فهو ميت».
	Ibn Hajar (Bulugh al-maram)	852	classical	hadith	sound	أخرجه أحمد, والترمذي وصححه.		0	urn:openiti:0852IbnHajarCasqalani.BulughMaram.Shamela0009111-ara1:p00079	0:1	26	al-Tirmidhi, Ahmad	وعن عمرو بن خارجة - رضي الله عنه - قال: خطبنا رسول الله - صلى الله عليه وسلم - بمنى, وهو على راحلته, ولعابها يسيل على كتفي.
urn:hadith:0303Nasai.SunanKubra:293	Ibn Hajar (Bulugh al-maram)	852	classical	hadith	sound	أخرجه أبو داود, والنسائي, وصححه الحاكم.	0.88	2	urn:openiti:0852IbnHajarCasqalani.BulughMaram.Shamela0009111-ara1:p00086	0:1	29	Abu Dawud, al-Nasaʾi, al-Hakim	وعن أبي السمح - رضي الله عنه - قال: قال النبي - صلى الله عليه وسلم: «يغسل من بول الجارية, ويرش من بول الغلام».
urn:hadith:0303Nasai.SunanSughra:304	Ibn Hajar (Bulugh al-maram)	852	classical	hadith	sound	أخرجه أبو داود, والنسائي, وصححه الحاكم.	0.88	2	urn:openiti:0852IbnHajarCasqalani.BulughMaram.Shamela0009111-ara1:p00086	0:1	29	Abu Dawud, al-Nasaʾi, al-Hakim	وعن أبي السمح - رضي الله عنه - قال: قال النبي - صلى الله عليه وسلم: «يغسل من بول الجارية, ويرش من بول الغلام».
	Ibn Hajar (Bulugh al-maram)	852	classical	chain	weak	أخرجه الترمذي, وسنده ضعيف.		0	urn:openiti:0852IbnHajarCasqalani.BulughMaram.Shamela0009111-ara1:p00090	0:1	31	al-Tirmidhi	وعن أبي هريرة - رضي الله عنه - قال: قالت خولة: يا رسول الله, فإن لم يذهب الدم? قال: «يكفيك الماء, ولا يضرك أثره».
urn:hadith:0241IbnHanbal.Musnad:9928	Ibn Hajar (Bulugh al-maram)	852	classical	hadith	sound	أخرجه مالك, وأحمد, والنسائي, وصححه ابن خزيمة.	1.0	3	urn:openiti:0852IbnHajarCasqalani.BulughMaram.Shamela0009111-ara1:p00093	0:1	32	al-Nasaʾi, Ahmad, Ibn Khuzayma	عن أبي هريرة - رضي الله عنه - عن رسول الله - صلى الله عليه وسلم - قال: «لولا أن أشق على أمتي لأمرتهم بالسواك مع كل وضوء».
urn:hadith:0303Nasai.SunanKubra:3043	Ibn Hajar (Bulugh al-maram)	852	classical	hadith	sound	أخرجه مالك, وأحمد, والنسائي, وصححه ابن خزيمة.	1.0	3	urn:openiti:0852IbnHajarCasqalani.BulughMaram.Shamela0009111-ara1:p00093	0:1	32	al-Nasaʾi, Ahmad, Ibn Khuzayma	عن أبي هريرة - رضي الله عنه - عن رسول الله - صلى الله عليه وسلم - قال: «لولا أن أشق على أمتي لأمرتهم بالسواك مع كل وضوء».
urn:hadith:0311IbnKhuzaymaNaysaburi.Sahih:140	Ibn Hajar (Bulugh al-maram)	852	classical	hadith	sound	أخرجه مالك, وأحمد, والنسائي, وصححه ابن خزيمة.	1.0	3	urn:openiti:0852IbnHajarCasqalani.BulughMaram.Shamela0009111-ara1:p00093	0:1	32	al-Nasaʾi, Ahmad, Ibn Khuzayma	عن أبي هريرة - رضي الله عنه - عن رسول الله - صلى الله عليه وسلم - قال: «لولا أن أشق على أمتي لأمرتهم بالسواك مع كل وضوء».
	Ibn Hajar (Bulugh al-maram)	852	classical	chain	sound	أخرجه أبو داود، وأخرجه النسائي والترمذي بإسناد صحيح، بل قال الترمذي: إنه أصح شيء في الباب.		0	urn:openiti:0852IbnHajarCasqalani.BulughMaram.Shamela0009111-ara1:p00099	0:1	34	Abu Dawud, al-Tirmidhi, al-Nasaʾi	وعن علي - رضي الله عنه: في صفة وضوء النبي -صلى الله عليه وسلم- قال: ومسح برأسه واحدة.
	Ibn Hajar (Bulugh al-maram)	852	classical	hadith	sound	أخرجه أبو داود, والنسائي, وصححه ابن خزيمة.		0	urn:openiti:0852IbnHajarCasqalani.BulughMaram.Shamela0009111-ara1:p00104	0:1	36	Abu Dawud, al-Nasaʾi, Ibn Khuzayma	وعن عبد الله بن عمرو رضي الله عنهما - في صفة الوضوء - قال: ثم مسح - صلى الله عليه وسلم - برأسه, وأدخل إصبعيه السباحتين في أذنيه, ومسح بإبهاميه ظاهر أذنيه.
urn:hadith:0275AbuDawudSijistani.Sunan:142	Ibn Hajar (Bulugh al-maram)	852	classical	hadith	sound	أخرجه الأربعة, وصححه ابن خزيمة.	0.75	2	urn:openiti:0852IbnHajarCasqalani.BulughMaram.Shamela0009111-ara1:p00110	0:1	39	Ibn Khuzayma, the Four	وعن لقيط بن صبرة, - رضي الله عنه - قال: قال رسول الله - صلى الله عليه وسلم: «أسبغ الوضوء, وخلل بين الأصابع, وبالغ في الاستنشاق, إلا أن تكون صائما».
urn:hadith:0279Tirmidhi.Sunan:757	Ibn Hajar (Bulugh al-maram)	852	classical	hadith	sound	أخرجه الأربعة, وصححه ابن خزيمة.	0.75	2	urn:openiti:0852IbnHajarCasqalani.BulughMaram.Shamela0009111-ara1:p00110	0:1	39	Ibn Khuzayma, the Four	وعن لقيط بن صبرة, - رضي الله عنه - قال: قال رسول الله - صلى الله عليه وسلم: «أسبغ الوضوء, وخلل بين الأصابع, وبالغ في الاستنشاق, إلا أن تكون صائما».
	Ibn Hajar (Bulugh al-maram)	852	classical	hadith	sound	أخرجه الترمذي, وصححه ابن خزيمة.		0	urn:openiti:0852IbnHajarCasqalani.BulughMaram.Shamela0009111-ara1:p00113	0:1	40	al-Tirmidhi, Ibn Khuzayma	وعن عثمان - رضي الله عنه: أن النبي - صلى الله عليه وسلم - كان يخلل لحيته في الوضوء.
urn:hadith:0311IbnKhuzaymaNaysaburi.Sahih:118	Ibn Hajar (Bulugh al-maram)	852	classical	hadith	sound	أخرجه أحمد, وصححه ابن خزيمة.	0.71	1	urn:openiti:0852IbnHajarCasqalani.BulughMaram.Shamela0009111-ara1:p00115	0:1	41	Ahmad, Ibn Khuzayma	وعن عبد الله بن زيد - رضي الله عنه: أن النبي - صلى الله عليه وسلم - أتى بثلثي مد, فجعل يدلك ذراعيه.
	Ibn Hajar (Bulugh al-maram)	852	classical	hadith	sound	أخرجه الأربعة, وصححه ابن خزيمة.		0	urn:openiti:0852IbnHajarCasqalani.BulughMaram.Shamela0009111-ara1:p00126	0:1	45	Ibn Khuzayma, the Four	وعن أبي هريرة - رضي الله عنه - قال: قال رسول الله - صلى الله عليه وسلم: «إذا توضأتم فابدءوا بميامنكم».
	Ibn Hajar (Bulugh al-maram)	852	classical	chain	weak	أخرجه الدارقطني بإسناد ضعيف.		0	urn:openiti:0852IbnHajarCasqalani.BulughMaram.Shamela0009111-ara1:p00134	0:1	48	al-Daraqutni	وعنه قال: كان النبي - صلى الله عليه وسلم - إذا توضأ أدار الماء على مرفقيه.
urn:hadith:0241IbnHanbal.Musnad:11370	Ibn Hajar (Bulugh al-maram)	852	classical	chain	weak	أخرجه أحمد, وأبو داود, وابن ماجه, بإسناد ضعيف.	0.67	4	urn:openiti:0852IbnHajarCasqalani.BulughMaram.Shamela0009111-ara1:p00136	0:1	49	Abu Dawud, Ibn Maja, Ahmad	وعن أبي هريرة - رضي الله عنه - قال: قال رسول الله - صلى الله عليه وسلم: «لا وضوء لمن لم يذكر اسم الله عليه».
urn:hadith:0241IbnHanbal.Musnad:11371	Ibn Hajar (Bulugh al-maram)	852	classical	chain	weak	أخرجه أحمد, وأبو داود, وابن ماجه, بإسناد ضعيف.	0.67	4	urn:openiti:0852IbnHajarCasqalani.BulughMaram.Shamela0009111-ara1:p00136	0:1	49	Abu Dawud, Ibn Maja, Ahmad	وعن أبي هريرة - رضي الله عنه - قال: قال رسول الله - صلى الله عليه وسلم: «لا وضوء لمن لم يذكر اسم الله عليه».
urn:hadith:0273IbnMaja.Sunan:397	Ibn Hajar (Bulugh al-maram)	852	classical	chain	weak	أخرجه أحمد, وأبو داود, وابن ماجه, بإسناد ضعيف.	0.67	4	urn:openiti:0852IbnHajarCasqalani.BulughMaram.Shamela0009111-ara1:p00136	0:1	49	Abu Dawud, Ibn Maja, Ahmad	وعن أبي هريرة - رضي الله عنه - قال: قال رسول الله - صلى الله عليه وسلم: «لا وضوء لمن لم يذكر اسم الله عليه».
urn:hadith:0275AbuDawudSijistani.Sunan:102	Ibn Hajar (Bulugh al-maram)	852	classical	chain	weak	أخرجه أحمد, وأبو داود, وابن ماجه, بإسناد ضعيف.	0.67	4	urn:openiti:0852IbnHajarCasqalani.BulughMaram.Shamela0009111-ara1:p00136	0:1	49	Abu Dawud, Ibn Maja, Ahmad	وعن أبي هريرة - رضي الله عنه - قال: قال رسول الله - صلى الله عليه وسلم: «لا وضوء لمن لم يذكر اسم الله عليه».
	Ibn Hajar (Bulugh al-maram)	852	classical	chain	weak	أخرجه أبو داود بإسناد ضعيف.		0	urn:openiti:0852IbnHajarCasqalani.BulughMaram.Shamela0009111-ara1:p00145	0:1	52	Abu Dawud	يفصل بين المضمضة والاستنشاق.
urn:hadith:0275AbuDawudSijistani.Sunan:162	Ibn Hajar (Bulugh al-maram)	852	classical	chain	fair	أخرجه أبو داود بإسناد حسن.	0.94	1	urn:openiti:0852IbnHajarCasqalani.BulughMaram.Shamela0009111-ara1:p00165	0:1	60	Abu Dawud	وعن علي - رضي الله عنه - قال: لو كان الدين بالرأي لكان أسفل الخف أولى بالمسح من أعلاه, وقد رأيت رسول الله - صلى الله عليه وسلم - يمسح على ظاهر خفيه.
	Ibn Hajar (Bulugh al-maram)	852	classical	hadith	sound	رواه أحمد, وأبو داود, وصححه الحاكم.		0	urn:openiti:0852IbnHajarCasqalani.BulughMaram.Shamela0009111-ara1:p00171	0:1	63	Abu Dawud, Ahmad, al-Hakim	وعن ثوبان - رضي الله عنه - قال: بعث رسول الله - صلى الله عليه وسلم - سرية, فأمرهم أن يمسحوا على العصائب - يعني: العمائم - والتساخين- يعني: الخفاف.
urn:hadith:0385Daraqutni.Sunan:736	Ibn Hajar (Bulugh al-maram)	852	classical	hadith	sound	أخرجه الدارقطني, والحاكم وصححه.	0.56	1	urn:openiti:0852IbnHajarCasqalani.BulughMaram.Shamela0009111-ara1:p00173	0:1	64	al-Daraqutni, al-Hakim	وعن عمر - موقوفا - و [عن] أنس - مرفوعا: «إذا توضأ أحدكم ولبس خفيه فليمسح عليهما, وليصل فيهما, ولا يخلعهما إن شاء إلا من جنابة».
urn:hadith:0311IbnKhuzaymaNaysaburi.Sahih:192	Ibn Hajar (Bulugh al-maram)	852	classical	hadith	sound	أخرجه الدارقطني, وصححه ابن خزيمة.	0.86	2	urn:openiti:0852IbnHajarCasqalani.BulughMaram.Shamela0009111-ara1:p00175	0:1	65	al-Daraqutni, Ibn Khuzayma	وعن أبي بكرة - رضي الله عنه - عن النبي - صلى الله عليه وسلم: «أنه رخص للمسافر ثلاثة أيام ولياليهن, وللمقيم يوما وليلة, إذا تطهر فلبس خفيه: أن يمسح عليهما.
urn:hadith:0385Daraqutni.Sunan:738	Ibn Hajar (Bulugh al-maram)	852	classical	hadith	sound	أخرجه الدارقطني, وصححه ابن خزيمة.	0.86	2	urn:openiti:0852IbnHajarCasqalani.BulughMaram.Shamela0009111-ara1:p00175	0:1	65	al-Daraqutni, Ibn Khuzayma	وعن أبي بكرة - رضي الله عنه - عن النبي - صلى الله عليه وسلم: «أنه رخص للمسافر ثلاثة أيام ولياليهن, وللمقيم يوما وليلة, إذا تطهر فلبس خفيه: أن يمسح عليهما.
	Ibn Hajar (Bulugh al-maram)	852	classical	chain	weak	أخرجه أبو داود, وقال: ليس بالقوي.		0	urn:openiti:0852IbnHajarCasqalani.BulughMaram.Shamela0009111-ara1:p00177	0:1	66	Abu Dawud	وعن أبي بن عمارة - رضي الله عنه - أنه قال: يا رسول الله أمسح على الخفين? قال: «نعم» قال: يوما? قال: «نعم»، قال: ويومين? قال: «نعم»، قال: وثلاثة? قال: «نعم, وما 
	Ibn Hajar (Bulugh al-maram)	852	classical	hadith	sound	أخرجه أبو داود, وصححه الدارقطني.		0	urn:openiti:0852IbnHajarCasqalani.BulughMaram.Shamela0009111-ara1:p00180	0:1	67	Abu Dawud, al-Daraqutni	عن أنس بن مالك - رضي الله عنه - قال: كان أصحاب رسول الله - صلى الله عليه وسلم - على عهده - ينتظرون العشاء حتى تخفق رؤوسهم, ثم يصلون ولا يتوضئون.
urn:hadith:0241IbnHanbal.Musnad:25766	Ibn Hajar (Bulugh al-maram)	852	classical	hadith	weak	أخرجه أحمد, وضعفه البخاري.	0.89	1	urn:openiti:0852IbnHajarCasqalani.BulughMaram.Shamela0009111-ara1:p00189	0:1	70	Ahmad	وعن عائشة, رضي الله عنها: أن النبي - صلى الله عليه وسلم - قبل بعض نسائه, ثم خرج إلى الصلاة ولم يتوضأ.
	Ibn Hajar (Bulugh al-maram)	852	classical	hadith	sound	أخرجه الخمسة, وصححه ابن حبان.		0	urn:openiti:0852IbnHajarCasqalani.BulughMaram.Shamela0009111-ara1:p00193	0:1	72	Ibn Hibban, the Five	وعن طلق بن علي - رضي الله عنه - قال: قال رجل: مسست ذكري، أو قال: الرجل يمس ذكره في الصلاة, أعليه وضوء? فقال النبي - صلى الله عليه وسلم - «لا, إنما هو بضعة منك».
	Ibn Hajar (Bulugh al-maram)	852	classical	hadith	sound	أخرجه الخمسة, وصححه الترمذي, وابن حبان.		0	urn:openiti:0852IbnHajarCasqalani.BulughMaram.Shamela0009111-ara1:p00197	0:1	73	al-Tirmidhi, Ibn Hibban, the Five	وعن بسرة بنت صفوان رضي الله عنها; - أن رسول الله - صلى الله عليه وسلم - قال: «من مس ذكره فليتوضأ».
urn:hadith:0241IbnHanbal.Musnad:9862	Ibn Hajar (Bulugh al-maram)	852	classical	hadith	fair	أخرجه أحمد, والنسائي, والترمذي وحسنه.	0.86	1	urn:openiti:0852IbnHajarCasqalani.BulughMaram.Shamela0009111-ara1:p00207	0:1	76	al-Tirmidhi, al-Nasaʾi, Ahmad	وعن أبي هريرة - رضي الله عنه - قال: قال رسول الله - صلى الله عليه وسلم: «من غسل ميتا فليغتسل, ومن حمله فليتوضأ».
	Ibn Hajar (Bulugh al-maram)	852	classical	chain	weak	رواه مالك مرسلا, ووصله النسائي, وابن حبان, وهو معلول.		0	urn:openiti:0852IbnHajarCasqalani.BulughMaram.Shamela0009111-ara1:p00210	0:1	77	al-Nasaʾi, Ibn Hibban	وعن عبد الله بن أبي بكر رحمه الله: أن في الكتاب الذي كتبه رسول الله - صلى الله عليه وسلم - لعمرو بن حزم: «أن لا يمس القرآن إلا طاهر».
urn:hadith:0273IbnMaja.Sunan:303	Ibn Hajar (Bulugh al-maram)	852	classical	chain	weak	أخرجه الأربعة, وهو معلول.	1.0	1	urn:openiti:0852IbnHajarCasqalani.BulughMaram.Shamela0009111-ara1:p00233	0:1	86	the Four	عن أنس بن مالك - رضي الله عنه - قال: كان رسول الله - صلى الله عليه وسلم - إذا دخل الخلاء وضع خاتمه.
	Ibn Hajar (Bulugh al-maram)	852	classical	hadith	disputed	رواه.   وصححه ابن السكن, وابن القطان, وهو معلول.		0	urn:openiti:0852IbnHajarCasqalani.BulughMaram.Shamela0009111-ara1:p00249	0:1	94		وعن جابر - رضي الله عنه - قال: قال رسول الله - صلى الله عليه وسلم: «إذا تغوط الرجلان فليتوار كل واحد منهما عن صاحبه, ولا يتحدثا، فإن الله يمقت على ذلك».
urn:hadith:0241IbnHanbal.Musnad:25220	Ibn Hajar (Bulugh al-maram)	852	classical	hadith	sound	أخرجه الخمسة، وصححه أبو حاتم, والحاكم.	0.8	4	urn:openiti:0852IbnHajarCasqalani.BulughMaram.Shamela0009111-ara1:p00261	0:1	99	al-Hakim, the Five	وعنها; - أن النبي - صلى الله عليه وسلم - كان إذا خرج من الغائط قال: «غفرانك».
urn:hadith:0273IbnMaja.Sunan:300	Ibn Hajar (Bulugh al-maram)	852	classical	hadith	sound	أخرجه الخمسة، وصححه أبو حاتم, والحاكم.	0.8	4	urn:openiti:0852IbnHajarCasqalani.BulughMaram.Shamela0009111-ara1:p00261	0:1	99	al-Hakim, the Five	وعنها; - أن النبي - صلى الله عليه وسلم - كان إذا خرج من الغائط قال: «غفرانك».
urn:hadith:0275AbuDawudSijistani.Sunan:30	Ibn Hajar (Bulugh al-maram)	852	classical	hadith	sound	أخرجه الخمسة، وصححه أبو حاتم, والحاكم.	0.8	4	urn:openiti:0852IbnHajarCasqalani.BulughMaram.Shamela0009111-ara1:p00261	0:1	99	al-Hakim, the Five	وعنها; - أن النبي - صلى الله عليه وسلم - كان إذا خرج من الغائط قال: «غفرانك».
urn:hadith:0405HakimNaysaburi.Mustadrak:562	Ibn Hajar (Bulugh al-maram)	852	classical	hadith	sound	أخرجه الخمسة، وصححه أبو حاتم, والحاكم.	0.8	4	urn:openiti:0852IbnHajarCasqalani.BulughMaram.Shamela0009111-ara1:p00261	0:1	99	al-Hakim, the Five	وعنها; - أن النبي - صلى الله عليه وسلم - كان إذا خرج من الغائط قال: «غفرانك».
	Ibn Hajar (Bulugh al-maram)	852	classical	hadith	sound	رواه الدارقطني وصححه.		0	urn:openiti:0852IbnHajarCasqalani.BulughMaram.Shamela0009111-ara1:p00267	0:1	101	al-Daraqutni	وعن أبي هريرة - رضي الله عنه: أن رسول الله - صلى الله عليه وسلم - نهى أن يستنجى بعظم, أو روث، وقال: «إنهما لا يطهران».
	Ibn Hajar (Bulugh al-maram)	852	classical	chain	weak	رواه البيهقي بسند ضعيف.		0	urn:openiti:0852IbnHajarCasqalani.BulughMaram.Shamela0009111-ara1:p00273	0:1	104		وعن سراقة بن مالك - رضي الله عنه - قال: علمنا رسول الله - صلى الله عليه وسلم - في الخلاء أن نقعد على اليسرى, وننصب اليمنى.
	Ibn Hajar (Bulugh al-maram)	852	classical	chain	weak	رواه ابن ماجه بسند ضعيف.		0	urn:openiti:0852IbnHajarCasqalani.BulughMaram.Shamela0009111-ara1:p00275	0:1	105	Ibn Maja	وعن عيسى بن يزداد, عن أبيه قال: قال رسول الله - صلى الله عليه وسلم: «إذا بال أحدكم فلينثر ذكره ثلاث مرات».
	Ibn Hajar (Bulugh al-maram)	852	classical	chain	weak	رواه البزار بسند ضعيف.		0	urn:openiti:0852IbnHajarCasqalani.BulughMaram.Shamela0009111-ara1:p00277	0:1	106	al-Bazzar	وعن ابن عباس - رضي الله عنهما: أن النبي - صلى الله عليه وسلم - سأل أهل قباء, فقالوا: إنا نتبع الحجارة الماء.
urn:hadith:0275AbuDawudSijistani.Sunan:348	Ibn Hajar (Bulugh al-maram)	852	classical	hadith	sound	رواه أبو داود, وصححه ابن خزيمة.	0.85	1	urn:openiti:0852IbnHajarCasqalani.BulughMaram.Shamela0009111-ara1:p00293	0:1	112	Abu Dawud, Ibn Khuzayma	وعن عائشة رضي الله عنها قالت: كان النبي - صلى الله عليه وسلم - يغتسل من أربع: من الجنابة, ويوم الجمعة, ومن الحجامة, ومن غسل الميت.
urn:hadith:0241IbnHanbal.Musnad:20177	Ibn Hajar (Bulugh al-maram)	852	classical	hadith	fair	رواه الخمسة, وحسنه الترمذي.	0.9	3	urn:openiti:0852IbnHajarCasqalani.BulughMaram.Shamela0009111-ara1:p00302	0:1	115	al-Tirmidhi, the Five	وعن سمرة - رضي الله عنه - قال: قال رسول الله - صلى الله عليه وسلم: «من توضأ يوم الجمعة فبها ونعمت, ومن اغتسل فالغسل أفضل».
urn:hadith:0303Nasai.SunanKubra:1684	Ibn Hajar (Bulugh al-maram)	852	classical	hadith	fair	رواه الخمسة, وحسنه الترمذي.	0.9	3	urn:openiti:0852IbnHajarCasqalani.BulughMaram.Shamela0009111-ara1:p00302	0:1	115	al-Tirmidhi, the Five	وعن سمرة - رضي الله عنه - قال: قال رسول الله - صلى الله عليه وسلم: «من توضأ يوم الجمعة فبها ونعمت, ومن اغتسل فالغسل أفضل».
urn:hadith:0303Nasai.SunanSughra:1380	Ibn Hajar (Bulugh al-maram)	852	classical	hadith	fair	رواه الخمسة, وحسنه الترمذي.	0.9	3	urn:openiti:0852IbnHajarCasqalani.BulughMaram.Shamela0009111-ara1:p00302	0:1	115	al-Tirmidhi, the Five	وعن سمرة - رضي الله عنه - قال: قال رسول الله - صلى الله عليه وسلم: «من توضأ يوم الجمعة فبها ونعمت, ومن اغتسل فالغسل أفضل».
	Ibn Hajar (Bulugh al-maram)	852	classical	hadith	sound	رواه الخمسة, وهذا لفظ الترمذي وحسنة, وصححه ابن حبان.		0	urn:openiti:0852IbnHajarCasqalani.BulughMaram.Shamela0009111-ara1:p00306	0:1	116	al-Tirmidhi, Ibn Hibban, the Five	جنبا.
urn:hadith:0275AbuDawudSijistani.Sunan:232	Ibn Hajar (Bulugh al-maram)	852	classical	hadith	sound	رواه أبو داود, وصححه ابن خزيمة.	0.57	2	urn:openiti:0852IbnHajarCasqalani.BulughMaram.Shamela0009111-ara1:p00323	0:1	122	Abu Dawud, Ibn Khuzayma	وعن عائشة رضي الله عنها قالت: قال رسول الله - صلى الله عليه وسلم: «إني لا أحل المسجد لحائض ولا جنب».
urn:hadith:0311IbnKhuzaymaNaysaburi.Sahih:1327	Ibn Hajar (Bulugh al-maram)	852	classical	hadith	sound	رواه أبو داود, وصححه ابن خزيمة.	0.57	2	urn:openiti:0852IbnHajarCasqalani.BulughMaram.Shamela0009111-ara1:p00323	0:1	122	Abu Dawud, Ibn Khuzayma	وعن عائشة رضي الله عنها قالت: قال رسول الله - صلى الله عليه وسلم: «إني لا أحل المسجد لحائض ولا جنب».
urn:hadith:0292AbuBakrBazzar.BahrZakhkhar:10068	Ibn Hajar (Bulugh al-maram)	852	classical	hadith	disputed	رواه البزار, وصححه ابن القطان, [و] لكن صوب الدارقطني إرساله.	0.87	1	urn:openiti:0852IbnHajarCasqalani.BulughMaram.Shamela0009111-ara1:p00346	0:1	131	al-Daraqutni, al-Bazzar	وعن أبي هريرة - رضي الله عنه - قال: قال رسول الله - صلى الله عليه وسلم: «الصعيد وضوء المسلم, وإن لم يجد الماء عشر سنين, فإذا وجد الماء فليتق الله, وليمسه بشرته»
urn:hadith:0385Daraqutni.Sunan:636	Ibn Hajar (Bulugh al-maram)	852	classical	hadith	sound	رواه الدارقطني موقوفا, ورفعه البزار, وصححه ابن خزيمة, والحاكم.	0.59	1	urn:openiti:0852IbnHajarCasqalani.BulughMaram.Shamela0009111-ara1:p00352	0:1	134	al-Daraqutni, al-Hakim, Ibn Khuzayma, al-Bazzar	وعن ابن عباس رضي الله عنهما في قوله - عز وجل: {وإن كنتم مرضى أو على سفر}   قال: «إذا كانت بالرجل الجراحة في سبيل الله والقروح, فيجنب, فيخاف أن يموت إن اغتسل: تي
urn:hadith:0273IbnMaja.Sunan:657	Ibn Hajar (Bulugh al-maram)	852	classical	chain	very_weak	رواه ابن ماجه بسند واه جدا.	0.75	1	urn:openiti:0852IbnHajarCasqalani.BulughMaram.Shamela0009111-ara1:p00354	0:1	135	Ibn Maja	وعن علي - رضي الله عنه - قال: انكسرت إحدى زندي فسألت رسول الله - صلى الله عليه وسلم - فأمرني أن أمسح على الجبائر.
	Ibn Hajar (Bulugh al-maram)	852	classical	chain	weak	رواه أبو داود بسند فيه ضعف, وفيه اختلاف على رواته.		0	urn:openiti:0852IbnHajarCasqalani.BulughMaram.Shamela0009111-ara1:p00356	0:1	136	Abu Dawud	وعن جابر [بن عبد الله] رضي الله عنهما في الرجل الذي شج, فاغتسل فمات: «إنما كان يكفيه أن يتيمم, ويعصب على جرحه خرقة, ثم يمسح عليها ويغسل سائر جسده».
urn:hadith:0385Daraqutni.Sunan:669	Ibn Hajar (Bulugh al-maram)	852	classical	chain	very_weak	رواه الدارقطني بإسناد ضعيف جدا.	0.92	1	urn:openiti:0852IbnHajarCasqalani.BulughMaram.Shamela0009111-ara1:p00358	0:1	137	al-Daraqutni	وعن ابن عباس رضي الله عنهما قال: من السنة أن لا يصلي الرجل بالتيمم إلا صلاة واحدة, ثم يتيمم للصلاة الأخرى.
urn:hadith:0739CalaDinIbnBalban.Ihsan:1348	Ibn Hajar (Bulugh al-maram)	852	classical	hadith	sound	رواه أبو داود, والنسائي, وصححه ابن حبان, والحاكم, واستنكره أبو حاتم.	0.8	2	urn:openiti:0852IbnHajarCasqalani.BulughMaram.Shamela0009111-ara1:p00363	0:1	138	Abu Dawud, al-Nasaʾi, al-Hakim, Ibn Hibban	فقال رسول الله - صلى الله عليه وسلم: «إن دم الحيض دم أسود يعرف, فإذا كان ذلك فأمسكي من الصلاة, فإذا كان الآخر فتوضئي, وصلي».
urn:hadith:0303Nasai.SunanSughra:363	Ibn Hajar (Bulugh al-maram)	852	classical	hadith	sound	رواه أبو داود, والنسائي, وصححه ابن حبان, والحاكم, واستنكره أبو حاتم.	0.73	2	urn:openiti:0852IbnHajarCasqalani.BulughMaram.Shamela0009111-ara1:p00363	0:1	138	Abu Dawud, al-Nasaʾi, al-Hakim, Ibn Hibban	فقال رسول الله - صلى الله عليه وسلم: «إن دم الحيض دم أسود يعرف, فإذا كان ذلك فأمسكي من الصلاة, فإذا كان الآخر فتوضئي, وصلي».
urn:hadith:0279Tirmidhi.Sunan:122	Ibn Hajar (Bulugh al-maram)	852	classical	hadith	sound	رواه الخمسة إلا النسائي, وصححه الترمذي, وحسنه البخاري.	0.68	1	urn:openiti:0852IbnHajarCasqalani.BulughMaram.Shamela0009111-ara1:p00369	0:1	140	al-Tirmidhi, al-Nasaʾi, the Five	وعن حمنة بنت جحش قالت: كنت أستحاض حيضة كبيرة شديدة, فأتيت النبي - صلى الله عليه وسلم - أستفتيه, فقال: «إنما هي ركضة من الشيطان, فتحيضي ستة أيام, أو سبعة, ثم اغت
urn:hadith:0241IbnHanbal.Musnad:2595	Ibn Hajar (Bulugh al-maram)	852	classical	hadith	disputed	رواه الخمسة, وصححه الحاكم وابن القطان, ورجح غيرهما وقفه.	0.91	4	urn:openiti:0852IbnHajarCasqalani.BulughMaram.Shamela0009111-ara1:p00383	0:1	146	al-Hakim, the Five	وعن ابن عباس رضي الله عنهما, عن النبي - صلى الله عليه وسلم - في الذي يأتي امرأته وهي حائض - قال: «يتصدق بدينار, أو نصف دينار».
urn:hadith:0275AbuDawudSijistani.Sunan:264	Ibn Hajar (Bulugh al-maram)	852	classical	hadith	disputed	رواه الخمسة, وصححه الحاكم وابن القطان, ورجح غيرهما وقفه.	0.91	4	urn:openiti:0852IbnHajarCasqalani.BulughMaram.Shamela0009111-ara1:p00383	0:1	146	al-Hakim, the Five	وعن ابن عباس رضي الله عنهما, عن النبي - صلى الله عليه وسلم - في الذي يأتي امرأته وهي حائض - قال: «يتصدق بدينار, أو نصف دينار».
urn:hadith:0303Nasai.SunanKubra:9098	Ibn Hajar (Bulugh al-maram)	852	classical	hadith	disputed	رواه الخمسة, وصححه الحاكم وابن القطان, ورجح غيرهما وقفه.	0.91	4	urn:openiti:0852IbnHajarCasqalani.BulughMaram.Shamela0009111-ara1:p00383	0:1	146	al-Hakim, the Five	وعن ابن عباس رضي الله عنهما, عن النبي - صلى الله عليه وسلم - في الذي يأتي امرأته وهي حائض - قال: «يتصدق بدينار, أو نصف دينار».
urn:hadith:0303Nasai.SunanKubra:9099	Ibn Hajar (Bulugh al-maram)	852	classical	hadith	disputed	رواه الخمسة, وصححه الحاكم وابن القطان, ورجح غيرهما وقفه.	0.91	4	urn:openiti:0852IbnHajarCasqalani.BulughMaram.Shamela0009111-ara1:p00383	0:1	146	al-Hakim, the Five	وعن ابن عباس رضي الله عنهما, عن النبي - صلى الله عليه وسلم - في الذي يأتي امرأته وهي حائض - قال: «يتصدق بدينار, أو نصف دينار».
	Ibn Hajar (Bulugh al-maram)	852	classical	hadith	weak	رواه أبو داود وضعفه.		0	urn:openiti:0852IbnHajarCasqalani.BulughMaram.Shamela0009111-ara1:p00391	0:1	149	Abu Dawud	قال: «ما فوق الإزار».
urn:hadith:0241IbnHanbal.Musnad:17257	Ibn Hajar (Bulugh al-maram)	852	classical	hadith	sound	رواه الخمسة, وصححه الترمذي, وابن حبان.	0.83	2	urn:openiti:0852IbnHajarCasqalani.BulughMaram.Shamela0009111-ara1:p00416	0:1	160	al-Tirmidhi, Ibn Hibban, the Five	وعن رافع بن خديج - رضي الله عنه - قال: قال رسول الله - صلى الله عليه وسلم: «أصبحوا بالصبح فإنه أعظم لأجوركم».
urn:hadith:0275AbuDawudSijistani.Sunan:424	Ibn Hajar (Bulugh al-maram)	852	classical	hadith	sound	رواه الخمسة, وصححه الترمذي, وابن حبان.	0.83	2	urn:openiti:0852IbnHajarCasqalani.BulughMaram.Shamela0009111-ara1:p00416	0:1	160	al-Tirmidhi, Ibn Hibban, the Five	وعن رافع بن خديج - رضي الله عنه - قال: قال رسول الله - صلى الله عليه وسلم: «أصبحوا بالصبح فإنه أعظم لأجوركم».
urn:hadith:0279Tirmidhi.Sunan:837	Ibn Hajar (Bulugh al-maram)	852	classical	hadith	sound	رواه الخمسة, وصححه الترمذي, وابن حبان.	0.89	3	urn:openiti:0852IbnHajarCasqalani.BulughMaram.Shamela0009111-ara1:p00432	0:1	167	al-Tirmidhi, Ibn Hibban, the Five	وعن جبير بن مطعم - رضي الله عنه - قال: قال رسول الله - صلى الله عليه وسلم: «يا بني عبد مناف, لا تمنعوا أحدا طاف بهذا البيت وصلى أية ساعة شاء من ليل [أ] ونهار».
urn:hadith:0303Nasai.SunanSughra:585	Ibn Hajar (Bulugh al-maram)	852	classical	hadith	sound	رواه الخمسة, وصححه الترمذي, وابن حبان.	0.89	3	urn:openiti:0852IbnHajarCasqalani.BulughMaram.Shamela0009111-ara1:p00432	0:1	167	al-Tirmidhi, Ibn Hibban, the Five	وعن جبير بن مطعم - رضي الله عنه - قال: قال رسول الله - صلى الله عليه وسلم: «يا بني عبد مناف, لا تمنعوا أحدا طاف بهذا البيت وصلى أية ساعة شاء من ليل [أ] ونهار».
urn:hadith:0273IbnMaja.Sunan:1254	Ibn Hajar (Bulugh al-maram)	852	classical	hadith	sound	رواه الخمسة, وصححه الترمذي, وابن حبان.	0.83	3	urn:openiti:0852IbnHajarCasqalani.BulughMaram.Shamela0009111-ara1:p00432	0:1	167	al-Tirmidhi, Ibn Hibban, the Five	وعن جبير بن مطعم - رضي الله عنه - قال: قال رسول الله - صلى الله عليه وسلم: «يا بني عبد مناف, لا تمنعوا أحدا طاف بهذا البيت وصلى أية ساعة شاء من ليل [أ] ونهار».
	Ibn Hajar (Bulugh al-maram)	852	classical	chain	very_weak	أخرجه الدارقطني بسند ضعيف جدا.		0	urn:openiti:0852IbnHajarCasqalani.BulughMaram.Shamela0009111-ara1:p00445	0:1	172	al-Daraqutni	وعن أبي محذورة - رضي الله عنه - أن النبي - صلى الله عليه وسلم - قال: «أول الوقت رضوان الله, وأوسطه رحمة الله; وآخره عفو الله».
	Ibn Hajar (Bulugh al-maram)	852	classical	hadith	sound	أخرجه أحمد, وأبو داود, وصححه الترمذي, وابن خزيمة.		0	urn:openiti:0852IbnHajarCasqalani.BulughMaram.Shamela0009111-ara1:p00461	0:1	178	Abu Dawud, al-Tirmidhi, Ahmad, Ibn Khuzayma	نائم - رجل فقال: تقول: الله أكبر الله أكبر, فذكر الآذان - بتربيع التكبير بغير ترجيع, والإقامة فرادى, إلا قد قامت الصلاة. قال: فلما أصبحت أتيت رسول الله - صلى ال
	Ibn Hajar (Bulugh al-maram)	852	classical	hadith	sound	رواه أحمد, والترمذي وصححه.		0	urn:openiti:0852IbnHajarCasqalani.BulughMaram.Shamela0009111-ara1:p00473	0:1	182	al-Tirmidhi, Ahmad	وعن أبي جحيفة - رضي الله عنه - قال: رأيت بلالا يؤذن وأتتبع فاه, هاهنا وهاهنا, وإصبعاه في أذنيه.
urn:hadith:0275AbuDawudSijistani.Sunan:532	Ibn Hajar (Bulugh al-maram)	852	classical	hadith	weak	رواه أبو داود، وضعفه.	0.6	1	urn:openiti:0852IbnHajarCasqalani.BulughMaram.Shamela0009111-ara1:p00496	0:1	191	Abu Dawud	وعن ابن عمر: إن بلالا أذن قبل الفجر, فأمره النبي - صلى الله عليه وسلم - أن يرجع, فينادي: «ألا إن العبد نام».
urn:hadith:0275AbuDawudSijistani.Sunan:531	Ibn Hajar (Bulugh al-maram)	852	classical	hadith	sound	أخرجه الخمسة, وحسنه الترمذي, وصححه الحاكم.	0.94	2	urn:openiti:0852IbnHajarCasqalani.BulughMaram.Shamela0009111-ara1:p00504	0:1	195	al-Tirmidhi, al-Hakim, the Five	وعن عثمان بن أبي العاص - رضي الله عنه - أنه قال: يا رسول الله اجعلني إمام قومي. قال: «أنت إمامهم, واقتد بأضعفهم, واتخذ مؤذنا لا يأخذ على أذانه أجرا».
urn:hadith:0405HakimNaysaburi.Mustadrak:715	Ibn Hajar (Bulugh al-maram)	852	classical	hadith	sound	أخرجه الخمسة, وحسنه الترمذي, وصححه الحاكم.	0.94	2	urn:openiti:0852IbnHajarCasqalani.BulughMaram.Shamela0009111-ara1:p00504	0:1	195	al-Tirmidhi, al-Hakim, the Five	وعن عثمان بن أبي العاص - رضي الله عنه - أنه قال: يا رسول الله اجعلني إمام قومي. قال: «أنت إمامهم, واقتد بأضعفهم, واتخذ مؤذنا لا يأخذ على أذانه أجرا».
urn:hadith:0279Tirmidhi.Sunan:187	Ibn Hajar (Bulugh al-maram)	852	classical	hadith	weak	رواه الترمذي وضعفه.	0.67	1	urn:openiti:0852IbnHajarCasqalani.BulughMaram.Shamela0009111-ara1:p00508	0:1	197	al-Tirmidhi	وعن جابر - رضي الله عنه: أن رسول الله - صلى الله عليه وسلم - قال لبلال: «إذا أذنت فترسل, وإذا أقمت فاحدر, واجعل بين أذانك وإقامتك قدر ما يفرغ الآكل من أكله». ال
	Ibn Hajar (Bulugh al-maram)	852	classical	hadith	weak	رواه ابن عدي وضعفه.		0	urn:openiti:0852IbnHajarCasqalani.BulughMaram.Shamela0009111-ara1:p00521	0:1	201		, والإمام أملك بالإقامة».
	Ibn Hajar (Bulugh al-maram)	852	classical	hadith	sound	رواه النسائي, وصححه ابن خزيمة.		0	urn:openiti:0852IbnHajarCasqalani.BulughMaram.Shamela0009111-ara1:p00527	0:1	203	al-Nasaʾi, Ibn Khuzayma	
urn:hadith:0275AbuDawudSijistani.Sunan:205	Ibn Hajar (Bulugh al-maram)	852	classical	hadith	sound	رواه الخمسة, وصححه ابن حبان.	0.67	2	urn:openiti:0852IbnHajarCasqalani.BulughMaram.Shamela0009111-ara1:p00532	1:61	204	Ibn Hibban, the Five	عن علي بن طلق - رضي الله عنه - قال: قال رسول الله - صلى الله عليه وسلم: «إذا فسا أحدكم في الصلاة فلينصرف, وليتوضأ, وليعد الصلاة».
urn:hadith:0275AbuDawudSijistani.Sunan:1005	Ibn Hajar (Bulugh al-maram)	852	classical	hadith	sound	رواه الخمسة, وصححه ابن حبان.	0.67	2	urn:openiti:0852IbnHajarCasqalani.BulughMaram.Shamela0009111-ara1:p00532	1:61	204	Ibn Hibban, the Five	عن علي بن طلق - رضي الله عنه - قال: قال رسول الله - صلى الله عليه وسلم: «إذا فسا أحدكم في الصلاة فلينصرف, وليتوضأ, وليعد الصلاة».
urn:hadith:0273IbnMaja.Sunan:1221	Ibn Hajar (Bulugh al-maram)	852	classical	hadith	weak	رواه ابن ماجه, وضعفه أحمد].	0.89	1	urn:openiti:0852IbnHajarCasqalani.BulughMaram.Shamela0009111-ara1:p00534	0:1	204	Ibn Maja, Ahmad	(أ) [وعن عائشة - رضي الله عنها - قالت: قال رسول الله - صلى الله عليه وسلم: «من أصابه قيء, أو رعاف, أو مذي, فلينصرف, فليتوضأ, ثم ليبن على صلاته, وهو في ذلك لا يت
urn:hadith:0273IbnMaja.Sunan:655	Ibn Hajar (Bulugh al-maram)	852	classical	hadith	sound	رواه الخمسة إلا النسائي, وصححه ابن خزيمة.	1.0	2	urn:openiti:0852IbnHajarCasqalani.BulughMaram.Shamela0009111-ara1:p00536	1:67	205	al-Nasaʾi, Ibn Khuzayma, the Five	و [عن عائشة - رضي الله عنها -] , عن النبي - صلى الله عليه وسلم - قال: «لا يقبل الله صلاة حائض إلا بخمار».
urn:hadith:0275AbuDawudSijistani.Sunan:641	Ibn Hajar (Bulugh al-maram)	852	classical	hadith	sound	رواه الخمسة إلا النسائي, وصححه ابن خزيمة.	1.0	2	urn:openiti:0852IbnHajarCasqalani.BulughMaram.Shamela0009111-ara1:p00536	1:67	205	al-Nasaʾi, Ibn Khuzayma, the Five	و [عن عائشة - رضي الله عنها -] , عن النبي - صلى الله عليه وسلم - قال: «لا يقبل الله صلاة حائض إلا بخمار».
	Ibn Hajar (Bulugh al-maram)	852	classical	hadith	weak	أخرجه الترمذي وضعفه.		0	urn:openiti:0852IbnHajarCasqalani.BulughMaram.Shamela0009111-ara1:p00544	0:1	209	al-Tirmidhi	وعن عامر بن ربيعة - رضي الله عنه - قال: كنا مع النبي - صلى الله عليه وسلم - في ليلة مظلمة, فأشكلت علينا القبلة, فصلينا. فلما طلعت الشمس إذا نحن صلينا إلى غير ال
	Ibn Hajar (Bulugh al-maram)	852	classical	hadith	weak	رواه الترمذي وضعفه.		0	urn:openiti:0852IbnHajarCasqalani.BulughMaram.Shamela0009111-ara1:p00555	0:1	214	al-Tirmidhi	وعن ابن عمر - رضي الله عنهما-[قال]: نهى النبي - صلى الله عليه وسلم - أن يصلى في سبع مواطن: المزبلة, والمجزرة, والمقبرة, وقارعة الطريق, والحمام, ومعاطن الإبل, وف
	Ibn Hajar (Bulugh al-maram)	852	classical	hadith	sound	أخرجه أبو داود, وصححه ابن خزيمة.		0	urn:openiti:0852IbnHajarCasqalani.BulughMaram.Shamela0009111-ara1:p00559	0:1	216	Abu Dawud, Ibn Khuzayma	وعن أبي سعيد - رضي الله عنه - قال: قال رسول الله - صلى الله عليه وسلم: «إذا جاء أحدكم المسجد, فلينظر, فإن رأى في نعليه أذى أو قذرا فليمسحه, وليصل فيهما».
urn:hadith:0739CalaDinIbnBalban.Ihsan:1404	Ibn Hajar (Bulugh al-maram)	852	classical	hadith	sound	أخرجه أبو داود وصححه ابن حبان.	0.86	1	urn:openiti:0852IbnHajarCasqalani.BulughMaram.Shamela0009111-ara1:p00561	0:1	217	Abu Dawud, Ibn Hibban	وعن أبي هريرة - رضي الله عنه - قال: قال رسول الله - صلى الله عليه وسلم: «إذا وطئ أحدكم الأذى بخفيه فطهورهما التراب».
	Ibn Hajar (Bulugh al-maram)	852	classical	hadith	sound	أخرجه الخمسة, إلا ابن ماجه, وصححه ابن حبان.		0	urn:openiti:0852IbnHajarCasqalani.BulughMaram.Shamela0009111-ara1:p00572	0:1	221	Ibn Maja, Ibn Hibban, the Five	وعن مطرف بن عبد الله بن الشخير, عن أبيه قال: رأيت رسول الله - صلى الله عليه وسلم - يصلي, وفي صدره أزيز كأزيز المرجل, من البكاء.
urn:hadith:0275AbuDawudSijistani.Sunan:927	Ibn Hajar (Bulugh al-maram)	852	classical	hadith	sound	أخرجه أبو داود, والترمذي وصححه.	0.62	1	urn:openiti:0852IbnHajarCasqalani.BulughMaram.Shamela0009111-ara1:p00576	0:1	223	Abu Dawud, al-Tirmidhi	وعن ابن عمر - رضي الله عنهما-[قال]: قلت لبلال: كيف رأيت النبي - صلى الله عليه وسلم - يرد عليهم حين يسلمون عليه, وهو يصلي? قال: يقول هكذا, وبسط كفه.
urn:hadith:0275AbuDawudSijistani.Sunan:921	Ibn Hajar (Bulugh al-maram)	852	classical	hadith	sound	أخرجه الأربعة, وصححه ابن حبان.	1.0	5	urn:openiti:0852IbnHajarCasqalani.BulughMaram.Shamela0009111-ara1:p00583	0:1	225	Ibn Hibban, the Four	الأسودين في الصلاة: الحية, والعقرب».
urn:hadith:0279Tirmidhi.Sunan:369	Ibn Hajar (Bulugh al-maram)	852	classical	hadith	sound	أخرجه الأربعة, وصححه ابن حبان.	1.0	5	urn:openiti:0852IbnHajarCasqalani.BulughMaram.Shamela0009111-ara1:p00583	0:1	225	Ibn Hibban, the Four	الأسودين في الصلاة: الحية, والعقرب».
urn:hadith:0303Nasai.SunanKubra:520	Ibn Hajar (Bulugh al-maram)	852	classical	hadith	sound	أخرجه الأربعة, وصححه ابن حبان.	1.0	5	urn:openiti:0852IbnHajarCasqalani.BulughMaram.Shamela0009111-ara1:p00583	0:1	225	Ibn Hibban, the Four	الأسودين في الصلاة: الحية, والعقرب».
urn:hadith:0739CalaDinIbnBalban.Ihsan:2351	Ibn Hajar (Bulugh al-maram)	852	classical	hadith	sound	أخرجه الأربعة, وصححه ابن حبان.	1.0	5	urn:openiti:0852IbnHajarCasqalani.BulughMaram.Shamela0009111-ara1:p00583	0:1	225	Ibn Hibban, the Four	الأسودين في الصلاة: الحية, والعقرب».
urn:hadith:0739CalaDinIbnBalban.Ihsan:2352	Ibn Hajar (Bulugh al-maram)	852	classical	hadith	sound	أخرجه الأربعة, وصححه ابن حبان.	1.0	5	urn:openiti:0852IbnHajarCasqalani.BulughMaram.Shamela0009111-ara1:p00583	0:1	225	Ibn Hibban, the Four	الأسودين في الصلاة: الحية, والعقرب».
urn:hadith:0273IbnMaja.Sunan:943	Ibn Hajar (Bulugh al-maram)	852	classical	hadith	disputed	أخرجه أحمد وابن ماجه, وصححه ابن حبان, ولم يصب من زعم أنه مضطرب, بل هو حسن.	0.7	1	urn:openiti:0852IbnHajarCasqalani.BulughMaram.Shamela0009111-ara1:p00606	0:1	234	Ibn Maja, Ahmad, Ibn Hibban	وعن أبي هريرة - رضي الله عنه - قال: قال رسول الله - صلى الله عليه وسلم: «إذا صلى أحدكم فليجعل تلقاء وجهه شيئا, فإن لم يجد فلينصب عصا, فإن لم يكن فليخط خطا, ثم ل
	Ibn Hajar (Bulugh al-maram)	852	classical	chain	weak	أخرجه أبو داود, وفي سنده ضعف.		0	urn:openiti:0852IbnHajarCasqalani.BulughMaram.Shamela0009111-ara1:p00608	0:1	235	Abu Dawud	وعن أبي سعيد الخدري - رضي الله عنه - قال: قال رسول الله - صلى الله عليه وسلم: «لا يقطع الصلاة شيء, وادرأ ما استطعت».
urn:hadith:0303Nasai.SunanKubra:532	Ibn Hajar (Bulugh al-maram)	852	classical	chain	sound	رواه الخمسة بإسناد صحيح.	0.91	3	urn:openiti:0852IbnHajarCasqalani.BulughMaram.Shamela0009111-ara1:p00618	0:1	239	the Five	وعن أبي ذر - رضي الله عنه -   قال: قال رسول الله - صلى الله عليه وسلم: «إذا قام أحدكم في الصلاة فلا يمسح الحصى, فإن الرحمة تواجهه».
urn:hadith:0303Nasai.SunanKubra:1114	Ibn Hajar (Bulugh al-maram)	852	classical	chain	sound	رواه الخمسة بإسناد صحيح.	0.91	3	urn:openiti:0852IbnHajarCasqalani.BulughMaram.Shamela0009111-ara1:p00618	0:1	239	the Five	وعن أبي ذر - رضي الله عنه -   قال: قال رسول الله - صلى الله عليه وسلم: «إذا قام أحدكم في الصلاة فلا يمسح الحصى, فإن الرحمة تواجهه».
urn:hadith:0303Nasai.SunanSughra:1191	Ibn Hajar (Bulugh al-maram)	852	classical	chain	sound	رواه الخمسة بإسناد صحيح.	0.91	3	urn:openiti:0852IbnHajarCasqalani.BulughMaram.Shamela0009111-ara1:p00618	0:1	239	the Five	وعن أبي ذر - رضي الله عنه -   قال: قال رسول الله - صلى الله عليه وسلم: «إذا قام أحدكم في الصلاة فلا يمسح الحصى, فإن الرحمة تواجهه».
urn:hadith:0279Tirmidhi.Sunan:1288	Ibn Hajar (Bulugh al-maram)	852	classical	hadith	fair	رواه النسائي, والترمذي وحسنه.	0.91	2	urn:openiti:0852IbnHajarCasqalani.BulughMaram.Shamela0009111-ara1:p00658	0:1	255	al-Tirmidhi, al-Nasaʾi	وعنه: أن رسول الله - صلى الله عليه وسلم: «إذا رأيتم من يبيع, أو يبتاع في المسجد, فقولوا: لا أربح الله تجارتك».
urn:hadith:0303Nasai.SunanKubra:10004	Ibn Hajar (Bulugh al-maram)	852	classical	hadith	fair	رواه النسائي, والترمذي وحسنه.	0.91	2	urn:openiti:0852IbnHajarCasqalani.BulughMaram.Shamela0009111-ara1:p00658	0:1	255	al-Tirmidhi, al-Nasaʾi	وعنه: أن رسول الله - صلى الله عليه وسلم: «إذا رأيتم من يبيع, أو يبتاع في المسجد, فقولوا: لا أربح الله تجارتك».
urn:hadith:0241IbnHanbal.Musnad:15579	Ibn Hajar (Bulugh al-maram)	852	classical	chain	weak	رواه أحمد, وأبو داود بسند ضعيف.	0.89	1	urn:openiti:0852IbnHajarCasqalani.BulughMaram.Shamela0009111-ara1:p00660	0:1	256	Abu Dawud, Ahmad	وعن حكيم بن حزام قال: قال رسول الله - صلى الله عليه وسلم: «لا تقام الحدود في المساجد, ولا يستقاد فيها».
	Ibn Hajar (Bulugh al-maram)	852	classical	hadith	sound	أخرجه الخمسة إلا الترمذي, وصححه ابن خزيمة.		0	urn:openiti:0852IbnHajarCasqalani.BulughMaram.Shamela0009111-ara1:p00672	0:1	261	al-Tirmidhi, Ibn Khuzayma, the Five	وعنه قال: قال رسول الله - صلى الله عليه وسلم: «لا تقوم الساعة حتى يتباهى الناس في المساجد».
	Ibn Hajar (Bulugh al-maram)	852	classical	hadith	sound	أخرجه أبو داود, وصححه ابن حبان.		0	urn:openiti:0852IbnHajarCasqalani.BulughMaram.Shamela0009111-ara1:p00674	0:1	262	Abu Dawud, Ibn Hibban	وعن ابن عباس -رضي الله عنهما- قال: قال رسول الله - صلى الله عليه وسلم: «ما أمرت بتشييد المساجد».
urn:hadith:0275AbuDawudSijistani.Sunan:461	Ibn Hajar (Bulugh al-maram)	852	classical	hadith	sound	رواه أبو داود, والترمذي واستغربه, وصححه ابن خزيمة.	0.8	3	urn:openiti:0852IbnHajarCasqalani.BulughMaram.Shamela0009111-ara1:p00676	0:1	263	Abu Dawud, al-Tirmidhi, Ibn Khuzayma	وعن أنس - رضي الله عنه - قال: قال رسول الله - صلى الله عليه وسلم: «عرضت علي أجور أمتي, حتى القذاة يخرجها الرجل من المسجد».
urn:hadith:0279Tirmidhi.Sunan:2882	Ibn Hajar (Bulugh al-maram)	852	classical	hadith	sound	رواه أبو داود, والترمذي واستغربه, وصححه ابن خزيمة.	0.8	3	urn:openiti:0852IbnHajarCasqalani.BulughMaram.Shamela0009111-ara1:p00676	0:1	263	Abu Dawud, al-Tirmidhi, Ibn Khuzayma	وعن أنس - رضي الله عنه - قال: قال رسول الله - صلى الله عليه وسلم: «عرضت علي أجور أمتي, حتى القذاة يخرجها الرجل من المسجد».
urn:hadith:0311IbnKhuzaymaNaysaburi.Sahih:1297	Ibn Hajar (Bulugh al-maram)	852	classical	hadith	sound	رواه أبو داود, والترمذي واستغربه, وصححه ابن خزيمة.	0.8	3	urn:openiti:0852IbnHajarCasqalani.BulughMaram.Shamela0009111-ara1:p00676	0:1	263	Abu Dawud, al-Tirmidhi, Ibn Khuzayma	وعن أنس - رضي الله عنه - قال: قال رسول الله - صلى الله عليه وسلم: «عرضت علي أجور أمتي, حتى القذاة يخرجها الرجل من المسجد».
	Ibn Hajar (Bulugh al-maram)	852	classical	chain	weak	رواه مسلم بسند منقطع, والدارقطني موصولا، وهو موقوف.		0	urn:openiti:0852IbnHajarCasqalani.BulughMaram.Shamela0009111-ara1:p00705	0:1	270	al-Daraqutni	
	Ibn Hajar (Bulugh al-maram)	852	classical	hadith	sound	رواه الدارقطني وحسنه, والحاكم وصححه.		0	urn:openiti:0852IbnHajarCasqalani.BulughMaram.Shamela0009111-ara1:p00742	0:1	281	al-Daraqutni, al-Hakim	وقال: «آمين».
urn:hadith:0275AbuDawudSijistani.Sunan:832	Ibn Hajar (Bulugh al-maram)	852	classical	hadith	sound	رواه أحمد, وأبو داود, والنسائي, وصححه ابن حبان, والدارقطني, والحاكم.	0.82	1	urn:openiti:0852IbnHajarCasqalani.BulughMaram.Shamela0009111-ara1:p00746	0:1	283	Abu Dawud, al-Nasaʾi, Ahmad, al-Daraqutni, al-Hakim, Ibn Hibban	وعن عبد الله بن أبي أوفى -رضي الله عنهما- قال: جاء رجل إلى النبي - صلى الله عليه وسلم - فقال: إني لا أستطيع أن آخذ من القرآن شيئا, فعلمني ما يجزئني [منه]. قال: 
	Ibn Hajar (Bulugh al-maram)	852	classical	chain	sound	أخرجه النسائي بإسناد صحيح.		0	urn:openiti:0852IbnHajarCasqalani.BulughMaram.Shamela0009111-ara1:p00754	0:1	286	al-Nasaʾi	وعن سليمان بن يسار - رضي الله عنه -   قال: كان فلان يطيل الأوليين من الظهر, ويخفف العصر, ويقرأ في المغرب بقصار المفصل، وفي العشاء بوسطه وفي الصبح بطوله. فقال أب
	Ibn Hajar (Bulugh al-maram)	852	classical	hadith	fair	أخرجه الخمسة, وحسنه الترمذي.		0	urn:openiti:0852IbnHajarCasqalani.BulughMaram.Shamela0009111-ara1:p00762	0:1	290	al-Tirmidhi, the Five	وعن حذيفة - رضي الله عنه - قال: صليت مع النبي - صلى الله عليه وسلم - فما مرت به آية رحمة إلا وقف عندها يسأل, ولا آية عذاب إلا تعوذ منها.
	Ibn Hajar (Bulugh al-maram)	852	classical	hadith	sound	رواه النسائي, وصححه ابن خزيمة.		0	urn:openiti:0852IbnHajarCasqalani.BulughMaram.Shamela0009111-ara1:p00786	0:1	299	al-Nasaʾi, Ibn Khuzayma	وعن عائشة - رضي الله عنها - قالت: رأيت رسول الله - صلى الله عليه وسلم - يصلي متربعا.
	Ibn Hajar (Bulugh al-maram)	852	classical	hadith	sound	رواه الأربعة إلا النسائي, واللفظ لأبي داود, وصححه الحاكم.		0	urn:openiti:0852IbnHajarCasqalani.BulughMaram.Shamela0009111-ara1:p00790	0:1	300	al-Nasaʾi, al-Hakim, the Four	
urn:hadith:0739CalaDinIbnBalban.Ihsan:1960	Ibn Hajar (Bulugh al-maram)	852	classical	hadith	sound	رواه أحمد, والثلاثة, وصححه الترمذي, وابن حبان, والحاكم.	0.59	2	urn:openiti:0852IbnHajarCasqalani.BulughMaram.Shamela0009111-ara1:p00833	0:1	314	al-Tirmidhi, Ahmad, al-Hakim, Ibn Hibban, the Three	وعن فضالة بن عبيد - رضي الله عنه - قال: سمع رسول الله - صلى الله عليه وسلم - رجلا يدعو في صلاته, لم يحمد   الله, ولم يصل على النبي - صلى الله عليه وسلم - فقال: 
urn:hadith:0275AbuDawudSijistani.Sunan:1481	Ibn Hajar (Bulugh al-maram)	852	classical	hadith	sound	رواه أحمد, والثلاثة, وصححه الترمذي, وابن حبان, والحاكم.	0.59	2	urn:openiti:0852IbnHajarCasqalani.BulughMaram.Shamela0009111-ara1:p00833	0:1	314	al-Tirmidhi, Ahmad, al-Hakim, Ibn Hibban, the Three	وعن فضالة بن عبيد - رضي الله عنه - قال: سمع رسول الله - صلى الله عليه وسلم - رجلا يدعو في صلاته, لم يحمد   الله, ولم يصل على النبي - صلى الله عليه وسلم - فقال: 
	Ibn Hajar (Bulugh al-maram)	852	classical	chain	sound	رواه أبو داود بسند صحيح.		0	urn:openiti:0852IbnHajarCasqalani.BulughMaram.Shamela0009111-ara1:p00852	0:1	318	Abu Dawud	عليكم ورحمة الله [وبركاته]».
urn:hadith:0303Nasai.SunanKubra:9928	Ibn Hajar (Bulugh al-maram)	852	classical	hadith	sound	رواه النسائي, وصححه ابن حبان.	0.73	1	urn:openiti:0852IbnHajarCasqalani.BulughMaram.Shamela0009111-ara1:p00879	0:1	324	al-Nasaʾi, Ibn Hibban	وعن أبي أمامة - رضي الله عنه - قال: قال رسول الله - صلى الله عليه وسلم: «من قرأ آية الكرسي دبر كل صلاة مكتوبة لم يمنعه من دخول الجنة إلا الموت».
urn:hadith:0275AbuDawudSijistani.Sunan:1039	Ibn Hajar (Bulugh al-maram)	852	classical	hadith	sound	رواه أبو داود, والترمذي وحسنه, والحاكم وصححه.	0.89	2	urn:openiti:0852IbnHajarCasqalani.BulughMaram.Shamela0009111-ara1:p00901	0:1	328	Abu Dawud, al-Tirmidhi, al-Hakim	وعن عمران بن حصين - رضي الله تعالى عنه: أن النبي - صلى الله عليه وسلم - صلى بهم, فسها فسجد سجدتين, ثم تشهد, ثم سلم.
urn:hadith:0279Tirmidhi.Sunan:374	Ibn Hajar (Bulugh al-maram)	852	classical	hadith	sound	رواه أبو داود, والترمذي وحسنه, والحاكم وصححه.	0.89	2	urn:openiti:0852IbnHajarCasqalani.BulughMaram.Shamela0009111-ara1:p00901	0:1	328	Abu Dawud, al-Tirmidhi, al-Hakim	وعن عمران بن حصين - رضي الله تعالى عنه: أن النبي - صلى الله عليه وسلم - صلى بهم, فسها فسجد سجدتين, ثم تشهد, ثم سلم.
urn:hadith:0385Daraqutni.Sunan:1346	Ibn Hajar (Bulugh al-maram)	852	classical	chain	weak	رواه أبو داود, وابن ماجه, والدارقطني, واللفظ له بسند ضعيف.	0.95	1	urn:openiti:0852IbnHajarCasqalani.BulughMaram.Shamela0009111-ara1:p00913	0:1	332	Abu Dawud, Ibn Maja, al-Daraqutni	وعن المغيرة بن شعبة - رضي الله عنه: أن رسول الله - صلى الله عليه وسلم - قال: «إذا شك أحدكم, فقام في الركعتين, فاستتم قائما, فليمض, وليسجد سجدتين, وإن لم يستتم ق
	Ibn Hajar (Bulugh al-maram)	852	classical	chain	weak	رواه البزار والبيهقي بسند ضعيف.		0	urn:openiti:0852IbnHajarCasqalani.BulughMaram.Shamela0009111-ara1:p00915	0:1	333	al-Bazzar	وعن عمر رضي الله عن النبي - صلى الله عليه وسلم - قال: «ليس على من خلف الإمام سهو، فإن سها الإمام فعليه وعلى من خلفه».
	Ibn Hajar (Bulugh al-maram)	852	classical	chain	weak	رواه أبو داود, وابن ماجه بسند ضعيف.		0	urn:openiti:0852IbnHajarCasqalani.BulughMaram.Shamela0009111-ara1:p00917	0:1	334	Abu Dawud, Ibn Maja	وعن ثوبان - رضي الله عنه: أن النبي - صلى الله عليه وسلم - قال: «لكل سهو سجدتان بعدما يسلم».
	Ibn Hajar (Bulugh al-maram)	852	classical	chain	weak	ورواه أحمد, والترمذي موصولا من حديث عقبة بن عامر, وزاد: فمن لم يسجدهما, فلا يقرأها. وسنده ضعيف.		0	urn:openiti:0852IbnHajarCasqalani.BulughMaram.Shamela0009111-ara1:p00932	0:1	340	al-Tirmidhi, Ahmad	
urn:hadith:0275AbuDawudSijistani.Sunan:1413	Ibn Hajar (Bulugh al-maram)	852	classical	chain	weak	رواه أبو داود بسند فيه لين.	0.82	1	urn:openiti:0852IbnHajarCasqalani.BulughMaram.Shamela0009111-ara1:p00936	0:1	342	Abu Dawud	وعن ابن عمر - رضي الله عنهما -[قال]: كان النبي - صلى الله عليه وسلم - يقرأ علينا القرآن, فإذا مر بالسجدة, كبر, وسجد, وسجدنا معه.
	Ibn Hajar (Bulugh al-maram)	852	classical	hadith	sound	رواه أحمد, وصححه الحاكم.		0	urn:openiti:0852IbnHajarCasqalani.BulughMaram.Shamela0009111-ara1:p00942	0:1	344	Ahmad, al-Hakim	السجود, ثم رفع رأسه وقال: «إن جبريل آتاني, فبشرني, فسجدت لله شكرا».
urn:hadith:0311IbnKhuzaymaNaysaburi.Sahih:1193	Ibn Hajar (Bulugh al-maram)	852	classical	hadith	sound	رواه أحمد, وأبو داود والترمذي وحسنه, وابن خزيمة وصححه.	0.8	1	urn:openiti:0852IbnHajarCasqalani.BulughMaram.Shamela0009111-ara1:p00968	0:1	355	Abu Dawud, al-Tirmidhi, Ahmad, Ibn Khuzayma	وعن ابن عمر -رضي الله عنهما- قال: قال رسول الله - صلى الله عليه وسلم: «رحم الله امرأ صلى أربعا قبل العصر».
urn:hadith:0241IbnHanbal.Musnad:9368	Ibn Hajar (Bulugh al-maram)	852	classical	hadith	sound	رواه أحمد, وأبو داود, والترمذي وصححه.	0.9	1	urn:openiti:0852IbnHajarCasqalani.BulughMaram.Shamela0009111-ara1:p00981	0:1	361	Abu Dawud, al-Tirmidhi, Ahmad	وعن أبي هريرة - رضي الله عنه - قال: قال رسول الله - صلى الله عليه وسلم: «إذا صلى أحدكم الركعتين قبل صلاة الصبح, فليضطجع على جنبه الأيمن».
urn:hadith:0275AbuDawudSijistani.Sunan:1422	Ibn Hajar (Bulugh al-maram)	852	classical	hadith	disputed	رواه الأربعة إلا الترمذي, وصححه ابن حبان, ورجح النسائي وقفه.	0.79	1	urn:openiti:0852IbnHajarCasqalani.BulughMaram.Shamela0009111-ara1:p00993	0:1	365	al-Tirmidhi, al-Nasaʾi, Ibn Hibban, the Four	وعن أبي أيوب الأنصاري - رضي الله عنه - أن رسول الله - صلى الله عليه وسلم - قال: «الوتر حق على كل مسلم, من أحب أن يوتر بخمس فليفعل, ومن أحب أن يوتر بثلاث فليفعل,
	Ibn Hajar (Bulugh al-maram)	852	classical	hadith	sound	رواه النسائي والترمذي وحسنه والحاكم وصححه.		0	urn:openiti:0852IbnHajarCasqalani.BulughMaram.Shamela0009111-ara1:p00995	0:1	366	al-Tirmidhi, al-Nasaʾi, al-Hakim	وعن علي بن أبي طالب - رضي الله عنه - قال: ليس الوتر بحتم كهيئة المكتوبة, ولكن سنة سنها رسول الله - صلى الله عليه وسلم.
	Ibn Hajar (Bulugh al-maram)	852	classical	hadith	sound	رواه الخمسة إلا النسائي وصححه الحاكم.		0	urn:openiti:0852IbnHajarCasqalani.BulughMaram.Shamela0009111-ara1:p01001	0:1	368	al-Nasaʾi, al-Hakim, the Five	وعن خارجة بن حذافة - رضي الله عنه - قال: قال رسول الله - صلى الله عليه وسلم: «إن الله أمدكم بصلاة هي خير لكم من حمر النعم» قلنا: وما هي يا رسول الله? قال: «الوت
urn:hadith:0275AbuDawudSijistani.Sunan:1419	Ibn Hajar (Bulugh al-maram)	852	classical	hadith	disputed	أخرجه أبو داود بسند لين, وصححه الحاكم.	0.89	1	urn:openiti:0852IbnHajarCasqalani.BulughMaram.Shamela0009111-ara1:p01005	0:1	370	Abu Dawud	وعن عبد الله بن بريدة, عن أبيه قال: قال رسول الله - صلى الله عليه وسلم: «الوتر حق, فمن لم يوتر فليس منا».
urn:hadith:0241IbnHanbal.Musnad:1259	Ibn Hajar (Bulugh al-maram)	852	classical	hadith	sound	رواه الخمسة, وصححه ابن خزيمة.	0.5	1	urn:openiti:0852IbnHajarCasqalani.BulughMaram.Shamela0009111-ara1:p01021	0:1	377	Ibn Khuzayma, the Five	وعن علي - رضي الله عنه - قال: قال رسول الله - صلى الله عليه وسلم: «أوتروا يا أهل القرآن, فإن الله وتر يحب الوتر».
	Ibn Hajar (Bulugh al-maram)	852	classical	hadith	sound	رواه أحمد, والثلاثة, وصححه ابن حبان.		0	urn:openiti:0852IbnHajarCasqalani.BulughMaram.Shamela0009111-ara1:p01029	0:1	379	Ahmad, Ibn Hibban, the Three	
urn:hadith:0273IbnMaja.Sunan:793	Ibn Hajar (Bulugh al-maram)	852	classical	chain	disputed	رواه ابن ماجه, والدارقطني, وابن حبان, والحاكم, وإسناده على شرط مسلم, لكن رجح بعضهم وقفه.	0.6	5	urn:openiti:0852IbnHajarCasqalani.BulughMaram.Shamela0009111-ara1:p01080	0:1	399	Ibn Maja, al-Daraqutni, al-Hakim, Ibn Hibban	وعن ابن عباس رضي الله عنهما, عن النبي - صلى الله عليه وسلم - قال: «من سمع النداء فلم يأت فلا صلاة له إلا من عذر».
urn:hadith:0385Daraqutni.Sunan:1477	Ibn Hajar (Bulugh al-maram)	852	classical	chain	disputed	رواه ابن ماجه, والدارقطني, وابن حبان, والحاكم, وإسناده على شرط مسلم, لكن رجح بعضهم وقفه.	0.6	5	urn:openiti:0852IbnHajarCasqalani.BulughMaram.Shamela0009111-ara1:p01080	0:1	399	Ibn Maja, al-Daraqutni, al-Hakim, Ibn Hibban	وعن ابن عباس رضي الله عنهما, عن النبي - صلى الله عليه وسلم - قال: «من سمع النداء فلم يأت فلا صلاة له إلا من عذر».
urn:hadith:0405HakimNaysaburi.Mustadrak:894	Ibn Hajar (Bulugh al-maram)	852	classical	chain	disputed	رواه ابن ماجه, والدارقطني, وابن حبان, والحاكم, وإسناده على شرط مسلم, لكن رجح بعضهم وقفه.	0.6	5	urn:openiti:0852IbnHajarCasqalani.BulughMaram.Shamela0009111-ara1:p01080	0:1	399	Ibn Maja, al-Daraqutni, al-Hakim, Ibn Hibban	وعن ابن عباس رضي الله عنهما, عن النبي - صلى الله عليه وسلم - قال: «من سمع النداء فلم يأت فلا صلاة له إلا من عذر».
urn:hadith:0405HakimNaysaburi.Mustadrak:895	Ibn Hajar (Bulugh al-maram)	852	classical	chain	disputed	رواه ابن ماجه, والدارقطني, وابن حبان, والحاكم, وإسناده على شرط مسلم, لكن رجح بعضهم وقفه.	0.6	5	urn:openiti:0852IbnHajarCasqalani.BulughMaram.Shamela0009111-ara1:p01080	0:1	399	Ibn Maja, al-Daraqutni, al-Hakim, Ibn Hibban	وعن ابن عباس رضي الله عنهما, عن النبي - صلى الله عليه وسلم - قال: «من سمع النداء فلم يأت فلا صلاة له إلا من عذر».
urn:hadith:0739CalaDinIbnBalban.Ihsan:2064	Ibn Hajar (Bulugh al-maram)	852	classical	chain	disputed	رواه ابن ماجه, والدارقطني, وابن حبان, والحاكم, وإسناده على شرط مسلم, لكن رجح بعضهم وقفه.	0.6	5	urn:openiti:0852IbnHajarCasqalani.BulughMaram.Shamela0009111-ara1:p01080	0:1	399	Ibn Maja, al-Daraqutni, al-Hakim, Ibn Hibban	وعن ابن عباس رضي الله عنهما, عن النبي - صلى الله عليه وسلم - قال: «من سمع النداء فلم يأت فلا صلاة له إلا من عذر».
urn:hadith:0241IbnHanbal.Musnad:17479	Ibn Hajar (Bulugh al-maram)	852	classical	hadith	sound	رواه أحمد, واللفظ له, والثلاثة, وصححه الترمذي, وابن حبان.	0.67	1	urn:openiti:0852IbnHajarCasqalani.BulughMaram.Shamela0009111-ara1:p01082	0:1	400	al-Tirmidhi, Ahmad, Ibn Hibban, the Three	وعن يزيد بن الأسود - رضي الله عنه: أنه صلى مع رسول الله - صلى الله عليه وسلم - صلاة الصبح, فلما صلى رسول الله - صلى الله عليه وسلم - إذا هو برجلين لم يصليا, فدع
	Ibn Hajar (Bulugh al-maram)	852	classical	hadith	sound	رواه أبو داود, والنسائي, وصححه ابن حبان.		0	urn:openiti:0852IbnHajarCasqalani.BulughMaram.Shamela0009111-ara1:p01107	0:1	410	Abu Dawud, al-Nasaʾi, Ibn Hibban	وحاذوا بالأعناق».
urn:hadith:0275AbuDawudSijistani.Sunan:682	Ibn Hajar (Bulugh al-maram)	852	classical	hadith	sound	رواه أحمد, وأبو داود, والترمذي وحسنه, وصححه ابن حبان.	0.55	1	urn:openiti:0852IbnHajarCasqalani.BulughMaram.Shamela0009111-ara1:p01119	0:1	415	Abu Dawud, al-Tirmidhi, Ahmad, Ibn Hibban	وعن وابصة بن معبد [الجهني]- رضي الله عنه - أن رسول الله - صلى الله عليه وسلم: رأى رجلا يصلي خلف الصف وحده, فأمره أن يعيد الصلاة.
urn:hadith:0275AbuDawudSijistani.Sunan:554	Ibn Hajar (Bulugh al-maram)	852	classical	hadith	sound	رواه أبو داود, والنسائي, وصححه ابن حبان.	0.65	2	urn:openiti:0852IbnHajarCasqalani.BulughMaram.Shamela0009111-ara1:p01126	0:1	418	Abu Dawud, al-Nasaʾi, Ibn Hibban	وعن أبي بن كعب - رضي الله عنه - قال: قال رسول الله - صلى الله عليه وسلم: «صلاة الرجل مع الرجل أزكى من صلاته وحده, وصلاته مع الرجلين أزكى من صلاته مع الرجل, وما 
urn:hadith:0303Nasai.SunanSughra:843	Ibn Hajar (Bulugh al-maram)	852	classical	hadith	sound	رواه أبو داود, والنسائي, وصححه ابن حبان.	0.61	2	urn:openiti:0852IbnHajarCasqalani.BulughMaram.Shamela0009111-ara1:p01126	0:1	418	Abu Dawud, al-Nasaʾi, Ibn Hibban	وعن أبي بن كعب - رضي الله عنه - قال: قال رسول الله - صلى الله عليه وسلم: «صلاة الرجل مع الرجل أزكى من صلاته وحده, وصلاته مع الرجلين أزكى من صلاته مع الرجل, وما 
	Ibn Hajar (Bulugh al-maram)	852	classical	hadith	sound	رواه أبو داود, وصححه ابن خزيمة.		0	urn:openiti:0852IbnHajarCasqalani.BulughMaram.Shamela0009111-ara1:p01130	0:1	419	Abu Dawud, Ibn Khuzayma	
urn:hadith:0385Daraqutni.Sunan:1671	Ibn Hajar (Bulugh al-maram)	852	classical	chain	weak	رواه الدارقطني بإسناد ضعيف.	0.9	1	urn:openiti:0852IbnHajarCasqalani.BulughMaram.Shamela0009111-ara1:p01136	0:1	422	al-Daraqutni	وعن ابن عمر قال: قال رسول الله - صلى الله عليه وسلم: «صلوا على من قال: لا إله إلا الله, وصلوا خلف من قال: لا إله إلا الله».
urn:hadith:0279Tirmidhi.Sunan:561	Ibn Hajar (Bulugh al-maram)	852	classical	chain	weak	رواه الترمذي بإسناد ضعيف.	0.82	1	urn:openiti:0852IbnHajarCasqalani.BulughMaram.Shamela0009111-ara1:p01138	0:1	423	al-Tirmidhi	وعن علي - رضي الله عنه - قال: قال النبي - صلى الله عليه وسلم: «إذا أتى أحدكم الصلاة والإمام على حال, فليصنع كما يصنع الإمام».
urn:hadith:0385Daraqutni.Sunan:2195	Ibn Hajar (Bulugh al-maram)	852	classical	chain	weak	رواه الدارقطني, ورواته ثقات. إلا أنه معلول.	0.57	1	urn:openiti:0852IbnHajarCasqalani.BulughMaram.Shamela0009111-ara1:p01147	0:1	426	al-Daraqutni	وعن عائشة - رضي الله عنها: أن النبي - صلى الله عليه وسلم - كان يقصر في السفر ويتم, ويصوم ويفطر.
urn:hadith:0241IbnHanbal.Musnad:5866	Ibn Hajar (Bulugh al-maram)	852	classical	hadith	sound	رواه أحمد, وصححه ابن خزيمة, وابن حبان.	0.86	2	urn:openiti:0852IbnHajarCasqalani.BulughMaram.Shamela0009111-ara1:p01150	0:1	427	Ahmad, Ibn Khuzayma, Ibn Hibban	وعن ابن عمر قال: قال رسول الله - صلى الله عليه وسلم: «إن الله يحب أن تؤتى   رخصه كما يكره أن تؤتى   معصيته».
urn:hadith:0739CalaDinIbnBalban.Ihsan:2742	Ibn Hajar (Bulugh al-maram)	852	classical	hadith	sound	رواه أحمد, وصححه ابن خزيمة, وابن حبان.	0.86	2	urn:openiti:0852IbnHajarCasqalani.BulughMaram.Shamela0009111-ara1:p01150	0:1	427	Ahmad, Ibn Khuzayma, Ibn Hibban	وعن ابن عمر قال: قال رسول الله - صلى الله عليه وسلم: «إن الله يحب أن تؤتى   رخصه كما يكره أن تؤتى   معصيته».
urn:hadith:0385Daraqutni.Sunan:1373	Ibn Hajar (Bulugh al-maram)	852	classical	chain	weak	رواه الدارقطني بإسناد ضعيف   والصحيح أنه موقوف، كذا أخرجه ابن خزيمة.	0.58	1	urn:openiti:0852IbnHajarCasqalani.BulughMaram.Shamela0009111-ara1:p01173	0:1	435	al-Daraqutni	وعن ابن عباس - رضي الله عنهما - قال: قال رسول الله - صلى الله عليه وسلم: «لا تقصروا الصلاة في أقل من أربعة برد; من مكة إلى عسفان».
urn:hadith:0360Tabarani.MucjamAwsat:6558	Ibn Hajar (Bulugh al-maram)	852	classical	chain	weak	أخرجه الطبراني في «الأوسط» بإسناد ضعيف.	0.8	1	urn:openiti:0852IbnHajarCasqalani.BulughMaram.Shamela0009111-ara1:p01175	0:1	436	al-Tabarani (TA)	وعن جابر - رضي الله عنه - قال: قال رسول الله - صلى الله عليه وسلم: «خير أمتي الذين إذا أساءوا استغفروا, وإذا سافروا قصروا وأفطروا».
	Ibn Hajar (Bulugh al-maram)	852	classical	hadith	sound	رواه النسائي. وصححه الحاكم.		0	urn:openiti:0852IbnHajarCasqalani.BulughMaram.Shamela0009111-ara1:p01183	0:1	440	al-Nasaʾi, al-Hakim	وعن عائشة رضي الله عنها قالت: رأيت النبي - صلى الله عليه وسلم - يصلي متربعا.
urn:hadith:0385Daraqutni.Sunan:1525	Ibn Hajar (Bulugh al-maram)	852	classical	chain	disputed	رواه النسائي, وابن ماجه, والدارقطني, واللفظ له, وإسناده صحيح, لكن قوى أبو حاتم إرساله.	1.0	1	urn:openiti:0852IbnHajarCasqalani.BulughMaram.Shamela0009111-ara1:p01200	0:1	446	al-Nasaʾi, Ibn Maja, al-Daraqutni	فليضف إليها أخرى, وقد تمت صلاته».
urn:hadith:0241IbnHanbal.Musnad:2033	Ibn Hajar (Bulugh al-maram)	852	classical	chain	fair	رواه أحمد, بإسناد لا بأس به.   وهو يفسر.	0.76	1	urn:openiti:0852IbnHajarCasqalani.BulughMaram.Shamela0009111-ara1:p01213	0:1	451	Ahmad	وعن ابن عباس - رضي الله عنهما - قال: قال رسول الله - صلى الله عليه وسلم: «من تكلم يوم الجمعة والإمام يخطب فهو كمثل الحمار يحمل أسفارا, والذي يقول له: أنصت, ليست
urn:hadith:0275AbuDawudSijistani.Sunan:1070	Ibn Hajar (Bulugh al-maram)	852	classical	hadith	sound	رواه الخمسة إلا الترمذي، وصححه ابن خزيمة.	0.73	1	urn:openiti:0852IbnHajarCasqalani.BulughMaram.Shamela0009111-ara1:p01225	0:1	456	al-Tirmidhi, Ibn Khuzayma, the Five	وعن زيد بن أرقم - رضي الله عنه - قال: صلى النبي - صلى الله عليه وسلم - العيد, ثم رخص في الجمعة, فقال: «من شاء أن يصلي فليصل».
	Ibn Hajar (Bulugh al-maram)	852	classical	chain	weak	رواه الدارقطني بإسناد ضعيف.		0	urn:openiti:0852IbnHajarCasqalani.BulughMaram.Shamela0009111-ara1:p01245	0:1	464	al-Daraqutni	وعن جابر - رضي الله عنه - قال: مضت السنة أن في كل أربعين فصاعدا جمعة.
	Ibn Hajar (Bulugh al-maram)	852	classical	chain	weak	رواه البزار بإسناد لين.		0	urn:openiti:0852IbnHajarCasqalani.BulughMaram.Shamela0009111-ara1:p01247	0:1	465	al-Bazzar	وعن سمرة بن جندب - رضي الله عنه: أن النبي - صلى الله عليه وسلم - كان يستغفر للمؤمنين والمؤمنات كل جمعة.
urn:hadith:0275AbuDawudSijistani.Sunan:1067	Ibn Hajar (Bulugh al-maram)	852	classical	chain	weak	رواه أبو داود, وقال: لم يسمع طارق من النبي - صلى الله عليه وسلم.	0.67	1	urn:openiti:0852IbnHajarCasqalani.BulughMaram.Shamela0009111-ara1:p01252	0:1	467	Abu Dawud	وعن طارق بن شهاب; أن رسول الله - صلى الله عليه وسلم - قال: «الجمعة حق واجب على كل مسلم في جماعة إلا أربعة: مملوك, وامرأة, وصبي, ومريض».
	Ibn Hajar (Bulugh al-maram)	852	classical	chain	weak	رواه الطبراني بإسناد ضعيف.		0	urn:openiti:0852IbnHajarCasqalani.BulughMaram.Shamela0009111-ara1:p01256	0:1	469	al-Tabarani (TK)	وعن ابن عمر - رضي الله عنه - قال: قال رسول الله - صلى الله عليه وسلم: «ليس على مسافر جمعة».
urn:hadith:0279Tirmidhi.Sunan:481	Ibn Hajar (Bulugh al-maram)	852	classical	chain	weak	رواه الترمذي, بإسناد ضعيف.	0.88	1	urn:openiti:0852IbnHajarCasqalani.BulughMaram.Shamela0009111-ara1:p01258	0:1	470	al-Tirmidhi	وعن عبد الله بن مسعود - رضي الله عنه - قال: كان رسول الله - صلى الله عليه وسلم -[إذا]   استوى على المنبر استقبلناه بوجوهنا.
	Ibn Hajar (Bulugh al-maram)	852	classical	hadith	sound	رواه أحمد, وأبو داود, والنسائي, وصححه ابن حبان.		0	urn:openiti:0852IbnHajarCasqalani.BulughMaram.Shamela0009111-ara1:p01280	0:1	479	Abu Dawud, al-Nasaʾi, Ahmad, Ibn Hibban	وعن حذيفة: أن النبي - صلى الله عليه وسلم - صلى صلاة الخوف بهؤلاء ركعة, وبهؤلاء ركعة, ولم يقضوا.
	Ibn Hajar (Bulugh al-maram)	852	classical	chain	weak	رواه البزار بإسناد ضعيف.		0	urn:openiti:0852IbnHajarCasqalani.BulughMaram.Shamela0009111-ara1:p01286	0:1	481	al-Bazzar	
	Ibn Hajar (Bulugh al-maram)	852	classical	chain	weak	أخرجه الدارقطني بإسناد ضعيف.		0	urn:openiti:0852IbnHajarCasqalani.BulughMaram.Shamela0009111-ara1:p01290	0:1	482	al-Daraqutni	
urn:hadith:0275AbuDawudSijistani.Sunan:1157	Ibn Hajar (Bulugh al-maram)	852	classical	chain	sound	رواه أحمد, وأبو داود -وهذا لفظه- وإسناده صحيح.	0.9	1	urn:openiti:0852IbnHajarCasqalani.BulughMaram.Shamela0009111-ara1:p01297	0:1	484	Abu Dawud, Ahmad	فشهدوا أنهم رأوا الهلال بالأمس, فأمرهم النبي - صلى الله عليه وسلم - أن يفطروا, وإذا أصبحوا يغدوا إلى مصلاهم.
urn:hadith:0279Tirmidhi.Sunan:514	Ibn Hajar (Bulugh al-maram)	852	classical	hadith	sound	رواه أحمد, والترمذي, وصححه ابن حبان.	0.93	1	urn:openiti:0852IbnHajarCasqalani.BulughMaram.Shamela0009111-ara1:p01302	0:1	486	al-Tirmidhi, Ahmad, Ibn Hibban	وعن ابن بريدة, عن أبيه قال: كان النبي - صلى الله عليه وسلم - لا يخرج يوم الفطر حتى يطعم, ولا يطعم يوم الأضحى حتى يصلي.
urn:hadith:0273IbnMaja.Sunan:1293	Ibn Hajar (Bulugh al-maram)	852	classical	chain	fair	رواه ابن ماجه بإسناد حسن.	0.82	1	urn:openiti:0852IbnHajarCasqalani.BulughMaram.Shamela0009111-ara1:p01315	0:1	491	Ibn Maja	وعن أبي سعيد قال: كان رسول الله - صلى الله عليه وسلم - لا يصلي قبل العيد شيئا, فإذا رجع إلى منزله صلى ركعتين.
urn:hadith:0275AbuDawudSijistani.Sunan:1134	Ibn Hajar (Bulugh al-maram)	852	classical	chain	sound	أخرجه أبو داود, والنسائي بإسناد صحيح.	0.88	1	urn:openiti:0852IbnHajarCasqalani.BulughMaram.Shamela0009111-ara1:p01328	0:1	497	Abu Dawud, al-Nasaʾi	وعن أنس قال: قدم رسول الله - صلى الله عليه وسلم - المدينة, ولهم يومان يلعبون فيهما. فقال: «قد أبدلكم الله بهما خيرا منهما: يوم الأضحى, ويوم الفطر».
	Ibn Hajar (Bulugh al-maram)	852	classical	hadith	fair	رواه الترمذي, وحسنه.		0	urn:openiti:0852IbnHajarCasqalani.BulughMaram.Shamela0009111-ara1:p01330	0:1	498	al-Tirmidhi	وعن علي - رضي الله عنه - قال: من السنة أن يخرج إلى العيد ماشيا.
urn:hadith:0275AbuDawudSijistani.Sunan:1160	Ibn Hajar (Bulugh al-maram)	852	classical	chain	weak	رواه أبو داود بإسناد لين.	0.75	1	urn:openiti:0852IbnHajarCasqalani.BulughMaram.Shamela0009111-ara1:p01332	0:1	499	Abu Dawud	وعن أبي هريرة - رضي الله عنه: أنهم أصابهم مطر في يوم عيد. فصلى بهم النبي - صلى الله عليه وسلم - صلاة العيد في المسجد.
urn:hadith:0241IbnHanbal.Musnad:3331	Ibn Hajar (Bulugh al-maram)	852	classical	hadith	sound	رواه الخمسة, وصححه الترمذي, وأبو عوانة, وابن حبان.	0.8	2	urn:openiti:0852IbnHajarCasqalani.BulughMaram.Shamela0009111-ara1:p01364	0:1	511	al-Tirmidhi, Ibn Hibban, the Five	عن ابن عباس رضي الله عنهما قال: خرج النبي - صلى الله عليه وسلم - متواضعا, متبذلا, متخشعا, مترسلا, متضرعا, فصلى ركعتين, كما يصلي في العيد, لم يخطب خطبتكم هذه.
urn:hadith:0273IbnMaja.Sunan:1266	Ibn Hajar (Bulugh al-maram)	852	classical	hadith	sound	رواه الخمسة, وصححه الترمذي, وأبو عوانة, وابن حبان.	0.73	2	urn:openiti:0852IbnHajarCasqalani.BulughMaram.Shamela0009111-ara1:p01364	0:1	511	al-Tirmidhi, Ibn Hibban, the Five	عن ابن عباس رضي الله عنهما قال: خرج النبي - صلى الله عليه وسلم - متواضعا, متبذلا, متخشعا, مترسلا, متضرعا, فصلى ركعتين, كما يصلي في العيد, لم يخطب خطبتكم هذه.
	Ibn Hajar (Bulugh al-maram)	852	classical	chain	fair	رواه أبو داود وقال: «غريب, وإسناده جيد».		0	urn:openiti:0852IbnHajarCasqalani.BulughMaram.Shamela0009111-ara1:p01368	0:1	512	Abu Dawud	
	Ibn Hajar (Bulugh al-maram)	852	classical	hadith	sound	رواه أحمد وصححه الحاكم.		0	urn:openiti:0852IbnHajarCasqalani.BulughMaram.Shamela0009111-ara1:p01387	0:1	520	Ahmad, al-Hakim	وعن أبي هريرة - رضي الله عنه: أن رسول الله - صلى الله عليه وسلم - قال: «خرج سليمان عليه السلام يستسقي, فرأى نملة مستلقية على ظهرها رافعة قوائمها إلى السماء تقول
urn:hadith:0303Nasai.SunanKubra:9450	Ibn Hajar (Bulugh al-maram)	852	classical	hadith	sound	رواه أحمد, والنسائي, والترمذي وصححه.	0.75	2	urn:openiti:0852IbnHajarCasqalani.BulughMaram.Shamela0009111-ara1:p01402	0:1	527	al-Tirmidhi, al-Nasaʾi, Ahmad	وعن أبي موسى - رضي الله عنه - أن رسول الله - صلى الله عليه وسلم - قال: «أحل الذهب والحرير لإناث أمتي, وحرم على ذكورهم».
urn:hadith:0303Nasai.SunanSughra:5148	Ibn Hajar (Bulugh al-maram)	852	classical	hadith	sound	رواه أحمد, والنسائي, والترمذي وصححه.	0.75	2	urn:openiti:0852IbnHajarCasqalani.BulughMaram.Shamela0009111-ara1:p01402	0:1	527	al-Tirmidhi, al-Nasaʾi, Ahmad	وعن أبي موسى - رضي الله عنه - أن رسول الله - صلى الله عليه وسلم - قال: «أحل الذهب والحرير لإناث أمتي, وحرم على ذكورهم».
urn:hadith:0739CalaDinIbnBalban.Ihsan:2992	Ibn Hajar (Bulugh al-maram)	852	classical	hadith	sound	رواه الترمذي, والنسائي, وصححه ابن حبان.	1.0	1	urn:openiti:0852IbnHajarCasqalani.BulughMaram.Shamela0009111-ara1:p01415	0:1	532	al-Tirmidhi, al-Nasaʾi, Ibn Hibban	عن أبي هريرة - رضي الله عنه - قال: قال رسول الله - صلى الله عليه وسلم: «أكثروا ذكر هاذم   اللذات: الموت».
	Ibn Hajar (Bulugh al-maram)	852	classical	hadith	sound	رواه الثلاثة   وصححه ابن حبان.		0	urn:openiti:0852IbnHajarCasqalani.BulughMaram.Shamela0009111-ara1:p01419	0:1	534	Ibn Hibban, the Three	وعن بريدة - رضي الله عنه - عن النبي - صلى الله عليه وسلم - قال: «المؤمن يموت بعرق الجبين».
	Ibn Hajar (Bulugh al-maram)	852	classical	hadith	sound	رواه أبو داود, والنسائي, وصححه ابن حبان.		0	urn:openiti:0852IbnHajarCasqalani.BulughMaram.Shamela0009111-ara1:p01423	0:1	537	Abu Dawud, al-Nasaʾi, Ibn Hibban	وعن معقل بن يسار - رضي الله عنه: أن النبي - صلى الله عليه وسلم - قال: «اقرؤوا على موتاكم يس».
urn:hadith:0279Tirmidhi.Sunan:1048	Ibn Hajar (Bulugh al-maram)	852	classical	hadith	fair	رواه أحمد, والترمذي وحسنه.	0.83	2	urn:openiti:0852IbnHajarCasqalani.BulughMaram.Shamela0009111-ara1:p01433	0:1	541	al-Tirmidhi, Ahmad	وعن أبي هريرة - رضي الله عنه - عن النبي - صلى الله عليه وسلم - قال: «نفس المؤمن معلقة بدينه, حتى يقضى عنه».
urn:hadith:0279Tirmidhi.Sunan:1049	Ibn Hajar (Bulugh al-maram)	852	classical	hadith	fair	رواه أحمد, والترمذي وحسنه.	0.83	2	urn:openiti:0852IbnHajarCasqalani.BulughMaram.Shamela0009111-ara1:p01433	0:1	541	al-Tirmidhi, Ahmad	وعن أبي هريرة - رضي الله عنه - عن النبي - صلى الله عليه وسلم - قال: «نفس المؤمن معلقة بدينه, حتى يقضى عنه».
urn:hadith:0241IbnHanbal.Musnad:2219	Ibn Hajar (Bulugh al-maram)	852	classical	hadith	sound	رواه الخمسة إلا النسائي, وصححه الترمذي.	0.91	4	urn:openiti:0852IbnHajarCasqalani.BulughMaram.Shamela0009111-ara1:p01451	0:1	547	al-Tirmidhi, al-Nasaʾi, the Five	وعن ابن عباس رضي الله عنهما: أن النبي - صلى الله عليه وسلم - قال: «البسوا من ثيابكم البياض, فإنها من خير ثيابكم, وكفنوا فيها موتاكم».
urn:hadith:0241IbnHanbal.Musnad:3426	Ibn Hajar (Bulugh al-maram)	852	classical	hadith	sound	رواه الخمسة إلا النسائي, وصححه الترمذي.	0.91	4	urn:openiti:0852IbnHajarCasqalani.BulughMaram.Shamela0009111-ara1:p01451	0:1	547	al-Tirmidhi, al-Nasaʾi, the Five	وعن ابن عباس رضي الله عنهما: أن النبي - صلى الله عليه وسلم - قال: «البسوا من ثيابكم البياض, فإنها من خير ثيابكم, وكفنوا فيها موتاكم».
urn:hadith:0275AbuDawudSijistani.Sunan:3878	Ibn Hajar (Bulugh al-maram)	852	classical	hadith	sound	رواه الخمسة إلا النسائي, وصححه الترمذي.	0.91	4	urn:openiti:0852IbnHajarCasqalani.BulughMaram.Shamela0009111-ara1:p01451	0:1	547	al-Tirmidhi, al-Nasaʾi, the Five	وعن ابن عباس رضي الله عنهما: أن النبي - صلى الله عليه وسلم - قال: «البسوا من ثيابكم البياض, فإنها من خير ثيابكم, وكفنوا فيها موتاكم».
urn:hadith:0279Tirmidhi.Sunan:963	Ibn Hajar (Bulugh al-maram)	852	classical	hadith	sound	رواه الخمسة إلا النسائي, وصححه الترمذي.	0.91	4	urn:openiti:0852IbnHajarCasqalani.BulughMaram.Shamela0009111-ara1:p01451	0:1	547	al-Tirmidhi, al-Nasaʾi, the Five	وعن ابن عباس رضي الله عنهما: أن النبي - صلى الله عليه وسلم - قال: «البسوا من ثيابكم البياض, فإنها من خير ثيابكم, وكفنوا فيها موتاكم».
	Ibn Hajar (Bulugh al-maram)	852	classical	hadith	sound	رواه أحمد, وابن ماجه, وصححه ابن حبان.		0	urn:openiti:0852IbnHajarCasqalani.BulughMaram.Shamela0009111-ara1:p01461	0:1	551	Ibn Maja, Ahmad, Ibn Hibban	وعن عائشة رضي الله عنها; أن النبي - صلى الله عليه وسلم - قال لها: «لو مت قبلي فغسلتك». الحديث.
	Ibn Hajar (Bulugh al-maram)	852	classical	hadith	fair	رواه أحمد, والترمذي وحسنه.		0	urn:openiti:0852IbnHajarCasqalani.BulughMaram.Shamela0009111-ara1:p01474	0:1	556	al-Tirmidhi, Ahmad	وعن حذيفة - رضي الله عنه: أن النبي - صلى الله عليه وسلم - كان ينهى عن النعي.
	Ibn Hajar (Bulugh al-maram)	852	classical	chain	weak	رواه الشافعي بإسناد ضعيف.		0	urn:openiti:0852IbnHajarCasqalani.BulughMaram.Shamela0009111-ara1:p01491	0:1	563		وعن جابر - رضي الله عنه - قال: كان رسول الله - صلى الله عليه وسلم - يكبر على جنائزنا أربعا ويقرأ بفاتحة الكتاب في التكبيرة الأولى.
urn:hadith:0275AbuDawudSijistani.Sunan:3199	Ibn Hajar (Bulugh al-maram)	852	classical	hadith	sound	رواه أبو داود, وصححه ابن حبان.	0.83	2	urn:openiti:0852IbnHajarCasqalani.BulughMaram.Shamela0009111-ara1:p01503	0:1	567	Abu Dawud, Ibn Hibban	وعنه: أن النبي - صلى الله عليه وسلم - قال: «إذا صليتم على الميت فأخلصوا له الدعاء».
urn:hadith:0739CalaDinIbnBalban.Ihsan:3076	Ibn Hajar (Bulugh al-maram)	852	classical	hadith	sound	رواه أبو داود, وصححه ابن حبان.	0.83	2	urn:openiti:0852IbnHajarCasqalani.BulughMaram.Shamela0009111-ara1:p01503	0:1	567	Abu Dawud, Ibn Hibban	وعنه: أن النبي - صلى الله عليه وسلم - قال: «إذا صليتم على الميت فأخلصوا له الدعاء».
urn:hadith:0241IbnHanbal.Musnad:4539	Ibn Hajar (Bulugh al-maram)	852	classical	hadith	disputed	رواه الخمسة، وصححه ابن حبان, وأعله النسائي وطائفة بالإرسال.	0.88	3	urn:openiti:0852IbnHajarCasqalani.BulughMaram.Shamela0009111-ara1:p01513	0:1	570	al-Nasaʾi, Ibn Hibban, the Five	وعن سالم, عن أبيه - رضي الله عنه - أنه رأى النبي - صلى الله عليه وسلم - وأبا بكر وعمر, يمشون أمام الجنازة.
urn:hadith:0303Nasai.SunanKubra:2071	Ibn Hajar (Bulugh al-maram)	852	classical	hadith	disputed	رواه الخمسة، وصححه ابن حبان, وأعله النسائي وطائفة بالإرسال.	0.88	3	urn:openiti:0852IbnHajarCasqalani.BulughMaram.Shamela0009111-ara1:p01513	0:1	570	al-Nasaʾi, Ibn Hibban, the Five	وعن سالم, عن أبيه - رضي الله عنه - أنه رأى النبي - صلى الله عليه وسلم - وأبا بكر وعمر, يمشون أمام الجنازة.
urn:hadith:0303Nasai.SunanSughra:1944	Ibn Hajar (Bulugh al-maram)	852	classical	hadith	disputed	رواه الخمسة، وصححه ابن حبان, وأعله النسائي وطائفة بالإرسال.	0.88	3	urn:openiti:0852IbnHajarCasqalani.BulughMaram.Shamela0009111-ara1:p01513	0:1	570	al-Nasaʾi, Ibn Hibban, the Five	وعن سالم, عن أبيه - رضي الله عنه - أنه رأى النبي - صلى الله عليه وسلم - وأبا بكر وعمر, يمشون أمام الجنازة.
urn:hadith:0241IbnHanbal.Musnad:4990	Ibn Hajar (Bulugh al-maram)	852	classical	hadith	disputed	أخرجه أحمد, وأبو داود, والنسائي, وصححه ابن حبان, وأعله الدارقطني بالوقف.	0.89	1	urn:openiti:0852IbnHajarCasqalani.BulughMaram.Shamela0009111-ara1:p01521	0:1	574	Abu Dawud, al-Nasaʾi, Ahmad, al-Daraqutni, Ibn Hibban	وعن ابن عمر رضي الله عنهما, عن النبي - صلى الله عليه وسلم - قال: «إذا وضعتم موتاكم في القبور, فقولوا: بسم الله, وعلى ملة رسول الله - صلى الله عليه وسلم».
urn:hadith:0275AbuDawudSijistani.Sunan:3207	Ibn Hajar (Bulugh al-maram)	852	classical	chain	sound	رواه أبو داود بإسناد على شرط مسلم.	0.8	1	urn:openiti:0852IbnHajarCasqalani.BulughMaram.Shamela0009111-ara1:p01523	0:1	575	Abu Dawud	وعن عائشة رضي الله عنها; أن رسول الله - صلى الله عليه وسلم - قال: «كسر عظم الميت ككسره حيا».
urn:hadith:0275AbuDawudSijistani.Sunan:3221	Ibn Hajar (Bulugh al-maram)	852	classical	hadith	sound	رواه أبو داود, وصححه الحاكم.	0.69	1	urn:openiti:0852IbnHajarCasqalani.BulughMaram.Shamela0009111-ara1:p01535	0:1	581	Abu Dawud, al-Hakim	وعن عثمان - رضي الله عنه - قال: كان رسول الله - صلى الله عليه وسلم - إذا فرغ من دفن الميت وقف عليه وقال: «استغفروا لأخيكم وسلوا له التثبيت, فإنه الآن يسأل».
	Ibn Hajar (Bulugh al-maram)	852	classical	hadith	sound	أخرجه الترمذي, وصححه ابن حبان.		0	urn:openiti:0852IbnHajarCasqalani.BulughMaram.Shamela0009111-ara1:p01549	0:1	586	al-Tirmidhi, Ibn Hibban	وعن أبي هريرة - رضي الله عنه: أن رسول الله - صلى الله عليه وسلم - لعن زائرات القبور.
urn:hadith:0241IbnHanbal.Musnad:22013	Ibn Hajar (Bulugh al-maram)	852	classical	hadith	sound	رواه الخمسة, واللفظ لأحمد, وحسنه الترمذي وأشار إلى اختلاف في وصله, وصححه ابن حبان, والحاكم.	0.83	2	urn:openiti:0852IbnHajarCasqalani.BulughMaram.Shamela0009111-ara1:p01590	1:172	600	al-Tirmidhi, al-Hakim, Ibn Hibban, the Five	وعن معاذ بن جبل - رضي الله عنه: أن النبي - صلى الله عليه وسلم - بعثه إلى اليمن, فأمره أن يأخذ من كل ثلاثين بقرة تبيعا أو تبيعة, ومن كل أربعين مسنة, ومن كل حالم 
urn:hadith:0279Tirmidhi.Sunan:592	Ibn Hajar (Bulugh al-maram)	852	classical	hadith	sound	رواه الخمسة, واللفظ لأحمد, وحسنه الترمذي وأشار إلى اختلاف في وصله, وصححه ابن حبان, والحاكم.	0.75	2	urn:openiti:0852IbnHajarCasqalani.BulughMaram.Shamela0009111-ara1:p01590	1:172	600	al-Tirmidhi, al-Hakim, Ibn Hibban, the Five	وعن معاذ بن جبل - رضي الله عنه: أن النبي - صلى الله عليه وسلم - بعثه إلى اليمن, فأمره أن يأخذ من كل ثلاثين بقرة تبيعا أو تبيعة, ومن كل أربعين مسنة, ومن كل حالم 
urn:hadith:0275AbuDawudSijistani.Sunan:1575	Ibn Hajar (Bulugh al-maram)	852	classical	hadith	sound	رواه أحمد, وأبو داود, والنسائي, وصححه الحاكم, وعلق الشافعي القول به على ثبوته.	0.65	1	urn:openiti:0852IbnHajarCasqalani.BulughMaram.Shamela0009111-ara1:p01602	0:1	604	Abu Dawud, al-Nasaʾi, Ahmad, al-Hakim	وعن بهز بن حكيم, عن أبيه, عن جده قال: قال رسول الله - صلى الله عليه وسلم: «في كل سائمة إبل: في أربعين بنت لبون, لا تفرق إبل عن حسابها, من أعطاها مؤتجرا بها فله 
urn:hadith:0275AbuDawudSijistani.Sunan:1573	Ibn Hajar (Bulugh al-maram)	852	classical	hadith	fair	رواه أبو داود, وهو حسن, وقد اختلف في رفعه.	0.79	1	urn:openiti:0852IbnHajarCasqalani.BulughMaram.Shamela0009111-ara1:p01604	0:1	605	Abu Dawud	وعن علي - رضي الله عنه - قال: قال رسول الله - صلى الله عليه وسلم: «إذا كانت لك مائتا درهم - وحال عليها الحول - ففيها خمسة دراهم, وليس عليك شيء حتى يكون لك عشرون
urn:hadith:0385Daraqutni.Sunan:1878	Ibn Hajar (Bulugh al-maram)	852	classical	chain	weak	رواه الترمذي, والدارقطني, وإسناده ضعيف.	0.82	1	urn:openiti:0852IbnHajarCasqalani.BulughMaram.Shamela0009111-ara1:p01610	0:1	608	al-Tirmidhi, al-Daraqutni	وعن عمرو بن شعيب, عن أبيه, عن جده; عبد الله بن عمرو; أن رسول الله - صلى الله عليه وسلم - قال: «من ولي يتيما له مال, فليتجر له, ولا يتركه حتى تأكله الصدقة».
urn:hadith:0279Tirmidhi.Sunan:612	Ibn Hajar (Bulugh al-maram)	852	classical	hadith	sound	رواه الخمسة إلا ابن ماجه, وصححه ابن حبان, والحاكم.	0.69	2	urn:openiti:0852IbnHajarCasqalani.BulughMaram.Shamela0009111-ara1:p01631	0:1	618	Ibn Maja, al-Hakim, Ibn Hibban, the Five	وعن سهل بن أبي حثمة -رضي الله عنهما- قال: أمرنا رسول الله - صلى الله عليه وسلم: «إذا خرصتم, فخذوا, ودعوا الثلث, فإن لم تدعوا الثلث, فدعوا الربع».
urn:hadith:0739CalaDinIbnBalban.Ihsan:3280	Ibn Hajar (Bulugh al-maram)	852	classical	hadith	sound	رواه الخمسة إلا ابن ماجه, وصححه ابن حبان, والحاكم.	0.69	2	urn:openiti:0852IbnHajarCasqalani.BulughMaram.Shamela0009111-ara1:p01631	0:1	618	Ibn Maja, al-Hakim, Ibn Hibban, the Five	وعن سهل بن أبي حثمة -رضي الله عنهما- قال: أمرنا رسول الله - صلى الله عليه وسلم: «إذا خرصتم, فخذوا, ودعوا الثلث, فإن لم تدعوا الثلث, فدعوا الربع».
urn:hadith:0275AbuDawudSijistani.Sunan:1563	Ibn Hajar (Bulugh al-maram)	852	classical	chain	sound	رواه الثلاثة, وإسناده قوي.	0.86	1	urn:openiti:0852IbnHajarCasqalani.BulughMaram.Shamela0009111-ara1:p01635	0:1	620	the Three	وعن عمرو بن شعيب, عن أبيه, عن جده; أن امرأة أتت النبي - صلى الله عليه وسلم - ومعها ابنة لها, وفي يد ابنتها مسكتان من ذهب, فقال لها: «أتعطين زكاة هذا?» قالت: لا.
urn:hadith:0385Daraqutni.Sunan:1860	Ibn Hajar (Bulugh al-maram)	852	classical	hadith	sound	رواه أبو داود, والدارقطني, وصححه الحاكم.	0.71	2	urn:openiti:0852IbnHajarCasqalani.BulughMaram.Shamela0009111-ara1:p01639	0:1	622	Abu Dawud, al-Daraqutni, al-Hakim	وعن أم سلمة رضي الله عنها; أنها كانت تلبس أوضاحا   من ذهب فقالت: يا رسول الله! أكنز هو? فقال: «إذا أديت زكاته, فليس بكنز».
urn:hadith:0405HakimNaysaburi.Mustadrak:1438	Ibn Hajar (Bulugh al-maram)	852	classical	hadith	sound	رواه أبو داود, والدارقطني, وصححه الحاكم.	0.71	2	urn:openiti:0852IbnHajarCasqalani.BulughMaram.Shamela0009111-ara1:p01639	0:1	622	Abu Dawud, al-Daraqutni, al-Hakim	وعن أم سلمة رضي الله عنها; أنها كانت تلبس أوضاحا   من ذهب فقالت: يا رسول الله! أكنز هو? فقال: «إذا أديت زكاته, فليس بكنز».
	Ibn Hajar (Bulugh al-maram)	852	classical	chain	weak	رواه أبو داود, وإسناده لين.		0	urn:openiti:0852IbnHajarCasqalani.BulughMaram.Shamela0009111-ara1:p01641	0:1	623	Abu Dawud	وعن سمرة بن جندب - رضي الله عنه - قال: كان رسول الله - صلى الله عليه وسلم - يأمرنا; أن نخرج الصدقة من الذي نعده للبيع.
	Ibn Hajar (Bulugh al-maram)	852	classical	chain	fair	أخرجه ابن ماجه بإسناد حسن.		0	urn:openiti:0852IbnHajarCasqalani.BulughMaram.Shamela0009111-ara1:p01647	0:1	067	Ibn Maja	في قرية غير مسكونة, ففيه وفي الركاز: الخمس».
urn:hadith:0273IbnMaja.Sunan:1827	Ibn Hajar (Bulugh al-maram)	852	classical	hadith	sound	رواه أبو داود, وابن ماجه, وصححه الحاكم.	0.96	1	urn:openiti:0852IbnHajarCasqalani.BulughMaram.Shamela0009111-ara1:p01661	0:1	630	Abu Dawud, Ibn Maja, al-Hakim	وعن ابن عباس رضي الله عنهما قال: فرض رسول الله - صلى الله عليه وسلم - زكاة الفطر; طهرة للصائم من اللغو والرفث, وطعمة للمساكين, فمن أداها قبل الصلاة فهي زكاة مقب
urn:hadith:0275AbuDawudSijistani.Sunan:1682	Ibn Hajar (Bulugh al-maram)	852	classical	chain	weak	رواه أبو داود وفي إسناده لين.	0.9	1	urn:openiti:0852IbnHajarCasqalani.BulughMaram.Shamela0009111-ara1:p01668	0:1	633	Abu Dawud	وعن أبي سعيد الخدري, عن النبي - صلى الله عليه وسلم - قال: «أيما مسلم كسا [مسلما]   ثوبا على عري كساه الله من خضر الجنة, وأيما مسلم أطعم مسلما على جوع أطعمه الله
	Ibn Hajar (Bulugh al-maram)	852	classical	hadith	sound	أخرجه أحمد, وأبو داود, وصححه ابن خزيمة, وابن حبان, والحاكم.		0	urn:openiti:0852IbnHajarCasqalani.BulughMaram.Shamela0009111-ara1:p01672	0:1	635	Abu Dawud, Ahmad, al-Hakim, Ibn Khuzayma, Ibn Hibban	وعن أبي هريرة - رضي الله عنه - قال: قيل يا رسول الله: أي الصدقة أفضل? قال: «جهد المقل, وابدأ بمن تعول».
	Ibn Hajar (Bulugh al-maram)	852	classical	hadith	sound	رواه أبو داود والنسائي, وصححه ابن حبان والحاكم.		0	urn:openiti:0852IbnHajarCasqalani.BulughMaram.Shamela0009111-ara1:p01674	0:1	636	Abu Dawud, al-Nasaʾi, al-Hakim, Ibn Hibban	وعنه قال: قال رسول الله - صلى الله عليه وسلم: «تصدقوا»، فقال رجل: يا رسول الله, عندي دينار? قال: «تصدق به على نفسك»، قال: عندي آخر, قال: «تصدق به على ولدك»   قا
urn:hadith:0279Tirmidhi.Sunan:650	Ibn Hajar (Bulugh al-maram)	852	classical	hadith	sound	رواه الترمذي وصححه.	0.94	1	urn:openiti:0852IbnHajarCasqalani.BulughMaram.Shamela0009111-ara1:p01688	0:1	642	al-Tirmidhi	وعن سمرة بن جندب - رضي الله عنه - قال: قال رسول الله - صلى الله عليه وسلم: «المسألة كد يكد بها الرجل وجهه, إلا أن يسأل الرجل سلطانا, أو في أمر لا بد منه».
urn:hadith:0241IbnHanbal.Musnad:11538	Ibn Hajar (Bulugh al-maram)	852	classical	hadith	disputed	رواه أحمد, وأبو داود, وابن ماجه, وصححه الحاكم, وأعل بالإرسال.	1.0	1	urn:openiti:0852IbnHajarCasqalani.BulughMaram.Shamela0009111-ara1:p01691	0:1	643	Abu Dawud, Ibn Maja, Ahmad, al-Hakim	عن أبي سعيد الخدري - رضي الله عنه - قال: قال رسول الله - صلى الله عليه وسلم: «لا تحل الصدقة لغني إلا لخمسة: لعامل عليها, أو رجل اشتراها بماله, أو غارم, أو غاز ف
urn:hadith:0405HakimNaysaburi.Mustadrak:1541	Ibn Hajar (Bulugh al-maram)	852	classical	hadith	sound	رواه أبو داود, وصححه ابن حبان, والحاكم.	0.8	1	urn:openiti:0852IbnHajarCasqalani.BulughMaram.Shamela0009111-ara1:p01721	0:1	654	Abu Dawud, al-Hakim, Ibn Hibban	وعن ابن عمر - رضي الله عنهما - قال: تراءى الناس الهلال, فأخبرت رسول الله - صلى الله عليه وسلم - أني رأيته, فصام, وأمر الناس بصيامه.
	Ibn Hajar (Bulugh al-maram)	852	classical	hadith	disputed	رواه الخمسة, وصححه ابن خزيمة, وابن حبان   ورجح النسائي إرساله.		0	urn:openiti:0852IbnHajarCasqalani.BulughMaram.Shamela0009111-ara1:p01723	0:1	655	al-Nasaʾi, Ibn Khuzayma, Ibn Hibban, the Five	وعن ابن عباس - رضي الله عنهما: أن أعرابيا جاء إلى النبي - صلى الله عليه وسلم - فقال: إني رأيت الهلال, فقال: «أتشهد أن لا إله إلا الله?» قال: نعم. قال: «أتشهد أن
urn:hadith:0303Nasai.SunanKubra:2640	Ibn Hajar (Bulugh al-maram)	852	classical	hadith	disputed	رواه الخمسة, ومال النسائي والترمذي إلى ترجيح وقفه, وصححه مرفوعا ابن خزيمة وابن حبان.	0.64	4	urn:openiti:0852IbnHajarCasqalani.BulughMaram.Shamela0009111-ara1:p01725	0:1	656	al-Tirmidhi, al-Nasaʾi, Ibn Khuzayma, Ibn Hibban, the Five	وعن حفصة أم المؤمنين - رضي الله عنها, عن النبي - صلى الله عليه وسلم - قال: «من لم يبيت الصيام قبل الفجر فلا صيام له».
urn:hadith:0303Nasai.SunanKubra:2641	Ibn Hajar (Bulugh al-maram)	852	classical	hadith	disputed	رواه الخمسة, ومال النسائي والترمذي إلى ترجيح وقفه, وصححه مرفوعا ابن خزيمة وابن حبان.	0.64	4	urn:openiti:0852IbnHajarCasqalani.BulughMaram.Shamela0009111-ara1:p01725	0:1	656	al-Tirmidhi, al-Nasaʾi, Ibn Khuzayma, Ibn Hibban, the Five	وعن حفصة أم المؤمنين - رضي الله عنها, عن النبي - صلى الله عليه وسلم - قال: «من لم يبيت الصيام قبل الفجر فلا صيام له».
urn:hadith:0303Nasai.SunanSughra:2331	Ibn Hajar (Bulugh al-maram)	852	classical	hadith	disputed	رواه الخمسة, ومال النسائي والترمذي إلى ترجيح وقفه, وصححه مرفوعا ابن خزيمة وابن حبان.	0.64	4	urn:openiti:0852IbnHajarCasqalani.BulughMaram.Shamela0009111-ara1:p01725	0:1	656	al-Tirmidhi, al-Nasaʾi, Ibn Khuzayma, Ibn Hibban, the Five	وعن حفصة أم المؤمنين - رضي الله عنها, عن النبي - صلى الله عليه وسلم - قال: «من لم يبيت الصيام قبل الفجر فلا صيام له».
urn:hadith:0303Nasai.SunanSughra:2332	Ibn Hajar (Bulugh al-maram)	852	classical	hadith	disputed	رواه الخمسة, ومال النسائي والترمذي إلى ترجيح وقفه, وصححه مرفوعا ابن خزيمة وابن حبان.	0.64	4	urn:openiti:0852IbnHajarCasqalani.BulughMaram.Shamela0009111-ara1:p01725	0:1	656	al-Tirmidhi, al-Nasaʾi, Ibn Khuzayma, Ibn Hibban, the Five	وعن حفصة أم المؤمنين - رضي الله عنها, عن النبي - صلى الله عليه وسلم - قال: «من لم يبيت الصيام قبل الفجر فلا صيام له».
urn:hadith:0241IbnHanbal.Musnad:16228	Ibn Hajar (Bulugh al-maram)	852	classical	hadith	sound	رواه الخمسة, وصححه ابن خزيمة وابن حبان والحاكم.	0.94	3	urn:openiti:0852IbnHajarCasqalani.BulughMaram.Shamela0009111-ara1:p01739	0:1	661	al-Hakim, Ibn Khuzayma, Ibn Hibban, the Five	وعن سلمان بن عامر الضبي - رضي الله عنه - عن النبي - صلى الله عليه وسلم - قال: «إذا أفطر أحدكم فليفطر على تمر, فإن لم يجد فليفطر على ماء, فإنه طهور».
urn:hadith:0241IbnHanbal.Musnad:16231	Ibn Hajar (Bulugh al-maram)	852	classical	hadith	sound	رواه الخمسة, وصححه ابن خزيمة وابن حبان والحاكم.	0.94	3	urn:openiti:0852IbnHajarCasqalani.BulughMaram.Shamela0009111-ara1:p01739	0:1	661	al-Hakim, Ibn Khuzayma, Ibn Hibban, the Five	وعن سلمان بن عامر الضبي - رضي الله عنه - عن النبي - صلى الله عليه وسلم - قال: «إذا أفطر أحدكم فليفطر على تمر, فإن لم يجد فليفطر على ماء, فإنه طهور».
urn:hadith:0241IbnHanbal.Musnad:17874	Ibn Hajar (Bulugh al-maram)	852	classical	hadith	sound	رواه الخمسة, وصححه ابن خزيمة وابن حبان والحاكم.	0.94	3	urn:openiti:0852IbnHajarCasqalani.BulughMaram.Shamela0009111-ara1:p01739	0:1	661	al-Hakim, Ibn Khuzayma, Ibn Hibban, the Five	وعن سلمان بن عامر الضبي - رضي الله عنه - عن النبي - صلى الله عليه وسلم - قال: «إذا أفطر أحدكم فليفطر على تمر, فإن لم يجد فليفطر على ماء, فإنه طهور».
urn:hadith:0275AbuDawudSijistani.Sunan:2369	Ibn Hajar (Bulugh al-maram)	852	classical	hadith	sound	رواه الخمسة إلا الترمذي, وصححه أحمد, وابن خزيمة, وابن حبان.	0.69	1	urn:openiti:0852IbnHajarCasqalani.BulughMaram.Shamela0009111-ara1:p01750	0:1	666	al-Tirmidhi, Ahmad, Ibn Khuzayma, Ibn Hibban, the Five	وعن شداد بن أوس - رضي الله عنه: أن رسول الله - صلى الله عليه وسلم - أتى على رجل بالبقيع وهو يحتجم في رمضان. فقال: «أفطر الحاجم [والمحجوم]».
	Ibn Hajar (Bulugh al-maram)	852	classical	chain	weak	رواه ابن ماجه بإسناد ضعيف.		0	urn:openiti:0852IbnHajarCasqalani.BulughMaram.Shamela0009111-ara1:p01756	0:1	668	Ibn Maja	وعن عائشة - رضي الله عنها: أن النبي - صلى الله عليه وسلم - اكتحل في رمضان, وهو صائم.
urn:hadith:0303Nasai.SunanKubra:2730	Ibn Hajar (Bulugh al-maram)	852	classical	hadith	sound	رواه النسائي, والترمذي, وصححه ابن حبان.	0.75	2	urn:openiti:0852IbnHajarCasqalani.BulughMaram.Shamela0009111-ara1:p01796	0:1	684	al-Tirmidhi, al-Nasaʾi, Ibn Hibban	وعن أبي ذر - رضي الله عنه - قال: أمرنا رسول الله - صلى الله عليه وسلم - أن نصوم من الشهر ثلاثة أيام: ثلاث عشرة, وأربع عشرة، وخمس عشرة.
urn:hadith:0303Nasai.SunanSughra:2422	Ibn Hajar (Bulugh al-maram)	852	classical	hadith	sound	رواه النسائي, والترمذي, وصححه ابن حبان.	0.75	2	urn:openiti:0852IbnHajarCasqalani.BulughMaram.Shamela0009111-ara1:p01796	0:1	684	al-Tirmidhi, al-Nasaʾi, Ibn Hibban	وعن أبي ذر - رضي الله عنه - قال: أمرنا رسول الله - صلى الله عليه وسلم - أن نصوم من الشهر ثلاثة أيام: ثلاث عشرة, وأربع عشرة، وخمس عشرة.
urn:hadith:0279Tirmidhi.Sunan:713	Ibn Hajar (Bulugh al-maram)	852	classical	chain	weak	رواه الخمسة, ورجاله ثقات, إلا أنه مضطرب.	0.62	2	urn:openiti:0852IbnHajarCasqalani.BulughMaram.Shamela0009111-ara1:p01815	0:1	692	the Five	وعن الصماء بنت بسر رضي الله عنها أن رسول الله - صلى الله عليه وسلم - قال: لا تصوموا يوم السبت, إلا فيما افترض عليكم, فإن لم يجد أحدكم إلا لحاء عنب, أو عود شجرة 
urn:hadith:0273IbnMaja.Sunan:1726	Ibn Hajar (Bulugh al-maram)	852	classical	chain	weak	رواه الخمسة, ورجاله ثقات, إلا أنه مضطرب.	0.57	2	urn:openiti:0852IbnHajarCasqalani.BulughMaram.Shamela0009111-ara1:p01815	0:1	692	the Five	وعن الصماء بنت بسر رضي الله عنها أن رسول الله - صلى الله عليه وسلم - قال: لا تصوموا يوم السبت, إلا فيما افترض عليكم, فإن لم يجد أحدكم إلا لحاء عنب, أو عود شجرة 
	Ibn Hajar (Bulugh al-maram)	852	classical	hadith	sound	أخرجه النسائي, وصححه ابن خزيمة, وهذا لفظه.		0	urn:openiti:0852IbnHajarCasqalani.BulughMaram.Shamela0009111-ara1:p01820	0:1	693	al-Nasaʾi, Ibn Khuzayma	وعن أم سلمة رضي الله عنها: أن رسول الله - صلى الله عليه وسلم - كان أكثر ما يصوم من الأيام يوم السبت, ويوم الأحد, وكان يقول: «إنهما يوما عيد للمشركين, وأنا أريد 
	Ibn Hajar (Bulugh al-maram)	852	classical	hadith	sound	رواه الخمسة غير الترمذي, وصححه ابن خزيمة, والحاكم, واستنكره العقيلي.		0	urn:openiti:0852IbnHajarCasqalani.BulughMaram.Shamela0009111-ara1:p01824	0:1	694	al-Tirmidhi, al-Hakim, Ibn Khuzayma, the Five	بعرفة.
urn:hadith:0275AbuDawudSijistani.Sunan:2473	Ibn Hajar (Bulugh al-maram)	852	classical	chain	fair	رواه أبو داود, ولا بأس برجاله, إلا أن الراجح وقف آخره.	0.87	1	urn:openiti:0852IbnHajarCasqalani.BulughMaram.Shamela0009111-ara1:p01843	0:1	702	Abu Dawud	وعنها قالت: السنة على المعتكف أن لا يعود مريضا, ولا يشهد جنازة, ولا يمس امرأة, ولا يباشرها, ولا يخرج لحاجة, إلا لما لا بد له منه, ولا اعتكاف إلا بصوم، ولا اعتكا
	Ibn Hajar (Bulugh al-maram)	852	classical	hadith	sound	رواه الخمسة, غير أبي داود, وصححه الترمذي, والحاكم.		0	urn:openiti:0852IbnHajarCasqalani.BulughMaram.Shamela0009111-ara1:p01856	0:1	706	al-Tirmidhi, al-Hakim, the Five	
urn:hadith:0273IbnMaja.Sunan:2901	Ibn Hajar (Bulugh al-maram)	852	classical	chain	sound	رواه أحمد, وابن ماجه واللفظ له, وإسناده صحيح.	0.92	1	urn:openiti:0852IbnHajarCasqalani.BulughMaram.Shamela0009111-ara1:p01864	0:1	709	Ibn Maja, Ahmad	وعن عائشة رضي الله عنها قالت: قلت: يا رسول الله! على النساء جهاد? قال: «نعم, عليهن جهاد، لا قتال فيه: الحج, والعمرة».
	Ibn Hajar (Bulugh al-maram)	852	classical	chain	weak	وأخرجه ابن عدي من وجه آخر ضعيف.		0	urn:openiti:0852IbnHajarCasqalani.BulughMaram.Shamela0009111-ara1:p01870	0:1	710		
urn:hadith:0385Daraqutni.Sunan:2307	Ibn Hajar (Bulugh al-maram)	852	classical	hadith	disputed	رواه الدارقطني وصححه الحاكم, والراجح إرساله.	0.67	2	urn:openiti:0852IbnHajarCasqalani.BulughMaram.Shamela0009111-ara1:p01874	0:1	712	al-Daraqutni, al-Hakim	وعن أنس - رضي الله عنه - قال: قيل: يا رسول الله, ما السبيل? قال: «الزاد والراحلة».
urn:hadith:0405HakimNaysaburi.Mustadrak:1613	Ibn Hajar (Bulugh al-maram)	852	classical	hadith	disputed	رواه الدارقطني وصححه الحاكم, والراجح إرساله.	0.67	2	urn:openiti:0852IbnHajarCasqalani.BulughMaram.Shamela0009111-ara1:p01874	0:1	712	al-Daraqutni, al-Hakim	وعن أنس - رضي الله عنه - قال: قيل: يا رسول الله, ما السبيل? قال: «الزاد والراحلة».
	Ibn Hajar (Bulugh al-maram)	852	classical	chain	weak	وأخرجه الترمذي من حديث ابن عمر أيضا, وفي إسناده ضعف.		0	urn:openiti:0852IbnHajarCasqalani.BulughMaram.Shamela0009111-ara1:p01876	0:1	713	al-Tirmidhi	
urn:hadith:0275AbuDawudSijistani.Sunan:1811	Ibn Hajar (Bulugh al-maram)	852	classical	hadith	disputed	رواه أبو داود, وابن ماجه, وصححه ابن حبان, والراجح عند أحمد وقفه.	0.94	1	urn:openiti:0852IbnHajarCasqalani.BulughMaram.Shamela0009111-ara1:p01890	0:1	719	Abu Dawud, Ibn Maja, Ahmad, Ibn Hibban	وعنه: أن النبي - صلى الله عليه وسلم - سمع رجلا يقول: لبيك عن شبرمة, قال: «من شبرمة?» قال: أخ [لي] , أو قريب لي, قال: «حججت عن نفسك?» قال: لا. قال: «حج عن نفسك, 
	Ibn Hajar (Bulugh al-maram)	852	classical	hadith	fair	رواه الترمذي وحسنه.		0	urn:openiti:0852IbnHajarCasqalani.BulughMaram.Shamela0009111-ara1:p01917	0:1	730	al-Tirmidhi	وعن زيد بن ثابت - رضي الله عنه: أن النبي - صلى الله عليه وسلم - تجرد لإهلاله واغتسل.
	Ibn Hajar (Bulugh al-maram)	852	classical	chain	weak	رواه الشافعي بإسناد ضعيف.		0	urn:openiti:0852IbnHajarCasqalani.BulughMaram.Shamela0009111-ara1:p01962	1:217	743		وعن خزيمة بن ثابت - رضي الله عنه: أن النبي - صلى الله عليه وسلم - كان إذا فرغ من تلبيته في حج أو عمرة سأل الله رضوانه والجنة، واستعاذ   برحمته من النار.
	Ibn Hajar (Bulugh al-maram)	852	classical	hadith	sound	رواه الخمسة إلا النسائي, وصححه الترمذي.		0	urn:openiti:0852IbnHajarCasqalani.BulughMaram.Shamela0009111-ara1:p01984	0:1	752	al-Tirmidhi, al-Nasaʾi, the Five	أخضر.
urn:hadith:0275AbuDawudSijistani.Sunan:1942	Ibn Hajar (Bulugh al-maram)	852	classical	chain	sound	رواه أبو داود, وإسناده على شرط مسلم.	0.83	1	urn:openiti:0852IbnHajarCasqalani.BulughMaram.Shamela0009111-ara1:p01994	0:1	757	Abu Dawud	وعن عائشة رضي الله عنها قالت: أرسل النبي - صلى الله عليه وسلم - بأم سلمة ليلة النحر, فرمت الجمرة قبل الفجر, ثم مضت فأفاضت.
urn:hadith:0279Tirmidhi.Sunan:860	Ibn Hajar (Bulugh al-maram)	852	classical	hadith	sound	رواه الخمسة, وصححه الترمذي, وابن خزيمة.	0.54	1	urn:openiti:0852IbnHajarCasqalani.BulughMaram.Shamela0009111-ara1:p01996	0:1	758	al-Tirmidhi, Ibn Khuzayma, the Five	وعن عروة بن مضرس - رضي الله عنه - قال: قال رسول الله - صلى الله عليه وسلم: «من شهد صلاتنا هذه - يعني: بالمزدلفة - فوقف معنا حتى ندفع, وقد وقف بعرفة قبل ذلك ليلا
urn:hadith:0241IbnHanbal.Musnad:25103	Ibn Hajar (Bulugh al-maram)	852	classical	chain	weak	رواه أحمد, وأبو داود, وفي إسناده ضعف.	0.71	1	urn:openiti:0852IbnHajarCasqalani.BulughMaram.Shamela0009111-ara1:p02018	0:1	768	Abu Dawud, Ahmad	وحلقتم فقد حل لكم الطيب وكل شيء إلا النساء».
	Ibn Hajar (Bulugh al-maram)	852	classical	chain	fair	رواه أبو داود بإسناد حسن.		0	urn:openiti:0852IbnHajarCasqalani.BulughMaram.Shamela0009111-ara1:p02022	0:1	769	Abu Dawud	النساء حلق, وإنما يقصرن».
urn:hadith:0241IbnHanbal.Musnad:23775	Ibn Hajar (Bulugh al-maram)	852	classical	hadith	sound	رواه الخمسة, وصححه الترمذي, وابن حبان.	0.56	2	urn:openiti:0852IbnHajarCasqalani.BulughMaram.Shamela0009111-ara1:p02026	0:1	771	al-Tirmidhi, Ibn Hibban, the Five	وعن عاصم بن عدي - رضي الله عنه: أن رسول الله - صلى الله عليه وسلم - أرخص لرعاة الإبل في البيتوتة عن منى, يرمون يوم النحر, ثم يرمون الغد ليومين, ثم يرمون يوم الن
urn:hadith:0303Nasai.SunanKubra:4178	Ibn Hajar (Bulugh al-maram)	852	classical	hadith	sound	رواه الخمسة, وصححه الترمذي, وابن حبان.	0.56	2	urn:openiti:0852IbnHajarCasqalani.BulughMaram.Shamela0009111-ara1:p02026	0:1	771	al-Tirmidhi, Ibn Hibban, the Five	وعن عاصم بن عدي - رضي الله عنه: أن رسول الله - صلى الله عليه وسلم - أرخص لرعاة الإبل في البيتوتة عن منى, يرمون يوم النحر, ثم يرمون الغد ليومين, ثم يرمون يوم الن
	Ibn Hajar (Bulugh al-maram)	852	classical	chain	fair	رواه أبو داود بإسناد حسن.		0	urn:openiti:0852IbnHajarCasqalani.BulughMaram.Shamela0009111-ara1:p02030	0:1	773	Abu Dawud	وعن سراء بنت نبهان رضي الله عنها قالت: خطبنا رسول الله - صلى الله عليه وسلم - يوم الرءوس فقال: «أليس هذا أوسط أيام التشريق?». الحديث
urn:hadith:0273IbnMaja.Sunan:3060	Ibn Hajar (Bulugh al-maram)	852	classical	hadith	sound	رواه الخمسة إلا الترمذي, وصححه الحاكم.	0.86	4	urn:openiti:0852IbnHajarCasqalani.BulughMaram.Shamela0009111-ara1:p02034	0:1	775	al-Tirmidhi, al-Hakim, the Five	وعن ابن عباس رضي الله عنهما; أن النبي - صلى الله عليه وسلم - لم يرمل في السبع الذي أفاض فيه.
urn:hadith:0275AbuDawudSijistani.Sunan:2001	Ibn Hajar (Bulugh al-maram)	852	classical	hadith	sound	رواه الخمسة إلا الترمذي, وصححه الحاكم.	0.86	4	urn:openiti:0852IbnHajarCasqalani.BulughMaram.Shamela0009111-ara1:p02034	0:1	775	al-Tirmidhi, al-Hakim, the Five	وعن ابن عباس رضي الله عنهما; أن النبي - صلى الله عليه وسلم - لم يرمل في السبع الذي أفاض فيه.
urn:hadith:0303Nasai.SunanKubra:4170	Ibn Hajar (Bulugh al-maram)	852	classical	hadith	sound	رواه الخمسة إلا الترمذي, وصححه الحاكم.	0.86	4	urn:openiti:0852IbnHajarCasqalani.BulughMaram.Shamela0009111-ara1:p02034	0:1	775	al-Tirmidhi, al-Hakim, the Five	وعن ابن عباس رضي الله عنهما; أن النبي - صلى الله عليه وسلم - لم يرمل في السبع الذي أفاض فيه.
urn:hadith:0405HakimNaysaburi.Mustadrak:1746	Ibn Hajar (Bulugh al-maram)	852	classical	hadith	sound	رواه الخمسة إلا الترمذي, وصححه الحاكم.	0.86	4	urn:openiti:0852IbnHajarCasqalani.BulughMaram.Shamela0009111-ara1:p02034	0:1	775	al-Tirmidhi, al-Hakim, the Five	وعن ابن عباس رضي الله عنهما; أن النبي - صلى الله عليه وسلم - لم يرمل في السبع الذي أفاض فيه.
urn:hadith:0241IbnHanbal.Musnad:14694	Ibn Hajar (Bulugh al-maram)	852	classical	hadith	sound	رواه أحمد, وصححه ابن حبان.	0.74	3	urn:openiti:0852IbnHajarCasqalani.BulughMaram.Shamela0009111-ara1:p02042	0:1	779	Ahmad, Ibn Hibban	وعن ابن الزبير رضي الله عنهما قال: قال رسول الله - صلى الله عليه وسلم: «صلاة في مسجدي هذا أفضل من ألف صلاة فيما سواه إلا المسجد الحرام, وصلاة في المسجد الحرام أ
urn:hadith:0241IbnHanbal.Musnad:15271	Ibn Hajar (Bulugh al-maram)	852	classical	hadith	sound	رواه أحمد, وصححه ابن حبان.	0.74	3	urn:openiti:0852IbnHajarCasqalani.BulughMaram.Shamela0009111-ara1:p02042	0:1	779	Ahmad, Ibn Hibban	وعن ابن الزبير رضي الله عنهما قال: قال رسول الله - صلى الله عليه وسلم: «صلاة في مسجدي هذا أفضل من ألف صلاة فيما سواه إلا المسجد الحرام, وصلاة في المسجد الحرام أ
urn:hadith:0241IbnHanbal.Musnad:16117	Ibn Hajar (Bulugh al-maram)	852	classical	hadith	sound	رواه أحمد, وصححه ابن حبان.	0.7	3	urn:openiti:0852IbnHajarCasqalani.BulughMaram.Shamela0009111-ara1:p02042	0:1	779	Ahmad, Ibn Hibban	وعن ابن الزبير رضي الله عنهما قال: قال رسول الله - صلى الله عليه وسلم: «صلاة في مسجدي هذا أفضل من ألف صلاة فيما سواه إلا المسجد الحرام, وصلاة في المسجد الحرام أ
urn:hadith:0275AbuDawudSijistani.Sunan:1862	Ibn Hajar (Bulugh al-maram)	852	classical	hadith	fair	رواه الخمسة, وحسنه الترمذي	0.81	1	urn:openiti:0852IbnHajarCasqalani.BulughMaram.Shamela0009111-ara1:p02049	0:1	782	al-Tirmidhi, the Five	و   وعن عكرمة, عن الحجاج بن عمرو الأنصاري - رضي الله عنه - قال: قال رسول الله - صلى الله عليه وسلم: «من كسر, أو عرج, فقد حل، وعليه الحج من قابل» قال عكرمة. فسأل
urn:hadith:0292AbuBakrBazzar.BahrZakhkhar:3731	Ibn Hajar (Bulugh al-maram)	852	classical	hadith	sound	رواه البزار، وصححه الحاكم.	0.8	1	urn:openiti:0852IbnHajarCasqalani.BulughMaram.Shamela0009111-ara1:p02057	0:1	784	al-Hakim, al-Bazzar	عن رفاعة بن رافع - رضي الله عنه - أن النبي - صلى الله عليه وسلم - سئل: أي الكسب أطيب? قال: «عمل الرجل بيده, وكل بيع مبرور».
	Ibn Hajar (Bulugh al-maram)	852	classical	hadith	sound	رواه الخمسة, وصححه الحاكم.		0	urn:openiti:0852IbnHajarCasqalani.BulughMaram.Shamela0009111-ara1:p02064	0:1	786	al-Hakim, the Five	وعن ابن مسعود - رضي الله عنه - قال: سمعت رسول الله - صلى الله عليه وسلم - يقول: «إذا اختلف المتبايعان ليس   بينهما بينة, فالقول ما يقول رب السلعة أو يتتاركان».
	Ibn Hajar (Bulugh al-maram)	852	classical	hadith	sound	رواه النسائي, وابن ماجه والدارقطني, وصححه ابن حبان.		0	urn:openiti:0852IbnHajarCasqalani.BulughMaram.Shamela0009111-ara1:p02090	0:1	795	al-Nasaʾi, Ibn Maja, al-Daraqutni, Ibn Hibban	وعن جابر - رضي الله عنه - قال: كنا نبيع سرارينا, أمهات الأولاد, والنبي - صلى الله عليه وسلم - حي, لا نرى   بذلك بأسا.
	Ibn Hajar (Bulugh al-maram)	852	classical	hadith	sound	رواه أحمد, والنسائي, وصححه الترمذي, وابن حبان.		0	urn:openiti:0852IbnHajarCasqalani.BulughMaram.Shamela0009111-ara1:p02107	0:1	802	al-Tirmidhi, al-Nasaʾi, Ahmad, Ibn Hibban	وعنه قال: نهى رسول الله - صلى الله عليه وسلم - عن بيعتين في بيعة.
urn:hadith:0241IbnHanbal.Musnad:6671	Ibn Hajar (Bulugh al-maram)	852	classical	hadith	sound	رواه الخمسة, وصححه الترمذي, وابن خزيمة, والحاكم.	1.0	3	urn:openiti:0852IbnHajarCasqalani.BulughMaram.Shamela0009111-ara1:p02112	0:1	803	al-Tirmidhi, al-Hakim, Ibn Khuzayma, the Five	, ولا ربح ما لم يضمن, ولا بيع ما ليس عندك».
urn:hadith:0279Tirmidhi.Sunan:1201	Ibn Hajar (Bulugh al-maram)	852	classical	hadith	sound	رواه الخمسة, وصححه الترمذي, وابن خزيمة, والحاكم.	1.0	3	urn:openiti:0852IbnHajarCasqalani.BulughMaram.Shamela0009111-ara1:p02112	0:1	803	al-Tirmidhi, al-Hakim, Ibn Khuzayma, the Five	, ولا ربح ما لم يضمن, ولا بيع ما ليس عندك».
urn:hadith:0405HakimNaysaburi.Mustadrak:2185	Ibn Hajar (Bulugh al-maram)	852	classical	hadith	sound	رواه الخمسة, وصححه الترمذي, وابن خزيمة, والحاكم.	1.0	3	urn:openiti:0852IbnHajarCasqalani.BulughMaram.Shamela0009111-ara1:p02112	0:1	803	al-Tirmidhi, al-Hakim, Ibn Khuzayma, the Five	, ولا ربح ما لم يضمن, ولا بيع ما ليس عندك».
urn:hadith:0405HakimNaysaburi.Mustadrak:2271	Ibn Hajar (Bulugh al-maram)	852	classical	hadith	sound	رواه أحمد, وأبو داود واللفظ له, وصححه ابن حبان والحاكم.	0.81	2	urn:openiti:0852IbnHajarCasqalani.BulughMaram.Shamela0009111-ara1:p02118	0:1	805	Abu Dawud, Ahmad, al-Hakim, Ibn Hibban	وعن ابن عمر رضي الله عنهما قال: ابتعت زيتا في السوق, فلما استوجبته لقيني رجل فأعطاني به ربحا حسنا، فأردت أن أضرب على يد الرجل، فأخذ رجل من خلفي بذراعي، فالتفت, 
urn:hadith:0275AbuDawudSijistani.Sunan:3499	Ibn Hajar (Bulugh al-maram)	852	classical	hadith	sound	رواه أحمد, وأبو داود واللفظ له, وصححه ابن حبان والحاكم.	0.79	2	urn:openiti:0852IbnHajarCasqalani.BulughMaram.Shamela0009111-ara1:p02118	0:1	805	Abu Dawud, Ahmad, al-Hakim, Ibn Hibban	وعن ابن عمر رضي الله عنهما قال: ابتعت زيتا في السوق, فلما استوجبته لقيني رجل فأعطاني به ربحا حسنا، فأردت أن أضرب على يد الرجل، فأخذ رجل من خلفي بذراعي، فالتفت, 
urn:hadith:0275AbuDawudSijistani.Sunan:3354	Ibn Hajar (Bulugh al-maram)	852	classical	hadith	sound	رواه الخمسة, وصححه الحاكم.	0.55	1	urn:openiti:0852IbnHajarCasqalani.BulughMaram.Shamela0009111-ara1:p02120	0:1	806	al-Hakim, the Five	وعنه قال: قلت: يا رسول الله! إني أبيع بالبقيع, فأبيع بالدنانير وآخذ الدراهم, وأبيع بالدراهم وآخذ الدنانير, آخذ هذا من هذه وأعطي هذه من هذا? فقال رسول الله - صلى
urn:hadith:0303Nasai.SunanKubra:4607	Ibn Hajar (Bulugh al-maram)	852	classical	hadith	sound	رواه الخمسة إلا ابن ماجه, وصححه الترمذي.	0.67	4	urn:openiti:0852IbnHajarCasqalani.BulughMaram.Shamela0009111-ara1:p02124	0:1	808	al-Tirmidhi, Ibn Maja, the Five	وعن جابر بن عبد الله -رضي الله عنهما-; - أن النبي - صلى الله عليه وسلم - نهى عن المحاقلة, والمزابنة, والمخابرة, وعن الثنيا, إلا أن تعلم -
urn:hadith:0303Nasai.SunanKubra:6229	Ibn Hajar (Bulugh al-maram)	852	classical	hadith	sound	رواه الخمسة إلا ابن ماجه, وصححه الترمذي.	0.67	4	urn:openiti:0852IbnHajarCasqalani.BulughMaram.Shamela0009111-ara1:p02124	0:1	808	al-Tirmidhi, Ibn Maja, the Five	وعن جابر بن عبد الله -رضي الله عنهما-; - أن النبي - صلى الله عليه وسلم - نهى عن المحاقلة, والمزابنة, والمخابرة, وعن الثنيا, إلا أن تعلم -
urn:hadith:0303Nasai.SunanSughra:3880	Ibn Hajar (Bulugh al-maram)	852	classical	hadith	sound	رواه الخمسة إلا ابن ماجه, وصححه الترمذي.	0.67	4	urn:openiti:0852IbnHajarCasqalani.BulughMaram.Shamela0009111-ara1:p02124	0:1	808	al-Tirmidhi, Ibn Maja, the Five	وعن جابر بن عبد الله -رضي الله عنهما-; - أن النبي - صلى الله عليه وسلم - نهى عن المحاقلة, والمزابنة, والمخابرة, وعن الثنيا, إلا أن تعلم -
urn:hadith:0303Nasai.SunanSughra:4633	Ibn Hajar (Bulugh al-maram)	852	classical	hadith	sound	رواه الخمسة إلا ابن ماجه, وصححه الترمذي.	0.67	4	urn:openiti:0852IbnHajarCasqalani.BulughMaram.Shamela0009111-ara1:p02124	0:1	808	al-Tirmidhi, Ibn Maja, the Five	وعن جابر بن عبد الله -رضي الله عنهما-; - أن النبي - صلى الله عليه وسلم - نهى عن المحاقلة, والمزابنة, والمخابرة, وعن الثنيا, إلا أن تعلم -
urn:hadith:0405HakimNaysaburi.Mustadrak:2334	Ibn Hajar (Bulugh al-maram)	852	classical	hadith	disputed	رواه أحمد, وصححه الترمذي, والحاكم, ولكن في إسناده مقال.	0.92	1	urn:openiti:0852IbnHajarCasqalani.BulughMaram.Shamela0009111-ara1:p02137	0:1	813	al-Tirmidhi, Ahmad, al-Hakim	وعن أبي أيوب الأنصاري - رضي الله عنه -[قال]: سمعت رسول الله - صلى الله عليه وسلم - يقول: «من فرق بين والدة وولدها, فرق الله بينه وبين أحبته يوم القيامة».
urn:hadith:0241IbnHanbal.Musnad:1045	Ibn Hajar (Bulugh al-maram)	852	classical	hadith	sound	رواه أحمد, ورجاله ثقات, وقد صححه ابن خزيمة, وابن الجارود, وابن حبان, والحاكم, والطبراني, وابن القطان.	0.83	1	urn:openiti:0852IbnHajarCasqalani.BulughMaram.Shamela0009111-ara1:p02141	0:1	814	Ahmad, al-Hakim, Ibn Khuzayma, Ibn Hibban, al-Tabarani (TK)	وعن علي بن أبي طالب - رضي الله عنه - قال: أمرني رسول الله - صلى الله عليه وسلم - أن أبيع غلامين أخوين, فبعتهما, ففرقت بينهما، فذكرت ذلك للنبي - صلى الله عليه وس
urn:hadith:0241IbnHanbal.Musnad:14057	Ibn Hajar (Bulugh al-maram)	852	classical	hadith	sound	رواه الخمسة إلا النسائي, وصححه ابن حبان.	1.0	2	urn:openiti:0852IbnHajarCasqalani.BulughMaram.Shamela0009111-ara1:p02145	0:1	815	al-Nasaʾi, Ibn Hibban, the Five	تعالى-, وليس أحد منكم يطلبني بمظلمة في   دم ولا مال».
urn:hadith:0279Tirmidhi.Sunan:1281	Ibn Hajar (Bulugh al-maram)	852	classical	hadith	sound	رواه الخمسة إلا النسائي, وصححه ابن حبان.	1.0	2	urn:openiti:0852IbnHajarCasqalani.BulughMaram.Shamela0009111-ara1:p02145	0:1	815	al-Nasaʾi, Ibn Hibban, the Five	تعالى-, وليس أحد منكم يطلبني بمظلمة في   دم ولا مال».
urn:hadith:0360Tabarani.MucjamAwsat:5356	Ibn Hajar (Bulugh al-maram)	852	classical	chain	fair	رواه الطبراني في «الأوسط» بإسناد حسن.	0.82	1	urn:openiti:0852IbnHajarCasqalani.BulughMaram.Shamela0009111-ara1:p02158	0:1	820	al-Tabarani (TA)	وعن عبد الله بن بريدة, عن أبيه - رضي الله عنه - قال: قال رسول الله - صلى الله عليه وسلم: «من حبس العنب أيام القطاف, حتى يبيعه ممن يتخذه خمرا, فقد تقحم النار على
	Ibn Hajar (Bulugh al-maram)	852	classical	hadith	disputed	رواه الخمسة, وضعفه البخاري, وأبو داود وصححه الترمذي, وابن خزيمة, وابن الجارود, وابن حبان, والحاكم, وابن القطان.		0	urn:openiti:0852IbnHajarCasqalani.BulughMaram.Shamela0009111-ara1:p02160	0:1	821	Abu Dawud, al-Tirmidhi, al-Hakim, Ibn Khuzayma, Ibn Hibban, the Five	وعن عائشة -رضي الله عنها- قالت: قال رسول الله - صلى الله عليه وسلم: «الخراج بالضمان».
urn:hadith:0273IbnMaja.Sunan:2196	Ibn Hajar (Bulugh al-maram)	852	classical	chain	weak	رواه ابن ماجه, والبزار, والدارقطني بإسناد ضعيف.	0.75	1	urn:openiti:0852IbnHajarCasqalani.BulughMaram.Shamela0009111-ara1:p02167	0:1	824	Ibn Maja, al-Daraqutni, al-Bazzar	وعن أبي سعيد الخدري - رضي الله عنه: أن النبي - صلى الله عليه وسلم - نهى عن شراء ما في بطون الأنعام حتى تضع, وعن بيع ما في ضروعها, وعن شراء العبد وهو آبق, وعن شر
	Ibn Hajar (Bulugh al-maram)	852	classical	chain	sound	وأخرجه أيضا موقوفا على ابن عباس بإسناد قوي, ورجحه البيهقي.		0	urn:openiti:0852IbnHajarCasqalani.BulughMaram.Shamela0009111-ara1:p02173	0:1	826		
	Ibn Hajar (Bulugh al-maram)	852	classical	chain	weak	رواه البزار, وفي إسناده ضعف.		0	urn:openiti:0852IbnHajarCasqalani.BulughMaram.Shamela0009111-ara1:p02175	0:1	827	al-Bazzar	وعن أبي هريرة - رضي الله عنه، أن النبي - صلى الله عليه وسلم - نهى عن بيع المضامين, والملاقيح.
	Ibn Hajar (Bulugh al-maram)	852	classical	hadith	sound	رواه أبو داود, وابن ماجه, وصححه ابن حبان, والحاكم.		0	urn:openiti:0852IbnHajarCasqalani.BulughMaram.Shamela0009111-ara1:p02178	0:1	828	Abu Dawud, Ibn Maja, al-Hakim, Ibn Hibban	عن أبي هريرة - رضي الله عنه - قال: قال رسول الله - صلى الله عليه وسلم: «من أقال مسلما بيعته, أقاله الله عثرته».
	Ibn Hajar (Bulugh al-maram)	852	classical	hadith	sound	رواه ابن ماجه مختصرا, والحاكم بتمامه وصححه.		0	urn:openiti:0852IbnHajarCasqalani.BulughMaram.Shamela0009111-ara1:p02192	0:1	834	Ibn Maja, al-Hakim	وعن عبد الله بن مسعود - رضي الله عنه - عن النبي - صلى الله عليه وسلم - قال: «الربا ثلاثة وسبعون بابا، أيسرها مثل أن ينكح الرجل أمه, وإن أربى الربا عرض الرجل الم
	Ibn Hajar (Bulugh al-maram)	852	classical	hadith	sound	رواه الخمسة, وصححه الترمذي, وابن الجارود.		0	urn:openiti:0852IbnHajarCasqalani.BulughMaram.Shamela0009111-ara1:p02218	0:1	842	al-Tirmidhi, the Five	نسيئة.
urn:hadith:0275AbuDawudSijistani.Sunan:3462	Ibn Hajar (Bulugh al-maram)	852	classical	chain	weak	رواه أبو داود من رواية نافع عنه, وفي إسناده مقال.	0.95	1	urn:openiti:0852IbnHajarCasqalani.BulughMaram.Shamela0009111-ara1:p02222	0:1	844	Abu Dawud	وعن ابن عمر - رضي الله عنهما -[قال]: سمعت رسول الله - صلى الله عليه وسلم - يقول: «إذا تبايعتم بالعينة, وأخذتم أذناب البقر, ورضيتم بالزرع, وتركتم الجهاد, سلط الل
urn:hadith:0241IbnHanbal.Musnad:22251	Ibn Hajar (Bulugh al-maram)	852	classical	chain	weak	رواه أحمد, وأبو داود, وفي إسناده مقال.	0.6	2	urn:openiti:0852IbnHajarCasqalani.BulughMaram.Shamela0009111-ara1:p02225	0:1	845	Abu Dawud, Ahmad	وعن أبي أمامة - رضي الله عنه - عن النبي - صلى الله عليه وسلم - قال: «من شفع لأخيه شفاعة, فأهدى له هدية, فقبلها, فقد أتى بابا عظيما من أبواب الربا».
urn:hadith:0275AbuDawudSijistani.Sunan:3541	Ibn Hajar (Bulugh al-maram)	852	classical	chain	weak	رواه أحمد, وأبو داود, وفي إسناده مقال.	0.6	2	urn:openiti:0852IbnHajarCasqalani.BulughMaram.Shamela0009111-ara1:p02225	0:1	845	Abu Dawud, Ahmad	وعن أبي أمامة - رضي الله عنه - عن النبي - صلى الله عليه وسلم - قال: «من شفع لأخيه شفاعة, فأهدى له هدية, فقبلها, فقد أتى بابا عظيما من أبواب الربا».
	Ibn Hajar (Bulugh al-maram)	852	classical	hadith	sound	رواه أبو داود, والترمذي وصححه.		0	urn:openiti:0852IbnHajarCasqalani.BulughMaram.Shamela0009111-ara1:p02227	0:1	846	Abu Dawud, al-Tirmidhi	وعن عبد الله بن عمرو -رضي الله عنهما- قال: لعن رسول الله - صلى الله عليه وسلم - الراشي والمرتشي.
	Ibn Hajar (Bulugh al-maram)	852	classical	hadith	sound	رواه الخمسة, وصححه ابن المديني, والترمذي, وابن حبان, والحاكم.		0	urn:openiti:0852IbnHajarCasqalani.BulughMaram.Shamela0009111-ara1:p02231	0:1	848	al-Tirmidhi, al-Hakim, Ibn Hibban, the Five	وعن سعد بن أبي وقاص - رضي الله عنه - قال: سمعت رسول الله - صلى الله عليه وسلم - سئل عن اشتراء الرطب بالتمر. فقال: «أينقص الرطب إذا يبس?» قالوا: نعم. فنهى عن ذلك
	Ibn Hajar (Bulugh al-maram)	852	classical	chain	weak	رواه إسحاق, والبزار بإسناد ضعيف		0	urn:openiti:0852IbnHajarCasqalani.BulughMaram.Shamela0009111-ara1:p02233	0:1	849	al-Bazzar	وعن ابن عمر -رضي الله عنهما-; - أن النبي - صلى الله عليه وسلم - نهى عن بيع الكالئ بالكالئ, يعني: الدين بالدين.
urn:hadith:0273IbnMaja.Sunan:2217	Ibn Hajar (Bulugh al-maram)	852	classical	hadith	sound	رواه الخمسة, إلا النسائي, وصححه ابن حبان, والحاكم.	0.82	1	urn:openiti:0852IbnHajarCasqalani.BulughMaram.Shamela0009111-ara1:p02246	0:1	854	al-Nasaʾi, al-Hakim, Ibn Hibban, the Five	وعن أنس بن مالك - رضي الله عنه، أن النبي - صلى الله عليه وسلم - نهى عن بيع العنب حتى يسود, وعن بيع الحب حتى يشتد.
	Ibn Hajar (Bulugh al-maram)	852	classical	chain	very_weak	رواه الحارث بن أبي أسامة, وإسناده ساقط.		0	urn:openiti:0852IbnHajarCasqalani.BulughMaram.Shamela0009111-ara1:p02275	0:1	864		
	Ibn Hajar (Bulugh al-maram)	852	classical	takhrij	in_sahihayn	رواه أبو داود, والنسائي, وعلقه البخاري, وصححه ابن حبان.		0	urn:openiti:0852IbnHajarCasqalani.BulughMaram.Shamela0009111-ara1:p02288	0:1	869	Abu Dawud, al-Nasaʾi, Ibn Hibban	وعن عمرو بن الشريد, عن أبيه قال: قال رسول الله - صلى الله عليه وسلم: «لي الواجد يحل عرضه وعقوبته».
urn:hadith:0385Daraqutni.Sunan:4333	Ibn Hajar (Bulugh al-maram)	852	classical	hadith	sound	رواه الدارقطني, وصححه الحاكم, وأخرجه أبو داود مرسلا, ورجح.	0.9	1	urn:openiti:0852IbnHajarCasqalani.BulughMaram.Shamela0009111-ara1:p02294	0:1	871	Abu Dawud, al-Daraqutni, al-Hakim	وعن ابن كعب بن مالك, عن أبيه; - أن رسول الله - صلى الله عليه وسلم - حجر على معاذ ماله, وباعه في دين كان عليه.
urn:hadith:0241IbnHanbal.Musnad:18776	Ibn Hajar (Bulugh al-maram)	852	classical	hadith	sound	رواه الخمسة, وصححه ابن حبان، والحاكم.	0.95	3	urn:openiti:0852IbnHajarCasqalani.BulughMaram.Shamela0009111-ara1:p02299	0:1	873	al-Hakim, Ibn Hibban, the Five	وعن عطية القرظي - رضي الله عنه - قال: عرضنا على النبي - صلى الله عليه وسلم - يوم قريظة، فكان من أنبت قتل, ومن لم ينبت خلي سبيله, فكنت فيمن لم ينبت فخلي سبيلي.
urn:hadith:0273IbnMaja.Sunan:2541	Ibn Hajar (Bulugh al-maram)	852	classical	hadith	sound	رواه الخمسة, وصححه ابن حبان، والحاكم.	0.95	3	urn:openiti:0852IbnHajarCasqalani.BulughMaram.Shamela0009111-ara1:p02299	0:1	873	al-Hakim, Ibn Hibban, the Five	وعن عطية القرظي - رضي الله عنه - قال: عرضنا على النبي - صلى الله عليه وسلم - يوم قريظة، فكان من أنبت قتل, ومن لم ينبت خلي سبيله, فكنت فيمن لم ينبت فخلي سبيلي.
urn:hadith:0303Nasai.SunanKubra:8621	Ibn Hajar (Bulugh al-maram)	852	classical	hadith	sound	رواه الخمسة, وصححه ابن حبان، والحاكم.	0.95	3	urn:openiti:0852IbnHajarCasqalani.BulughMaram.Shamela0009111-ara1:p02299	0:1	873	al-Hakim, Ibn Hibban, the Five	وعن عطية القرظي - رضي الله عنه - قال: عرضنا على النبي - صلى الله عليه وسلم - يوم قريظة، فكان من أنبت قتل, ومن لم ينبت خلي سبيله, فكنت فيمن لم ينبت فخلي سبيلي.
urn:hadith:0241IbnHanbal.Musnad:7058	Ibn Hajar (Bulugh al-maram)	852	classical	hadith	sound	رواه أحمد, وأصحاب السنن إلا الترمذي, وصححه الحاكم.	0.8	1	urn:openiti:0852IbnHajarCasqalani.BulughMaram.Shamela0009111-ara1:p02302	0:1	874	al-Tirmidhi, Ahmad, al-Hakim, the Four	وفي لفظ: «لا يجوز للمرأة أمر في مالها, إذا ملك زوجها عصمتها».
urn:hadith:0279Tirmidhi.Sunan:1319	Ibn Hajar (Bulugh al-maram)	852	classical	hadith	sound	رواه الترمذي وصححه.	0.78	1	urn:openiti:0852IbnHajarCasqalani.BulughMaram.Shamela0009111-ara1:p02309	0:1	876	al-Tirmidhi	عن عمرو بن عوف المزني - رضي الله عنه - أن رسول الله - صلى الله عليه وسلم - قال: «الصلح جائز بين المسلمين, إلا صلحا حرم حلالا و   أحل حراما، والمسلمون على شروطهم
urn:hadith:0241IbnHanbal.Musnad:14536	Ibn Hajar (Bulugh al-maram)	852	classical	hadith	sound	رواه أحمد, وأبو داود, والنسائي, وصححه ابن حبان, والحاكم.	0.81	1	urn:openiti:0852IbnHajarCasqalani.BulughMaram.Shamela0009111-ara1:p02327	0:1	881	Abu Dawud, al-Nasaʾi, Ahmad, al-Hakim, Ibn Hibban	وكفناه, ثم أتينا به رسول الله - صلى الله عليه وسلم - فقلنا: تصلي عليه? فخطا خطى, ثم قال: «أعليه دين?» قلنا: ديناران، فانصرف, فتحملهما أبو قتادة، فأتيناه, فقال أ
	Ibn Hajar (Bulugh al-maram)	852	classical	chain	weak	رواه البيهقي بإسناد ضعيف.		0	urn:openiti:0852IbnHajarCasqalani.BulughMaram.Shamela0009111-ara1:p02332	0:1	883		وعن عمرو بن شعيب, عن أبيه, عن جده قال: قال رسول الله - صلى الله عليه وسلم: «لا كفالة في حد».
urn:hadith:0405HakimNaysaburi.Mustadrak:2322	Ibn Hajar (Bulugh al-maram)	852	classical	hadith	sound	رواه أبو داود, وصححه الحاكم.	1.0	1	urn:openiti:0852IbnHajarCasqalani.BulughMaram.Shamela0009111-ara1:p02335	0:1	884	Abu Dawud, al-Hakim	عن أبي هريرة - رضي الله عنه - قال: قال رسول الله - صلى الله عليه وسلم: «قال الله: أنا ثالث الشريكين ما لم يخن أحدهما صاحبه, فإذا خان خرجت من بينهما».
urn:hadith:0275AbuDawudSijistani.Sunan:3632	Ibn Hajar (Bulugh al-maram)	852	classical	hadith	sound	رواه أبو داود وصححه.	0.5	1	urn:openiti:0852IbnHajarCasqalani.BulughMaram.Shamela0009111-ara1:p02341	0:1	887	Abu Dawud	وعن جابر بن عبد الله -رضي الله عنهما- - قال: أردت الخروج إلى خيبر, فأتيت النبي - صلى الله عليه وسلم - فقال: «إذا أتيت وكيلي بخيبر, فخذ منه خمسة عشر وسقا».
urn:hadith:0241IbnHanbal.Musnad:20086	Ibn Hajar (Bulugh al-maram)	852	classical	hadith	sound	رواه أحمد, والأربعة, وصححه الحاكم.	1.0	1	urn:openiti:0852IbnHajarCasqalani.BulughMaram.Shamela0009111-ara1:p02356	0:1	893	Ahmad, al-Hakim, the Four	عن سمرة بن جندب - رضي الله عنه - قال: قال رسول الله - صلى الله عليه وسلم: «على اليد ما أخذت حتى تؤديه».
urn:hadith:0275AbuDawudSijistani.Sunan:3534	Ibn Hajar (Bulugh al-maram)	852	classical	hadith	sound	رواه أبو داود, والترمذي وحسنه, وصححه الحاكم, واستنكره أبو حاتم الرازي.	1.0	5	urn:openiti:0852IbnHajarCasqalani.BulughMaram.Shamela0009111-ara1:p02360	0:1	894	Abu Dawud, al-Tirmidhi, al-Hakim	من ائتمنك, ولا تخن من خانك».
urn:hadith:0275AbuDawudSijistani.Sunan:3535	Ibn Hajar (Bulugh al-maram)	852	classical	hadith	sound	رواه أبو داود, والترمذي وحسنه, وصححه الحاكم, واستنكره أبو حاتم الرازي.	1.0	5	urn:openiti:0852IbnHajarCasqalani.BulughMaram.Shamela0009111-ara1:p02360	0:1	894	Abu Dawud, al-Tirmidhi, al-Hakim	من ائتمنك, ولا تخن من خانك».
urn:hadith:0279Tirmidhi.Sunan:1231	Ibn Hajar (Bulugh al-maram)	852	classical	hadith	sound	رواه أبو داود, والترمذي وحسنه, وصححه الحاكم, واستنكره أبو حاتم الرازي.	1.0	5	urn:openiti:0852IbnHajarCasqalani.BulughMaram.Shamela0009111-ara1:p02360	0:1	894	Abu Dawud, al-Tirmidhi, al-Hakim	من ائتمنك, ولا تخن من خانك».
urn:hadith:0405HakimNaysaburi.Mustadrak:2296	Ibn Hajar (Bulugh al-maram)	852	classical	hadith	sound	رواه أبو داود, والترمذي وحسنه, وصححه الحاكم, واستنكره أبو حاتم الرازي.	1.0	5	urn:openiti:0852IbnHajarCasqalani.BulughMaram.Shamela0009111-ara1:p02360	0:1	894	Abu Dawud, al-Tirmidhi, al-Hakim	من ائتمنك, ولا تخن من خانك».
urn:hadith:0405HakimNaysaburi.Mustadrak:2297	Ibn Hajar (Bulugh al-maram)	852	classical	hadith	sound	رواه أبو داود, والترمذي وحسنه, وصححه الحاكم, واستنكره أبو حاتم الرازي.	1.0	5	urn:openiti:0852IbnHajarCasqalani.BulughMaram.Shamela0009111-ara1:p02360	0:1	894	Abu Dawud, al-Tirmidhi, al-Hakim	من ائتمنك, ولا تخن من خانك».
urn:hadith:0303Nasai.SunanKubra:5776	Ibn Hajar (Bulugh al-maram)	852	classical	hadith	sound	رواه أحمد, وأبو داود, والنسائي, وصححه ابن حبان.	0.65	1	urn:openiti:0852IbnHajarCasqalani.BulughMaram.Shamela0009111-ara1:p02362	0:1	895	Abu Dawud, al-Nasaʾi, Ahmad, Ibn Hibban	وعن يعلى بن أمية - رضي الله عنه - قال: قال رسول الله - صلى الله عليه وسلم: «إذا أتتك رسلي فأعطهم ثلاثين درعا»، قلت: يا رسول الله! أعارية مضمونة أو عارية مؤداة? 
	Ibn Hajar (Bulugh al-maram)	852	classical	hadith	sound	رواه أبو داود, والنسائي, وصححه الحاكم.		0	urn:openiti:0852IbnHajarCasqalani.BulughMaram.Shamela0009111-ara1:p02364	0:1	896	Abu Dawud, al-Nasaʾi, al-Hakim	وعن صفوان بن أمية; - أن النبي - صلى الله عليه وسلم - استعار منه دروعا يوم حنين. فقال: أغصب يا محمد? قال: «بل عارية مضمونة».
urn:hadith:0275AbuDawudSijistani.Sunan:3403	Ibn Hajar (Bulugh al-maram)	852	classical	hadith	fair	رواه أحمد, والأربعة إلا النسائي, وحسنه الترمذي.	0.93	2	urn:openiti:0852IbnHajarCasqalani.BulughMaram.Shamela0009111-ara1:p02374	0:1	900	al-Tirmidhi, al-Nasaʾi, Ahmad, the Four	وعن رافع بن خديج - رضي الله عنه - قال: قال رسول الله - صلى الله عليه وسلم: «من زرع في أرض قوم بغير إذنهم, فليس له من الزرع شيء, وله نفقته».
urn:hadith:0279Tirmidhi.Sunan:1333	Ibn Hajar (Bulugh al-maram)	852	classical	hadith	fair	رواه أحمد, والأربعة إلا النسائي, وحسنه الترمذي.	0.93	2	urn:openiti:0852IbnHajarCasqalani.BulughMaram.Shamela0009111-ara1:p02374	0:1	900	al-Tirmidhi, al-Nasaʾi, Ahmad, the Four	وعن رافع بن خديج - رضي الله عنه - قال: قال رسول الله - صلى الله عليه وسلم: «من زرع في أرض قوم بغير إذنهم, فليس له من الزرع شيء, وله نفقته».
	Ibn Hajar (Bulugh al-maram)	852	classical	chain	fair	رواه أبو داود, وإسناده حسن.		0	urn:openiti:0852IbnHajarCasqalani.BulughMaram.Shamela0009111-ara1:p02377	0:1	901	Abu Dawud	وعن عروة بن الزبير قال: قال رجل من الصحابة; من أصحاب رسول الله - صلى الله عليه وسلم: إن رجلين اختصما إلى رسول الله - صلى الله عليه وسلم - في أرض, غرس أحدهما فيه
	Ibn Hajar (Bulugh al-maram)	852	classical	hadith	sound	رواه النسائي, وصححه ابن حبان, وله علة.		0	urn:openiti:0852IbnHajarCasqalani.BulughMaram.Shamela0009111-ara1:p02391	0:1	906	al-Nasaʾi, Ibn Hibban	وعن أنس بن مالك - رضي الله عنه - قال: قال رسول الله - صلى الله عليه وسلم: «جار الدار أحق بالدار».
	Ibn Hajar (Bulugh al-maram)	852	classical	chain	weak	رواه ابن ماجه والبزار, وزاد: «ولا شفعة لغائب». وإسناده ضعيف.		0	urn:openiti:0852IbnHajarCasqalani.BulughMaram.Shamela0009111-ara1:p02395	0:1	908	Ibn Maja, al-Bazzar	وعن ابن عمر -رضي الله عنهما-, عن النبي - صلى الله عليه وسلم - قال: الشفعة كحل العقال.
urn:hadith:0273IbnMaja.Sunan:2289	Ibn Hajar (Bulugh al-maram)	852	classical	chain	weak	رواه ابن ماجه بإسناد ضعيف.	0.67	1	urn:openiti:0852IbnHajarCasqalani.BulughMaram.Shamela0009111-ara1:p02398	0:1	909	Ibn Maja	عن صهيب - رضي الله عنه - أن النبي - صلى الله عليه وسلم - قال: «ثلاث فيهن البركة: البيع إلى أجل، والمقارضة، وخلط البر بالشعير للبيت, لا للبيع».
urn:hadith:0275AbuDawudSijistani.Sunan:3073	Ibn Hajar (Bulugh al-maram)	852	classical	hadith	fair	رواه الثلاثة, وحسنه الترمذي.	0.86	2	urn:openiti:0852IbnHajarCasqalani.BulughMaram.Shamela0009111-ara1:p02431	0:1	922	al-Tirmidhi, the Three	وعن سعيد بن زيد - رضي الله عنه - عن النبي - صلى الله عليه وسلم - قال: «من أحيا أرضا ميتة فهي له».
urn:hadith:0303Nasai.SunanKubra:5761	Ibn Hajar (Bulugh al-maram)	852	classical	hadith	fair	رواه الثلاثة, وحسنه الترمذي.	0.86	2	urn:openiti:0852IbnHajarCasqalani.BulughMaram.Shamela0009111-ara1:p02431	0:1	922	al-Tirmidhi, the Three	وعن سعيد بن زيد - رضي الله عنه - عن النبي - صلى الله عليه وسلم - قال: «من أحيا أرضا ميتة فهي له».
urn:hadith:0275AbuDawudSijistani.Sunan:3077	Ibn Hajar (Bulugh al-maram)	852	classical	hadith	sound	رواه أبو داود, وصححه ابن الجارود.	0.62	1	urn:openiti:0852IbnHajarCasqalani.BulughMaram.Shamela0009111-ara1:p02440	0:1	926	Abu Dawud	وعن سمرة بن جندب - رضي الله عنه - قال: قال رسول الله - صلى الله عليه وسلم: «من أحاط حائطا على أرض فهي له».
urn:hadith:0273IbnMaja.Sunan:2486	Ibn Hajar (Bulugh al-maram)	852	classical	chain	weak	رواه ابن ماجه بإسناد ضعيف.	0.89	1	urn:openiti:0852IbnHajarCasqalani.BulughMaram.Shamela0009111-ara1:p02442	0:1	927	Ibn Maja	وعن عبد الله بن مغفل - رضي الله عنه - أن النبي - صلى الله عليه وسلم - قال: «من حفر بئرا فله أربعون ذراعا عطنا لماشيته».
	Ibn Hajar (Bulugh al-maram)	852	classical	hadith	sound	رواه أبو داود, والترمذي, وصححه ابن حبان.		0	urn:openiti:0852IbnHajarCasqalani.BulughMaram.Shamela0009111-ara1:p02444	0:1	928	Abu Dawud, al-Tirmidhi, Ibn Hibban	وعن علقمة بن وائل, عن أبيه; - أن النبي - صلى الله عليه وسلم - أقطعه أرضا بحضرموت.
	Ibn Hajar (Bulugh al-maram)	852	classical	chain	weak	رواه أبو داود وفيه ضعف.		0	urn:openiti:0852IbnHajarCasqalani.BulughMaram.Shamela0009111-ara1:p02446	0:1	929	Abu Dawud	وعن ابن عمر - رضي الله عنهما -، أن النبي - صلى الله عليه وسلم - أقطع الزبير حضر فرسه, فأجرى الفرس حتى قام, ثم رمى سوطه. فقال: «أعطوه حيث بلغ السوط».
urn:hadith:0241IbnHanbal.Musnad:5493	Ibn Hajar (Bulugh al-maram)	852	classical	hadith	sound	رواه أحمد, والأربعة, وصححه الترمذي, وابن حبان, والحاكم.	0.59	3	urn:openiti:0852IbnHajarCasqalani.BulughMaram.Shamela0009111-ara1:p02473	0:1	936	al-Tirmidhi, Ahmad, al-Hakim, Ibn Hibban, the Four	و   - وعن ابن عمر، وابن عباس - رضي الله عنهم-, عن النبي - صلى الله عليه وسلم - قال: «لا يحل لرجل مسلم أن يعطي العطية, ثم يرجع فيها; إلا الوالد فيما يعطي ولده».
urn:hadith:0241IbnHanbal.Musnad:4810	Ibn Hajar (Bulugh al-maram)	852	classical	hadith	sound	رواه أحمد, والأربعة, وصححه الترمذي, وابن حبان, والحاكم.	0.53	3	urn:openiti:0852IbnHajarCasqalani.BulughMaram.Shamela0009111-ara1:p02473	0:1	936	al-Tirmidhi, Ahmad, al-Hakim, Ibn Hibban, the Four	و   - وعن ابن عمر، وابن عباس - رضي الله عنهم-, عن النبي - صلى الله عليه وسلم - قال: «لا يحل لرجل مسلم أن يعطي العطية, ثم يرجع فيها; إلا الوالد فيما يعطي ولده».
urn:hadith:0405HakimNaysaburi.Mustadrak:2298	Ibn Hajar (Bulugh al-maram)	852	classical	hadith	sound	رواه أحمد, والأربعة, وصححه الترمذي, وابن حبان, والحاكم.	0.53	3	urn:openiti:0852IbnHajarCasqalani.BulughMaram.Shamela0009111-ara1:p02473	0:1	936	al-Tirmidhi, Ahmad, al-Hakim, Ibn Hibban, the Four	و   - وعن ابن عمر، وابن عباس - رضي الله عنهم-, عن النبي - صلى الله عليه وسلم - قال: «لا يحل لرجل مسلم أن يعطي العطية, ثم يرجع فيها; إلا الوالد فيما يعطي ولده».
	Ibn Hajar (Bulugh al-maram)	852	classical	hadith	sound	رواه أحمد, وصححه ابن حبان.		0	urn:openiti:0852IbnHajarCasqalani.BulughMaram.Shamela0009111-ara1:p02477	0:1	939	Ahmad, Ibn Hibban	وعن ابن عباس -رضي الله عنهما- قال: وهب رجل لرسول الله - صلى الله عليه وسلم - ناقة، فأثابه عليها, فقال: «رضيت؟» قال: لا. فزاده, فقال: «رضيت؟» قال: لا. فزاده. قال
	Ibn Hajar (Bulugh al-maram)	852	classical	takhrij	in_sahihayn	رواه البخاري في «الأدب المفرد» وأبو يعلى بإسناد حسن.		0	urn:openiti:0852IbnHajarCasqalani.BulughMaram.Shamela0009111-ara1:p02488	0:1	942	Abu Yaʿla	وعن أبي هريرة - رضي الله عنه - عن النبي - صلى الله عليه وسلم - قال: «تهادوا تحابوا».
	Ibn Hajar (Bulugh al-maram)	852	classical	chain	weak	رواه البزار بإسناد ضعيف.		0	urn:openiti:0852IbnHajarCasqalani.BulughMaram.Shamela0009111-ara1:p02490	0:1	943	al-Bazzar	وعن أنس - رضي الله عنه - قال: قال رسول الله - صلى الله عليه وسلم: «تهادوا, فإن الهدية تسل السخيمة».
urn:hadith:0405HakimNaysaburi.Mustadrak:2323	Ibn Hajar (Bulugh al-maram)	852	classical	hadith	sound	رواه الحاكم وصححه, والمحفوظ من رواية ابن عمر, عن عمر قوله.	0.8	1	urn:openiti:0852IbnHajarCasqalani.BulughMaram.Shamela0009111-ara1:p02494	0:1	945	al-Hakim	وعن ابن عمر -رضي الله عنهما-, عن النبي - صلى الله عليه وسلم - قال: «من وهب هبة, فهو أحق بها, ما لم يثب عليها».
urn:hadith:0273IbnMaja.Sunan:2505	Ibn Hajar (Bulugh al-maram)	852	classical	hadith	sound	رواه أحمد, والأربعة إلا الترمذي, وصححه ابن خزيمة, وابن الجارود, وابن حبان.	0.52	1	urn:openiti:0852IbnHajarCasqalani.BulughMaram.Shamela0009111-ara1:p02507	0:1	949	al-Tirmidhi, Ahmad, Ibn Khuzayma, Ibn Hibban, the Four	وعن عياض بن حمار - رضي الله عنه - قال: قال رسول الله - صلى الله عليه وسلم: «من وجد لقطة فليشهد ذوي عدل, وليحفظ عفاصها ووكاءها, ثم لا يكتم, ولا يغيب, فإن جاء ربه
urn:hadith:0241IbnHanbal.Musnad:19915	Ibn Hajar (Bulugh al-maram)	852	classical	hadith	sound	رواه أحمد والأربعة, وصححه الترمذي.	1.0	2	urn:openiti:0852IbnHajarCasqalani.BulughMaram.Shamela0009111-ara1:p02530	0:1	956	al-Tirmidhi, Ahmad, the Four	ابني مات, فما لي من ميراثه? فقال: «لك السدس» فلما ولى دعاه، فقال: «لك سدس آخر» فلما ولى دعاه. فقال: «إن السدس الآخر طعمة».
urn:hadith:0303Nasai.SunanKubra:6337	Ibn Hajar (Bulugh al-maram)	852	classical	hadith	sound	رواه أحمد والأربعة, وصححه الترمذي.	1.0	2	urn:openiti:0852IbnHajarCasqalani.BulughMaram.Shamela0009111-ara1:p02530	0:1	956	al-Tirmidhi, Ahmad, the Four	ابني مات, فما لي من ميراثه? فقال: «لك السدس» فلما ولى دعاه، فقال: «لك سدس آخر» فلما ولى دعاه. فقال: «إن السدس الآخر طعمة».
urn:hadith:0275AbuDawudSijistani.Sunan:2895	Ibn Hajar (Bulugh al-maram)	852	classical	hadith	sound	رواه أبو داود, والنسائي, وصححه ابن خزيمة, وابن الجارود, وقواه ابن عدي.	0.89	1	urn:openiti:0852IbnHajarCasqalani.BulughMaram.Shamela0009111-ara1:p02533	0:1	957	Abu Dawud, al-Nasaʾi, Ibn Khuzayma	وعن ابن بريدة, عن أبيه; أن النبي - صلى الله عليه وسلم - جعل للجدة السدس, إذا لم يكن دونها أم.
urn:hadith:0279Tirmidhi.Sunan:2070	Ibn Hajar (Bulugh al-maram)	852	classical	hadith	sound	أخرجه أحمد, والأربعة سوى الترمذي, وحسنه أبو زرعة الرازي, وصححه ابن حبان, والحاكم.	0.5	1	urn:openiti:0852IbnHajarCasqalani.BulughMaram.Shamela0009111-ara1:p02535	0:1	958	al-Tirmidhi, Ahmad, al-Hakim, Ibn Hibban, the Four	وعن المقدام بن معدي كرب - رضي الله عنه - قال: قال رسول الله - صلى الله عليه وسلم: «الخال وارث من لا وارث له».
urn:hadith:0241IbnHanbal.Musnad:323	Ibn Hajar (Bulugh al-maram)	852	classical	hadith	sound	رواه أحمد, والأربعة سوى أبي داود, وحسنه الترمذي, وصححه ابن حبان.	0.63	1	urn:openiti:0852IbnHajarCasqalani.BulughMaram.Shamela0009111-ara1:p02537	0:1	959	al-Tirmidhi, Ahmad, Ibn Hibban, the Four	وعن أبي أمامة بن سهل قال: كتب معي عمر إلى أبي عبيدة - رضي الله عنهم-; أن رسول الله - صلى الله عليه وسلم - قال: «الله ورسوله مولى من لا مولى له, والخال وارث من ل
	Ibn Hajar (Bulugh al-maram)	852	classical	hadith	sound	رواه أبو داود, وصححه ابن حبان.		0	urn:openiti:0852IbnHajarCasqalani.BulughMaram.Shamela0009111-ara1:p02539	0:1	960	Abu Dawud, Ibn Hibban	وعن جابر - رضي الله عنه - عن النبي - صلى الله عليه وسلم - قال: «إذا استهل المولود ورث».
	Ibn Hajar (Bulugh al-maram)	852	classical	hadith	sound	رواه أبو داود, والنسائي, وابن ماجه, وصححه ابن المديني, وابن عبد البر.		0	urn:openiti:0852IbnHajarCasqalani.BulughMaram.Shamela0009111-ara1:p02547	0:1	962	Abu Dawud, al-Nasaʾi, Ibn Maja	يقول: «ما أحرز الوالد أو الولد فهو لعصبته من كان».
urn:hadith:0739CalaDinIbnBalban.Ihsan:4950	Ibn Hajar (Bulugh al-maram)	852	classical	hadith	disputed	رواه الحاكم: من طريق الشافعي, عن محمد بن الحسن, عن أبي يوسف، وصححه ابن حبان, وأعله البيهقي.	0.78	1	urn:openiti:0852IbnHajarCasqalani.BulughMaram.Shamela0009111-ara1:p02549	0:1	963	al-Hakim, Ibn Hibban	وعن عبد الله بن عمر - رضي الله عنهما- قال: قال النبي - صلى الله عليه وسلم: «الولاء لحمة كلحمة النسب, لا يباع, ولا يوهب».
	Ibn Hajar (Bulugh al-maram)	852	classical	hadith	disputed	أخرجه أحمد, والأربعة سوى أبي داود, وصححه الترمذي, وابن حبان, والحاكم, وأعل بالإرسال.		0	urn:openiti:0852IbnHajarCasqalani.BulughMaram.Shamela0009111-ara1:p02551	0:1	964	al-Tirmidhi, Ahmad, al-Hakim, Ibn Hibban, the Four	وعن أبي قلابة, عن أنس قال: قال رسول الله - صلى الله عليه وسلم: «أفرضكم زيد بن ثابت».
	Ibn Hajar (Bulugh al-maram)	852	classical	hadith	fair	رواه أحمد, والأربعة   إلا النسائي, وحسنه أحمد والترمذي, وقواه ابن خزيمة, وابن الجارود.		0	urn:openiti:0852IbnHajarCasqalani.BulughMaram.Shamela0009111-ara1:p02560	0:1	968	al-Tirmidhi, al-Nasaʾi, Ahmad, Ibn Khuzayma, the Four	وعن أبي أمامة الباهلي - رضي الله عنه - سمعت رسول الله - صلى الله عليه وسلم - يقول: «إن الله قد أعطى كل ذي حق حقه, فلا وصية لوارث».
	Ibn Hajar (Bulugh al-maram)	852	classical	chain	fair	ورواه الدارقطني من حديث ابن عباس - رضي الله عنهما-, وزاد في آخره: «إلا أن يشاء الورثة». وإسناده حسن.		0	urn:openiti:0852IbnHajarCasqalani.BulughMaram.Shamela0009111-ara1:p02562	0:1	969	al-Daraqutni	
	Ibn Hajar (Bulugh al-maram)	852	classical	chain	weak	أخرجه ابن ماجه, وإسناده ضعيف.		0	urn:openiti:0852IbnHajarCasqalani.BulughMaram.Shamela0009111-ara1:p02572	0:1	973	Ibn Maja	عن عمرو بن شعيب, عن أبيه, عن جده, عن النبي - صلى الله عليه وسلم - قال: من أودع وديعة, فليس عليه ضمان -
urn:hadith:0241IbnHanbal.Musnad:13569	Ibn Hajar (Bulugh al-maram)	852	classical	hadith	sound	رواه أحمد, وصححه ابن حبان	0.94	1	urn:openiti:0852IbnHajarCasqalani.BulughMaram.Shamela0009111-ara1:p02582	0:1	976	Ahmad, Ibn Hibban	وعنه قال: كان رسول الله - صلى الله عليه وسلم - يأمر بالباءة, وينهى عن التبتل نهيا شديدا, ويقول: «تزوجوا الودود الولود. إني مكاثر بكم الأنبياء يوم القيامة».
urn:hadith:0241IbnHanbal.Musnad:8957	Ibn Hajar (Bulugh al-maram)	852	classical	hadith	sound	رواه أحمد, والأربعة, وصححه الترمذي, وابن خزيمة, وابن حبان.	0.92	1	urn:openiti:0852IbnHajarCasqalani.BulughMaram.Shamela0009111-ara1:p02590	0:1	979	al-Tirmidhi, Ahmad, Ibn Khuzayma, Ibn Hibban, the Four	وعنه; أن النبي - صلى الله عليه وسلم - كان إذا رفأ إنسانا إذا تزوج قال: «بارك الله لك, وبارك عليك, وجمع بينكما في خير».
urn:hadith:0303Nasai.SunanKubra:5527	Ibn Hajar (Bulugh al-maram)	852	classical	hadith	fair	رواه أحمد, والأربعة, وحسنه الترمذي, والحاكم.	0.74	3	urn:openiti:0852IbnHajarCasqalani.BulughMaram.Shamela0009111-ara1:p02592	0:1	980	al-Tirmidhi, Ahmad, al-Hakim, the Four	وعن عبد الله بن مسعود - رضي الله عنه - قال: علمنا رسول الله - صلى الله عليه وسلم - التشهد في الحاجة: «إن الحمد لله, نحمده, ونستعينه, ونستغفره, ونعوذ بالله من شر
urn:hadith:0303Nasai.SunanSughra:3277	Ibn Hajar (Bulugh al-maram)	852	classical	hadith	fair	رواه أحمد, والأربعة, وحسنه الترمذي, والحاكم.	0.74	3	urn:openiti:0852IbnHajarCasqalani.BulughMaram.Shamela0009111-ara1:p02592	0:1	980	al-Tirmidhi, Ahmad, al-Hakim, the Four	وعن عبد الله بن مسعود - رضي الله عنه - قال: علمنا رسول الله - صلى الله عليه وسلم - التشهد في الحاجة: «إن الحمد لله, نحمده, ونستعينه, ونستغفره, ونعوذ بالله من شر
urn:hadith:0405HakimNaysaburi.Mustadrak:2744	Ibn Hajar (Bulugh al-maram)	852	classical	hadith	fair	رواه أحمد, والأربعة, وحسنه الترمذي, والحاكم.	0.68	3	urn:openiti:0852IbnHajarCasqalani.BulughMaram.Shamela0009111-ara1:p02592	0:1	980	al-Tirmidhi, Ahmad, al-Hakim, the Four	وعن عبد الله بن مسعود - رضي الله عنه - قال: علمنا رسول الله - صلى الله عليه وسلم - التشهد في الحاجة: «إن الحمد لله, نحمده, ونستعينه, ونستغفره, ونعوذ بالله من شر
urn:hadith:0241IbnHanbal.Musnad:16129	Ibn Hajar (Bulugh al-maram)	852	classical	hadith	sound	رواه أحمد, وصححه الحاكم.	0.8	1	urn:openiti:0852IbnHajarCasqalani.BulughMaram.Shamela0009111-ara1:p02630	0:1	988	Ahmad, al-Hakim	وعن عامر بن عبد الله بن الزبير, عن أبيه; أن رسول الله - صلى الله عليه وسلم - قال: «أعلنوا النكاح».
	Ibn Hajar (Bulugh al-maram)	852	classical	hadith	disputed	رواه أحمد والأربعة   وصححه ابن المديني, والترمذي, وابن حبان, وأعل بالإرسال.		0	urn:openiti:0852IbnHajarCasqalani.BulughMaram.Shamela0009111-ara1:p02632	0:1	989	al-Tirmidhi, Ahmad, Ibn Hibban, the Four	وعن أبي بردة بن أبي موسى, عن أبيه قال: قال رسول الله - صلى الله عليه وسلم: «لا نكاح إلا بولي».
urn:hadith:0279Tirmidhi.Sunan:1072	Ibn Hajar (Bulugh al-maram)	852	classical	hadith	sound	أخرجه الأربعة إلا النسائي, وصححه أبو عوانة, وابن حبان والحاكم.	0.96	1	urn:openiti:0852IbnHajarCasqalani.BulughMaram.Shamela0009111-ara1:p02634	0:1	990	al-Nasaʾi, al-Hakim, Ibn Hibban, the Four	وعن عائشة رضي الله عنها قالت: قال رسول الله - صلى الله عليه وسلم: «أيما امرأة نكحت بغير إذن وليها, فنكاحها باطل, فإن دخل بها فلها المهر بما استحل من فرجها, فإن 
urn:hadith:0275AbuDawudSijistani.Sunan:2100	Ibn Hajar (Bulugh al-maram)	852	classical	hadith	sound	رواه أبو داود, والنسائي, وصححه ابن حبان.	0.71	3	urn:openiti:0852IbnHajarCasqalani.BulughMaram.Shamela0009111-ara1:p02641	0:1	992	Abu Dawud, al-Nasaʾi, Ibn Hibban	وفي لفظ: «ليس للولي مع الثيب أمر, واليتيمة تستأمر».
urn:hadith:0303Nasai.SunanSughra:3263	Ibn Hajar (Bulugh al-maram)	852	classical	hadith	sound	رواه أبو داود, والنسائي, وصححه ابن حبان.	0.71	3	urn:openiti:0852IbnHajarCasqalani.BulughMaram.Shamela0009111-ara1:p02641	0:1	992	Abu Dawud, al-Nasaʾi, Ibn Hibban	وفي لفظ: «ليس للولي مع الثيب أمر, واليتيمة تستأمر».
urn:hadith:0739CalaDinIbnBalban.Ihsan:4089	Ibn Hajar (Bulugh al-maram)	852	classical	hadith	sound	رواه أبو داود, والنسائي, وصححه ابن حبان.	0.71	3	urn:openiti:0852IbnHajarCasqalani.BulughMaram.Shamela0009111-ara1:p02641	0:1	992	Abu Dawud, al-Nasaʾi, Ibn Hibban	وفي لفظ: «ليس للولي مع الثيب أمر, واليتيمة تستأمر».
urn:hadith:0275AbuDawudSijistani.Sunan:2088	Ibn Hajar (Bulugh al-maram)	852	classical	hadith	fair	رواه أحمد, والأربعة, وحسنه الترمذي.	0.88	4	urn:openiti:0852IbnHajarCasqalani.BulughMaram.Shamela0009111-ara1:p02650	0:1	996	al-Tirmidhi, Ahmad, the Four	وعن الحسن, عن سمرة, عن النبي - صلى الله عليه وسلم - قال: «أيما امرأة زوجها وليان, فهي للأول منهما».
urn:hadith:0303Nasai.SunanKubra:5397	Ibn Hajar (Bulugh al-maram)	852	classical	hadith	fair	رواه أحمد, والأربعة, وحسنه الترمذي.	0.88	4	urn:openiti:0852IbnHajarCasqalani.BulughMaram.Shamela0009111-ara1:p02650	0:1	996	al-Tirmidhi, Ahmad, the Four	وعن الحسن, عن سمرة, عن النبي - صلى الله عليه وسلم - قال: «أيما امرأة زوجها وليان, فهي للأول منهما».
urn:hadith:0303Nasai.SunanKubra:6278	Ibn Hajar (Bulugh al-maram)	852	classical	hadith	fair	رواه أحمد, والأربعة, وحسنه الترمذي.	0.88	4	urn:openiti:0852IbnHajarCasqalani.BulughMaram.Shamela0009111-ara1:p02650	0:1	996	al-Tirmidhi, Ahmad, the Four	وعن الحسن, عن سمرة, عن النبي - صلى الله عليه وسلم - قال: «أيما امرأة زوجها وليان, فهي للأول منهما».
urn:hadith:0303Nasai.SunanSughra:4682	Ibn Hajar (Bulugh al-maram)	852	classical	hadith	fair	رواه أحمد, والأربعة, وحسنه الترمذي.	0.88	4	urn:openiti:0852IbnHajarCasqalani.BulughMaram.Shamela0009111-ara1:p02650	0:1	996	al-Tirmidhi, Ahmad, the Four	وعن الحسن, عن سمرة, عن النبي - صلى الله عليه وسلم - قال: «أيما امرأة زوجها وليان, فهي للأول منهما».
urn:hadith:0241IbnHanbal.Musnad:14212	Ibn Hajar (Bulugh al-maram)	852	classical	hadith	sound	رواه أحمد, وأبو داود, والترمذي وصححه, وكذلك ابن حبان.	0.9	1	urn:openiti:0852IbnHajarCasqalani.BulughMaram.Shamela0009111-ara1:p02652	0:1	997	Abu Dawud, al-Tirmidhi, Ahmad, Ibn Hibban	وعن جابر قال: قال رسول الله - صلى الله عليه وسلم: «أيما عبد تزوج بغير إذن مواليه أو أهله, فهو عاهر».
	Ibn Hajar (Bulugh al-maram)	852	classical	hadith	sound	رواه أحمد, والنسائي, والترمذي وصححه.		0	urn:openiti:0852IbnHajarCasqalani.BulughMaram.Shamela0009111-ara1:p02669	0:1	1005	al-Tirmidhi, al-Nasaʾi, Ahmad	وعن ابن مسعود - رضي الله عنه - قال: لعن رسول الله - صلى الله عليه وسلم - المحلل والمحلل له.
	Ibn Hajar (Bulugh al-maram)	852	classical	chain	unknown_narrator	رواه الحاكم, وفي إسناده راو لم يسم, واستنكره أبو حاتم.		0	urn:openiti:0852IbnHajarCasqalani.BulughMaram.Shamela0009111-ara1:p02678	0:1	1009	al-Hakim	وعن ابن عمر - رضي الله عنهما- قال: قال رسول الله - صلى الله عليه وسلم: «العرب بعضهم أكفاء بعض, والموالي بعضهم أكفاء بعض, إلا حائك أو حجام».
urn:hadith:0405HakimNaysaburi.Mustadrak:2693	Ibn Hajar (Bulugh al-maram)	852	classical	chain	fair	رواه أبو داود, والحاكم بسند جيد.	0.9	1	urn:openiti:0852IbnHajarCasqalani.BulughMaram.Shamela0009111-ara1:p02684	0:1	1012	Abu Dawud, al-Hakim	وعن أبي هريرة - رضي الله عنه - أن النبي - صلى الله عليه وسلم - قال: «يا بني بياضة, أنكحوا أبا هند, وانكحوا إليه». وكان حجاما.
urn:hadith:0385Daraqutni.Sunan:3530	Ibn Hajar (Bulugh al-maram)	852	classical	hadith	disputed	رواه أحمد, والأربعة إلا النسائي, وصححه ابن حبان, والدارقطني, والبيهقي, وأعله البخاري.	0.77	1	urn:openiti:0852IbnHajarCasqalani.BulughMaram.Shamela0009111-ara1:p02692	0:1	1014	al-Nasaʾi, Ahmad, al-Daraqutni, Ibn Hibban, the Four	وعن الضحاك بن فيروز الديلمي, عن أبيه قال: قلت: يا رسول الله! إني أسلمت وتحتي أختان, فقال رسول الله - صلى الله عليه وسلم: «طلق أيتهما شئت».
	Ibn Hajar (Bulugh al-maram)	852	classical	hadith	disputed	رواه أحمد, والترمذي, وصححه ابن حبان, والحاكم، وأعله البخاري, وأبو زرعة, وأبو حاتم.		0	urn:openiti:0852IbnHajarCasqalani.BulughMaram.Shamela0009111-ara1:p02694	0:1	1015	al-Tirmidhi, Ahmad, al-Hakim, Ibn Hibban	وعن سالم, عن أبيه, أن غيلان بن سلمة أسلم وله عشر نسوة, فأسلمن معه, فأمره النبي - صلى الله عليه وسلم - أن يتخير منهن أربعا.
urn:hadith:0279Tirmidhi.Sunan:1113	Ibn Hajar (Bulugh al-maram)	852	classical	hadith	sound	رواه أحمد, والأربعة   إلا النسائي, وصححه أحمد, والحاكم.	0.71	1	urn:openiti:0852IbnHajarCasqalani.BulughMaram.Shamela0009111-ara1:p02696	0:1	1016	al-Nasaʾi, Ahmad, al-Hakim, the Four	وعن ابن عباس - رضي الله عنهما- قال: رد النبي - صلى الله عليه وسلم - ابنته زينب على أبي العاص بن الربيع, بعد ست سنين بالنكاح الأول, ولم يحدث نكاحا.
urn:hadith:0275AbuDawudSijistani.Sunan:2239	Ibn Hajar (Bulugh al-maram)	852	classical	hadith	sound	رواه أحمد, وأبو داود, وابن ماجه. وصححه ابن حبان, والحاكم.	0.65	1	urn:openiti:0852IbnHajarCasqalani.BulughMaram.Shamela0009111-ara1:p02700	0:1	1018	Abu Dawud, Ibn Maja, Ahmad, al-Hakim, Ibn Hibban	وعن ابن عباس - رضي الله عنهما - قال: أسلمت امرأة, فتزوجت, فجاء زوجها, فقال: يا رسول الله! إني كنت أسلمت, وعلمت بإسلامي, فانتزعها رسول الله - صلى الله عليه وسلم 
urn:hadith:0405HakimNaysaburi.Mustadrak:6808	Ibn Hajar (Bulugh al-maram)	852	classical	chain	unknown_narrator	رواه الحاكم, وفي إسناده جميل بن زيد وهو مجهول, واختلف عليه في شيخه اختلافا كثيرا.	0.74	1	urn:openiti:0852IbnHajarCasqalani.BulughMaram.Shamela0009111-ara1:p02702	0:1	1019	al-Hakim	وعن زيد بن كعب بن عجرة, عن أبيه قال: تزوج رسول الله - صلى الله عليه وسلم - العالية من بني غفار, فلما دخلت عليه ووضعت ثيابها, رأى بكشحها بياضا، فقال: «البسي ثياب
	Ibn Hajar (Bulugh al-maram)	852	classical	chain	weak	رواه أبو داود, والنسائي واللفظ له, ورجاله ثقات, ولكن أعل بالإرسال.		0	urn:openiti:0852IbnHajarCasqalani.BulughMaram.Shamela0009111-ara1:p02711	0:1	1023	Abu Dawud, al-Nasaʾi	عن أبي هريرة - رضي الله عنه - قال: قال رسول الله - صلى الله عليه وسلم: «ملعون من أتى امرأة في دبرها».
urn:hadith:0241IbnHanbal.Musnad:20011	Ibn Hajar (Bulugh al-maram)	852	classical	takhrij	in_sahihayn	رواه أحمد, وأبو داود, والنسائي, وابن ماجه، وعلق البخاري بعضه، وصححه ابن حبان, والحاكم.	0.83	1	urn:openiti:0852IbnHajarCasqalani.BulughMaram.Shamela0009111-ara1:p02723	0:1	1028	Abu Dawud, al-Nasaʾi, Ibn Maja, Ahmad, al-Hakim, Ibn Hibban	وعن حكيم بن معاوية, عن أبيه قال: قلت: يا رسول الله! ما حق زوج أحدنا عليه? قال: «تطعمها إذا أكلت, وتكسوها إذا اكتسيت, ولا تضرب الوجه, ولا تقبح, ولا تهجر إلا في ا
urn:hadith:0275AbuDawudSijistani.Sunan:2125	Ibn Hajar (Bulugh al-maram)	852	classical	hadith	sound	رواه أبو داود, والنسائي, وصححه الحاكم.	0.69	2	urn:openiti:0852IbnHajarCasqalani.BulughMaram.Shamela0009111-ara1:p02754	0:1	1039	Abu Dawud, al-Nasaʾi, al-Hakim	وعن ابن عباس - رضي الله عنهما- قال: لما تزوج علي فاطمة. قال له رسول الله - صلى الله عليه وسلم: «أعطها شيئا». قال: ما عندي شيء. قال: «فأين درعك الحطمية?».
urn:hadith:0303Nasai.SunanSughra:3376	Ibn Hajar (Bulugh al-maram)	852	classical	hadith	sound	رواه أبو داود, والنسائي, وصححه الحاكم.	0.69	2	urn:openiti:0852IbnHajarCasqalani.BulughMaram.Shamela0009111-ara1:p02754	0:1	1039	Abu Dawud, al-Nasaʾi, al-Hakim	وعن ابن عباس - رضي الله عنهما- قال: لما تزوج علي فاطمة. قال له رسول الله - صلى الله عليه وسلم: «أعطها شيئا». قال: ما عندي شيء. قال: «فأين درعك الحطمية?».
urn:hadith:0279Tirmidhi.Sunan:1115	Ibn Hajar (Bulugh al-maram)	852	classical	hadith	sound	رواه أحمد, والأربعة, وصححه الترمذي والجماعة.	0.91	3	urn:openiti:0852IbnHajarCasqalani.BulughMaram.Shamela0009111-ara1:p02758	0:1	1041	al-Tirmidhi, Ahmad, the Four, the Six	وعن علقمة, عن ابن مسعود - رضي الله عنه - أنه سئل عن رجل تزوج امرأة, ولم يفرض لها صداقا, ولم يدخل بها حتى مات, فقال ابن مسعود: لها مثل صداق نسائها, لا وكس, ولا ش
urn:hadith:0303Nasai.SunanKubra:5718	Ibn Hajar (Bulugh al-maram)	852	classical	hadith	sound	رواه أحمد, والأربعة, وصححه الترمذي والجماعة.	0.89	3	urn:openiti:0852IbnHajarCasqalani.BulughMaram.Shamela0009111-ara1:p02758	0:1	1041	al-Tirmidhi, Ahmad, the Four, the Six	وعن علقمة, عن ابن مسعود - رضي الله عنه - أنه سئل عن رجل تزوج امرأة, ولم يفرض لها صداقا, ولم يدخل بها حتى مات, فقال ابن مسعود: لها مثل صداق نسائها, لا وكس, ولا ش
urn:hadith:0303Nasai.SunanSughra:3524	Ibn Hajar (Bulugh al-maram)	852	classical	hadith	sound	رواه أحمد, والأربعة, وصححه الترمذي والجماعة.	0.83	3	urn:openiti:0852IbnHajarCasqalani.BulughMaram.Shamela0009111-ara1:p02758	0:1	1041	al-Tirmidhi, Ahmad, the Four, the Six	وعن علقمة, عن ابن مسعود - رضي الله عنه - أنه سئل عن رجل تزوج امرأة, ولم يفرض لها صداقا, ولم يدخل بها حتى مات, فقال ابن مسعود: لها مثل صداق نسائها, لا وكس, ولا ش
	Ibn Hajar (Bulugh al-maram)	852	classical	hadith	sound	أخرجه الترمذي وصححه, وخولف في ذلك.		0	urn:openiti:0852IbnHajarCasqalani.BulughMaram.Shamela0009111-ara1:p02762	0:1	1043	al-Tirmidhi	وعن عبد الله بن عامر بن ربيعة, عن أبيه: أن النبي - صلى الله عليه وسلم - أجاز نكاح امرأة على نعلين.
urn:hadith:0385Daraqutni.Sunan:3299	Ibn Hajar (Bulugh al-maram)	852	classical	chain	weak	أخرجه الدارقطني موقوفا, وفي سنده مقال.	0.57	1	urn:openiti:0852IbnHajarCasqalani.BulughMaram.Shamela0009111-ara1:p02767	0:1	1045	al-Daraqutni	وعن علي - رضي الله عنه - قال: «لا يكون المهر أقل من عشرة دراهم».
	Ibn Hajar (Bulugh al-maram)	852	classical	hadith	sound	أخرجه أبو داود, وصححه الحاكم.		0	urn:openiti:0852IbnHajarCasqalani.BulughMaram.Shamela0009111-ara1:p02769	0:1	1046	Abu Dawud, al-Hakim	وعن عقبة بن عامر قال: قال رسول الله - صلى الله عليه وسلم: «خير الصداق أيسره».
urn:hadith:0273IbnMaja.Sunan:2037	Ibn Hajar (Bulugh al-maram)	852	classical	chain	very_weak	أخرجه ابن ماجه, وفي إسناده راو متروك.	0.6	1	urn:openiti:0852IbnHajarCasqalani.BulughMaram.Shamela0009111-ara1:p02771	0:1	1047	Ibn Maja	وعن عائشة - رضي الله عنها - أن عمرة بنت الجون تعوذت من رسول الله - صلى الله عليه وسلم - حين أدخلت عليه - تعني: لما تزوجها - فقال: «لقد عذت بمعاذ» , فطلقها, وأمر
urn:hadith:0279Tirmidhi.Sunan:1067	Ibn Hajar (Bulugh al-maram)	852	classical	chain	sound	رواه الترمذي واستغربه, ورجاله رجال الصحيح	0.73	1	urn:openiti:0852IbnHajarCasqalani.BulughMaram.Shamela0009111-ara1:p02787	0:1	1054	al-Tirmidhi	وعن ابن مسعود - رضي الله عنه - قال: قال رسول الله - صلى الله عليه وسلم: «طعام الوليمة أول يوم حق, وطعام يوم الثاني سنة, وطعام يوم الثالث سمعة، ومن سمع سمع الله 
urn:hadith:0275AbuDawudSijistani.Sunan:3756	Ibn Hajar (Bulugh al-maram)	852	classical	chain	weak	رواه أبو داود, وسنده ضعيف.	0.57	1	urn:openiti:0852IbnHajarCasqalani.BulughMaram.Shamela0009111-ara1:p02795	0:1	1058	Abu Dawud	وعن رجل من أصحاب النبي - صلى الله عليه وسلم - قال: إذا اجتمع داعيان, فأجب أقربهما بابا, فإن سبق أحدهما فأجب الذي سبق.
urn:hadith:0303Nasai.SunanKubra:6762	Ibn Hajar (Bulugh al-maram)	852	classical	chain	sound	رواه الأربعة, وهذا لفظ النسائي, وسنده صحيح	0.94	1	urn:openiti:0852IbnHajarCasqalani.BulughMaram.Shamela0009111-ara1:p02801	0:1	1061	al-Nasaʾi, the Four	وعن ابن عباس; - أن النبي - صلى الله عليه وسلم - أتي بقصعة من ثريد، فقال: «كلوا من جوانبها, ولا تأكلوا من وسطها, فإن البركة تنزل في وسطها».
urn:hadith:0275AbuDawudSijistani.Sunan:2134	Ibn Hajar (Bulugh al-maram)	852	classical	hadith	disputed	رواه الأربعة, وصححه ابن حبان والحاكم, ولكن رجح الترمذي إرساله	1.0	1	urn:openiti:0852IbnHajarCasqalani.BulughMaram.Shamela0009111-ara1:p02812	0:1	1066	al-Tirmidhi, al-Hakim, Ibn Hibban, the Four	عن عائشة -رضي الله عنها- قالت: كان رسول الله - صلى الله عليه وسلم - يقسم, فيعدل, ويقول: «اللهم هذا قسمي فيما أملك, فلا تلمني فيما تملك ولا أملك».
urn:hadith:0275AbuDawudSijistani.Sunan:2133	Ibn Hajar (Bulugh al-maram)	852	classical	chain	sound	رواه أحمد, والأربعة, وسنده صحيح	0.67	1	urn:openiti:0852IbnHajarCasqalani.BulughMaram.Shamela0009111-ara1:p02814	0:1	1067	Ahmad, the Four	وعن أبي هريرة - رضي الله عنه - عن النبي - صلى الله عليه وسلم - قال: «من كانت له امرأتان, فمال إلى إحداهما, جاء يوم القيامة وشقه مائل».
urn:hadith:0275AbuDawudSijistani.Sunan:2135	Ibn Hajar (Bulugh al-maram)	852	classical	hadith	sound	رواه أحمد, وأبو داود واللفظ له, وصححه الحاكم.	0.89	1	urn:openiti:0852IbnHajarCasqalani.BulughMaram.Shamela0009111-ara1:p02824	0:1	1071	Abu Dawud, Ahmad, al-Hakim	وعن عروة قال: قالت عائشة: يا ابن أختي! كان رسول الله - صلى الله عليه وسلم - لا يفضل بعضنا على بعض في القسم من مكثه عندنا, وكان قل يوم إلا وهو يطوف علينا جميعا, 
	Ibn Hajar (Bulugh al-maram)	852	classical	hadith	disputed	رواه أبو داود, وابن ماجه, وصححه الحاكم, ورجح أبو حاتم إرساله.		0	urn:openiti:0852IbnHajarCasqalani.BulughMaram.Shamela0009111-ara1:p02848	0:1	1080	Abu Dawud, Ibn Maja, al-Hakim	عن ابن عمر - رضي الله عنهما- قال: قال رسول الله - صلى الله عليه وسلم: «أبغض الحلال عند الله الطلاق».
urn:hadith:0273IbnMaja.Sunan:2039	Ibn Hajar (Bulugh al-maram)	852	classical	hadith	sound	رواه الأربعة إلا النسائي, وصححه الحاكم.	0.88	3	urn:openiti:0852IbnHajarCasqalani.BulughMaram.Shamela0009111-ara1:p02866	0:1	1086	al-Nasaʾi, al-Hakim, the Four	وعن أبي هريرة - رضي الله عنه - قال: قال رسول الله - صلى الله عليه وسلم: «ثلاث جدهن جد, وهزلهن جد: النكاح, والطلاق, والرجعة».
urn:hadith:0275AbuDawudSijistani.Sunan:2194	Ibn Hajar (Bulugh al-maram)	852	classical	hadith	sound	رواه الأربعة إلا النسائي, وصححه الحاكم.	0.88	3	urn:openiti:0852IbnHajarCasqalani.BulughMaram.Shamela0009111-ara1:p02866	0:1	1086	al-Nasaʾi, al-Hakim, the Four	وعن أبي هريرة - رضي الله عنه - قال: قال رسول الله - صلى الله عليه وسلم: «ثلاث جدهن جد, وهزلهن جد: النكاح, والطلاق, والرجعة».
urn:hadith:0279Tirmidhi.Sunan:1154	Ibn Hajar (Bulugh al-maram)	852	classical	hadith	sound	رواه الأربعة إلا النسائي, وصححه الحاكم.	0.88	3	urn:openiti:0852IbnHajarCasqalani.BulughMaram.Shamela0009111-ara1:p02866	0:1	1086	al-Nasaʾi, al-Hakim, the Four	وعن أبي هريرة - رضي الله عنه - قال: قال رسول الله - صلى الله عليه وسلم: «ثلاث جدهن جد, وهزلهن جد: النكاح, والطلاق, والرجعة».
urn:hadith:0273IbnMaja.Sunan:2045	Ibn Hajar (Bulugh al-maram)	852	classical	chain	weak	رواه ابن ماجه, والحاكم, وقال أبو حاتم: لا يثبت.	0.83	1	urn:openiti:0852IbnHajarCasqalani.BulughMaram.Shamela0009111-ara1:p02874	0:1	1090	Ibn Maja, al-Hakim	وعن ابن عباس - رضي الله عنهما-, عن النبي - صلى الله عليه وسلم - قال: «إن الله تعالى وضع عن أمتي الخطأ, والنسيان, وما استكرهوا عليه».
urn:hadith:0405HakimNaysaburi.Mustadrak:3569	Ibn Hajar (Bulugh al-maram)	852	classical	hadith	disputed	رواه أبو يعلى, وصححه الحاكم, وهو معلول	0.8	2	urn:openiti:0852IbnHajarCasqalani.BulughMaram.Shamela0009111-ara1:p02881	0:1	1093	al-Hakim, Abu Yaʿla	وعن جابر - رضي الله عنه - قال: قال رسول الله - صلى الله عليه وسلم - قال: «لا طلاق إلا بعد نكاح, ولا عتق إلا بعد ملك».
urn:hadith:0405HakimNaysaburi.Mustadrak:3571	Ibn Hajar (Bulugh al-maram)	852	classical	hadith	disputed	رواه أبو يعلى, وصححه الحاكم, وهو معلول	0.8	2	urn:openiti:0852IbnHajarCasqalani.BulughMaram.Shamela0009111-ara1:p02881	0:1	1093	al-Hakim, Abu Yaʿla	وعن جابر - رضي الله عنه - قال: قال رسول الله - صلى الله عليه وسلم - قال: «لا طلاق إلا بعد نكاح, ولا عتق إلا بعد ملك».
urn:hadith:0279Tirmidhi.Sunan:1151	Ibn Hajar (Bulugh al-maram)	852	classical	hadith	sound	أخرجه أبو داود والترمذي وصححه, ونقل عن البخاري أنه أصح ما ورد فيه.	0.94	1	urn:openiti:0852IbnHajarCasqalani.BulughMaram.Shamela0009111-ara1:p02885	0:1	1095	Abu Dawud, al-Tirmidhi	وعن عمرو بن شعيب, عن أبيه, عن جده قال: قال رسول الله - صلى الله عليه وسلم: «لا نذر لابن آدم فيما لا يملك, ولا عتق له فيما لا يملك, ولا طلاق له فيما لا يملك».
urn:hadith:0273IbnMaja.Sunan:2041	Ibn Hajar (Bulugh al-maram)	852	classical	hadith	sound	رواه أحمد, والأربعة إلا الترمذي وصححه الحاكم.	0.94	2	urn:openiti:0852IbnHajarCasqalani.BulughMaram.Shamela0009111-ara1:p02887	0:1	1096	al-Tirmidhi, Ahmad, al-Hakim, the Four	وعن عائشة رضي الله عنها, عن النبي - صلى الله عليه وسلم - قال: «رفع القلم عن ثلاثة: عن النائم حتى يستيقظ, وعن الصغير حتى يكبر, وعن المجنون حتى يعقل, أو يفيق».
urn:hadith:0303Nasai.SunanKubra:5625	Ibn Hajar (Bulugh al-maram)	852	classical	hadith	sound	رواه أحمد, والأربعة إلا الترمذي وصححه الحاكم.	0.94	2	urn:openiti:0852IbnHajarCasqalani.BulughMaram.Shamela0009111-ara1:p02887	0:1	1096	al-Tirmidhi, Ahmad, al-Hakim, the Four	وعن عائشة رضي الله عنها, عن النبي - صلى الله عليه وسلم - قال: «رفع القلم عن ثلاثة: عن النائم حتى يستيقظ, وعن الصغير حتى يكبر, وعن المجنون حتى يعقل, أو يفيق».
	Ibn Hajar (Bulugh al-maram)	852	classical	chain	sound	رواه أبو داود هكذا موقوفا, وسنده صحيح.		0	urn:openiti:0852IbnHajarCasqalani.BulughMaram.Shamela0009111-ara1:p02890	0:1	1097	Abu Dawud	عن عمران بن حصين رضي الله عنهما; أنه سئل عن الرجل يطلق, ثم يراجع, ولا يشهد? فقال: أشهد على طلاقها, وعلى رجعتها.
	Ibn Hajar (Bulugh al-maram)	852	classical	hadith	disputed	رواه الأربعة وصححه الترمذي, ورجح النسائي إرساله.		0	urn:openiti:0852IbnHajarCasqalani.BulughMaram.Shamela0009111-ara1:p02907	0:1	1103	al-Tirmidhi, al-Nasaʾi, the Four	وعنه رضي الله تعالى عنهما; أن رجلا ظاهر من امرأته, ثم وقع عليها, فأتى النبي - صلى الله عليه وسلم - فقال: إني وقعت عليها قبل أن أكفر, قال: «فلا تقربها حتى تفعل م
	Ibn Hajar (Bulugh al-maram)	852	classical	hadith	sound	أخرجه أحمد, والأربعة إلا النسائي, وصححه ابن خزيمة, وابن الجارود.		0	urn:openiti:0852IbnHajarCasqalani.BulughMaram.Shamela0009111-ara1:p02911	0:1	1104	al-Nasaʾi, Ahmad, Ibn Khuzayma, the Four	وعن سلمة بن صخر قال: دخل رمضان, فخفت أن أصيب امرأتي, فظاهرت منها, فانكشف لي منها شيء ليلة, فوقعت عليها, فقال لي رسول الله - صلى الله عليه وسلم - «حرر رقبة» قلت:
urn:hadith:0275AbuDawudSijistani.Sunan:2263	Ibn Hajar (Bulugh al-maram)	852	classical	hadith	sound	أخرجه أبو داود, والنسائي, وابن ماجه, وصححه ابن حبان.	0.79	1	urn:openiti:0852IbnHajarCasqalani.BulughMaram.Shamela0009111-ara1:p02929	0:1	1111	Abu Dawud, al-Nasaʾi, Ibn Maja, Ibn Hibban	وعن أبي هريرة - رضي الله عنه - أنه سمع رسول الله - صلى الله عليه وسلم - يقول - حين نزلت آية المتلاعنين: «أيما امرأة أدخلت على قوم من ليس منهم, فليست من الله في 
	Ibn Hajar (Bulugh al-maram)	852	classical	hadith	fair	أخرجه البيهقي, وهو حسن موقوف.		0	urn:openiti:0852IbnHajarCasqalani.BulughMaram.Shamela0009111-ara1:p02931	0:1	1112		وعن عمر - رضي الله عنه - قال: من أقر بولد طرفة عين, فليس له أن ينفيه.
	Ibn Hajar (Bulugh al-maram)	852	classical	chain	weak	رواه ابن ماجه, ورواته ثقات, لكنه معلول		0	urn:openiti:0852IbnHajarCasqalani.BulughMaram.Shamela0009111-ara1:p02945	0:1	1115	Ibn Maja	
	Ibn Hajar (Bulugh al-maram)	852	classical	chain	fair	رواه أبو داود, والنسائي, وإسناده حسن.		0	urn:openiti:0852IbnHajarCasqalani.BulughMaram.Shamela0009111-ara1:p02953	0:1	1118	Abu Dawud, al-Nasaʾi	وعن أم سلمة رضي الله عنها قالت: جعلت على عيني صبرا, بعد أن توفي أبو سلمة, فقال رسول الله - صلى الله عليه وسلم: «إنه يشب الوجه, فلا تجعليه إلا بالليل, وانزعيه با
urn:hadith:0279Tirmidhi.Sunan:1172	Ibn Hajar (Bulugh al-maram)	852	classical	hadith	sound	أخرجه أحمد, والأربعة, وصححه الترمذي, والذهلي, وابن حبان, والحاكم وغيرهم.	0.62	1	urn:openiti:0852IbnHajarCasqalani.BulughMaram.Shamela0009111-ara1:p02959	0:1	1121	al-Tirmidhi, Ahmad, al-Hakim, Ibn Hibban, the Four	وعن فريعة بنت مالك: أن زوجها خرج في طلب أعبد   له، فقتلوه. قالت: فسألت النبي - صلى الله عليه وسلم - أن أرجع إلى أهلي; فإن زوجي لم يترك لي مسكنا يملكه ولا نفقة, 
urn:hadith:0385Daraqutni.Sunan:3670	Ibn Hajar (Bulugh al-maram)	852	classical	hadith	disputed	رواه أحمد, وأبو داود, وابن ماجه, وصححه الحاكم, وأعله الدارقطني بالانقطاع.	1.0	1	urn:openiti:0852IbnHajarCasqalani.BulughMaram.Shamela0009111-ara1:p02965	0:1	1123	Abu Dawud, Ibn Maja, Ahmad, al-Daraqutni, al-Hakim	إذا توفي عنها سيدها أربعة أشهر وعشرا.
	Ibn Hajar (Bulugh al-maram)	852	classical	chain	sound	أخرجه مالك في قصة بسند صحيح.		0	urn:openiti:0852IbnHajarCasqalani.BulughMaram.Shamela0009111-ara1:p02967	0:1	1124		وعن عائشة رضي الله عنها قالت: إنما الأقراء; الأطهار.
	Ibn Hajar (Bulugh al-maram)	852	classical	hadith	weak	وأخرجه مرفوعا وضعفه.		0	urn:openiti:0852IbnHajarCasqalani.BulughMaram.Shamela0009111-ara1:p02970	0:1	1125		
urn:hadith:0275AbuDawudSijistani.Sunan:2158	Ibn Hajar (Bulugh al-maram)	852	classical	hadith	sound	أخرجه أبو داود, والترمذي, وصححه ابن حبان, وحسنه البزار.	0.75	1	urn:openiti:0852IbnHajarCasqalani.BulughMaram.Shamela0009111-ara1:p02976	0:1	1127	Abu Dawud, al-Tirmidhi, Ibn Hibban, al-Bazzar	وعن رويفع بن ثابت - رضي الله عنه - عن النبي - صلى الله عليه وسلم - قال: «لا يحل لامرئ يؤمن بالله واليوم الآخر أن يسقي ماءه زرع غيره».
urn:hadith:0385Daraqutni.Sunan:3677	Ibn Hajar (Bulugh al-maram)	852	classical	chain	weak	أخرجه الدارقطني بإسناد ضعيف.	0.71	1	urn:openiti:0852IbnHajarCasqalani.BulughMaram.Shamela0009111-ara1:p02980	0:1	1129	al-Daraqutni	وعن المغيرة بن شعبة - رضي الله عنه - قال: قال رسول الله - صلى الله عليه وسلم: «امرأة المفقود امرأته حتى يأتيها البيان».
urn:hadith:0275AbuDawudSijistani.Sunan:2157	Ibn Hajar (Bulugh al-maram)	852	classical	hadith	sound	أخرجه أبو داود, وصححه الحاكم.	0.87	2	urn:openiti:0852IbnHajarCasqalani.BulughMaram.Shamela0009111-ara1:p02986	0:1	1132	Abu Dawud, al-Hakim	وعن أبي سعيد - رضي الله عنه - أن النبي - صلى الله عليه وسلم - قال في سبايا أوطاس: «لا توطأ حامل حتى تضع, ولا غير ذات حمل حتى تحيض حيضة».
urn:hadith:0405HakimNaysaburi.Mustadrak:2790	Ibn Hajar (Bulugh al-maram)	852	classical	hadith	sound	أخرجه أبو داود, وصححه الحاكم.	0.87	2	urn:openiti:0852IbnHajarCasqalani.BulughMaram.Shamela0009111-ara1:p02986	0:1	1132	Abu Dawud, al-Hakim	وعن أبي سعيد - رضي الله عنه - أن النبي - صلى الله عليه وسلم - قال في سبايا أوطاس: «لا توطأ حامل حتى تضع, ولا غير ذات حمل حتى تحيض حيضة».
urn:hadith:0279Tirmidhi.Sunan:1122	Ibn Hajar (Bulugh al-maram)	852	classical	hadith	sound	رواه الترمذي, وصححه هو والحاكم.	0.75	1	urn:openiti:0852IbnHajarCasqalani.BulughMaram.Shamela0009111-ara1:p03015	0:1	1144	al-Tirmidhi, al-Hakim	وعن أم سلمة رضي الله عنها قالت: قال رسول الله - صلى الله عليه وسلم: «لا يحرم من الرضاعة إلا ما فتق الأمعاء, وكان قبل الفطام».
	Ibn Hajar (Bulugh al-maram)	852	classical	chain	weak	أخرجه أبو داود وهو مرسل, وليست لزياد صحبة.		0	urn:openiti:0852IbnHajarCasqalani.BulughMaram.Shamela0009111-ara1:p03023	0:1	1148	Abu Dawud	وعن زياد السهمي - رضي الله عنه - قال: نهى رسول الله - صلى الله عليه وسلم - أن تسترضع الحمقى.
urn:hadith:0303Nasai.SunanKubra:2311	Ibn Hajar (Bulugh al-maram)	852	classical	hadith	sound	رواه النسائي, وصححه ابن حبان, والدارقطني.	0.8	2	urn:openiti:0852IbnHajarCasqalani.BulughMaram.Shamela0009111-ara1:p03028	0:1	1150	al-Nasaʾi, al-Daraqutni, Ibn Hibban	وعن طارق المحاربي قال: قدمنا المدينة, فإذا رسول الله - صلى الله عليه وسلم - قائم يخطب ويقول: «يد المعطي العليا, وابدأ بمن تعول: أمك وأباك, وأختك وأخاك, ثم أدناك
urn:hadith:0303Nasai.SunanSughra:2532	Ibn Hajar (Bulugh al-maram)	852	classical	hadith	sound	رواه النسائي, وصححه ابن حبان, والدارقطني.	0.75	2	urn:openiti:0852IbnHajarCasqalani.BulughMaram.Shamela0009111-ara1:p03028	0:1	1150	al-Nasaʾi, al-Daraqutni, Ibn Hibban	وعن طارق المحاربي قال: قدمنا المدينة, فإذا رسول الله - صلى الله عليه وسلم - قائم يخطب ويقول: «يد المعطي العليا, وابدأ بمن تعول: أمك وأباك, وأختك وأخاك, ثم أدناك
	Ibn Hajar (Bulugh al-maram)	852	classical	chain	fair	رواه الدارقطني, وإسناده حسن.		0	urn:openiti:0852IbnHajarCasqalani.BulughMaram.Shamela0009111-ara1:p03046	0:1	1157	al-Daraqutni	وعن أبي هريرة - رضي الله عنه - قال: قال رسول الله - صلى الله عليه وسلم: «اليد العليا خير من اليد السفلى, ويبدأ أحدكم بمن يعول». تقول المرأة: أطعمني, أو طلقني.
	Ibn Hajar (Bulugh al-maram)	852	classical	chain	fair	أخرجه الشافعي. ثم البيهقي بإسناد حسن.		0	urn:openiti:0852IbnHajarCasqalani.BulughMaram.Shamela0009111-ara1:p03052	0:1	1159		وعن عمر - رضي الله عنه - أنه كتب إلى أمراء الأجناد في رجال غابوا عن نسائهم: أن يأخذوهم بأن ينفقوا أو يطلقوا, فإن طلقوا بعثوا بنفقة ما حبسوا.
urn:hadith:0279Tirmidhi.Sunan:1863	Ibn Hajar (Bulugh al-maram)	852	classical	hadith	fair	أخرجه أبو داود, والترمذي وحسنه.	0.59	2	urn:openiti:0852IbnHajarCasqalani.BulughMaram.Shamela0009111-ara1:p03056	0:1	1161	Abu Dawud, al-Tirmidhi	وعن بهز بن حكيم, عن أبيه, عن جده قال: قلت: يا رسول الله! من أبر? قال: «أمك». قلت: ثم من? قال: «أمك». قلت: ثم من «? قال: «أمك». قلت: ثم من? قال: «أباك, ثم الأقرب
urn:hadith:0275AbuDawudSijistani.Sunan:5139	Ibn Hajar (Bulugh al-maram)	852	classical	hadith	fair	أخرجه أبو داود, والترمذي وحسنه.	0.53	2	urn:openiti:0852IbnHajarCasqalani.BulughMaram.Shamela0009111-ara1:p03056	0:1	1161	Abu Dawud, al-Tirmidhi	وعن بهز بن حكيم, عن أبيه, عن جده قال: قلت: يا رسول الله! من أبر? قال: «أمك». قلت: ثم من? قال: «أمك». قلت: ثم من «? قال: «أمك». قلت: ثم من? قال: «أباك, ثم الأقرب
urn:hadith:0275AbuDawudSijistani.Sunan:2276	Ibn Hajar (Bulugh al-maram)	852	classical	hadith	sound	رواه أحمد, وأبو داود, وصححه الحاكم.	1.0	1	urn:openiti:0852IbnHajarCasqalani.BulughMaram.Shamela0009111-ara1:p03059	0:1	1162	Abu Dawud, Ahmad, al-Hakim	عن عبد الله بن عمرو رضي الله عنهما; أن امرأة قالت: يا رسول الله! إن ابني هذا كان بطني له وعاء, وثديي له سقاء, وحجري له حواء, وإن أباه طلقني, وأراد أن ينتزعه مني
urn:hadith:0303Nasai.SunanKubra:5690	Ibn Hajar (Bulugh al-maram)	852	classical	hadith	sound	رواه أحمد, والأربعة, وصححه الترمذي	0.8	2	urn:openiti:0852IbnHajarCasqalani.BulughMaram.Shamela0009111-ara1:p03061	0:1	1163	al-Tirmidhi, Ahmad, the Four	وعن أبي هريرة - رضي الله عنه - أن امرأة قالت: يا رسول الله! إن زوجي يريد أن يذهب بابني, وقد نفعني, وسقاني من بئر أبي عنبة   فجاء زوجها, فقال النبي - صلى الله عل
urn:hadith:0303Nasai.SunanSughra:3496	Ibn Hajar (Bulugh al-maram)	852	classical	hadith	sound	رواه أحمد, والأربعة, وصححه الترمذي	0.8	2	urn:openiti:0852IbnHajarCasqalani.BulughMaram.Shamela0009111-ara1:p03061	0:1	1163	al-Tirmidhi, Ahmad, the Four	وعن أبي هريرة - رضي الله عنه - أن امرأة قالت: يا رسول الله! إن زوجي يريد أن يذهب بابني, وقد نفعني, وسقاني من بئر أبي عنبة   فجاء زوجها, فقال النبي - صلى الله عل
urn:hadith:0303Nasai.SunanKubra:6945	Ibn Hajar (Bulugh al-maram)	852	classical	hadith	sound	رواه أبو داود, والنسائي, وصححه الحاكم.	0.77	2	urn:openiti:0852IbnHajarCasqalani.BulughMaram.Shamela0009111-ara1:p03076	0:1	1170	Abu Dawud, al-Nasaʾi, al-Hakim	وعن عائشة رضي الله عنها, عن رسول الله - صلى الله عليه وسلم - قال: «لا يحل قتل مسلم إلا في إحدى ثلاث خصال: زان محصن فيرجم, ورجل يقتل مسلما متعمدا فيقتل, ورجل يخر
urn:hadith:0303Nasai.SunanSughra:4743	Ibn Hajar (Bulugh al-maram)	852	classical	hadith	sound	رواه أبو داود, والنسائي, وصححه الحاكم.	0.77	2	urn:openiti:0852IbnHajarCasqalani.BulughMaram.Shamela0009111-ara1:p03076	0:1	1170	Abu Dawud, al-Nasaʾi, al-Hakim	وعن عائشة رضي الله عنها, عن رسول الله - صلى الله عليه وسلم - قال: «لا يحل قتل مسلم إلا في إحدى ثلاث خصال: زان محصن فيرجم, ورجل يقتل مسلما متعمدا فيقتل, ورجل يخر
	Ibn Hajar (Bulugh al-maram)	852	classical	hadith	fair	رواه أحمد, والأربعة, وحسنه الترمذي, وهو من رواية الحسن البصري عن سمرة, وقد اختلف في سماعه منه.		0	urn:openiti:0852IbnHajarCasqalani.BulughMaram.Shamela0009111-ara1:p03080	0:1	1172	al-Tirmidhi, Ahmad, the Four	وعن سمرة - رضي الله عنه - قال: قال رسول الله - صلى الله عليه وسلم: «من قتل عبده قتلناه, ومن جدع عبده جدعناه».
	Ibn Hajar (Bulugh al-maram)	852	classical	hadith	disputed	رواه أحمد, والترمذي, وابن ماجه, وصححه ابن الجارود والبيهقي, وقال الترمذي: إنه مضطرب		0	urn:openiti:0852IbnHajarCasqalani.BulughMaram.Shamela0009111-ara1:p03086	0:1	1173	al-Tirmidhi, Ibn Maja, Ahmad	
	Ibn Hajar (Bulugh al-maram)	852	classical	hadith	sound	وأخرجه أحمد, وأبو داود, والنسائي: من وجه آخر عن علي وقال فيه: «المؤمنون تتكافأ دماؤهم, ويسعى بذمتهم أدناهم, وهم يد على من سواهم, ولا يقتل مؤمن بكافر, ولا ذو عهد في عهده». وصححه الحاكم.		0	urn:openiti:0852IbnHajarCasqalani.BulughMaram.Shamela0009111-ara1:p03092	0:1	1175	Abu Dawud, al-Nasaʾi, Ahmad, al-Hakim	
urn:hadith:0303Nasai.SunanKubra:6953	Ibn Hajar (Bulugh al-maram)	852	classical	chain	sound	رواه أحمد, والثلاثة, بإسناد صحيح.	0.93	2	urn:openiti:0852IbnHajarCasqalani.BulughMaram.Shamela0009111-ara1:p03096	0:1	1177	Ahmad, the Three	وعن عمران بن حصين - رضي الله عنه: أن غلاما لأناس فقراء قطع أذن غلام لأناس أغنياء, فأتوا النبي - صلى الله عليه وسلم - فلم يجعل لهم شيئا.
urn:hadith:0303Nasai.SunanSughra:4751	Ibn Hajar (Bulugh al-maram)	852	classical	chain	sound	رواه أحمد, والثلاثة, بإسناد صحيح.	0.93	2	urn:openiti:0852IbnHajarCasqalani.BulughMaram.Shamela0009111-ara1:p03096	0:1	1177	Ahmad, the Three	وعن عمران بن حصين - رضي الله عنه: أن غلاما لأناس فقراء قطع أذن غلام لأناس أغنياء, فأتوا النبي - صلى الله عليه وسلم - فلم يجعل لهم شيئا.
	Ibn Hajar (Bulugh al-maram)	852	classical	hadith	sound	وأخرجه أبو داود, والنسائي: من حديث ابن عباس; أن عمر - رضي الله عنه - سأل من شهد قضاء رسول الله - صلى الله عليه وسلم - في الجنين? قال: فقام حمل بن النابغة, فقال: كنت بين امرأتين, فضربت إحداهما الأخرى ... فذكره مختصرا. وصححه ابن حبان, والحاكم.		0	urn:openiti:0852IbnHajarCasqalani.BulughMaram.Shamela0009111-ara1:p03104	0:1	1180	Abu Dawud, al-Nasaʾi, al-Hakim, Ibn Hibban	
urn:hadith:0273IbnMaja.Sunan:2635	Ibn Hajar (Bulugh al-maram)	852	classical	chain	sound	أخرجه أبو داود, والنسائي, وابن ماجه, بإسناد قوي.	0.58	1	urn:openiti:0852IbnHajarCasqalani.BulughMaram.Shamela0009111-ara1:p03108	0:1	1182	Abu Dawud, al-Nasaʾi, Ibn Maja	وعن ابن عباس رضي الله عنهما قال: قال رسول الله - صلى الله عليه وسلم: «من قتل في عميا أو رميا بحجر, أو سوط, أو عصا, فعليه عقل الخطإ, ومن قتل عمدا فهو قود, ومن حا
urn:hadith:0385Daraqutni.Sunan:3129	Ibn Hajar (Bulugh al-maram)	852	classical	hadith	sound	رواه الدارقطني موصولا ومرسلا, وصححه ابن القطان, ورجاله ثقات, إلا أن البيهقي رجح المرسل.	0.92	1	urn:openiti:0852IbnHajarCasqalani.BulughMaram.Shamela0009111-ara1:p03110	0:1	1183	al-Daraqutni	وعن ابن عمر رضي الله عنهما, عن النبي - صلى الله عليه وسلم - قال: «إذا أمسك الرجل الرجل, وقتله الآخر, يقتل الذي قتل, ويحبس الذي أمسك».
	Ibn Hajar (Bulugh al-maram)	852	classical	hadith	sound	أخرجه ابن حبان في حديث   صححه.		0	urn:openiti:0852IbnHajarCasqalani.BulughMaram.Shamela0009111-ara1:p03132	0:1	1191	Ibn Hibban	وعن ابن عمرو   رضي الله عنهما, عن النبي - صلى الله عليه وسلم - قال: «إن أعتى الناس على الله ثلاثة: من قتل في حرم الله, أو قتل غير قاتله, أو قتل لذحل الجاهلية».
urn:hadith:0275AbuDawudSijistani.Sunan:4547	Ibn Hajar (Bulugh al-maram)	852	classical	hadith	sound	أخرجه أبو داود, والنسائي, وابن ماجه, وصححه ابن حبان.	0.79	2	urn:openiti:0852IbnHajarCasqalani.BulughMaram.Shamela0009111-ara1:p03136	0:1	1193	Abu Dawud, al-Nasaʾi, Ibn Maja, Ibn Hibban	وعن عبد الله بن عمرو بن العاص رضي الله عنهما; أن رسول الله - صلى الله عليه وسلم - قال: «ألا إن دية الخطأ شبه العمد - ما كان بالسوط والعصا - مائة من الإبل, منها 
urn:hadith:0275AbuDawudSijistani.Sunan:4588	Ibn Hajar (Bulugh al-maram)	852	classical	hadith	sound	أخرجه أبو داود, والنسائي, وابن ماجه, وصححه ابن حبان.	0.79	2	urn:openiti:0852IbnHajarCasqalani.BulughMaram.Shamela0009111-ara1:p03136	0:1	1193	Abu Dawud, al-Nasaʾi, Ibn Maja, Ibn Hibban	وعن عبد الله بن عمرو بن العاص رضي الله عنهما; أن رسول الله - صلى الله عليه وسلم - قال: «ألا إن دية الخطأ شبه العمد - ما كان بالسوط والعصا - مائة من الإبل, منها 
urn:hadith:0385Daraqutni.Sunan:3286	Ibn Hajar (Bulugh al-maram)	852	classical	hadith	sound	أخرجه الدارقطني, وصححه الحاكم, وهو عند أبي داود, والنسائي وغيرهما; إلا أن من أرسله أقوى ممن وصله.	0.75	1	urn:openiti:0852IbnHajarCasqalani.BulughMaram.Shamela0009111-ara1:p03142	0:1	1195	al-Nasaʾi, al-Daraqutni, al-Hakim	وعن عمرو بن شعيب, عن أبيه, عن جده رفعه قال: «من تطبب - ولم يكن بالطب معروفا - فأصاب نفسا فما دونها, فهو ضامن».
urn:hadith:0241IbnHanbal.Musnad:7013	Ibn Hajar (Bulugh al-maram)	852	classical	hadith	sound	رواه أحمد. والأربعة. وزاد أحمد: «والأصابع سواء, كلهن عشر, عشر من الإبل». وصححه ابن خزيمة, وابن الجارود.	0.8	2	urn:openiti:0852IbnHajarCasqalani.BulughMaram.Shamela0009111-ara1:p03144	0:1	1196	Ahmad, Ibn Khuzayma, the Four	وعنه; أن النبي - صلى الله عليه وسلم - قال: «في المواضح خمس, خمس من الإبل».
urn:hadith:0273IbnMaja.Sunan:2655	Ibn Hajar (Bulugh al-maram)	852	classical	hadith	sound	رواه أحمد. والأربعة. وزاد أحمد: «والأصابع سواء, كلهن عشر, عشر من الإبل». وصححه ابن خزيمة, وابن الجارود.	0.8	2	urn:openiti:0852IbnHajarCasqalani.BulughMaram.Shamela0009111-ara1:p03144	0:1	1196	Ahmad, Ibn Khuzayma, the Four	وعنه; أن النبي - صلى الله عليه وسلم - قال: «في المواضح خمس, خمس من الإبل».
	Ibn Hajar (Bulugh al-maram)	852	classical	hadith	weak	أخرجه الدارقطني وضعفه.		0	urn:openiti:0852IbnHajarCasqalani.BulughMaram.Shamela0009111-ara1:p03150	0:1	1198	al-Daraqutni	وعنه قال: قال رسول الله - صلى الله عليه وسلم: «عقل شبه العمد مغلظ مثل عقل العمد, ولا يقتل صاحبه, وذلك أن ينزو الشيطان, فتكون دماء بين الناس في غير ضغينة, ولا حم
	Ibn Hajar (Bulugh al-maram)	852	classical	hadith	sound	رواه النسائي, وأبو داود, وصححه ابن خزيمة, وابن الجارود		0	urn:openiti:0852IbnHajarCasqalani.BulughMaram.Shamela0009111-ara1:p03155	0:1	1200	Abu Dawud, al-Nasaʾi, Ibn Khuzayma	وعن أبي رمثة قال: أتيت النبي - صلى الله عليه وسلم - ومعي ابني   فقال: «من هذا?» قلت: ابني. أشهد به. قال: «أما إنه لا يجني عليك, ولا تجني عليه».
urn:hadith:0292AbuBakrBazzar.BahrZakhkhar:5954	Ibn Hajar (Bulugh al-maram)	852	classical	hadith	disputed	رواه البزار والحاكم وصححه فوهم; فإن في إسناده كوثر بن حكيم, وهو متروك.	0.7	1	urn:openiti:0852IbnHajarCasqalani.BulughMaram.Shamela0009111-ara1:p03171	0:1	1206	al-Hakim, al-Bazzar	وعن ابن عمر رضي الله عنهما قال: قال رسول الله - صلى الله عليه وسلم: «هل تدري يا ابن أم عبد, كيف حكم الله فيمن بغى من هذه الأمة?» , قال: الله ورسوله أعلم. قال: «
	Ibn Hajar (Bulugh al-maram)	852	classical	hadith	sound	رواه أبو داود, والنسائي, والترمذي وصححه.		0	urn:openiti:0852IbnHajarCasqalani.BulughMaram.Shamela0009111-ara1:p03180	0:1	1209	Abu Dawud, al-Tirmidhi, al-Nasaʾi	: «من قتل دون ماله فهو شهيد».
urn:hadith:0275AbuDawudSijistani.Sunan:3570	Ibn Hajar (Bulugh al-maram)	852	classical	hadith	sound	رواه أحمد, والأربعة إلا الترمذي,   وصححه ابن حبان وفي إسناده اختلاف.	0.8	2	urn:openiti:0852IbnHajarCasqalani.BulughMaram.Shamela0009111-ara1:p03188	0:1	1212	al-Tirmidhi, Ahmad, Ibn Hibban, the Four	وعن البراء بن عازب رضي الله عنهما قال: قضى رسول الله - صلى الله عليه وسلم - أن حفظ الحوائط بالنهار على أهلها, وأن حفظ الماشية بالليل على أهلها, وأن على أهل الما
urn:hadith:0303Nasai.SunanKubra:5785	Ibn Hajar (Bulugh al-maram)	852	classical	hadith	sound	رواه أحمد, والأربعة إلا الترمذي,   وصححه ابن حبان وفي إسناده اختلاف.	0.8	2	urn:openiti:0852IbnHajarCasqalani.BulughMaram.Shamela0009111-ara1:p03188	0:1	1212	al-Tirmidhi, Ahmad, Ibn Hibban, the Four	وعن البراء بن عازب رضي الله عنهما قال: قضى رسول الله - صلى الله عليه وسلم - أن حفظ الحوائط بالنهار على أهلها, وأن حفظ الماشية بالليل على أهلها, وأن على أهل الما
	Ibn Hajar (Bulugh al-maram)	852	classical	chain	fair	رواه أحمد, والنسائي, وابن ماجه, وإسناده حسن. لكن اختلف في وصله وإرساله		0	urn:openiti:0852IbnHajarCasqalani.BulughMaram.Shamela0009111-ara1:p03229	0:1	1227	al-Nasaʾi, Ibn Maja, Ahmad	«اضربوه حده». فقالوا: يا رسول الله! إنه أضعف من ذلك, فقال: «خذوا عثكالا فيه مائة شمراخ, ثم اضربوه به ضربة واحدة». ففعلوا.
	Ibn Hajar (Bulugh al-maram)	852	classical	chain	weak	أخرجه ابن ماجه, وإسناده ضعيف.		0	urn:openiti:0852IbnHajarCasqalani.BulughMaram.Shamela0009111-ara1:p03239	0:1	1231	Ibn Maja	الحدود, ما وجدتم لها مدفعا».
	Ibn Hajar (Bulugh al-maram)	852	classical	hadith	weak	وأخرجه الترمذي, والحاكم: من حديث عائشة رضي الله عنها بلفظ: «ادرأوا الحدود عن المسلمين ما استطعتم». وهو ضعيف أيضا.		0	urn:openiti:0852IbnHajarCasqalani.BulughMaram.Shamela0009111-ara1:p03241	0:1	1232	al-Tirmidhi, al-Hakim	
urn:hadith:0279Tirmidhi.Sunan:1414	Ibn Hajar (Bulugh al-maram)	852	classical	hadith	sound	رواه أحمد، والأربعة، وصححه الترمذي، وابن حبان.	0.88	5	urn:openiti:0852IbnHajarCasqalani.BulughMaram.Shamela0009111-ara1:p03273	0:1	1244	al-Tirmidhi, Ahmad, Ibn Hibban, the Four	وعن جابر - رضي الله عنه -، عن النبي - صلى الله عليه وسلم - قال: «ليس على خائن ولا منتهب، ولا مختلس، قطع».
urn:hadith:0303Nasai.SunanKubra:7461	Ibn Hajar (Bulugh al-maram)	852	classical	hadith	sound	رواه أحمد، والأربعة، وصححه الترمذي، وابن حبان.	0.88	5	urn:openiti:0852IbnHajarCasqalani.BulughMaram.Shamela0009111-ara1:p03273	0:1	1244	al-Tirmidhi, Ahmad, Ibn Hibban, the Four	وعن جابر - رضي الله عنه -، عن النبي - صلى الله عليه وسلم - قال: «ليس على خائن ولا منتهب، ولا مختلس، قطع».
urn:hadith:0303Nasai.SunanKubra:7462	Ibn Hajar (Bulugh al-maram)	852	classical	hadith	sound	رواه أحمد، والأربعة، وصححه الترمذي، وابن حبان.	0.88	5	urn:openiti:0852IbnHajarCasqalani.BulughMaram.Shamela0009111-ara1:p03273	0:1	1244	al-Tirmidhi, Ahmad, Ibn Hibban, the Four	وعن جابر - رضي الله عنه -، عن النبي - صلى الله عليه وسلم - قال: «ليس على خائن ولا منتهب، ولا مختلس، قطع».
urn:hadith:0303Nasai.SunanSughra:4971	Ibn Hajar (Bulugh al-maram)	852	classical	hadith	sound	رواه أحمد، والأربعة، وصححه الترمذي، وابن حبان.	0.88	5	urn:openiti:0852IbnHajarCasqalani.BulughMaram.Shamela0009111-ara1:p03273	0:1	1244	al-Tirmidhi, Ahmad, Ibn Hibban, the Four	وعن جابر - رضي الله عنه -، عن النبي - صلى الله عليه وسلم - قال: «ليس على خائن ولا منتهب، ولا مختلس، قطع».
urn:hadith:0303Nasai.SunanSughra:4972	Ibn Hajar (Bulugh al-maram)	852	classical	hadith	sound	رواه أحمد، والأربعة، وصححه الترمذي، وابن حبان.	0.88	5	urn:openiti:0852IbnHajarCasqalani.BulughMaram.Shamela0009111-ara1:p03273	0:1	1244	al-Tirmidhi, Ahmad, Ibn Hibban, the Four	وعن جابر - رضي الله عنه -، عن النبي - صلى الله عليه وسلم - قال: «ليس على خائن ولا منتهب، ولا مختلس، قطع».
urn:hadith:0279Tirmidhi.Sunan:1415	Ibn Hajar (Bulugh al-maram)	852	classical	hadith	sound	رواه المذكورون, وصححه أيضا الترمذي, وابن حبان	0.86	2	urn:openiti:0852IbnHajarCasqalani.BulughMaram.Shamela0009111-ara1:p03275	0:1	1245	al-Tirmidhi, Ibn Hibban	وعن رافع بن خديج - رضي الله عنه -، قال سمعت رسول الله - صلى الله عليه وسلم - يقول:   «لا قطع في ثمر ولا كثر».
urn:hadith:0739CalaDinIbnBalban.Ihsan:4466	Ibn Hajar (Bulugh al-maram)	852	classical	hadith	sound	رواه المذكورون, وصححه أيضا الترمذي, وابن حبان	0.86	2	urn:openiti:0852IbnHajarCasqalani.BulughMaram.Shamela0009111-ara1:p03275	0:1	1245	al-Tirmidhi, Ibn Hibban	وعن رافع بن خديج - رضي الله عنه -، قال سمعت رسول الله - صلى الله عليه وسلم - يقول:   «لا قطع في ثمر ولا كثر».
	Ibn Hajar (Bulugh al-maram)	852	classical	chain	fair	وأخرجه البزار أيضا، وقال: لا بأس بإسناده.		0	urn:openiti:0852IbnHajarCasqalani.BulughMaram.Shamela0009111-ara1:p03281	0:1	1247	al-Bazzar	وأخرجه الحاكم من حديث أبي هريرة، فساقه بمعناه، وقال فيه: «اذهبوا به، فاقطعوه، ثم احسموه».
	Ibn Hajar (Bulugh al-maram)	852	classical	chain	weak	رواه النسائي، وبين أنه منقطع. وقال أبو حاتم: هو منكر.		0	urn:openiti:0852IbnHajarCasqalani.BulughMaram.Shamela0009111-ara1:p03283	0:1	1248	al-Nasaʾi	وعن عبد الرحمن بن عوف رضي الله عنه؛ أن رسول الله - صلى الله عليه وسلم - قال: «لا يغرم السارق إذا أقيم عليه الحد».
urn:hadith:0275AbuDawudSijistani.Sunan:1710	Ibn Hajar (Bulugh al-maram)	852	classical	hadith	sound	أخرجه أبو داود، والنسائي، وصححه الحاكم.	0.73	3	urn:openiti:0852IbnHajarCasqalani.BulughMaram.Shamela0009111-ara1:p03287	0:1	1249	Abu Dawud, al-Nasaʾi, al-Hakim	أنه سئل عن التمر المعلق؟ فقال: «من أصاب بفيه من ذي حاجة، غير متخذ خبنة، فلا شيء عليه، ومن خرج بشيء منه، فعليه الغرامة والعقوبة، ومن خرج بشيء منه بعد أن يؤويه ال
urn:hadith:0275AbuDawudSijistani.Sunan:4390	Ibn Hajar (Bulugh al-maram)	852	classical	hadith	sound	أخرجه أبو داود، والنسائي، وصححه الحاكم.	0.73	3	urn:openiti:0852IbnHajarCasqalani.BulughMaram.Shamela0009111-ara1:p03287	0:1	1249	Abu Dawud, al-Nasaʾi, al-Hakim	أنه سئل عن التمر المعلق؟ فقال: «من أصاب بفيه من ذي حاجة، غير متخذ خبنة، فلا شيء عليه، ومن خرج بشيء منه، فعليه الغرامة والعقوبة، ومن خرج بشيء منه بعد أن يؤويه ال
urn:hadith:0303Nasai.SunanKubra:7446	Ibn Hajar (Bulugh al-maram)	852	classical	hadith	sound	أخرجه أبو داود، والنسائي، وصححه الحاكم.	0.67	3	urn:openiti:0852IbnHajarCasqalani.BulughMaram.Shamela0009111-ara1:p03287	0:1	1249	Abu Dawud, al-Nasaʾi, al-Hakim	أنه سئل عن التمر المعلق؟ فقال: «من أصاب بفيه من ذي حاجة، غير متخذ خبنة، فلا شيء عليه، ومن خرج بشيء منه، فعليه الغرامة والعقوبة، ومن خرج بشيء منه بعد أن يؤويه ال
	Ibn Hajar (Bulugh al-maram)	852	classical	hadith	sound	أخرجه أحمد, والأربعة،   وصححه ابن الجارود, والحاكم.		0	urn:openiti:0852IbnHajarCasqalani.BulughMaram.Shamela0009111-ara1:p03289	0:1	1250	Ahmad, al-Hakim, the Four	وعن صفوان بن أمية - رضي الله عنه - أن النبي - صلى الله عليه وسلم - قال له لما أمر بقطع الذي سرق رداءه, فشفع فيه: «هلا كان ذلك قبل أن تأتيني به?».
	Ibn Hajar (Bulugh al-maram)	852	classical	hadith	sound	أخرجه أحمد, والأربعة.   وصححه ابن حبان.		0	urn:openiti:0852IbnHajarCasqalani.BulughMaram.Shamela0009111-ara1:p03321	0:1	1261	Ahmad, Ibn Hibban, the Four	
	Ibn Hajar (Bulugh al-maram)	852	classical	hadith	sound	أخرجه البيهقي, وصححه ابن حبان.		0	urn:openiti:0852IbnHajarCasqalani.BulughMaram.Shamela0009111-ara1:p03325	0:1	1263	Ibn Hibban	وعن أم سلمة رضي الله عنها, عن النبي - صلى الله عليه وسلم - قال: «إن الله لم يجعل شفاءكم فيما حرم عليكم».
	Ibn Hajar (Bulugh al-maram)	852	classical	hadith	sound	رواه الأربعة, وصححه الترمذي.		0	urn:openiti:0852IbnHajarCasqalani.BulughMaram.Shamela0009111-ara1:p03338	0:1	1268	al-Tirmidhi, the Four	دون ماله فهو شهيد».
urn:hadith:0241IbnHanbal.Musnad:12246	Ibn Hajar (Bulugh al-maram)	852	classical	hadith	sound	رواه أحمد, والنسائي, وصححه الحاكم.	0.8	3	urn:openiti:0852IbnHajarCasqalani.BulughMaram.Shamela0009111-ara1:p03348	0:1	1272	al-Nasaʾi, Ahmad, al-Hakim	وعن أنس - رضي الله عنه - أن النبي - صلى الله عليه وسلم - قال: «جاهدوا المشركين بأموالكم, وأنفسكم, وألسنتكم».
urn:hadith:0241IbnHanbal.Musnad:13638	Ibn Hajar (Bulugh al-maram)	852	classical	hadith	sound	رواه أحمد, والنسائي, وصححه الحاكم.	0.8	3	urn:openiti:0852IbnHajarCasqalani.BulughMaram.Shamela0009111-ara1:p03348	0:1	1272	al-Nasaʾi, Ahmad, al-Hakim	وعن أنس - رضي الله عنه - أن النبي - صلى الله عليه وسلم - قال: «جاهدوا المشركين بأموالكم, وأنفسكم, وألسنتكم».
urn:hadith:0405HakimNaysaburi.Mustadrak:2427	Ibn Hajar (Bulugh al-maram)	852	classical	hadith	sound	رواه أحمد, والنسائي, وصححه الحاكم.	0.8	3	urn:openiti:0852IbnHajarCasqalani.BulughMaram.Shamela0009111-ara1:p03348	0:1	1272	al-Nasaʾi, Ahmad, al-Hakim	وعن أنس - رضي الله عنه - أن النبي - صلى الله عليه وسلم - قال: «جاهدوا المشركين بأموالكم, وأنفسكم, وألسنتكم».
urn:hadith:0739CalaDinIbnBalban.Ihsan:4866	Ibn Hajar (Bulugh al-maram)	852	classical	hadith	sound	رواه النسائي, وصححه ابن حبان.	0.71	1	urn:openiti:0852IbnHajarCasqalani.BulughMaram.Shamela0009111-ara1:p03362	0:1	1279	al-Nasaʾi, Ibn Hibban	وعن عبد الله بن السعدي - رضي الله عنه - قال: قال رسول الله - صلى الله عليه وسلم: «لا تنقطع الهجرة ما قوتل العدو».
urn:hadith:0405HakimNaysaburi.Mustadrak:5279	Ibn Hajar (Bulugh al-maram)	852	classical	hadith	sound	رواه أحمد والثلاثة, وصححه الحاكم.   وأصله في البخاري.	0.76	4	urn:openiti:0852IbnHajarCasqalani.BulughMaram.Shamela0009111-ara1:p03376	0:1	1283	Ahmad, al-Hakim, the Three	وعن معقل; أن النعمان بن مقرن قال: شهدت رسول الله - صلى الله عليه وسلم - إذا لم يقاتل أول النهار أخر القتال حتى تزول الشمس, وتهب الرياح, وينزل النصر.
urn:hadith:0241IbnHanbal.Musnad:23744	Ibn Hajar (Bulugh al-maram)	852	classical	hadith	sound	رواه أحمد والثلاثة, وصححه الحاكم.   وأصله في البخاري.	0.71	4	urn:openiti:0852IbnHajarCasqalani.BulughMaram.Shamela0009111-ara1:p03376	0:1	1283	Ahmad, al-Hakim, the Three	وعن معقل; أن النعمان بن مقرن قال: شهدت رسول الله - صلى الله عليه وسلم - إذا لم يقاتل أول النهار أخر القتال حتى تزول الشمس, وتهب الرياح, وينزل النصر.
urn:hadith:0275AbuDawudSijistani.Sunan:2655	Ibn Hajar (Bulugh al-maram)	852	classical	hadith	sound	رواه أحمد والثلاثة, وصححه الحاكم.   وأصله في البخاري.	0.71	4	urn:openiti:0852IbnHajarCasqalani.BulughMaram.Shamela0009111-ara1:p03376	0:1	1283	Ahmad, al-Hakim, the Three	وعن معقل; أن النعمان بن مقرن قال: شهدت رسول الله - صلى الله عليه وسلم - إذا لم يقاتل أول النهار أخر القتال حتى تزول الشمس, وتهب الرياح, وينزل النصر.
urn:hadith:0303Nasai.SunanKubra:8637	Ibn Hajar (Bulugh al-maram)	852	classical	hadith	sound	رواه أحمد والثلاثة, وصححه الحاكم.   وأصله في البخاري.	0.71	4	urn:openiti:0852IbnHajarCasqalani.BulughMaram.Shamela0009111-ara1:p03376	0:1	1283	Ahmad, al-Hakim, the Three	وعن معقل; أن النعمان بن مقرن قال: شهدت رسول الله - صلى الله عليه وسلم - إذا لم يقاتل أول النهار أخر القتال حتى تزول الشمس, وتهب الرياح, وينزل النصر.
	Ibn Hajar (Bulugh al-maram)	852	classical	hadith	sound	رواه أبو داود, وصححه الترمذي.		0	urn:openiti:0852IbnHajarCasqalani.BulughMaram.Shamela0009111-ara1:p03386	0:1	1287	Abu Dawud, al-Tirmidhi	وعن سمرة - رضي الله عنه - قال: قال رسول الله - صلى الله عليه وسلم: «اقتلوا شيوخ المشركين, واستبقوا شرخهم».
	Ibn Hajar (Bulugh al-maram)	852	classical	hadith	sound	رواه الثلاثة, وصححه الترمذي, وابن حبان, والحاكم.		0	urn:openiti:0852IbnHajarCasqalani.BulughMaram.Shamela0009111-ara1:p03391	0:1	1289	al-Tirmidhi, al-Hakim, Ibn Hibban, the Three	وعن أبي أيوب - رضي الله عنه - قال: إنما أنزلت هذه الآية فينا معشر الأنصار, يعني: {ولا تلقوا بأيديكم إلى التهلكة} [البقرة: 195]   قاله ردا على من أنكر على من حمل
urn:hadith:0241IbnHanbal.Musnad:22775	Ibn Hajar (Bulugh al-maram)	852	classical	hadith	sound	رواه أحمد, والنسائي, وصححه ابن حبان.	0.75	1	urn:openiti:0852IbnHajarCasqalani.BulughMaram.Shamela0009111-ara1:p03395	0:1	1291	al-Nasaʾi, Ahmad, Ibn Hibban	وعن عبادة بن الصامت - رضي الله عنه - قال: قال رسول الله - صلى الله عليه وسلم: «لا تغلوا; فإن الغلول نار وعار على أصحابه في الدنيا والآخرة».
urn:hadith:0279Tirmidhi.Sunan:1534	Ibn Hajar (Bulugh al-maram)	852	classical	hadith	sound	أخرجه الترمذي وصححه.	0.88	1	urn:openiti:0852IbnHajarCasqalani.BulughMaram.Shamela0009111-ara1:p03411	0:1	1298	al-Tirmidhi	وعن عمران بن حصين - رضي الله عنه: أن رسول الله - صلى الله عليه وسلم - فدى رجلين من المسلمين برجل من المشركين.
	Ibn Hajar (Bulugh al-maram)	852	classical	hadith	sound	رواه أحمد, وأبو داود, وصححه الطحاوي.		0	urn:openiti:0852IbnHajarCasqalani.BulughMaram.Shamela0009111-ara1:p03425	0:1	1304	Abu Dawud, Ahmad	وعن معن بن يزيد رضي الله عنهما   قال: سمعت رسول الله - صلى الله عليه وسلم - يقول: «لا نفل إلا بعد الخمس».
urn:hadith:0275AbuDawudSijistani.Sunan:2750	Ibn Hajar (Bulugh al-maram)	852	classical	hadith	sound	رواه أبو داود, وصححه ابن الجارود, وابن حبان, والحاكم.	0.67	2	urn:openiti:0852IbnHajarCasqalani.BulughMaram.Shamela0009111-ara1:p03427	0:1	1305	Abu Dawud, al-Hakim, Ibn Hibban	وعن حبيب بن مسلمة - رضي الله عنه - قال: شهدت رسول الله - صلى الله عليه وسلم - نفل الربع في البدأة, والثلث في الرجعة.
urn:hadith:0405HakimNaysaburi.Mustadrak:2598	Ibn Hajar (Bulugh al-maram)	852	classical	hadith	sound	رواه أبو داود, وصححه ابن الجارود, وابن حبان, والحاكم.	0.67	2	urn:openiti:0852IbnHajarCasqalani.BulughMaram.Shamela0009111-ara1:p03427	0:1	1305	Abu Dawud, al-Hakim, Ibn Hibban	وعن حبيب بن مسلمة - رضي الله عنه - قال: شهدت رسول الله - صلى الله عليه وسلم - نفل الربع في البدأة, والثلث في الرجعة.
	Ibn Hajar (Bulugh al-maram)	852	classical	takhrij	in_sahihayn	رواه البخاري.   ولأبي داود: فلم يؤخذ منهم الخمس. وصححه ابن حبان.		0	urn:openiti:0852IbnHajarCasqalani.BulughMaram.Shamela0009111-ara1:p03431	0:1	1307	Ibn Hibban	وعنه [قال]: كنا نصيب في مغازينا العسل والعنب, فنأكله ولا نرفعه.
urn:hadith:0275AbuDawudSijistani.Sunan:2704	Ibn Hajar (Bulugh al-maram)	852	classical	hadith	sound	أخرجه أبو داود, وصححه ابن الجارود, والحاكم.	0.8	1	urn:openiti:0852IbnHajarCasqalani.BulughMaram.Shamela0009111-ara1:p03433	0:1	1308	Abu Dawud, al-Hakim	وعن عبد الله بن أبي أوفى رضي الله عنهما قال: أصبنا طعاما يوم خيبر, فكان الرجل يجيء, فيأخذ منه مقدار ما يكفيه, ثم ينصرف.
	Ibn Hajar (Bulugh al-maram)	852	classical	chain	fair	أخرجه أبو داود, والدارمي, ورجاله لا بأس بهم.		0	urn:openiti:0852IbnHajarCasqalani.BulughMaram.Shamela0009111-ara1:p03435	0:1	1309	Abu Dawud, al-Darimi	وعن رويفع بن ثابت - رضي الله عنه - قال: قال رسول الله - صلى الله عليه وسلم: «من كان يؤمن بالله واليوم الآخر فلا يركب دابة من فيء المسلمين, حتى إذا أعجفها ردها ف
	Ibn Hajar (Bulugh al-maram)	852	classical	chain	weak	أخرجه ابن أبي شيبة, وأحمد, وفي إسناده ضعف.		0	urn:openiti:0852IbnHajarCasqalani.BulughMaram.Shamela0009111-ara1:p03439	0:1	1310	Ahmad	يقول: «يجير على المسلمين بعضهم».
urn:hadith:0275AbuDawudSijistani.Sunan:2707	Ibn Hajar (Bulugh al-maram)	852	classical	chain	fair	رواه أبو داود, ورجاله لا بأس بهم.	0.92	1	urn:openiti:0852IbnHajarCasqalani.BulughMaram.Shamela0009111-ara1:p03455	0:1	1317	Abu Dawud	وعن معاذ - رضي الله عنه - قال: غزونا مع رسول الله - صلى الله عليه وسلم - خيبر, فأصبنا فيها غنما, فقسم فينا رسول الله - صلى الله عليه وسلم - طائفة, وجعل بقيتها ف
urn:hadith:0275AbuDawudSijistani.Sunan:2758	Ibn Hajar (Bulugh al-maram)	852	classical	hadith	sound	رواه أبو داود, والنسائي, وصححه ابن حبان.	0.57	2	urn:openiti:0852IbnHajarCasqalani.BulughMaram.Shamela0009111-ara1:p03457	0:1	1318	Abu Dawud, al-Nasaʾi, Ibn Hibban	وعن أبي رافع - رضي الله عنه - قال: قال رسول الله - صلى الله عليه وسلم: «إني لا أخيس بالعهد, ولا أحبس الرسل».
urn:hadith:0303Nasai.SunanKubra:8674	Ibn Hajar (Bulugh al-maram)	852	classical	hadith	sound	رواه أبو داود, والنسائي, وصححه ابن حبان.	0.57	2	urn:openiti:0852IbnHajarCasqalani.BulughMaram.Shamela0009111-ara1:p03457	0:1	1318	Abu Dawud, al-Nasaʾi, Ibn Hibban	وعن أبي رافع - رضي الله عنه - قال: قال رسول الله - صلى الله عليه وسلم: «إني لا أخيس بالعهد, ولا أحبس الرسل».
urn:hadith:0279Tirmidhi.Sunan:592	Ibn Hajar (Bulugh al-maram)	852	classical	hadith	sound	أخرجه الثلاثة, وصححه ابن حبان, والحاكم.	0.54	1	urn:openiti:0852IbnHajarCasqalani.BulughMaram.Shamela0009111-ara1:p03468	0:1	1322	al-Hakim, Ibn Hibban, the Three	وعن معاذ بن جبل - رضي الله عنه - قال: بعثني النبي - صلى الله عليه وسلم - إلى اليمن, وأمرني أن آخذ من كل حالم دينارا, أو عدله معافريا.
urn:hadith:0241IbnHanbal.Musnad:6466	Ibn Hajar (Bulugh al-maram)	852	classical	hadith	sound	رواه أحمد, وأبو داود, وصححه ابن حبان.	0.83	3	urn:openiti:0852IbnHajarCasqalani.BulughMaram.Shamela0009111-ara1:p03487	0:1	1329	Abu Dawud, Ahmad, Ibn Hibban	وعنه: أن النبي - صلى الله عليه وسلم - سبق بين الخيل, وفضل القرح في الغاية.
urn:hadith:0275AbuDawudSijistani.Sunan:2577	Ibn Hajar (Bulugh al-maram)	852	classical	hadith	sound	رواه أحمد, وأبو داود, وصححه ابن حبان.	0.83	3	urn:openiti:0852IbnHajarCasqalani.BulughMaram.Shamela0009111-ara1:p03487	0:1	1329	Abu Dawud, Ahmad, Ibn Hibban	وعنه: أن النبي - صلى الله عليه وسلم - سبق بين الخيل, وفضل القرح في الغاية.
urn:hadith:0739CalaDinIbnBalban.Ihsan:4688	Ibn Hajar (Bulugh al-maram)	852	classical	hadith	sound	رواه أحمد, وأبو داود, وصححه ابن حبان.	0.83	3	urn:openiti:0852IbnHajarCasqalani.BulughMaram.Shamela0009111-ara1:p03487	0:1	1329	Abu Dawud, Ahmad, Ibn Hibban	وعنه: أن النبي - صلى الله عليه وسلم - سبق بين الخيل, وفضل القرح في الغاية.
urn:hadith:0241IbnHanbal.Musnad:10138	Ibn Hajar (Bulugh al-maram)	852	classical	hadith	sound	رواه أحمد, والثلاثة, وصححه ابن حبان.	0.89	1	urn:openiti:0852IbnHajarCasqalani.BulughMaram.Shamela0009111-ara1:p03489	0:1	1330	Ahmad, Ibn Hibban, the Three	وعن أبي هريرة - رضي الله عنه - قال: قال رسول الله - صلى الله عليه وسلم: «لا سبق إلا في خف, أو نصل, أو حافر».
urn:hadith:0241IbnHanbal.Musnad:10557	Ibn Hajar (Bulugh al-maram)	852	classical	chain	weak	رواه أحمد, وأبو داود, وإسناده ضعيف.	0.67	1	urn:openiti:0852IbnHajarCasqalani.BulughMaram.Shamela0009111-ara1:p03491	0:1	1331	Abu Dawud, Ahmad	وعنه, عن النبي - صلى الله عليه وسلم - قال: «من أدخل فرسا بين فرسين - وهو لا يأمن أن يسبق - فلا بأس به, وإن أمن فهو قمار».
urn:hadith:0241IbnHanbal.Musnad:3066	Ibn Hajar (Bulugh al-maram)	852	classical	hadith	sound	رواه أحمد, وأبو داود, وصححه ابن حبان.	0.89	2	urn:openiti:0852IbnHajarCasqalani.BulughMaram.Shamela0009111-ara1:p03510	0:1	1338	Abu Dawud, Ahmad, Ibn Hibban	وعن ابن عباس - رضي الله عنهما - قال: نهى رسول الله - صلى الله عليه وسلم - عن قتل أربع من الدواب: النملة, والنحلة, والهدهد, والصرد.
urn:hadith:0275AbuDawudSijistani.Sunan:5267	Ibn Hajar (Bulugh al-maram)	852	classical	hadith	sound	رواه أحمد, وأبو داود, وصححه ابن حبان.	0.89	2	urn:openiti:0852IbnHajarCasqalani.BulughMaram.Shamela0009111-ara1:p03510	0:1	1338	Abu Dawud, Ahmad, Ibn Hibban	وعن ابن عباس - رضي الله عنهما - قال: نهى رسول الله - صلى الله عليه وسلم - عن قتل أربع من الدواب: النملة, والنحلة, والهدهد, والصرد.
urn:hadith:0279Tirmidhi.Sunan:1757	Ibn Hajar (Bulugh al-maram)	852	classical	hadith	sound	رواه أحمد, والأربعة   وصححه البخاري, وابن حبان.	0.67	1	urn:openiti:0852IbnHajarCasqalani.BulughMaram.Shamela0009111-ara1:p03512	0:1	1339	Ahmad, Ibn Hibban, the Four	وعن ابن أبي عمار قال: قلت لجابر: الضبع صيد هي   ? قال: نعم. قلت: قاله رسول الله - صلى الله عليه وسلم - قال: نعم.
	Ibn Hajar (Bulugh al-maram)	852	classical	chain	weak	أخرجه أحمد, وأبو داود, وإسناده ضعيف.		0	urn:openiti:0852IbnHajarCasqalani.BulughMaram.Shamela0009111-ara1:p03514	0:1	1340	Abu Dawud, Ahmad	وعن ابن عمر - رضي الله عنه -   أنه سئل عن القنفذ, فقال: {قل لا أجد في ما أوحي إلي محرما على طاعم يطعمه ... } الآية [الأنعام: 145]، فقال شيخ عنده: سمعت أبا هريرة
	Ibn Hajar (Bulugh al-maram)	852	classical	hadith	fair	أخرجه الأربعة إلا النسائي, وحسنه الترمذي.		0	urn:openiti:0852IbnHajarCasqalani.BulughMaram.Shamela0009111-ara1:p03516	0:1	1341	al-Tirmidhi, al-Nasaʾi, the Four	وعن ابن عمر - رضي الله عنهما - قال: نهى رسول الله - صلى الله عليه وسلم - عن الجلالة وألبانها.
	Ibn Hajar (Bulugh al-maram)	852	classical	hadith	sound	أخرجه أحمد, وصححه الحاكم.		0	urn:openiti:0852IbnHajarCasqalani.BulughMaram.Shamela0009111-ara1:p03524	0:1	1345	Ahmad, al-Hakim	وعن عبد الرحمن بن عثمان القرشي - رضي الله عنه: أن طبيبا سأل رسول الله - صلى الله عليه وسلم -   عن الضفدع يجعلها في دواء, فنهى عن قتلها.
	Ibn Hajar (Bulugh al-maram)	852	classical	hadith	sound	رواه أحمد, وصححه ابن حبان.		0	urn:openiti:0852IbnHajarCasqalani.BulughMaram.Shamela0009111-ara1:p03551	0:1	1357	Ahmad, Ibn Hibban	
urn:hadith:0385Daraqutni.Sunan:4576	Ibn Hajar (Bulugh al-maram)	852	classical	chain	weak	أخرجه الدارقطني, وفي إسناده محمد بن يزيد بن سنان, وهو صدوق ضعيف الحفظ.	0.73	1	urn:openiti:0852IbnHajarCasqalani.BulughMaram.Shamela0009111-ara1:p03553	0:1	1358	al-Daraqutni	وعن ابن عباس رضي الله عنهما; أن النبي - صلى الله عليه وسلم - قال: «المسلم يكفيه اسمه, فإن نسي أن يسمي حين يذبح, فليسم, ثم ليأكل».
	Ibn Hajar (Bulugh al-maram)	852	classical	chain	sound	وأخرجه عبد الرزاق بإسناد صحيح إلى ابن عباس, موقوفا عليه.		0	urn:openiti:0852IbnHajarCasqalani.BulughMaram.Shamela0009111-ara1:p03554	0:1	1358		
urn:hadith:0273IbnMaja.Sunan:3123	Ibn Hajar (Bulugh al-maram)	852	classical	hadith	disputed	رواه أحمد, وابن ماجه, وصححه الحاكم, لكن رجح الأئمة غيره وقفه.	0.89	1	urn:openiti:0852IbnHajarCasqalani.BulughMaram.Shamela0009111-ara1:p03568	0:1	1362	Ibn Maja, Ahmad, al-Hakim	وعن أبي هريرة - رضي الله عنه - قال: قال رسول الله - صلى الله عليه وسلم: «من كان له سعة ولم يضح, فلا يقربن مصلانا».
	Ibn Hajar (Bulugh al-maram)	852	classical	hadith	sound	رواه الخمسة.   وصححه الترمذي, وابن حبان.		0	urn:openiti:0852IbnHajarCasqalani.BulughMaram.Shamela0009111-ara1:p03572	0:1	1364	al-Tirmidhi, Ibn Hibban, the Five	وعن البراء بن عازب رضي الله عنهما قال: قام فينا رسول الله - صلى الله عليه وسلم - فقال: «أربع لا تجوز في الضحايا: العوراء البين عورها, والمريضة البين مرضها, والع
urn:hadith:0241IbnHanbal.Musnad:851	Ibn Hajar (Bulugh al-maram)	852	classical	hadith	sound	أخرجه أحمد, والأربعة.   وصححه الترمذي, وابن حبان, والحاكم.	0.53	4	urn:openiti:0852IbnHajarCasqalani.BulughMaram.Shamela0009111-ara1:p03576	0:1	1366	al-Tirmidhi, Ahmad, al-Hakim, Ibn Hibban, the Four	وعن علي - رضي الله عنه - قال: أمرنا رسول الله - صلى الله عليه وسلم - أن نستشرف العين والأذن, ولا نضحي بعوراء, ولا مقابلة, ولا مدابرة, ولا خرماء, ولا ثرماء.
urn:hadith:0241IbnHanbal.Musnad:1275	Ibn Hajar (Bulugh al-maram)	852	classical	hadith	sound	أخرجه أحمد, والأربعة.   وصححه الترمذي, وابن حبان, والحاكم.	0.53	4	urn:openiti:0852IbnHajarCasqalani.BulughMaram.Shamela0009111-ara1:p03576	0:1	1366	al-Tirmidhi, Ahmad, al-Hakim, Ibn Hibban, the Four	وعن علي - رضي الله عنه - قال: أمرنا رسول الله - صلى الله عليه وسلم - أن نستشرف العين والأذن, ولا نضحي بعوراء, ولا مقابلة, ولا مدابرة, ولا خرماء, ولا ثرماء.
urn:hadith:0303Nasai.SunanKubra:4463	Ibn Hajar (Bulugh al-maram)	852	classical	hadith	sound	أخرجه أحمد, والأربعة.   وصححه الترمذي, وابن حبان, والحاكم.	0.53	4	urn:openiti:0852IbnHajarCasqalani.BulughMaram.Shamela0009111-ara1:p03576	0:1	1366	al-Tirmidhi, Ahmad, al-Hakim, Ibn Hibban, the Four	وعن علي - رضي الله عنه - قال: أمرنا رسول الله - صلى الله عليه وسلم - أن نستشرف العين والأذن, ولا نضحي بعوراء, ولا مقابلة, ولا مدابرة, ولا خرماء, ولا ثرماء.
urn:hadith:0303Nasai.SunanSughra:4373	Ibn Hajar (Bulugh al-maram)	852	classical	hadith	sound	أخرجه أحمد, والأربعة.   وصححه الترمذي, وابن حبان, والحاكم.	0.53	4	urn:openiti:0852IbnHajarCasqalani.BulughMaram.Shamela0009111-ara1:p03576	0:1	1366	al-Tirmidhi, Ahmad, al-Hakim, Ibn Hibban, the Four	وعن علي - رضي الله عنه - قال: أمرنا رسول الله - صلى الله عليه وسلم - أن نستشرف العين والأذن, ولا نضحي بعوراء, ولا مقابلة, ولا مدابرة, ولا خرماء, ولا ثرماء.
urn:hadith:0275AbuDawudSijistani.Sunan:2841	Ibn Hajar (Bulugh al-maram)	852	classical	hadith	sound	رواه أبو داود, وصححه ابن خزيمة, وابن الجارود, وعبد الحق.	1.0	1	urn:openiti:0852IbnHajarCasqalani.BulughMaram.Shamela0009111-ara1:p03583	0:1	1369	Abu Dawud, Ibn Khuzayma	عن ابن عباس رضي الله عنهما; أن النبي - صلى الله عليه وسلم - عق عن الحسن والحسين كبشا كبشا.
urn:hadith:0279Tirmidhi.Sunan:1479	Ibn Hajar (Bulugh al-maram)	852	classical	hadith	sound	رواه الترمذي وصححه.	0.5	1	urn:openiti:0852IbnHajarCasqalani.BulughMaram.Shamela0009111-ara1:p03588	0:1	1371	al-Tirmidhi	وعن عائشة رضي الله عنها; أن رسول الله - صلى الله عليه وسلم - أمرهم; أن يعق عن الغلام شاتان مكافئتان, وعن الجارية شاة.
urn:hadith:0241IbnHanbal.Musnad:20193	Ibn Hajar (Bulugh al-maram)	852	classical	hadith	sound	رواه الخمسة, وصححه الترمذي.	0.78	1	urn:openiti:0852IbnHajarCasqalani.BulughMaram.Shamela0009111-ara1:p03592	0:1	1373	al-Tirmidhi, the Five	وعن سمرة - رضي الله عنه - أن رسول الله - صلى الله عليه وسلم - قال: «كل غلام مرتهن بعقيقته, تذبح عنه يوم سابعه, ويحلق, ويسمى».
urn:hadith:0279Tirmidhi.Sunan:1497	Ibn Hajar (Bulugh al-maram)	852	classical	hadith	sound	رواه الخمسة   وصححه ابن حبان.	0.62	3	urn:openiti:0852IbnHajarCasqalani.BulughMaram.Shamela0009111-ara1:p03607	0:1	1378	Ibn Hibban, the Five	وعن ابن عمر رضي الله عنهما; أن رسول الله - صلى الله عليه وسلم - قال: «من حلف على يمين فقال: إن شاء الله, فلا حنث عليه».
urn:hadith:0303Nasai.SunanKubra:4771	Ibn Hajar (Bulugh al-maram)	852	classical	hadith	sound	رواه الخمسة   وصححه ابن حبان.	0.62	3	urn:openiti:0852IbnHajarCasqalani.BulughMaram.Shamela0009111-ara1:p03607	0:1	1378	Ibn Hibban, the Five	وعن ابن عمر رضي الله عنهما; أن رسول الله - صلى الله عليه وسلم - قال: «من حلف على يمين فقال: إن شاء الله, فلا حنث عليه».
urn:hadith:0303Nasai.SunanSughra:3830	Ibn Hajar (Bulugh al-maram)	852	classical	hadith	sound	رواه الخمسة   وصححه ابن حبان.	0.62	3	urn:openiti:0852IbnHajarCasqalani.BulughMaram.Shamela0009111-ara1:p03607	0:1	1378	Ibn Hibban, the Five	وعن ابن عمر رضي الله عنهما; أن رسول الله - صلى الله عليه وسلم - قال: «من حلف على يمين فقال: إن شاء الله, فلا حنث عليه».
urn:hadith:0279Tirmidhi.Sunan:2001	Ibn Hajar (Bulugh al-maram)	852	classical	hadith	sound	أخرجه الترمذي, وصححه ابن حبان.	0.92	2	urn:openiti:0852IbnHajarCasqalani.BulughMaram.Shamela0009111-ara1:p03624	0:1	1383	al-Tirmidhi, Ibn Hibban	وعن أسامة بن زيد رضي الله عنهما قال: قال رسول الله - صلى الله عليه وسلم: «من صنع إليه معروف, فقال لفاعله: جزاك الله خيرا فقد أبلغ في الثناء».
urn:hadith:0739CalaDinIbnBalban.Ihsan:3413	Ibn Hajar (Bulugh al-maram)	852	classical	hadith	sound	أخرجه الترمذي, وصححه ابن حبان.	0.92	2	urn:openiti:0852IbnHajarCasqalani.BulughMaram.Shamela0009111-ara1:p03624	0:1	1383	al-Tirmidhi, Ibn Hibban	وعن أسامة بن زيد رضي الله عنهما قال: قال رسول الله - صلى الله عليه وسلم: «من صنع إليه معروف, فقال لفاعله: جزاك الله خيرا فقد أبلغ في الثناء».
	Ibn Hajar (Bulugh al-maram)	852	classical	hadith	disputed	رواه مسلم.   وزاد الترمذي فيه: إذا لم يسم -, وصححه.		0	urn:openiti:0852IbnHajarCasqalani.BulughMaram.Shamela0009111-ara1:p03630	0:1	1385	al-Tirmidhi	
urn:hadith:0360Tabarani.MucjamKabir:1341	Ibn Hajar (Bulugh al-maram)	852	classical	hadith	sound	رواه أبو داود, والطبراني واللفظ له, وهو صحيح الإسناد.	0.72	1	urn:openiti:0852IbnHajarCasqalani.BulughMaram.Shamela0009111-ara1:p03644	0:1	1392	Abu Dawud, al-Tabarani (TK)	وعن ثابت بن الضحاك - رضي الله عنه - قال: نذر رجل على عهد رسول الله - صلى الله عليه وسلم - أن ينحر إبلا ببوانة, فأتى رسول الله - صلى الله عليه وسلم - فسأله: فقال
urn:hadith:0241IbnHanbal.Musnad:14919	Ibn Hajar (Bulugh al-maram)	852	classical	hadith	sound	رواه أحمد, أبو داود, وصححه الحاكم.	0.77	1	urn:openiti:0852IbnHajarCasqalani.BulughMaram.Shamela0009111-ara1:p03649	0:1	1394	Abu Dawud, Ahmad, al-Hakim	وعن جابر - رضي الله عنه: أن رجلا قال يوم الفتح: يا رسول الله! إني نذرت إن فتح الله عليك مكة أن أصلي في بيت المقدس, فقال: «صل ها هنا». فسأله, فقال: «صل ها هنا». 
urn:hadith:0303Nasai.SunanKubra:5922	Ibn Hajar (Bulugh al-maram)	852	classical	hadith	sound	رواه الأربعة, وصححه الحاكم.	0.89	1	urn:openiti:0852IbnHajarCasqalani.BulughMaram.Shamela0009111-ara1:p03658	0:1	1397	al-Hakim, the Four	عن بريدة - رضي الله عنه - قال: قال رسول الله - صلى الله عليه وسلم: «القضاة ثلاثة: اثنان في النار, وواحد في الجنة. رجل عرف الحق, فقضى به, فهو في الجنة. ورجل عرف 
urn:hadith:0275AbuDawudSijistani.Sunan:3571	Ibn Hajar (Bulugh al-maram)	852	classical	hadith	sound	رواه الخمسة   وصححه ابن خزيمة, وابن حبان.	0.86	1	urn:openiti:0852IbnHajarCasqalani.BulughMaram.Shamela0009111-ara1:p03660	0:1	1398	Ibn Khuzayma, Ibn Hibban, the Five	وعن أبي هريرة - رضي الله عنه - قال: قال رسول الله - صلى الله عليه وسلم: «من ولي القضاء فقد ذبح بغير سكين».
urn:hadith:0279Tirmidhi.Sunan:1298	Ibn Hajar (Bulugh al-maram)	852	classical	hadith	sound	رواه أحمد, وأبو داود, والترمذي وحسنه, وقواه ابن المديني, وصححه ابن حبان.	0.9	1	urn:openiti:0852IbnHajarCasqalani.BulughMaram.Shamela0009111-ara1:p03668	0:1	1402	Abu Dawud, al-Tirmidhi, Ahmad, Ibn Hibban	وعن علي - رضي الله عنه - قال: قال رسول الله - صلى الله عليه وسلم: «إذا تقاضى إليك رجلان, فلا تقض للأول, حتى تسمع كلام الآخر, فسوف تدري كيف تقضي». قال   علي: فما
urn:hadith:0241IbnHanbal.Musnad:9023	Ibn Hajar (Bulugh al-maram)	852	classical	hadith	sound	رواه الخمسة, وحسنه الترمذي, وصححه ابن حبان.	0.8	4	urn:openiti:0852IbnHajarCasqalani.BulughMaram.Shamela0009111-ara1:p03689	0:1	1411	al-Tirmidhi, Ibn Hibban, the Five	وعن أبي هريرة - رضي الله عنه - قال: لعن رسول الله - صلى الله عليه وسلم - الراشي والمرتشي في الحكم.
urn:hadith:0241IbnHanbal.Musnad:9031	Ibn Hajar (Bulugh al-maram)	852	classical	hadith	sound	رواه الخمسة, وحسنه الترمذي, وصححه ابن حبان.	0.8	4	urn:openiti:0852IbnHajarCasqalani.BulughMaram.Shamela0009111-ara1:p03689	0:1	1411	al-Tirmidhi, Ibn Hibban, the Five	وعن أبي هريرة - رضي الله عنه - قال: لعن رسول الله - صلى الله عليه وسلم - الراشي والمرتشي في الحكم.
urn:hadith:0279Tirmidhi.Sunan:1303	Ibn Hajar (Bulugh al-maram)	852	classical	hadith	sound	رواه الخمسة, وحسنه الترمذي, وصححه ابن حبان.	0.8	4	urn:openiti:0852IbnHajarCasqalani.BulughMaram.Shamela0009111-ara1:p03689	0:1	1411	al-Tirmidhi, Ibn Hibban, the Five	وعن أبي هريرة - رضي الله عنه - قال: لعن رسول الله - صلى الله عليه وسلم - الراشي والمرتشي في الحكم.
urn:hadith:0739CalaDinIbnBalban.Ihsan:5076	Ibn Hajar (Bulugh al-maram)	852	classical	hadith	sound	رواه الخمسة, وحسنه الترمذي, وصححه ابن حبان.	0.8	4	urn:openiti:0852IbnHajarCasqalani.BulughMaram.Shamela0009111-ara1:p03689	0:1	1411	al-Tirmidhi, Ibn Hibban, the Five	وعن أبي هريرة - رضي الله عنه - قال: لعن رسول الله - صلى الله عليه وسلم - الراشي والمرتشي في الحكم.
urn:hadith:0275AbuDawudSijistani.Sunan:3588	Ibn Hajar (Bulugh al-maram)	852	classical	hadith	sound	رواه أبو داود, وصححه الحاكم.	0.71	1	urn:openiti:0852IbnHajarCasqalani.BulughMaram.Shamela0009111-ara1:p03694	0:1	1413	Abu Dawud, al-Hakim	وعن عبد الله بن الزبير رضي الله عنهما قال: قضى رسول الله - صلى الله عليه وسلم - أن الخصمين يقعدان بين يدي الحاكم.
	Ibn Hajar (Bulugh al-maram)	852	classical	hadith	disputed	أخرجه ابن عدي بإسناد ضعيف, وصححه الحاكم فأخطأ.		0	urn:openiti:0852IbnHajarCasqalani.BulughMaram.Shamela0009111-ara1:p03715	0:1	1420	al-Hakim	وعن ابن عباس رضي الله عنهما: أن النبي - صلى الله عليه وسلم - قال لرجل: «ترى الشمس?» قال: نعم. قال: «على مثلها فاشهد, أو دع».
	Ibn Hajar (Bulugh al-maram)	852	classical	takhrij	in_sahihayn	أخرجه مسلم. وأبو داود. والنسائي وقال: إسناد [ه] جيد.		0	urn:openiti:0852IbnHajarCasqalani.BulughMaram.Shamela0009111-ara1:p03717	0:1	1421	Abu Dawud, al-Nasaʾi	وعن ابن عباس رضي الله عنهما: أن رسول الله - صلى الله عليه وسلم - قضى بيمين وشاهد.
	Ibn Hajar (Bulugh al-maram)	852	classical	takhrij	in_sahihayn	متفق عليه   وللبيهقي بإسناد صحيح		0	urn:openiti:0852IbnHajarCasqalani.BulughMaram.Shamela0009111-ara1:p03724	0:1	1423		عن ابن عباس رضي الله عنهما: أن النبي - صلى الله عليه وسلم - قال: «لو يعطى الناس بدعواهم, لادعى ناس دماء رجال, وأموالهم, ولكن اليمين على المدعى عليه».
urn:hadith:0303Nasai.SunanKubra:5998	Ibn Hajar (Bulugh al-maram)	852	classical	chain	fair	رواه أحمد, وأبو داود, والنسائي وهذا لفظه, وقال: إسناده جيد.	0.79	2	urn:openiti:0852IbnHajarCasqalani.BulughMaram.Shamela0009111-ara1:p03734	0:1	1427	Abu Dawud, al-Nasaʾi, Ahmad	وعن أبى موسى [الأشعري]- رضي الله عنه: أن رجلين اختصما إلى رسول الله - صلى الله عليه وسلم - في دابة, ليس لواحد منهما بينة, فقضى بها رسول الله   بينهما نصفين.
urn:hadith:0303Nasai.SunanSughra:5424	Ibn Hajar (Bulugh al-maram)	852	classical	chain	fair	رواه أحمد, وأبو داود, والنسائي وهذا لفظه, وقال: إسناده جيد.	0.79	2	urn:openiti:0852IbnHajarCasqalani.BulughMaram.Shamela0009111-ara1:p03734	0:1	1427	Abu Dawud, al-Nasaʾi, Ahmad	وعن أبى موسى [الأشعري]- رضي الله عنه: أن رجلين اختصما إلى رسول الله - صلى الله عليه وسلم - في دابة, ليس لواحد منهما بينة, فقضى بها رسول الله   بينهما نصفين.
urn:hadith:0303Nasai.SunanKubra:6018	Ibn Hajar (Bulugh al-maram)	852	classical	hadith	sound	رواه أحمد, وأبو داود, والنسائي, وصححه ابن حبان.	0.82	2	urn:openiti:0852IbnHajarCasqalani.BulughMaram.Shamela0009111-ara1:p03736	0:1	1428	Abu Dawud, al-Nasaʾi, Ahmad, Ibn Hibban	وعن جابر - رضي الله عنه: أن النبي - صلى الله عليه وسلم - قال: «من حلف على منبري هذا بيمين آثمة, تبوأ مقعده من النار».
urn:hadith:0739CalaDinIbnBalban.Ihsan:4368	Ibn Hajar (Bulugh al-maram)	852	classical	hadith	sound	رواه أحمد, وأبو داود, والنسائي, وصححه ابن حبان.	0.82	2	urn:openiti:0852IbnHajarCasqalani.BulughMaram.Shamela0009111-ara1:p03736	0:1	1428	Abu Dawud, al-Nasaʾi, Ahmad, Ibn Hibban	وعن جابر - رضي الله عنه: أن النبي - صلى الله عليه وسلم - قال: «من حلف على منبري هذا بيمين آثمة, تبوأ مقعده من النار».
urn:hadith:0385Daraqutni.Sunan:4272	Ibn Hajar (Bulugh al-maram)	852	classical	chain	weak	رواهما الدارقطني, وفي إسنادهما ضعف.	0.8	1	urn:openiti:0852IbnHajarCasqalani.BulughMaram.Shamela0009111-ara1:p03744	0:1	1431	al-Daraqutni	وعن ابن عمر رضي الله عنهما: أن النبي - صلى الله عليه وسلم - رد اليمين على طالب الحق.
urn:hadith:0739CalaDinIbnBalban.Ihsan:4950	Ibn Hajar (Bulugh al-maram)	852	classical	hadith	sound	رواه الشافعي, وصححه ابن حبان, والحاكم.   وأصله في «الصحيحين» بغير هذا اللفظ.	0.88	1	urn:openiti:0852IbnHajarCasqalani.BulughMaram.Shamela0009111-ara1:p03775	0:1	1444	al-Hakim, Ibn Hibban	وعن ابن عمر رضي الله عنهما قال: قال رسول الله - صلى الله عليه وسلم: «الولاء لحمة كلحمة النسب, لا يباع ولا يوهب».
urn:hadith:0275AbuDawudSijistani.Sunan:3926	Ibn Hajar (Bulugh al-maram)	852	classical	hadith	fair	أخرجه أبو داود بإسناد حسن   وأصله عند أحمد, والثلاثة, وصححه الحاكم.	0.9	1	urn:openiti:0852IbnHajarCasqalani.BulughMaram.Shamela0009111-ara1:p03782	0:1	1446	Abu Dawud	وعن عمرو بن شعيب, عن أبيه, عن جده, عن النبي - صلى الله عليه وسلم: «قال: «المكاتب عبد ما بقي عليه من مكاتبته درهم».
urn:hadith:0273IbnMaja.Sunan:2520	Ibn Hajar (Bulugh al-maram)	852	classical	hadith	sound	رواه الخمسة   وصححه الترمذي.	0.73	1	urn:openiti:0852IbnHajarCasqalani.BulughMaram.Shamela0009111-ara1:p03784	0:1	1447	al-Tirmidhi, the Five	وعن أم سلمة -رضي الله عنها- قالت: قال رسول الله - صلى الله عليه وسلم: «إذا كان لإحداكن مكاتب, وكان عنده ما يؤدي, فلتحتجب منه».
urn:hadith:0405HakimNaysaburi.Mustadrak:2191	Ibn Hajar (Bulugh al-maram)	852	classical	chain	weak	أخرجه ابن ماجه, والحاكم بإسناد ضعيف.	0.56	1	urn:openiti:0852IbnHajarCasqalani.BulughMaram.Shamela0009111-ara1:p03790	0:1	1450	Ibn Maja, al-Hakim	وعن ابن عباس قال: قال رسول الله - صلى الله عليه وسلم: «أيما أمة ولدت من سيدها, فهي حرة بعد موته».
urn:hadith:0241IbnHanbal.Musnad:15987	Ibn Hajar (Bulugh al-maram)	852	classical	hadith	sound	رواه أحمد, وصححه الحاكم.	0.75	3	urn:openiti:0852IbnHajarCasqalani.BulughMaram.Shamela0009111-ara1:p03793	0:1	1451	Ahmad, al-Hakim	وعن سهل بن حنيف - رضي الله عنه - أن رسول الله - صلى الله عليه وسلم - قال: «من أعان مجاهدا في سبيل الله, أو غارما في عسرته, أو مكاتبا في رقبته, أظله الله يوم لا 
urn:hadith:0405HakimNaysaburi.Mustadrak:2448	Ibn Hajar (Bulugh al-maram)	852	classical	hadith	sound	رواه أحمد, وصححه الحاكم.	0.75	3	urn:openiti:0852IbnHajarCasqalani.BulughMaram.Shamela0009111-ara1:p03793	0:1	1451	Ahmad, al-Hakim	وعن سهل بن حنيف - رضي الله عنه - أن رسول الله - صلى الله عليه وسلم - قال: «من أعان مجاهدا في سبيل الله, أو غارما في عسرته, أو مكاتبا في رقبته, أظله الله يوم لا 
urn:hadith:0405HakimNaysaburi.Mustadrak:2860	Ibn Hajar (Bulugh al-maram)	852	classical	hadith	sound	رواه أحمد, وصححه الحاكم.	0.7	3	urn:openiti:0852IbnHajarCasqalani.BulughMaram.Shamela0009111-ara1:p03793	0:1	1451	Ahmad, al-Hakim	وعن سهل بن حنيف - رضي الله عنه - أن رسول الله - صلى الله عليه وسلم - قال: «من أعان مجاهدا في سبيل الله, أو غارما في عسرته, أو مكاتبا في رقبته, أظله الله يوم لا 
	Ibn Hajar (Bulugh al-maram)	852	classical	hadith	sound	أخرجه أبو داود, وصححه ابن حبان.		0	urn:openiti:0852IbnHajarCasqalani.BulughMaram.Shamela0009111-ara1:p03880	0:1	1485	Abu Dawud, Ibn Hibban	
urn:hadith:0279Tirmidhi.Sunan:2481	Ibn Hajar (Bulugh al-maram)	852	classical	chain	sound	رواه الترمذي, وقال: حسن صحيح.	0.67	1	urn:openiti:0852IbnHajarCasqalani.BulughMaram.Shamela0009111-ara1:p03882	0:1	1486	al-Tirmidhi	وعن ابن عباس قال: كنت خلف النبي - صلى الله عليه وسلم - يوما, فقال: «يا غلام! احفظ الله يحفظك, احفظ الله تجده تجاهك, وإذا سألت فاسأل الله, وإذا استعنت فاستعن بال
urn:hadith:0273IbnMaja.Sunan:4102	Ibn Hajar (Bulugh al-maram)	852	classical	chain	fair	رواه ابن ماجه, وسنده حسن.	0.5	1	urn:openiti:0852IbnHajarCasqalani.BulughMaram.Shamela0009111-ara1:p03884	0:1	1487	Ibn Maja	وعن سهل بن سعد قال: جاء رجل إلى النبي - صلى الله عليه وسلم - فقال: يا رسول الله! دلني على عمل إذا عملته أحبني الله, وأحبني الناس. [ف] قال: «ازهد في الدنيا يحبك 
	Ibn Hajar (Bulugh al-maram)	852	classical	hadith	fair	أخرجه الترمذي وحسنه.		0	urn:openiti:0852IbnHajarCasqalani.BulughMaram.Shamela0009111-ara1:p03892	0:1	1490	al-Tirmidhi	وعن المقدام بن معديكرب - رضي الله عنه - قال: قال رسول الله - صلى الله عليه وسلم: «ما ملأ ابن آدم وعاء شرا من بطن».
	Ibn Hajar (Bulugh al-maram)	852	classical	chain	weak	أخرجه البيهقي في «الشعب» بسند ضعيف.		0	urn:openiti:0852IbnHajarCasqalani.BulughMaram.Shamela0009111-ara1:p03896	0:1	1492		وعن أنس - رضي الله عنه - قال: قال رسول الله - صلى الله عليه وسلم: «الصمت حكمة, وقليل فاعله».
urn:hadith:0241IbnHanbal.Musnad:23636	Ibn Hajar (Bulugh al-maram)	852	classical	chain	fair	أخرجه أحمد بسند حسن.	0.88	1	urn:openiti:0852IbnHajarCasqalani.BulughMaram.Shamela0009111-ara1:p03910	0:1	1498	Ahmad	وعن محمود بن لبيد - رضي الله عنه - قال: قال رسول الله - صلى الله عليه وسلم: «إن أخوف ما أخاف عليكم الشرك الأصغر: الرياء».
	Ibn Hajar (Bulugh al-maram)	852	classical	hadith	sound	أخرجه الترمذي, وصححه الحاكم واللفظ له.		0	urn:openiti:0852IbnHajarCasqalani.BulughMaram.Shamela0009111-ara1:p03946	0:1	1511	al-Tirmidhi, al-Hakim	«اللهم جنبني منكرات الأخلاق, والأعمال, والأهواء, والأدواء».
urn:hadith:0279Tirmidhi.Sunan:1961	Ibn Hajar (Bulugh al-maram)	852	classical	chain	weak	أخرجه الترمذي بسند فيه ضعف.	0.67	1	urn:openiti:0852IbnHajarCasqalani.BulughMaram.Shamela0009111-ara1:p03948	0:1	1512	al-Tirmidhi	وعن ابن عباس -رضي الله عنهما- قال: قال رسول الله - صلى الله عليه وسلم: «لا تمار أخاك, ولا تمازحه, ولا تعده موعدا فتخلفه».
	Ibn Hajar (Bulugh al-maram)	852	classical	chain	weak	أخرجه الترمذي, وفي سنده ضعف.		0	urn:openiti:0852IbnHajarCasqalani.BulughMaram.Shamela0009111-ara1:p03952	0:1	1513	al-Tirmidhi	
	Ibn Hajar (Bulugh al-maram)	852	classical	hadith	fair	أخرجه أبو داود والترمذي وحسنه.		0	urn:openiti:0852IbnHajarCasqalani.BulughMaram.Shamela0009111-ara1:p03956	0:1	1515	Abu Dawud, al-Tirmidhi	وعن أبي صرمة - رضي الله عنه - قال: قال رسول الله - صلى الله عليه وسلم: «من ضار مسلما ضاره الله, ومن شاق مسلما شق الله عليه».
	Ibn Hajar (Bulugh al-maram)	852	classical	hadith	sound	أخرجه الترمذي, وصححه.		0	urn:openiti:0852IbnHajarCasqalani.BulughMaram.Shamela0009111-ara1:p03958	0:1	1516	al-Tirmidhi	وعن أبي الدرداء - رضي الله عنه - قال: قال رسول الله - صلى الله عليه وسلم: «إن الله يبغض الفاحش البذيء».
	Ibn Hajar (Bulugh al-maram)	852	classical	chain	weak	أخرجه الترمذي, وفرقه حديثين, وفي إسناده ضعف.		0	urn:openiti:0852IbnHajarCasqalani.BulughMaram.Shamela0009111-ara1:p03974	0:1	1522	al-Tirmidhi	
urn:hadith:0292AbuBakrBazzar.BahrZakhkhar:6237	Ibn Hajar (Bulugh al-maram)	852	classical	chain	fair	أخرجه البزار بإسناد حسن.	0.67	1	urn:openiti:0852IbnHajarCasqalani.BulughMaram.Shamela0009111-ara1:p03980	0:1	1524	al-Bazzar	وعن أنس - رضي الله عنه - قال: قال رسول الله - صلى الله عليه وسلم: «طوبى لمن شغله عيبه عن عيوب الناس».
	Ibn Hajar (Bulugh al-maram)	852	classical	chain	weak	أخرجه أحمد وفي إسناده ضعف.		0	urn:openiti:0852IbnHajarCasqalani.BulughMaram.Shamela0009111-ara1:p03990	0:1	1527	Ahmad	
urn:hadith:0279Tirmidhi.Sunan:2470	Ibn Hajar (Bulugh al-maram)	852	classical	hadith	disputed	أخرجه الترمذي وحسنه, وسنده منقطع.	0.89	1	urn:openiti:0852IbnHajarCasqalani.BulughMaram.Shamela0009111-ara1:p03996	0:1	1529	al-Tirmidhi	وعن معاذ بن جبل - رضي الله عنه - قال: قال رسول الله - صلى الله عليه وسلم: «من عير أخاه بذنب, لم يمت حتى يعمله».
urn:hadith:0303Nasai.SunanKubra:11655	Ibn Hajar (Bulugh al-maram)	852	classical	chain	sound	أخرجه الثلاثة, وإسناده قوي.	0.73	1	urn:openiti:0852IbnHajarCasqalani.BulughMaram.Shamela0009111-ara1:p03998	0:1	1530	the Three	وعن بهز بن حكيم, عن أبيه, عن جده: قال: قال رسول الله - صلى الله عليه وسلم: «ويل للذي يحدث, فيكذب; ليضحك به القوم, ويل له, ثم ويل له».
	Ibn Hajar (Bulugh al-maram)	852	classical	chain	weak	رواه الحارث بن أبي أسامة بسند ضعيف.		0	urn:openiti:0852IbnHajarCasqalani.BulughMaram.Shamela0009111-ara1:p04000	0:1	1531		وعن أنس - رضي الله عنه - عن النبي - صلى الله عليه وسلم - قال: «كفارة من اغتبته أن تستغفر له».
urn:hadith:0279Tirmidhi.Sunan:1969	Ibn Hajar (Bulugh al-maram)	852	classical	hadith	sound	أخرجه أبو داود, والترمذي وصححه.	0.8	1	urn:openiti:0852IbnHajarCasqalani.BulughMaram.Shamela0009111-ara1:p04021	0:1	1537	Abu Dawud, al-Tirmidhi	شيء في الميزان أثقل من حسن الخلق».
urn:hadith:0279Tirmidhi.Sunan:1897	Ibn Hajar (Bulugh al-maram)	852	classical	hadith	fair	أخرجه الترمذي, وحسنه.	0.6	1	urn:openiti:0852IbnHajarCasqalani.BulughMaram.Shamela0009111-ara1:p04037	0:1	1542	al-Tirmidhi	وعن أبي الدرداء - رضي الله عنه - عن النبي - صلى الله عليه وسلم - قال: «من رد عن عرض أخيه بالغيب, رد الله عن وجهه النار يوم القيامة».
	Ibn Hajar (Bulugh al-maram)	852	classical	hadith	sound	أخرجه الترمذي وصححه.		0	urn:openiti:0852IbnHajarCasqalani.BulughMaram.Shamela0009111-ara1:p04046	0:1	1545	al-Tirmidhi	وعن عبد الله بن سلام - رضي الله عنه - قال: قال رسول الله - صلى الله عليه وسلم: «يا أيها الناس! أفشوا السلام, وصلوا الأرحام, وأطعموا الطعام, وصلوا بالليل والناس 
	Ibn Hajar (Bulugh al-maram)	852	classical	hadith	sound	أخرجه الترمذي, وصححه الحاكم.		0	urn:openiti:0852IbnHajarCasqalani.BulughMaram.Shamela0009111-ara1:p04050	0:1	1547	al-Tirmidhi, al-Hakim	وعن أبي هريرة - رضي الله عنه - قال: قال رسول الله - صلى الله عليه وسلم: «أكثر ما يدخل الجنة تقوى الله وحسن الخلق».
urn:hadith:0405HakimNaysaburi.Mustadrak:428	Ibn Hajar (Bulugh al-maram)	852	classical	hadith	sound	أخرجه أبو يعلى, وصححه الحاكم.	0.7	1	urn:openiti:0852IbnHajarCasqalani.BulughMaram.Shamela0009111-ara1:p04052	0:1	1548	al-Hakim, Abu Yaʿla	وعنه قال: قال رسول الله - صلى الله عليه وسلم: «إنكم لا تسعون الناس بأموالكم, ولكن ليسعهم بسط الوجه, وحسن الخلق».
	Ibn Hajar (Bulugh al-maram)	852	classical	chain	fair	أخرجه أبو داود بإسناد حسن.		0	urn:openiti:0852IbnHajarCasqalani.BulughMaram.Shamela0009111-ara1:p04056	0:1	1549	Abu Dawud	
urn:hadith:0273IbnMaja.Sunan:4032	Ibn Hajar (Bulugh al-maram)	852	classical	chain	disputed	أخرجه ابن ماجه بإسناد حسن, وهو عند الترمذي: إلا أنه لم يسم الصحابي.	0.71	1	urn:openiti:0852IbnHajarCasqalani.BulughMaram.Shamela0009111-ara1:p04058	0:1	1550	Ibn Maja	وعن ابن عمر -رضي الله عنهما- قال: قال رسول الله - صلى الله عليه وسلم: «المؤمن الذي يخالط الناس, ويصبر على أذاهم خير من الذي لا يخالط الناس ولا يصبر على أذاهم».
	Ibn Hajar (Bulugh al-maram)	852	classical	hadith	sound	رواه أحمد وصححه ابن حبان.		0	urn:openiti:0852IbnHajarCasqalani.BulughMaram.Shamela0009111-ara1:p04062	0:1	1551	Ahmad, Ibn Hibban	كما أحسنت خلقي, فحسن خلقي».
urn:hadith:0739CalaDinIbnBalban.Ihsan:815	Ibn Hajar (Bulugh al-maram)	852	classical	hadith	sound	أخرجه ابن ماجه, وصححه ابن حبان, وذكره البخاري تعليقا.	0.83	1	urn:openiti:0852IbnHajarCasqalani.BulughMaram.Shamela0009111-ara1:p04065	0:1	1552	Ibn Maja, Ibn Hibban	عن أبي هريرة - رضي الله عنه - قال: قال رسول الله - صلى الله عليه وسلم: «يقول الله -تعالى: أنا مع عبدي ما ذكرني, وتحركت بي شفتاه».
	Ibn Hajar (Bulugh al-maram)	852	classical	chain	fair	أخرجه ابن أبي شيبة, والطبراني بإسناد حسن.		0	urn:openiti:0852IbnHajarCasqalani.BulughMaram.Shamela0009111-ara1:p04067	0:1	1553	al-Tabarani (TK)	وعن معاذ بن جبل - رضي الله عنه - قال: قال رسول الله - صلى الله عليه وسلم: «ما عمل ابن آدم عملا أنجى له من عذاب الله من ذكر الله».
	Ibn Hajar (Bulugh al-maram)	852	classical	hadith	sound	أخرجه النسائي, وصححه ابن حبان, والحاكم.		0	urn:openiti:0852IbnHajarCasqalani.BulughMaram.Shamela0009111-ara1:p04086	0:1	1559	al-Nasaʾi, al-Hakim, Ibn Hibban	
	Ibn Hajar (Bulugh al-maram)	852	classical	hadith	sound	رواه الأربعة, وصححه الترمذي.		0	urn:openiti:0852IbnHajarCasqalani.BulughMaram.Shamela0009111-ara1:p04099	0:1	1562	al-Tirmidhi, the Four	وعن النعمان بن بشير - رضي الله عنهما - عن النبي - صلى الله عليه وسلم - قال: «إن الدعاء هو العبادة».
urn:hadith:0303Nasai.SunanKubra:9897	Ibn Hajar (Bulugh al-maram)	852	classical	hadith	sound	أخرجه النسائي, وغيره, وصححه ابن حبان, وغيره.	0.83	2	urn:openiti:0852IbnHajarCasqalani.BulughMaram.Shamela0009111-ara1:p04105	0:1	1565	al-Nasaʾi, Ibn Hibban	وعن أنس - رضي الله عنه - قال: قال رسول الله - صلى الله عليه وسلم: «الدعاء بين الأذان والإقامة لا يرد».
urn:hadith:0303Nasai.SunanKubra:9899	Ibn Hajar (Bulugh al-maram)	852	classical	hadith	sound	أخرجه النسائي, وغيره, وصححه ابن حبان, وغيره.	0.83	2	urn:openiti:0852IbnHajarCasqalani.BulughMaram.Shamela0009111-ara1:p04105	0:1	1565	al-Nasaʾi, Ibn Hibban	وعن أنس - رضي الله عنه - قال: قال رسول الله - صلى الله عليه وسلم: «الدعاء بين الأذان والإقامة لا يرد».
	Ibn Hajar (Bulugh al-maram)	852	classical	hadith	sound	أخرجه الأربعة إلا النسائي, وصححه الحاكم.		0	urn:openiti:0852IbnHajarCasqalani.BulughMaram.Shamela0009111-ara1:p04107	0:1	1566	al-Nasaʾi, al-Hakim, the Four	وعن سلمان - رضي الله عنه - قال: قال رسول الله - صلى الله عليه وسلم: «إن ربكم حيي كريم, يستحي من عبده إذا رفع إليه يديه أن يردهما صفرا».
urn:hadith:0279Tirmidhi.Sunan:460	Ibn Hajar (Bulugh al-maram)	852	classical	hadith	sound	أخرجه الترمذي وصححه ابن حبان.	0.88	2	urn:openiti:0852IbnHajarCasqalani.BulughMaram.Shamela0009111-ara1:p04115	0:1	1569	al-Tirmidhi, Ibn Hibban	وعن ابن مسعود - رضي الله عنه - قال: قال رسول الله - صلى الله عليه وسلم: «إن أولى الناس بي يوم القيامة, أكثرهم علي صلاة».
urn:hadith:0739CalaDinIbnBalban.Ihsan:911	Ibn Hajar (Bulugh al-maram)	852	classical	hadith	sound	أخرجه الترمذي وصححه ابن حبان.	0.88	2	urn:openiti:0852IbnHajarCasqalani.BulughMaram.Shamela0009111-ara1:p04115	0:1	1569	al-Tirmidhi, Ibn Hibban	وعن ابن مسعود - رضي الله عنه - قال: قال رسول الله - صلى الله عليه وسلم: «إن أولى الناس بي يوم القيامة, أكثرهم علي صلاة».
	Ibn Hajar (Bulugh al-maram)	852	classical	hadith	sound	أخرجه النسائي, وابن ماجه, وصححه الحاكم.		0	urn:openiti:0852IbnHajarCasqalani.BulughMaram.Shamela0009111-ara1:p04125	0:1	1571	al-Nasaʾi, Ibn Maja, al-Hakim	عظمتك أن أغتال من تحتي».
	Ibn Hajar (Bulugh al-maram)	852	classical	hadith	sound	رواه النسائي, وصححه الحاكم.		0	urn:openiti:0852IbnHajarCasqalani.BulughMaram.Shamela0009111-ara1:p04133	0:1	1573	al-Nasaʾi, al-Hakim	
urn:hadith:0273IbnMaja.Sunan:3857	Ibn Hajar (Bulugh al-maram)	852	classical	hadith	sound	أخرجه الأربعة, وصححه ابن حبان.	0.89	2	urn:openiti:0852IbnHajarCasqalani.BulughMaram.Shamela0009111-ara1:p04137	0:1	1574	Ibn Hibban, the Four	ولم يولد, ولم يكن له كفوا أحد». فقال: «لقد سأل الله باسمه الذي إذا سئل به أعطى, وإذا دعي به أجاب».
urn:hadith:0739CalaDinIbnBalban.Ihsan:891	Ibn Hajar (Bulugh al-maram)	852	classical	hadith	sound	أخرجه الأربعة, وصححه ابن حبان.	0.83	2	urn:openiti:0852IbnHajarCasqalani.BulughMaram.Shamela0009111-ara1:p04137	0:1	1574	Ibn Hibban, the Four	ولم يولد, ولم يكن له كفوا أحد». فقال: «لقد سأل الله باسمه الذي إذا سئل به أعطى, وإذا دعي به أجاب».
urn:hadith:0273IbnMaja.Sunan:3846	Ibn Hajar (Bulugh al-maram)	852	classical	hadith	sound	أخرجه ابن ماجه, وصححه ابن حبان, والحاكم.	0.89	1	urn:openiti:0852IbnHajarCasqalani.BulughMaram.Shamela0009111-ara1:p04167	0:1	1581	Ibn Maja, al-Hakim, Ibn Hibban	ير ما سألك عبدك ونبيك, وأعوذ بك من شر ما عاذ به عبدك ونبيك, اللهم إني أسألك الجنة, وما قرب إليها من قول أو عمل, وأعوذ بك من النار, وما قرب منها من قول أو عمل, و
