hadith_id	critic	death_ah	layer	scope	class	verdict	match	candidates	critic_record	loc	entry	sources	quoted
urn:hadith:0279Tirmidhi.Sunan:64	al-Nawawi (Khulasat al-ahkam)	676	classical	hadith	sound	رواه الثلاثة ، وهو صحيح صححه الحفاظ	0.73	1	urn:openiti:0676Nawawi.KhulasatAhkam.JK007107-ara1:p00027	1:65	9	the Three	وعن أبي عبد الرحمن عبد الله بن عمر قال : سمعت رسول الله صلى الله عليه وسلم ، وهو يسأل عن الماء يكون في الفلاة ، وما ينوبه من السباع والدواب ، فقال : ' إذا كان ا
	al-Nawawi (Khulasat al-ahkam)	676	classical	chain	sound	رواه النسائي وابن ماجه بإسناد صحيح .		0	urn:openiti:0676Nawawi.KhulasatAhkam.JK007107-ara1:p00032	1:66	14	al-Nasaʾi, Ibn Maja	وعن أم هانئ ، فاختة رضي الله عنها ، قالت : ' اغتسل رسول الله صلى الله عليه وسلم وميمونة من إناء واحد ، قصعة فيها أثر العجين '
urn:hadith:0303Nasai.SunanKubra:4578	al-Nawawi (Khulasat al-ahkam)	676	classical	hadith	fair	حسن ، رواه مالك ، وأبو داود ، والنسائي وآخرون بأسانيد حسنة	0.71	2	urn:openiti:0676Nawawi.KhulasatAhkam.JK007107-ara1:p00060	1:73	40	Abu Dawud, al-Nasaʾi	وعن عائشة رضي الله عنها : ' أن النبي صلى الله عليه وسلم أمر أن يستمتع بجلود الميتة إذا دبغت ' حديث
urn:hadith:0303Nasai.SunanSughra:4252	al-Nawawi (Khulasat al-ahkam)	676	classical	hadith	fair	حسن ، رواه مالك ، وأبو داود ، والنسائي وآخرون بأسانيد حسنة	0.71	2	urn:openiti:0676Nawawi.KhulasatAhkam.JK007107-ara1:p00060	1:73	40	Abu Dawud, al-Nasaʾi	وعن عائشة رضي الله عنها : ' أن النبي صلى الله عليه وسلم أمر أن يستمتع بجلود الميتة إذا دبغت ' حديث
urn:hadith:0303Nasai.SunanKubra:4574	al-Nawawi (Khulasat al-ahkam)	676	classical	chain	fair	ورواه أبو داود ، والنسائي بإسنادين [ حسنين .	0.53	1	urn:openiti:0676Nawawi.KhulasatAhkam.JK007107-ara1:p00073	1:76	53	Abu Dawud, al-Nasaʾi	وعن ميمونة رضي الله عنها قالت : قال رسول الله صلى الله عليه وسلم في شاة ميتة : ' لو أخذتم إهابها ' ، فقالوا : إنها ميتة . فقال : ' يطهرها الماء والقرظ ' . حديث 
urn:hadith:0275AbuDawudSijistani.Sunan:4129	al-Nawawi (Khulasat al-ahkam)	676	classical	hadith	fair	حسن ، رواه أبو داود بإسناد حسن	1.0	1	urn:openiti:0676Nawawi.KhulasatAhkam.JK007107-ara1:p00076	1:77	55	Abu Dawud	[ عن معاوية رضي الله عنه قال رسول الله صلى الله عليه وسلم : ' لا تركبوا الخز ] ولا النمار ' [
urn:hadith:0275AbuDawudSijistani.Sunan:4130	al-Nawawi (Khulasat al-ahkam)	676	classical	hadith	fair	حسن ، رواه أبو داود بإسناد حسن .	0.86	1	urn:openiti:0676Nawawi.KhulasatAhkam.JK007107-ara1:p00077	1:78	56	Abu Dawud	وعن أبي هريرة عن ] النبي صلى الله عليه وسلم   : ' لا تصحب الملائكة رفقة فيها جلد نمر '
	al-Nawawi (Khulasat al-ahkam)	676	classical	chain	sound	رواه الثلاثة بأسانيد صحيحة .		0	urn:openiti:0676Nawawi.KhulasatAhkam.JK007107-ara1:p00078	1:78	57	the Three	وعن أبي المليح ، عن أبيه ، ' أن رسول الله صلى الله عليه وسلم نهى عن جلود السباع '
urn:hadith:0275AbuDawudSijistani.Sunan:3838	al-Nawawi (Khulasat al-ahkam)	676	classical	hadith	sound	صحيح ، رواه أبو داود .	0.71	1	urn:openiti:0676Nawawi.KhulasatAhkam.JK007107-ara1:p00100	1:82	75	Abu Dawud	وعن جابر رضي الله عنه : ' كنا نغزو مع رسول الله صلى الله عليه وسلم [ فنصيب من آنية ] المشركين وأسقيتهم فنستمتع بها ، ولا يعيب ذلك عليهم ' [
	al-Nawawi (Khulasat al-ahkam)	676	classical	chain	sound	رواه الشافعي والبيهقي بإسناد صحيح .		0	urn:openiti:0676Nawawi.KhulasatAhkam.JK007107-ara1:p00101	1:82	76		وعن أسلم ] ' أن عمر رضي الله عنه توضأ من ماء [ نصرانية في جرة نصرانية ' صحيح ]
urn:hadith:0303Nasai.SunanSughra:5	al-Nawawi (Khulasat al-ahkam)	676	classical	hadith	fair	رواه أبو بكر بن خزيمة في ' صحيحه ' والنسائي ، [ وغيرهما بأسانيد حسنة   ، وذكره ] البخاري في ' صحيحه ' في كتاب الصيام تعليقا .	0.57	1	urn:openiti:0676Nawawi.KhulasatAhkam.JK007107-ara1:p00116	1:84	89	al-Nasaʾi	وعن عائشة عن النبي صلى الله عليه وسلم قال : ' السواك مطهرة للفم ، مرضاة للرب ' . حديث حسن ،
urn:hadith:0275AbuDawudSijistani.Sunan:52	al-Nawawi (Khulasat al-ahkam)	676	classical	chain	fair	رواه أبو داود بإسناد جيد .	0.69	1	urn:openiti:0676Nawawi.KhulasatAhkam.JK007107-ara1:p00124	1:86	97	Abu Dawud	وعن عائشة قالت : ' كان نبي الله صلى الله عليه وسلم يستاك فيعطيني السواك لأغسله ، فأبدأ به فأستاك ثم أغسله فأدفعه إليه '
urn:hadith:0279Tirmidhi.Sunan:694	al-Nawawi (Khulasat al-ahkam)	676	classical	hadith	disputed	رواه أبو داود ، والترمذي وحسنه . لكن مداره على عاصم ابن عبيد الله ، وقد ضعفه الجمهور ، فلعله اعتضد .	0.62	1	urn:openiti:0676Nawawi.KhulasatAhkam.JK007107-ara1:p00125	1:87	98	Abu Dawud, al-Tirmidhi	وعن عامر بن ربيعة رضي الله عنه قال : ' رأيت النبي صلى الله عليه وسلم ما لا أحصي يتسوك وهو صائم ' .
	al-Nawawi (Khulasat al-ahkam)	676	classical	chain	fair	رواه البيهقي بإسناد جيد .		0	urn:openiti:0676Nawawi.KhulasatAhkam.JK007107-ara1:p00157	1:95	126		وعن ثابت عن أنس رضي الله عنه قال : نظر أصحاب رسول الله صلى الله عليه وسلم وضوءا فلم يجدوا ، فقال رسول الله صلى الله عليه وسلم : ' هاهنا ' ، فرأيت النبي صلى الله
urn:hadith:0255CabdAllahDarimi.Sunan:697	al-Nawawi (Khulasat al-ahkam)	676	classical	chain	sound	رواه الدارمي بإسناد صحيح .	0.86	1	urn:openiti:0676Nawawi.KhulasatAhkam.JK007107-ara1:p00183	1:100	152	al-Darimi	وعن ابن عباس : ' أن النبي صلى الله عليه وسلم توضأ ، مرة مرة ، وجمع بين المضمضة والاستنشاق '
	al-Nawawi (Khulasat al-ahkam)	676	classical	chain	sound	رواه أبو داود بإسناد صحيح .		0	urn:openiti:0676Nawawi.KhulasatAhkam.JK007107-ara1:p00225	1:110	187	Abu Dawud	وعن المقدام بن معدي كرب : ' رأيت رسول الله صلى الله عليه وسلم توضأ ومسح أذنيه ظاهرهما ، وباطنهما ، وأدخل أصابعه في صماخي أذنيه '
urn:hadith:0275AbuDawudSijistani.Sunan:662	al-Nawawi (Khulasat al-ahkam)	676	classical	hadith	fair	رواه أبو داود وغيره بأسانيد حسنة .	0.5	1	urn:openiti:0676Nawawi.KhulasatAhkam.JK007107-ara1:p00239	1:114	199	Abu Dawud	وعن النعمان بن بشير ، رضي الله عنهما ، قال : ' أقبل علينا رسول الله صلى الله عليه وسلم بوجهه فقال : ' أقيموا صفوفكم - ثلاثا - والله لتقيمن صفوفكم ، أو ليخالفن ا
urn:hadith:0275AbuDawudSijistani.Sunan:135	al-Nawawi (Khulasat al-ahkam)	676	classical	chain	sound	رواه أبو داود بلفظه بإسناد صحيح ، والنسائي وآخرون .	0.93	1	urn:openiti:0676Nawawi.KhulasatAhkam.JK007107-ara1:p00251	1:116	209	Abu Dawud	وعن عمرو بن شعيب ، عن أبيه ، عن جده : ' أن رجلا أتى النبي صلى الله عليه وسلم فقال : يا رسول الله كيف الطهور ؟ فدعا بماء في إناء فغسل كفيه ، ثلاثا ، ثم غسل وجهه 
	al-Nawawi (Khulasat al-ahkam)	676	classical	chain	fair	رواه أبو داود والنسائي بإسناد حسن .		0	urn:openiti:0676Nawawi.KhulasatAhkam.JK007107-ara1:p00259	1:118	215	Abu Dawud, al-Nasaʾi	وعن أم عمارة الأنصارية رضي الله عنها : ' أن النبي صلى الله عليه وسلم توضأ بإناء فيه قدر ثلثي مد '
urn:hadith:0279Tirmidhi.Sunan:71	al-Nawawi (Khulasat al-ahkam)	676	classical	chain	sound	رواه الترمذي وغيره ، بأسانيد صحيحة .	0.86	1	urn:openiti:0676Nawawi.KhulasatAhkam.JK007107-ara1:p00316	1:131	258	al-Tirmidhi	وعن أبي هريرة رضي الله عنه : أن رسول الله صلى الله عليه وسلم قال : ' لا وضوء إلا من صوت أو ريح '
	al-Nawawi (Khulasat al-ahkam)	676	classical	hadith	fair	رواه أبو داود وغيره ، بأسانيد حسنة .		0	urn:openiti:0676Nawawi.KhulasatAhkam.JK007107-ara1:p00320	1:132	262	Abu Dawud	وعن علي رضي الله عنه أن رسول الله صلى الله عليه وسلم قال : ' العينان وكاء   السه ، فمن نام فليتوضأ '
	al-Nawawi (Khulasat al-ahkam)	676	classical	chain	sound	رواه مالك في ' الموطأ ' والثلاثة بأسانيد صحيحة .		0	urn:openiti:0676Nawawi.KhulasatAhkam.JK007107-ara1:p00324	1:133	266	the Three	وعن بسرة بنت صفوان رضي الله عنها ، أن رسول الله صلى الله عليه وسلم قال : ' من مس ذكره فليتوضأ '
	al-Nawawi (Khulasat al-ahkam)	676	classical	hadith	sound	صحيح ، رواه مالك وغيره .		0	urn:openiti:0676Nawawi.KhulasatAhkam.JK007107-ara1:p00330	1:134	272		وعن ابن عمر أنه كان يقول : ' قبلة الرجل امرأته وجسه بيده من الملامسة ، فمن قبل امرأته أو جسها بيده ، فعليه الوضوء '
urn:hadith:0275AbuDawudSijistani.Sunan:192	al-Nawawi (Khulasat al-ahkam)	676	classical	chain	sound	رواه أبو داود ، والنسائي ، وغيرهما بأسانيد صحيحة .	0.89	1	urn:openiti:0676Nawawi.KhulasatAhkam.JK007107-ara1:p00361	1:144	301	Abu Dawud, al-Nasaʾi	وعن جابر : ' كان آخر الأمرين من رسول الله صلى الله عليه وسلم ترك الوضوء مما غيرت النار '
urn:hadith:0275AbuDawudSijistani.Sunan:35	al-Nawawi (Khulasat al-ahkam)	676	classical	hadith	fair	حسن ، رواه أبو داود وغيره .	0.9	1	urn:openiti:0676Nawawi.KhulasatAhkam.JK007107-ara1:p00373	1:147	312	Abu Dawud	وعن أبي هريرة رضي الله عنه ، عن النبي صلى الله عليه وسلم قال : ' من اكتحل فليوتر ، من فعل فقد أحسن ، ومن لا ، فلا حرج ، ومن استجمر فليوتر ، ومن فعل فقد أحسن ، و
	al-Nawawi (Khulasat al-ahkam)	676	classical	chain	sound	رواه أبو داود بإسناد صحيح .		0	urn:openiti:0676Nawawi.KhulasatAhkam.JK007107-ara1:p00381	1:149	320	Abu Dawud	وفي رواية زيد بن أرقم : ' إن هذه الحشوش محتضرة '
urn:hadith:0275AbuDawudSijistani.Sunan:8	al-Nawawi (Khulasat al-ahkam)	676	classical	chain	sound	رواه أبو داود ، والنسائي وغيرهما بأسانيد صحيحة .	0.8	1	urn:openiti:0676Nawawi.KhulasatAhkam.JK007107-ara1:p00395	1:152	332	Abu Dawud, al-Nasaʾi	وعن أبي هريرة رضي الله عنه عن رسول الله صلى الله عليه وسلم قال : ' إنما أنا لكم بمنزلة الوالد أعلمكم ، فإذا أتى أحدكم الغائط فلا يستقبل القبلة ولا يستدبرها ، ول
urn:hadith:0241IbnHanbal.Musnad:25511	al-Nawawi (Khulasat al-ahkam)	676	classical	chain	fair	رواه أحمد وابن ماجة ، وإسناده جيد .	0.64	1	urn:openiti:0676Nawawi.KhulasatAhkam.JK007107-ara1:p00399	1:153	336	Ibn Maja, Ahmad	وعن عائشة رضي الله عنها : ' أن رسول الله صلى الله عليه وسلم   لما بلغ قول الناس في ذلك ، أمر بمقعدته فاستقبل بها القبلة '
urn:hadith:0275AbuDawudSijistani.Sunan:10	al-Nawawi (Khulasat al-ahkam)	676	classical	chain	fair	رواه أبو داود بإسناد حسن .	0.57	1	urn:openiti:0676Nawawi.KhulasatAhkam.JK007107-ara1:p00401	1:154	338	Abu Dawud	وعن معقل بن أبي معقل رضي الله عنه قال : ' نهى رسول الله   صلى الله عليه وسلم أن نستقبل القبلتين ببول أو غائط '
	al-Nawawi (Khulasat al-ahkam)	676	classical	hadith	fair	حسن ، رواه أبو داود وغيره . البراز ، بفتح الباء ، وكسرها .		0	urn:openiti:0676Nawawi.KhulasatAhkam.JK007107-ara1:p00404	1:154	340	Abu Dawud	وعن معاذ رضي الله عنه قال رسول الله صلى الله عليه وسلم : ' اتقوا الملاعن الثلاثة : البراز في الموارد ، وقارعة الطريق ، والظل '
urn:hadith:0303Nasai.SunanKubra:240	al-Nawawi (Khulasat al-ahkam)	676	classical	hadith	fair	حسن ، رواه أبو داود ، والنسائي .	0.94	2	urn:openiti:0676Nawawi.KhulasatAhkam.JK007107-ara1:p00405	1:155	341	Abu Dawud, al-Nasaʾi	وعن حميد بن عبد الرحمن ، لقيت رجلا صحب النبي صلى الله عليه وسلم كما صحبه أبو هريرة قال : ' نهى رسول الله صلى الله عليه وسلم أن يمتشط أحدنا كل يوم ، أو يبول في م
urn:hadith:0275AbuDawudSijistani.Sunan:28	al-Nawawi (Khulasat al-ahkam)	676	classical	hadith	fair	حسن ، رواه أبو داود ، والنسائي .	0.88	2	urn:openiti:0676Nawawi.KhulasatAhkam.JK007107-ara1:p00405	1:155	341	Abu Dawud, al-Nasaʾi	وعن حميد بن عبد الرحمن ، لقيت رجلا صحب النبي صلى الله عليه وسلم كما صحبه أبو هريرة قال : ' نهى رسول الله صلى الله عليه وسلم أن يمتشط أحدنا كل يوم ، أو يبول في م
urn:hadith:0275AbuDawudSijistani.Sunan:27	al-Nawawi (Khulasat al-ahkam)	676	classical	hadith	fair	حسن ، رواه الثلاثة .	0.85	1	urn:openiti:0676Nawawi.KhulasatAhkam.JK007107-ara1:p00406	1:155	342	the Three	وعن عبد الله بن مغفل ، رضي الله عنه ، قال رسول الله صلى الله عليه وسلم : ' لا يبولن أحدكم في مستحمه ، ثم يغتسل فيه ، فإن عامة الوسواس منه '
urn:hadith:0275AbuDawudSijistani.Sunan:29	al-Nawawi (Khulasat al-ahkam)	676	classical	hadith	sound	صحيح ، رواه أبو داود ، والنسائي وغيرهما بأسانيد صحيحة .	0.79	1	urn:openiti:0676Nawawi.KhulasatAhkam.JK007107-ara1:p00408	1:156	344	Abu Dawud, al-Nasaʾi	وعن قتادة ، عن عبد الله بن سرجس ، رضي الله عنه : ' أن رسول الله صلى الله عليه وسلم نهى أن يبال في الجحر ' قيل لقتادة : ما يكره من البول في الجحر ؟ قال : كان يقا
urn:hadith:0303Nasai.SunanKubra:34	al-Nawawi (Khulasat al-ahkam)	676	classical	hadith	fair	حسن ، رواه أبو داود والنسائي .	0.92	2	urn:openiti:0676Nawawi.KhulasatAhkam.JK007107-ara1:p00411	1:156	347	Abu Dawud, al-Nasaʾi	وعن أميمة بنت رقيقة : ' كان للنبي صلى الله عليه وسلم قدح من عيدان ، يبول فيه ، ويضعه تحت السرير '
urn:hadith:0303Nasai.SunanSughra:32	al-Nawawi (Khulasat al-ahkam)	676	classical	hadith	fair	حسن ، رواه أبو داود والنسائي .	0.92	2	urn:openiti:0676Nawawi.KhulasatAhkam.JK007107-ara1:p00411	1:156	347	Abu Dawud, al-Nasaʾi	وعن أميمة بنت رقيقة : ' كان للنبي صلى الله عليه وسلم قدح من عيدان ، يبول فيه ، ويضعه تحت السرير '
urn:hadith:0275AbuDawudSijistani.Sunan:22	al-Nawawi (Khulasat al-ahkam)	676	classical	hadith	sound	صحيح ، رواه أبو داود ، والنسائي ، وابن ماجة .	0.86	1	urn:openiti:0676Nawawi.KhulasatAhkam.JK007107-ara1:p00416	1:157	352	Abu Dawud, al-Nasaʾi, Ibn Maja	وعن عبد الرحمن بن حسنة قال : انطلقت أنا وعمرو بن العاصي إلى النبي صلى الله عليه وسلم فخرج ومعه درقة ثم استتر بها ، ثم بال ، فقلنا : انظروا إليه يبول كما تبول ال
	al-Nawawi (Khulasat al-ahkam)	676	classical	hadith	fair	حسن ، رواه الترمذي ، والنسائي وآخرون .		0	urn:openiti:0676Nawawi.KhulasatAhkam.JK007107-ara1:p00417	1:158	353	al-Tirmidhi, al-Nasaʾi	وعن عائشة : ' ما كان النبي صلى الله عليه وسلم يبول إلا قاعدا '
urn:hadith:0275AbuDawudSijistani.Sunan:15	al-Nawawi (Khulasat al-ahkam)	676	classical	hadith	fair	حسن ، رواه أبو داود ، وابن ماجة ، والحاكم .	0.57	1	urn:openiti:0676Nawawi.KhulasatAhkam.JK007107-ara1:p00420	1:159	356	Abu Dawud, Ibn Maja, al-Hakim	وعن أبي سعيد الخدري رضي الله عنه ، سمعت رسول الله صلى الله عليه وسلم يقول : ' لا يخرج الرجلان يضربان الغائط كاشفين عن عورتهما ، يتحدثان ، فإن الله يمقت على ذلك 
urn:hadith:0241IbnHanbal.Musnad:25012	al-Nawawi (Khulasat al-ahkam)	676	classical	hadith	fair	حسن ، رواه أحمد ، وأبو داود ، والنسائي وغيرهم .	0.57	3	urn:openiti:0676Nawawi.KhulasatAhkam.JK007107-ara1:p00430	1:161	364	Abu Dawud, al-Nasaʾi, Ahmad	وعن عائشة أن رسول الله صلى الله عليه وسلم قال : ' إذا ذهب أحدكم إلى الغائط فليذهب معه بثلاثة أحجار ، ويستطيب   بهن ، وإنها تجزئ عنه ' حديث
urn:hadith:0275AbuDawudSijistani.Sunan:40	al-Nawawi (Khulasat al-ahkam)	676	classical	hadith	fair	حسن ، رواه أحمد ، وأبو داود ، والنسائي وغيرهم .	0.57	3	urn:openiti:0676Nawawi.KhulasatAhkam.JK007107-ara1:p00430	1:161	364	Abu Dawud, al-Nasaʾi, Ahmad	وعن عائشة أن رسول الله صلى الله عليه وسلم قال : ' إذا ذهب أحدكم إلى الغائط فليذهب معه بثلاثة أحجار ، ويستطيب   بهن ، وإنها تجزئ عنه ' حديث
urn:hadith:0303Nasai.SunanSughra:44	al-Nawawi (Khulasat al-ahkam)	676	classical	hadith	fair	حسن ، رواه أحمد ، وأبو داود ، والنسائي وغيرهم .	0.57	3	urn:openiti:0676Nawawi.KhulasatAhkam.JK007107-ara1:p00430	1:161	364	Abu Dawud, al-Nasaʾi, Ahmad	وعن عائشة أن رسول الله صلى الله عليه وسلم قال : ' إذا ذهب أحدكم إلى الغائط فليذهب معه بثلاثة أحجار ، ويستطيب   بهن ، وإنها تجزئ عنه ' حديث
	al-Nawawi (Khulasat al-ahkam)	676	classical	chain	fair	رواه البيهقي بإسناد جيد ، وله شواهد ولم يثبت في طهور أهل قباء غير ما ذكرناه .		0	urn:openiti:0676Nawawi.KhulasatAhkam.JK007107-ara1:p00438	1:164	372		وعن أبي أيوب ، وجابر ، وأنس رضي الله عنهم ، قالوا نزلت هذه الآية فيه رجال يحبون أن يتطهروا والله يحب المطهرين فقال رسول الله صلى الله عليه وسلم : ' يا معشر الأن
	al-Nawawi (Khulasat al-ahkam)	676	classical	hadith	weak_by_section	[فصل في ضعيفه] رواه البيهقي .		0	urn:openiti:0676Nawawi.KhulasatAhkam.JK007107-ara1:p00451	1:167	383		وحديث أنس رفعه : ' الاستنجاء بثلاثة أحجار ، وبالتراب ، إذا لم يجد حجرا ، ولا يستنجى بما استنجى به مرة '
urn:hadith:0275AbuDawudSijistani.Sunan:33	al-Nawawi (Khulasat al-ahkam)	676	classical	hadith	sound	صحيح ، رواه أبو داود   .	0.92	1	urn:openiti:0676Nawawi.KhulasatAhkam.JK007107-ara1:p00455	1:168	386	Abu Dawud	وعن عائشة : ' كانت يد رسول الله صلى الله عليه وسلم اليمنى لطهوره ، وطعامه ، وكانت يده اليسرى لخلائه ، وما كان من أذى '
	al-Nawawi (Khulasat al-ahkam)	676	classical	hadith	fair	حسن ، رواه الدارقطني والبيهقي ،		0	urn:openiti:0676Nawawi.KhulasatAhkam.JK007107-ara1:p00458	1:169	389	al-Daraqutni	وعن أبي العباس ، سهل بن سعد الساعدي ، رضي الله عنه : سئل رسول الله صلى الله عليه وسلم عن الاستطابة ، فقال : ' أو لا يجد أحدكم ثلاثة أحجار ، حجرين للصفحتين ، وحج
urn:hadith:0275AbuDawudSijistani.Sunan:45	al-Nawawi (Khulasat al-ahkam)	676	classical	hadith	fair	حسن ، رواه أبو داود .	0.86	1	urn:openiti:0676Nawawi.KhulasatAhkam.JK007107-ara1:p00463	1:170	394	Abu Dawud	وعن أبي هريرة رضي الله عنه : ' كان النبي صلى الله عليه وسلم إذا أتى الخلاء أتيته بماء في تور ، أو ركوة ، فاستنجى ، ثم مسح يده على الأرض ، ثم أتيته بإناء آخر ، ف
	al-Nawawi (Khulasat al-ahkam)	676	classical	hadith	fair	حسن ، رواه عبد بن حميد .		0	urn:openiti:0676Nawawi.KhulasatAhkam.JK007107-ara1:p00476	1:174	403		وعن ابن عباس عن النبي صلى الله عليه وسلم قال : ' تنزهوا من البول ، فإن عامة عذاب القبر منه ' حديث
urn:hadith:0275AbuDawudSijistani.Sunan:3842	al-Nawawi (Khulasat al-ahkam)	676	classical	hadith	fair	حسن ، رواه أبو داود .	0.53	1	urn:openiti:0676Nawawi.KhulasatAhkam.JK007107-ara1:p00507	1:182	430	Abu Dawud	وعن أبي هريرة سئل النبي صلى الله عليه وسلم عن الفأرة تكون في السمن ، قال : ' إن كان جامدا فألقوها وما حولها ، وإن كان مائعا فلا تقربوه '
	al-Nawawi (Khulasat al-ahkam)	676	classical	chain	sound	رواه الشافعي بإسناد صحيح .		0	urn:openiti:0676Nawawi.KhulasatAhkam.JK007107-ara1:p00528	1:188	448		وعنها ، عن النبي صلى الله عليه وسلم : ' إذا التقى الختان وجب الغسل '
urn:hadith:0275AbuDawudSijistani.Sunan:4012	al-Nawawi (Khulasat al-ahkam)	676	classical	hadith	sound	صحيح ، رواه أبو داود ، والنسائي بإسناد صحيح .	0.76	1	urn:openiti:0676Nawawi.KhulasatAhkam.JK007107-ara1:p00603	1:204	514	Abu Dawud, al-Nasaʾi	وعن يعلى بن أمية : أن رسول الله صلى الله عليه وسلم رأى رجلا يغتسل بالبراز ، فصعد المنبر فحمد الله ، وأثنى عليه ، ثم قال : ' إن الله عز وجل حيي ستير ، يحب الحياء
	al-Nawawi (Khulasat al-ahkam)	676	classical	hadith	sound	صحيح ، رواه مالك .		0	urn:openiti:0676Nawawi.KhulasatAhkam.JK007107-ara1:p00612	1:205	520		وعن نافع : ' أن ابن عمر توضأ في السوق فغسل وجهه ، ويديه ، ومسح برأسه ، ثم دعي إلى جنازة فدخل المسجد ، ثم مسح على خفيه بعد ما جف وضؤوه وصلى '
urn:hadith:0275AbuDawudSijistani.Sunan:336	al-Nawawi (Khulasat al-ahkam)	676	classical	hadith	weak	[فصل في ضعيفه] رواه أبو داود ، والبيهقي وضعفه .	0.85	1	urn:openiti:0676Nawawi.KhulasatAhkam.JK007107-ara1:p00681	1:223	580	Abu Dawud	وحديث جابر قال : خرجنا في سفر فأصاب رجلا منا حجر فشجه في رأسه ، ثم احتلم فسأل أصحابه : هل تجدون لي رخصة في التيمم ؟ قالوا : ما نجد لك رخصة وأنت تقدر على الماء ،
urn:hadith:0275AbuDawudSijistani.Sunan:212	al-Nawawi (Khulasat al-ahkam)	676	classical	chain	fair	رواه أبو داود بإسناد جيد .	0.53	1	urn:openiti:0676Nawawi.KhulasatAhkam.JK007107-ara1:p00706	1:228	601	Abu Dawud	وعن حرام ، بالراء ، بن حكيم ، عن عمه عبد الله بن سعد ، قال : ' سألت رسول الله صلى الله عليه وسلم ، ما يحل لي من امرأتي وهي حائض ؟ قال : ' لك ما فوق الإزار '
	al-Nawawi (Khulasat al-ahkam)	676	classical	chain	fair	ورواه البيهقي أيضا من رواية عمر بإسناد جيد . فهو حسن .		0	urn:openiti:0676Nawawi.KhulasatAhkam.JK007107-ara1:p00707	1:228	602		
urn:hadith:0275AbuDawudSijistani.Sunan:286	al-Nawawi (Khulasat al-ahkam)	676	classical	chain	sound	رواه أبو داود والنسائي بأسانيد صحيحة .	0.75	1	urn:openiti:0676Nawawi.KhulasatAhkam.JK007107-ara1:p00716	1:232	609	Abu Dawud, al-Nasaʾi	فاطمة بنت أبي حبيش : أنها كانت تستحاض فقال لها النبي صلى الله عليه وسلم : ' إذا كان دم الحيضة فإنه دم أسود يعرف ، فإذا كان ذلك فأمسكي عن الصلاة ، وإذا كان الآخر
urn:hadith:0275AbuDawudSijistani.Sunan:274	al-Nawawi (Khulasat al-ahkam)	676	classical	hadith	sound	صحيح ، رواه مالك ، والشافعي ، وأحمد ، وأبو داود ، والنسائي بأسانيد على شرط البخاري ومسلم .	0.87	1	urn:openiti:0676Nawawi.KhulasatAhkam.JK007107-ara1:p00743	1:238	634	Abu Dawud, al-Nasaʾi, Ahmad	وعن أم سلمة : أن امرأة كانت تهراق الدماء على عهد رسول الله صلى الله عليه وسلم ، فاستفتت لها أم سلمة رسول الله صلى الله عليه وسلم فقال : ' لتنظر عدة الليالي والأ
urn:hadith:0275AbuDawudSijistani.Sunan:310	al-Nawawi (Khulasat al-ahkam)	676	classical	chain	fair	رواه أبو داود بإسناد حسن . وزوجها طلحة بن عبيد الله ، أحد العشرة ، رضي الله عنهم   .	0.88	1	urn:openiti:0676Nawawi.KhulasatAhkam.JK007107-ara1:p00747	1:239	638	Abu Dawud	وعن حمنة بنت جحش : ' أنها كانت مستحاضة ، وكان زوجها يجامعها '
urn:hadith:0279Tirmidhi.Sunan:2587	al-Nawawi (Khulasat al-ahkam)	676	classical	chain	sound	رواه الترمذي في كتاب ' الإيمان ' بإسناد صحيح .	0.67	1	urn:openiti:0676Nawawi.KhulasatAhkam.JK007107-ara1:p00777	1:245	660	al-Tirmidhi	وعن عبد الله بن شقيق ، الصحابي الجليل ، قال : ' كان أصحاب محمد صلى الله عليه وسلم لا يرون شيئا من الأعمال تركه كفر غير الصلاة '
urn:hadith:0275AbuDawudSijistani.Sunan:425	al-Nawawi (Khulasat al-ahkam)	676	classical	chain	sound	رواه مالك في ' الموطأ ' وأبو داود ، والنسائي ، وابن ماجه ، وأحد إسنادي أبي داود على شرط الصحيحين .	0.78	1	urn:openiti:0676Nawawi.KhulasatAhkam.JK007107-ara1:p00778	1:245	661	Abu Dawud, al-Nasaʾi, Ibn Maja	وعن عبادة بن الصامت رضي الله عنه قال : سمعت رسول الله صلى الله عليه وسلم يقول : ' خمس صلوات افترضهن الله من أحسن وضوءهن وصلاهن لوقتهن   وأتم ركوعهن وخشوعهن ، كا
	al-Nawawi (Khulasat al-ahkam)	676	classical	chain	weak	[فصل في ضعيفه] رواه أبو داود بسند ضعيف من رواية أبي هريرة .		0	urn:openiti:0676Nawawi.KhulasatAhkam.JK007107-ara1:p00783	1:247	665	Abu Dawud	منه حديث : ' نهيت عن قتل المصلين '
	al-Nawawi (Khulasat al-ahkam)	676	classical	chain	sound	رواه أبو داود ، والنسائي بإسناد صحيح .		0	urn:openiti:0676Nawawi.KhulasatAhkam.JK007107-ara1:p00801	1:250	679	Abu Dawud, al-Nasaʾi	وعن علي رضي الله عنه ، عن النبي صلى الله عليه وسلم قال : ' رفع القلم عن ثلاثة : عن الصبي حتى يبلغ ، وعن المجنون حتى يفيق ، وعن النائم حتى يستيقظ '
	al-Nawawi (Khulasat al-ahkam)	676	classical	hadith	sound	صحيح ، رواه مالك .		0	urn:openiti:0676Nawawi.KhulasatAhkam.JK007107-ara1:p00804	1:251	682		وعن نافع ، ' أن ابن عمر أغمي عليه ، فذهب عقله ، فلم يقض الصلاة '
	al-Nawawi (Khulasat al-ahkam)	676	classical	hadith	weak_by_section	[فصل في ضعيفه] رواه البيهقي مرفوعا من رواية عائشة .		0	urn:openiti:0676Nawawi.KhulasatAhkam.JK007107-ara1:p00806	1:251	683		منه حديث : ' ليس في الإغماء قضاء إلا أن يغمى عليه في صلاته ، فيفيق في وقتها فيصليها '
urn:hadith:0275AbuDawudSijistani.Sunan:495	al-Nawawi (Khulasat al-ahkam)	676	classical	chain	fair	رواه أبو داود بإسناد حسن .	0.95	1	urn:openiti:0676Nawawi.KhulasatAhkam.JK007107-ara1:p00811	1:252	687	Abu Dawud	وعن عمرو بن شعيب ، عن أبيه ، عن جده قال : قال رسول الله صلى الله عليه وسلم : ' مروا أولادكم بالصلاة ، وهم أبناء سبع سنين ، واضربوهم عليها وهم أبناء عشر ، وفرقوا
urn:hadith:0275AbuDawudSijistani.Sunan:419	al-Nawawi (Khulasat al-ahkam)	676	classical	chain	sound	رواه أبو داود ، والترمذي بإسناد صحيح .	1.0	1	urn:openiti:0676Nawawi.KhulasatAhkam.JK007107-ara1:p00847	1:259	718	Abu Dawud, al-Tirmidhi	عن النعمان بن بشير ، قال : أنا أعلم الناس بوقت هذه الصلاة ، صلاة العشاء الآخرة ، ' كان رسول الله صلى الله عليه وسلم يصليها   لسقوط القمر لثالثة ' .
urn:hadith:0275AbuDawudSijistani.Sunan:1278	al-Nawawi (Khulasat al-ahkam)	676	classical	chain	fair	رواه أبو داود ، والترمذي بإسناد جيد ، والمراد بالسجدتين ركعتا سنة الفجر .	0.78	1	urn:openiti:0676Nawawi.KhulasatAhkam.JK007107-ara1:p00903	1:270	765	Abu Dawud, al-Tirmidhi	وعن ابن عمر ، قال النبي صلى الله عليه وسلم : ' ليبلغ شاهدكم غائبكم ، لا تصلوا بعد الفجر إلا سجدتين '
urn:hadith:0279Tirmidhi.Sunan:837	al-Nawawi (Khulasat al-ahkam)	676	classical	hadith	sound	صحيح ، رواه الثلاثة .	0.83	2	urn:openiti:0676Nawawi.KhulasatAhkam.JK007107-ara1:p00911	1:272	772	the Three	وعن جبير بن مطعم رضي الله عنه ، قال رسول الله صلى الله عليه وسلم :   ' يا بني عبد مناف ، لا تمنعوا أحدا طاف بهذا البيت ، وصلى أية ساعة شاء من الليل والنهار '
urn:hadith:0303Nasai.SunanSughra:585	al-Nawawi (Khulasat al-ahkam)	676	classical	hadith	sound	صحيح ، رواه الثلاثة .	0.83	2	urn:openiti:0676Nawawi.KhulasatAhkam.JK007107-ara1:p00911	1:272	772	the Three	وعن جبير بن مطعم رضي الله عنه ، قال رسول الله صلى الله عليه وسلم :   ' يا بني عبد مناف ، لا تمنعوا أحدا طاف بهذا البيت ، وصلى أية ساعة شاء من الليل والنهار '
urn:hadith:0275AbuDawudSijistani.Sunan:499	al-Nawawi (Khulasat al-ahkam)	676	classical	chain	sound	رواه أبو داود ، والترمذي ، وآخرون بأسانيد صحيحة .	0.87	1	urn:openiti:0676Nawawi.KhulasatAhkam.JK007107-ara1:p00920	1:275	777	Abu Dawud, al-Tirmidhi	عن عبد الله بن زيد بن عبد ربه الأنصاري رضي الله عنه قال : لما أمر رسول الله صلى الله عليه وسلم بالناقوس يعمل ليضرب به للناس لجمع الصلاة ، طاف بي وأنا نائم رجل ي
	al-Nawawi (Khulasat al-ahkam)	676	classical	chain	sound	رواه أبو داود ، والنسائي بإسناد صحيح . وفي فضله أحاديث كثيرة ستأتي إن شاء الله تعالى في أبوابها .		0	urn:openiti:0676Nawawi.KhulasatAhkam.JK007107-ara1:p00927	1:277	784	Abu Dawud, al-Nasaʾi	وعن أبي الدرداء سمعت رسول الله صلى الله عليه وسلم   يقول : ' ما من ثلاثة في قرية لا يؤذن ولا تقام فيهم الصلاة إلا استحوذ عليهم الشيطان ، فعليك بالجماعة ، فإن ال
urn:hadith:0275AbuDawudSijistani.Sunan:510	al-Nawawi (Khulasat al-ahkam)	676	classical	chain	sound	رواه أبو داود ، والنسائي بإسناد صحيح ، أو حسن .	0.94	2	urn:openiti:0676Nawawi.KhulasatAhkam.JK007107-ara1:p00946	1:282	799	Abu Dawud, al-Nasaʾi	وعن ابن عمر قال :   ' إنما كان الأذان على عهد رسول الله صلى الله عليه وسلم مرتين مرتين ، والإقامة مرة مرة ، غير أنه يقول : قد قامت الصلاة ، قد قامت الصلاة '
urn:hadith:0303Nasai.SunanKubra:1632	al-Nawawi (Khulasat al-ahkam)	676	classical	chain	sound	رواه أبو داود ، والنسائي بإسناد صحيح ، أو حسن .	0.94	2	urn:openiti:0676Nawawi.KhulasatAhkam.JK007107-ara1:p00946	1:282	799	Abu Dawud, al-Nasaʾi	وعن ابن عمر قال :   ' إنما كان الأذان على عهد رسول الله صلى الله عليه وسلم مرتين مرتين ، والإقامة مرة مرة ، غير أنه يقول : قد قامت الصلاة ، قد قامت الصلاة '
	al-Nawawi (Khulasat al-ahkam)	676	classical	chain	sound	ورواه أبو داود ، والنسائي : ' والتكبير في أوله أربع ' وإسناده صحيح .		0	urn:openiti:0676Nawawi.KhulasatAhkam.JK007107-ara1:p00951	1:283	804	Abu Dawud, al-Nasaʾi	
urn:hadith:0275AbuDawudSijistani.Sunan:500	al-Nawawi (Khulasat al-ahkam)	676	classical	hadith	fair	رواه أبو داود ، والنسائي ، وهو حديث حسن .	0.6	1	urn:openiti:0676Nawawi.KhulasatAhkam.JK007107-ara1:p00959	1:285	810	Abu Dawud, al-Nasaʾi	وعن أبي محذورة في حديثه السابق ، أن النبي صلى الله عليه وسلم قال : ' فإن كان في صلاة الصبح قلت : الصلاة خير من النوم ، الصلاة خير من النوم ، الله أكبر ، الله أك
urn:hadith:0273IbnMaja.Sunan:716	al-Nawawi (Khulasat al-ahkam)	676	classical	chain	weak	[فصل في ضعيفه] رواه ابن ماجة ، وهو منقطع ، لم يسمع ابن المسيب بلالا   .	0.78	1	urn:openiti:0676Nawawi.KhulasatAhkam.JK007107-ara1:p00966	1:287	816	Ibn Maja	وحديث ابن المسيب ، عن بلال : ' أنه أتى النبي صلى الله عليه وسلم يؤذنه بصلاة الفجر ، فقيل : هو نائم ، فقال : الصلاة خير من النوم ، مرتين ، فأقرت في تأذين الفجر ،
urn:hadith:0279Tirmidhi.Sunan:390	al-Nawawi (Khulasat al-ahkam)	676	classical	chain	fair	رواه الترمذي بإسناد جيد .	0.78	1	urn:openiti:0676Nawawi.KhulasatAhkam.JK007107-ara1:p00974	1:288	823	al-Tirmidhi	وعن يعلى بن مرة : ' أنهم كانوا مع رسول الله صلى الله عليه وسلم في مسير فانتهوا إلى مضيق وحضرت الصلاة فمطروا ، السماء من فوقهم ، والبلة من أسفل منهم ، فأذن رسول 
urn:hadith:0279Tirmidhi.Sunan:171	al-Nawawi (Khulasat al-ahkam)	676	classical	chain	weak	[فصل في ضعيفه] رواه الترمذي والنسائي . وهو منقطع لأن أبا عبيدة لم يدرك أباه .   .	0.9	1	urn:openiti:0676Nawawi.KhulasatAhkam.JK007107-ara1:p01027	1:300	864	al-Tirmidhi, al-Nasaʾi	عن أبي عبيدة بن بن مسعود عن أبيه ' أن المشركين شغلوا رسول الله صلى الله عليه وسلم عن أربع صلوات يوم الخندق ، حتى ذهب من الليل ما شاء الله ، فأمر بلالا فأذن ثم أ
urn:hadith:0273IbnMaja.Sunan:738	al-Nawawi (Khulasat al-ahkam)	676	classical	chain	sound	رواه ابن ماجه بإسناد صحيح . وفي الباب عن :	0.67	1	urn:openiti:0676Nawawi.KhulasatAhkam.JK007107-ara1:p01040	1:303	873	Ibn Maja	وعن جابر رضي الله عنه ، أن رسول الله صلى الله عليه وسلم قال : ' من بنى مسجدا كمفحص قطاة ، أو أصغر بنى الله له بيتا في الجنة '
urn:hadith:0275AbuDawudSijistani.Sunan:448	al-Nawawi (Khulasat al-ahkam)	676	classical	chain	sound	رواه أبو داود بإسناد صحيح على شرط مسلم	1.0	1	urn:openiti:0676Nawawi.KhulasatAhkam.JK007107-ara1:p01046	1:304	878	Abu Dawud	ابن عباس ، قال رسول الله صلى الله عليه وسلم : ' ما أمرت بتشييد المساجد ' قال ابن عباس : ' لتزخرفنها كما زخرفت اليهود والنصارى '
urn:hadith:0275AbuDawudSijistani.Sunan:449	al-Nawawi (Khulasat al-ahkam)	676	classical	chain	sound	رواه أبو داود والنسائي بإسناده . صحيح .	0.88	1	urn:openiti:0676Nawawi.KhulasatAhkam.JK007107-ara1:p01047	1:305	879	Abu Dawud, al-Nasaʾi	وعن أنس أن النبي صلى الله عليه وسلم قال : ' لا تقوم الساعة حتى يتباهى الناس في المساجد '
urn:hadith:0275AbuDawudSijistani.Sunan:457	al-Nawawi (Khulasat al-ahkam)	676	classical	chain	fair	رواه أبو داود وابن ماجه بإسناد حسن .	0.85	1	urn:openiti:0676Nawawi.KhulasatAhkam.JK007107-ara1:p01053	1:306	883	Abu Dawud, Ibn Maja	وعن ميمونة ، مولاة النبي صلى الله عليه وسلم ، قلت : يا رسول الله ، أفتنا في بيت المقدس . فقال : ' ائتوه فصلوا فيه ، - وكانت البلاد إذ ذاك حربا - فإن لم تأتوه وت
urn:hadith:0275AbuDawudSijistani.Sunan:461	al-Nawawi (Khulasat al-ahkam)	676	classical	hadith	weak	[فصل في ضعيفه] رواه أبو داود والترمذي بإسناد فيه ضعف ، ولم يضعفه أبو داود ، وضعفه الترمذي .	0.79	2	urn:openiti:0676Nawawi.KhulasatAhkam.JK007107-ara1:p01055	1:306	884	Abu Dawud, al-Tirmidhi	منه ، حديث أنس رفعه : ' عرضت علي أجور أمتي حتى القذاة يخرجها الرجل من المسجد ، وعرضت علي ذنوب أمتي فلم أر ذنبا أعظم من سورة من القرآن أوتيها رجل ثم نسيها '
urn:hadith:0279Tirmidhi.Sunan:2882	al-Nawawi (Khulasat al-ahkam)	676	classical	hadith	weak	[فصل في ضعيفه] رواه أبو داود والترمذي بإسناد فيه ضعف ، ولم يضعفه أبو داود ، وضعفه الترمذي .	0.79	2	urn:openiti:0676Nawawi.KhulasatAhkam.JK007107-ara1:p01055	1:306	884	Abu Dawud, al-Tirmidhi	منه ، حديث أنس رفعه : ' عرضت علي أجور أمتي حتى القذاة يخرجها الرجل من المسجد ، وعرضت علي ذنوب أمتي فلم أر ذنبا أعظم من سورة من القرآن أوتيها رجل ثم نسيها '
	al-Nawawi (Khulasat al-ahkam)	676	classical	hadith	weak_by_section	[فصل في ضعيفه] رواه ابن ماجه من رواية ابن عمر مرفوعا قال : ' خصال لا تنبغي في المسجد : لا تتخذ طرقا ، ولا يشهر فيه سلاح ، ولا ينبض فيه بقوس ، ولا ينشر فيه نبل ، ولا يمر فيه بلحم نيء ، ولا يضرب فيه حد ، ولا يقتص فيه من أحد ولا يتخذ سوقا ' .		0	urn:openiti:0676Nawawi.KhulasatAhkam.JK007107-ara1:p01068	1:309	895	Ibn Maja	منه ، حديث
	al-Nawawi (Khulasat al-ahkam)	676	classical	hadith	weak_by_section	[فصل في ضعيفه] رواه أيضا من رواية واثلة مرفوعا : ' جنبوا مساجدنا صبيانكم ومجانينكم ، وشراءكم وبيعكم ، وخصوماتكم ، ورفع أصواتكم ، وإقامة حدودكم وسل سيوفكم ، واتخذوا على أبوابها المطاهر ، وجمروها في الجمع '   .		0	urn:openiti:0676Nawawi.KhulasatAhkam.JK007107-ara1:p01069	1:309	896		وحديث
	al-Nawawi (Khulasat al-ahkam)	676	classical	hadith	weak_by_section	[فصل في ضعيفه] متفق عليه .		0	urn:openiti:0676Nawawi.KhulasatAhkam.JK007107-ara1:p01070	1:310	897		وعن ابن عباس : ' أن رسول الله صلى الله عليه وسلم طاف في حجة الوداع على بعير يستلم الركن بمحجن '
	al-Nawawi (Khulasat al-ahkam)	676	classical	hadith	weak_by_section	[فصل في ضعيفه] متفق عليه .		0	urn:openiti:0676Nawawi.KhulasatAhkam.JK007107-ara1:p01071	1:310	898		وعن عباد بن تميم عن عبد الله بن زيد : ' أنه رأى النبي صلى الله عليه وسلم مستلقيا في المسجد واضعا إحدى رجليه على الأخرى '
	al-Nawawi (Khulasat al-ahkam)	676	classical	hadith	weak_by_section	[فصل في ضعيفه] متفق عليه .		0	urn:openiti:0676Nawawi.KhulasatAhkam.JK007107-ara1:p01072	1:310	899		وعن أبي واقد الليثي قال : بينما رسول الله صلى الله عليه وسلم في المسجد أقبل ثلاثة نفر فأقبل اثنان إلى رسول الله صلى الله عليه وسلم وذهب واحد ، فأما أحدهما فرأى 
urn:hadith:0275AbuDawudSijistani.Sunan:558	al-Nawawi (Khulasat al-ahkam)	676	classical	chain	fair	رواه أبو داود بإسناد حسن أو صحيح .	0.97	1	urn:openiti:0676Nawawi.KhulasatAhkam.JK007107-ara1:p01086	1:313	912	Abu Dawud	وعن [ أبي ] أمامة رضي الله عنه ، أن رسول الله صلى الله عليه وسلم قال : ' من خرج من بيته متطهرا إلى صلاة مكتوبة فأجره كأجر الحاج المحرم ، ومن خرج إلى تسبيح الضحى
urn:hadith:0275AbuDawudSijistani.Sunan:465	al-Nawawi (Khulasat al-ahkam)	676	classical	chain	sound	رواه أبو داود ، وآخرون هكذا بأسانيد صحيحة .	0.73	1	urn:openiti:0676Nawawi.KhulasatAhkam.JK007107-ara1:p01089	1:314	914	Abu Dawud	عن أبي حميد أو أبي أسيد رضي الله عنهما قال ، قال رسول الله صلى الله عليه وسلم : ' إذا دخل أحدكم المسجد فليسلم على النبي صلى الله عليه وسلم ثم ليقل اللهم   : افت
	al-Nawawi (Khulasat al-ahkam)	676	classical	hadith	fair	حسن ، رواه أبو داود بإسناد جيد .		0	urn:openiti:0676Nawawi.KhulasatAhkam.JK007107-ara1:p01091	1:314	916	Abu Dawud	وعن ابن عمرو بن العاص رضي الله عنهما ، عن النبي صلى الله عليه وسلم أنه كان إذا دخل المسجد قال : ' أعوذ بالله العظيم وبوجهه الكريم ، وسلطانه القديم من الشيطان ال
	al-Nawawi (Khulasat al-ahkam)	676	classical	hadith	fair	حسن ، رواه البيهقي هكذا بإسناد حسن .		0	urn:openiti:0676Nawawi.KhulasatAhkam.JK007107-ara1:p01099	1:317	922		وعن عبد الله بن مغفل المزني ، رضي الله عنه أن رسول الله صلى الله عليه وسلم قال : ' صلوا في مرابض الغنم ، ولا تصلوا في أعطان الإبل ، فإنها خلقت من الشياطين ' حدي
urn:hadith:0275AbuDawudSijistani.Sunan:650	al-Nawawi (Khulasat al-ahkam)	676	classical	chain	sound	رواه أبو داود بإسناد صحيح ، والحاكم .	0.85	1	urn:openiti:0676Nawawi.KhulasatAhkam.JK007107-ara1:p01105	1:319	928	Abu Dawud	وعن أبي سعيد الخدري رضي الله عنه قال : بينما رسول الله صلى الله عليه وسلم يصلي بأصحابه إذ خلع نعليه فوضعهما عن يساره فلما رأى القوم ذلك ألقوا نعالهم ، فلما قضى 
	al-Nawawi (Khulasat al-ahkam)	676	classical	chain	fabricated	متفق عليه . الضمير في جدته لإسحاق على الصحيح ، وهي أم أنس وجدة إسحاق ، وقيل جدة أنس ، وهو باطل ، وهي أم سليم صرح به في :		0	urn:openiti:0676Nawawi.KhulasatAhkam.JK007107-ara1:p01110	1:319	933		وعن إسحاق بن عبد الله بن أبي طلحة ، عن أنس أن جدته مليكة دعت رسول الله صلى الله عليه وسلم   لطعام صنعته له فأكل منه ، ثم قال : ' قوموا فلأصلي لكم ' فقمت إلى حصي
urn:hadith:0275AbuDawudSijistani.Sunan:632	al-Nawawi (Khulasat al-ahkam)	676	classical	chain	fair	رواه أبو داود ، والنسائي بإسناد حسن ، والحاكم ،	0.54	1	urn:openiti:0676Nawawi.KhulasatAhkam.JK007107-ara1:p01148	1:327	967	Abu Dawud, al-Nasaʾi	وعن سلمة بن الأكوع رضي الله عنه ، قلت : يا رسول الله ، إني أصيد ، أفأصلي في الثوب الواحد ؟ قال : ' نعم ، وازرره ولو بشوكة '
	al-Nawawi (Khulasat al-ahkam)	676	classical	chain	sound	رواه أبو داود وغيره بإسناد صحيح .		0	urn:openiti:0676Nawawi.KhulasatAhkam.JK007107-ara1:p01152	1:328	971	Abu Dawud	وعنه ، قال : قال رسول الله صلى الله عليه وسلم ، أو قال عمر : ' إذا كان لأحدكم ثوبان فليصل فيهما ، فإن لم يكن إلا ثوب فليتزر به ، ولا يشتمل اشتمال اليهود '
urn:hadith:0275AbuDawudSijistani.Sunan:640	al-Nawawi (Khulasat al-ahkam)	676	classical	chain	fair	رواه أبو داود بإسناد جيد . لكن قال : ' وقفه أكثر الرواة على أم سلمة ' .	0.94	1	urn:openiti:0676Nawawi.KhulasatAhkam.JK007107-ara1:p01153	1:328	972	Abu Dawud	وعن أم سلمة رضي الله عنها ، أنها سألت النبي صلى الله عليه وسلم أتصلي المرأة في درع وخمار ليس عليها إزار ؟ قال : ' إذا كان الدرع سابغا يغطي ظهور قدميها '
urn:hadith:0275AbuDawudSijistani.Sunan:635	al-Nawawi (Khulasat al-ahkam)	676	classical	chain	sound	رواه أبو داود بإسناد صحيح .	0.84	1	urn:openiti:0676Nawawi.KhulasatAhkam.JK007107-ara1:p01161	1:330	979	Abu Dawud	وعن ابن عمر قال رسول الله صلى الله عليه وسلم ، أو قال عمر : ' إذا كان لأحدكم ثوبان فليصل فيهما ، فإن لم يكن إلا ثوب فليتزر به ، ولا يشتمل اشتمال اليهود '
	al-Nawawi (Khulasat al-ahkam)	676	classical	chain	fair	رواه أبو داود بإسناد حسن .		0	urn:openiti:0676Nawawi.KhulasatAhkam.JK007107-ara1:p01164	1:331	982	Abu Dawud	وعن كريب : أن ابن عباس رأى عبد الله بن الحارث يصلي ورأسه معقوص من ورائه ، فقام وراءه فجعل يحله ، وأقر له الآخر ، فلما انصرف أقبل إلى ابن عباس ، فقال : ما لك ورأ
	al-Nawawi (Khulasat al-ahkam)	676	classical	chain	weak	رواه مالك في ' الموطأ ' عن نافع . ورفعه بعضهم ، ورفعه ضعيف .		0	urn:openiti:0676Nawawi.KhulasatAhkam.JK007107-ara1:p01217	1:340	1026		وعن نافع ، أن ابن عمر كان يقول : ' إذا لم يستطع المريض السجود ، أومأ برأسه ، ولا يرفع إلى جبهته شيئا ' صحيح ،
	al-Nawawi (Khulasat al-ahkam)	676	classical	chain	sound	ورواه أبو داود بإسناد على شرط مسلم كرواية الترمذي ، وزاد بعد تكبيرة الإحرام ' ثم يقرأ ، وقال : ثم يركع ويضع راحتيه على ركبتيه ، وقال : ثم إذا قام من الركعتين كبر ورفع يديه حتى يحاذي بهما منكبيه ' .		0	urn:openiti:0676Nawawi.KhulasatAhkam.JK007107-ara1:p01240	1:346	1045	Abu Dawud	
	al-Nawawi (Khulasat al-ahkam)	676	classical	hadith	fair	حسن ، رواه أبو داود ، والترمذي ، وآخرون .		0	urn:openiti:0676Nawawi.KhulasatAhkam.JK007107-ara1:p01246	1:348	1051	Abu Dawud, al-Tirmidhi	وعنه ، عن النبي صلى الله عليه وسلم قال : ' مفتاح الصلاة الطهور ، وتحريمها التكبير ، وتحليلها التسليم ' حديث
urn:hadith:0275AbuDawudSijistani.Sunan:738	al-Nawawi (Khulasat al-ahkam)	676	classical	chain	sound	رواه أبو داود بإسناد صحيح ، فيه رجل فيه أدنى كلام ، ووثقه الأكثرون ، واحتج به البخاري في ' صحيحه ' . وقوله : رفع للسجود ، يعني رفع رأسه من الركوع ، كما صرح به البخاري في الأحاديث السابقة .	0.96	1	urn:openiti:0676Nawawi.KhulasatAhkam.JK007107-ara1:p01265	1:352	1069	Abu Dawud	وعن أبي هريرة رضي الله عنه : ' كان رسول الله صلى الله عليه وسلم إذا كبر للصلاة جعل يديه حذو منكبيه ، وإذا ركع فعل مثل ذلك ، وإذا رفع للسجود فعل مثل ذلك ، وإذا ق
	al-Nawawi (Khulasat al-ahkam)	676	classical	chain	sound	رواه أبو داود بإسناد صحيح .		0	urn:openiti:0676Nawawi.KhulasatAhkam.JK007107-ara1:p01287	1:356	1089	Abu Dawud	وعنه : ' قام رسول الله صلى الله عليه وسلم يصلي فاستقبل القبلة فكبر فرفع يديه حتى حاذى أذنيه ، ثم وضع يده اليمنى على ظهر كفه اليسرى ، والرصغ   ، والساعد '
urn:hadith:0275AbuDawudSijistani.Sunan:755	al-Nawawi (Khulasat al-ahkam)	676	classical	chain	sound	رواه أبو داود بإسناد صحيح على شرط مسلم   .	0.92	1	urn:openiti:0676Nawawi.KhulasatAhkam.JK007107-ara1:p01288	1:357	1090	Abu Dawud	وعن ابن مسعود رضي الله عنه : ' أنه كان يصلي فوضع يده اليسرى على اليمنى ، فرآه النبي صلى الله عليه وسلم فوضع يده اليمنى على اليسرى '
urn:hadith:0275AbuDawudSijistani.Sunan:754	al-Nawawi (Khulasat al-ahkam)	676	classical	chain	fair	رواه أبو داود بإسناد حسن .	0.88	1	urn:openiti:0676Nawawi.KhulasatAhkam.JK007107-ara1:p01289	1:357	1091	Abu Dawud	وعن ابن الزبير ، رضي الله عنهما قال : ' صف القدمين ووضع اليد على اليد من السنة '
urn:hadith:0279Tirmidhi.Sunan:231	al-Nawawi (Khulasat al-ahkam)	676	classical	hadith	weak_by_section	[فصل في ضعيفه] رواه الثلاثة .	0.76	1	urn:openiti:0676Nawawi.KhulasatAhkam.JK007107-ara1:p01304	1:361	1103	the Three	وحديث أبي سعيد مثله ، وزاد ثم يقول : ' الله أكبر كبيرا ، ثم يقول : أعوذ بالله السميع العليم من الشيطان الرجيم من همزه ، ونفخه ونفثه '
urn:hadith:0739CalaDinIbnBalban.Ihsan:1789	al-Nawawi (Khulasat al-ahkam)	676	classical	chain	sound	رواه ابن خزيمة ، وأبو حاتم ابن حبان في ' صحيحيهما ' بإسناد صحيح .	0.78	2	urn:openiti:0676Nawawi.KhulasatAhkam.JK007107-ara1:p01317	1:363	1114	Ibn Khuzayma, Ibn Hibban	وعن أبي هريرة ، عن النبي صلى الله عليه وسلم : ' لا تجزيء صلاة لا يقرأ فيها بفاتحة الكتاب ' صحيح ،
urn:hadith:0739CalaDinIbnBalban.Ihsan:1794	al-Nawawi (Khulasat al-ahkam)	676	classical	chain	sound	رواه ابن خزيمة ، وأبو حاتم ابن حبان في ' صحيحيهما ' بإسناد صحيح .	0.78	2	urn:openiti:0676Nawawi.KhulasatAhkam.JK007107-ara1:p01317	1:363	1114	Ibn Khuzayma, Ibn Hibban	وعن أبي هريرة ، عن النبي صلى الله عليه وسلم : ' لا تجزيء صلاة لا يقرأ فيها بفاتحة الكتاب ' صحيح ،
	al-Nawawi (Khulasat al-ahkam)	676	classical	chain	sound	ورواه ابن حبان في ' صحيحه ' ، والدارقطني وقال : ' هو صحيح ' .		0	urn:openiti:0676Nawawi.KhulasatAhkam.JK007107-ara1:p01354	1:370	1143	al-Daraqutni, Ibn Hibban	
	al-Nawawi (Khulasat al-ahkam)	676	classical	hadith	sound	رواه البيهقي : ' هو حديث صحيح ' . قوله : هذا ، بتشديد الذال ، وتنوينها ، أي يهذ ، هذا . والهذ : شدة الإسراع .		0	urn:openiti:0676Nawawi.KhulasatAhkam.JK007107-ara1:p01380	1:375	1167		
urn:hadith:0275AbuDawudSijistani.Sunan:826	al-Nawawi (Khulasat al-ahkam)	676	classical	hadith	weak_by_section	[فصل في ضعيفه] رواه الثلاثة .	0.52	1	urn:openiti:0676Nawawi.KhulasatAhkam.JK007107-ara1:p01390	1:378	1176	the Three	وحديث : الزهري ، عن ابن أكيمة ، عن أبي هريرة : انصرف النبي صلى الله عليه وسلم من صلاة جهر بها يقرأ فيها ، فقال : ' هل قرأ معي أحد ؟ ' قال رجل : نعم . قال : ' إن
	al-Nawawi (Khulasat al-ahkam)	676	classical	hadith	weak_by_section	[فصل في ضعيفه] متفق عليه عند الحفاظ المتقدمين والمتأخرين منهم : الأوزاعي ، ومحمد بن يحيى الذهلي ، والبخاري ، وأبو داود ، والخطابي ، والبيهقي ، وغيرهم .		0	urn:openiti:0676Nawawi.KhulasatAhkam.JK007107-ara1:p01392	1:378	1178	Abu Dawud	وعلى أن قوله : ' فانتهى الناس عن القراءة ' إلى آخره ليست من الحديث ، بل هي من كلام الزهري مدرجة فيه ، هذا
	al-Nawawi (Khulasat al-ahkam)	676	classical	chain	sound	رواه الشافعي بإسناد صحيح ، أو حسن .		0	urn:openiti:0676Nawawi.KhulasatAhkam.JK007107-ara1:p01408	1:381	1193		وعن عطاء : ' كنت أسمع الأئمة ، ابن الزبير ومن بعده ، يقولون : آمين ، ومن خلفهم : آمين ، حتى إن للمسجد للجة '
urn:hadith:0303Nasai.SunanSughra:924	al-Nawawi (Khulasat al-ahkam)	676	classical	hadith	weak_by_section	[فصل في ضعيفه] رواه أبو داود ، والنسائي .	0.58	2	urn:openiti:0676Nawawi.KhulasatAhkam.JK007107-ara1:p01416	1:383	1198	Abu Dawud, al-Nasaʾi	منه حديث   ابن أبي أوفى رفعه ، في الذي جاء فقال : علمني ، لا أستطيع أن آخذ شيئا من القرآن ، فعلمني ما يجزئني منه ؟ فقال : ' قل : سبحان الله ، والحمد لله ، ولا إ
urn:hadith:0303Nasai.SunanKubra:996	al-Nawawi (Khulasat al-ahkam)	676	classical	hadith	weak_by_section	[فصل في ضعيفه] رواه أبو داود ، والنسائي .	0.55	2	urn:openiti:0676Nawawi.KhulasatAhkam.JK007107-ara1:p01416	1:383	1198	Abu Dawud, al-Nasaʾi	منه حديث   ابن أبي أوفى رفعه ، في الذي جاء فقال : علمني ، لا أستطيع أن آخذ شيئا من القرآن ، فعلمني ما يجزئني منه ؟ فقال : ' قل : سبحان الله ، والحمد لله ، ولا إ
urn:hadith:0273IbnMaja.Sunan:830	al-Nawawi (Khulasat al-ahkam)	676	classical	chain	fair	رواه النسائي ، وابن ماجه بإسناد حسن .	0.77	1	urn:openiti:0676Nawawi.KhulasatAhkam.JK007107-ara1:p01427	1:385	1208	al-Nasaʾi, Ibn Maja	وعن البراء رضي الله عنه : ' كان رسول الله صلى الله عليه وسلم يصلي بنا الظهر ، فنسمع منه الآية بعد الآيات من سورة ( لقمان ) و ( الذاريات ) '
urn:hadith:0303Nasai.SunanSughra:991	al-Nawawi (Khulasat al-ahkam)	676	classical	chain	fair	رواه النسائي بإسناد حسن .	0.89	1	urn:openiti:0676Nawawi.KhulasatAhkam.JK007107-ara1:p01434	1:386	1214	al-Nasaʾi	وعن عائشة رضي الله عنها : ' أن رسول الله صلى الله عليه وسلم قرأ في صلاة المغرب بسورة ( الأعراف ) ، فرقها في ركعتين '
urn:hadith:0303Nasai.SunanKubra:1054	al-Nawawi (Khulasat al-ahkam)	676	classical	chain	fair	رواه النسائي بإسناد حسن .	0.92	2	urn:openiti:0676Nawawi.KhulasatAhkam.JK007107-ara1:p01435	1:386	1215	al-Nasaʾi	وعن سليمان بن يسار ، عن أبي هريرة قال : ' ما صليت وراء أحد أشبه صلاة برسول الله صلى الله عليه وسلم من فلان . قال سليمان : كان يطيل الركعتين الأوليين من الظهر ، 
urn:hadith:0303Nasai.SunanSughra:982	al-Nawawi (Khulasat al-ahkam)	676	classical	chain	fair	رواه النسائي بإسناد حسن .	0.92	2	urn:openiti:0676Nawawi.KhulasatAhkam.JK007107-ara1:p01435	1:386	1215	al-Nasaʾi	وعن سليمان بن يسار ، عن أبي هريرة قال : ' ما صليت وراء أحد أشبه صلاة برسول الله صلى الله عليه وسلم من فلان . قال سليمان : كان يطيل الركعتين الأوليين من الظهر ، 
urn:hadith:0275AbuDawudSijistani.Sunan:816	al-Nawawi (Khulasat al-ahkam)	676	classical	chain	sound	رواه أبو داود بإسناد صحيح .	0.95	1	urn:openiti:0676Nawawi.KhulasatAhkam.JK007107-ara1:p01448	1:389	1226	Abu Dawud	وعن معاذ بن عبد الله الجهني رضي الله عنه : ' أن رجلا من جهينة أخبره أنه سمع النبي صلى الله عليه وسلم يقرأ في الصبح ^ ( إذا زلزلت الأرض ) ^ في الركعتين كلتيهما ،
	al-Nawawi (Khulasat al-ahkam)	676	classical	hadith	sound	رواه الترمذي ، وصححه ، وذكره البخاري في ' صحيحه ' تعليقا .		0	urn:openiti:0676Nawawi.KhulasatAhkam.JK007107-ara1:p01456	1:390	1233	al-Tirmidhi	وصح عن أنس : أن رجلا من الأنصار كان يؤمهم في مسجد قباء ، فكان كلما افتتح سورة يقرأ بها لهم في الصلاة افتتح ب قل هو الله أحد حتى يفرغ لهم منها ، ثم يقرأ سورة أخر
urn:hadith:0275AbuDawudSijistani.Sunan:1329	al-Nawawi (Khulasat al-ahkam)	676	classical	chain	sound	رواه أبو داود بإسناد صحيح .	0.9	1	urn:openiti:0676Nawawi.KhulasatAhkam.JK007107-ara1:p01460	1:391	1235	Abu Dawud	وعن أبي قتادة : أن النبي صلى الله عليه وسلم خرج ليلة فإذا هو بأبي بكر رضي الله عنه يصلي يخفض من صوته ، ومر بعمر بن الخطاب رضي الله عنه ، وهو يصلي رافعا صوته ، ف
	al-Nawawi (Khulasat al-ahkam)	676	classical	chain	sound	ورواه أبو داود أيضا بإسناد صحيح من رواية أبي هريرة بهذه القصة ، ولم يذكر قوله : فقال لأبي بكر وعمر . وزاد : ' وقد   سمعتك يا بلال تقرأ من هذه السورة ، ومن هذه السورة ' قال : كلام طيب ، جمعه الله بعضه إلى بعض فقال النبي صلى الله عليه وسلم : ' كلكم قد أصاب ' .		0	urn:openiti:0676Nawawi.KhulasatAhkam.JK007107-ara1:p01461	1:392	1236	Abu Dawud	
urn:hadith:0275AbuDawudSijistani.Sunan:1328	al-Nawawi (Khulasat al-ahkam)	676	classical	chain	fair	رواه أبو داود بإسناد حسن .	0.86	1	urn:openiti:0676Nawawi.KhulasatAhkam.JK007107-ara1:p01462	1:392	1237	Abu Dawud	وعن أبي هريرة قال : ' كانت قراءة النبي صلى الله عليه وسلم بالليل يرفع طورا ، ويخفض طورا '
urn:hadith:0303Nasai.SunanKubra:1373	al-Nawawi (Khulasat al-ahkam)	676	classical	chain	sound	رواه النسائي بإسناد صحيح .	0.79	1	urn:openiti:0676Nawawi.KhulasatAhkam.JK007107-ara1:p01465	1:393	1240	al-Nasaʾi	وعن عبد الله بن أبي قيس ، قال : ' سألت عائشة كيف كانت قراءة النبي صلى الله عليه وسلم بالليل ، أيجهر أم يسر ؟ قالت : كل ذلك قد كان يفعله ، ربما جهر وربما أسر '
	al-Nawawi (Khulasat al-ahkam)	676	classical	chain	sound	ورواه أبو داود ، والنسائي ، وابن ماجة بإسناد صحيح من رواية غضيف بن الحارث ، عن عائشة مثله .		0	urn:openiti:0676Nawawi.KhulasatAhkam.JK007107-ara1:p01466	1:393	1241	Abu Dawud, al-Nasaʾi, Ibn Maja	
urn:hadith:0275AbuDawudSijistani.Sunan:1332	al-Nawawi (Khulasat al-ahkam)	676	classical	chain	sound	رواه أبو داود بإسناد صحيح .	0.96	1	urn:openiti:0676Nawawi.KhulasatAhkam.JK007107-ara1:p01467	1:393	1242	Abu Dawud	وعن أبي سعيد رضي الله عنه قال : اعتكف رسول الله صلى الله عليه وسلم في المسجد ، فسمعهم يجهرون بالقراءة ، فكشف الستر ، وقال : ' ألا إن كلكم مناج ربه ، فلا يؤذين ب
urn:hadith:0275AbuDawudSijistani.Sunan:873	al-Nawawi (Khulasat al-ahkam)	676	classical	chain	sound	رواه أبو داود بإسناد صحيح .	0.86	1	urn:openiti:0676Nawawi.KhulasatAhkam.JK007107-ara1:p01481	1:395	1254	Abu Dawud	وعن عوف بن مالك رضي الله عنه قال : ' قمت مع رسول الله صلى الله عليه وسلم ليلة فقام فقرأ بسورة البقرة ، لا يمر بآية رحمة إلا وقف فسأل ، ولا يمر بآية عذاب إلا وقف
urn:hadith:0275AbuDawudSijistani.Sunan:869	al-Nawawi (Khulasat al-ahkam)	676	classical	chain	fair	رواه أبو داود ، وابن ماجة بإسناد حسن .	0.95	1	urn:openiti:0676Nawawi.KhulasatAhkam.JK007107-ara1:p01482	1:396	1255	Abu Dawud, Ibn Maja	وعن عقبة بن عامر رضي الله عنه قال : لما نزلت فسبح باسم ربك العظيم قال رسول الله صلى الله عليه وسلم ' اجعلوها في ركوعكم ' ، فلما نزلت سبح اسم ربك الأعلى قال : ' 
urn:hadith:0275AbuDawudSijistani.Sunan:840	al-Nawawi (Khulasat al-ahkam)	676	classical	chain	fair	رواه أبو داود ، والنسائي بإسناد جيد ، ولم يضعفه أبو داود .	0.92	1	urn:openiti:0676Nawawi.KhulasatAhkam.JK007107-ara1:p01517	1:403	1284	Abu Dawud, al-Nasaʾi	وعن أبي هريرة : قال رسول الله صلى الله عليه وسلم : ' إذا سجد أحدكم فلا   يبرك كما يبرك البعير ، وليضع يديه قبل ركبتيه '
urn:hadith:0311IbnKhuzaymaNaysaburi.Sahih:628	al-Nawawi (Khulasat al-ahkam)	676	classical	hadith	weak	رواه ابن خزيمة في ' صحيحه ' ، وادعى أنه ناسخ لتقديم اليدين ، وكذا اعتمده أصحابنا ، ولا حجة فيه لأنه ضعيف ظاهر الضعف ، بين البيهقي وغيره ضعفه ، وهو من رواية يحيى بن سلمة ، وهو ضعيف باتفاقهم .	0.7	1	urn:openiti:0676Nawawi.KhulasatAhkam.JK007107-ara1:p01518	1:403	1285	Ibn Khuzayma	وعن سعد بن أبي وقاص رضي الله عنه : ' كنا نضع اليدين قبل الركبتين ، فأمرنا بالركبتين قبل اليدين '
	al-Nawawi (Khulasat al-ahkam)	676	classical	chain	sound	رواه أبو داود ، والبيهقي بإسنادين صحيحين .		0	urn:openiti:0676Nawawi.KhulasatAhkam.JK007107-ara1:p01531	1:406	1296	Abu Dawud	وعن رفاعة بن رافع : أن النبي صلى الله عليه وسلم قال للمسيء صلاته : ' إنها لا تتم صلاة أحدكم حتى يسبغ الوضوء ' وذكر صفة الصلاة إلى أن قال : ' ثم يكبر فليسجد ، في
urn:hadith:0385Daraqutni.Sunan:1249	al-Nawawi (Khulasat al-ahkam)	676	classical	hadith	weak	[فصل في ضعيفه] رواه الدارقطني ، وضعفه . .	0.7	1	urn:openiti:0676Nawawi.KhulasatAhkam.JK007107-ara1:p01536	1:407	1300	al-Daraqutni	وحديث : ' لا صلاة لمن لا يصيب أنفه من الأرض ما يمس الجبين ' .
	al-Nawawi (Khulasat al-ahkam)	676	classical	chain	sound	رواه النسائي ، والبيهقي بإسناد صحيح .		0	urn:openiti:0676Nawawi.KhulasatAhkam.JK007107-ara1:p01553	1:410	1314	al-Nasaʾi	وعنه : ' أن النبي صلى الله عليه وسلم كان إذا سجد جخ '
urn:hadith:0275AbuDawudSijistani.Sunan:900	al-Nawawi (Khulasat al-ahkam)	676	classical	chain	sound	رواه أبو داود ، وابن ماجه بإسناد صحيح . نأوي ، بنون ثم همزة ، أي نرثي له ، ونرق عليه .	0.58	1	urn:openiti:0676Nawawi.KhulasatAhkam.JK007107-ara1:p01556	1:411	1317	Abu Dawud, Ibn Maja	وعن أحمر ، بالراء ، ابن جزء ، الصحابي رضي الله عنه : ' أن رسول الله صلى الله عليه وسلم كان إذا سجد جافى عضديه عن جنبيه حتى نأوي له '
urn:hadith:0275AbuDawudSijistani.Sunan:902	al-Nawawi (Khulasat al-ahkam)	676	classical	chain	fair	رواه أبو داود ، والترمذي بإسناد حسن .	0.7	1	urn:openiti:0676Nawawi.KhulasatAhkam.JK007107-ara1:p01560	1:412	1321	Abu Dawud, al-Tirmidhi	وعن أبي هريرة قال : اشتكى أصحاب النبي صلى الله عليه وسلم مشقة السجود عليهم إذا انفرجوا . فقال : ' استعينوا بالركب '
urn:hadith:0275AbuDawudSijistani.Sunan:896	al-Nawawi (Khulasat al-ahkam)	676	classical	chain	fair	رواه أبو داود ، والنسائي ، وابن حبان ، والبيهقي ، بإسناد حسن .	0.79	1	urn:openiti:0676Nawawi.KhulasatAhkam.JK007107-ara1:p01562	1:412	1323	Abu Dawud, al-Nasaʾi, Ibn Hibban	وعن أبي إسحاق قال : ' وصف لنا البراء فوضع يديه ، واعتمد على ركبتيه ، ورفع عجيزته . وقال : هكذا كان رسول الله صلى الله عليه وسلم يسجد '
urn:hadith:0275AbuDawudSijistani.Sunan:888	al-Nawawi (Khulasat al-ahkam)	676	classical	chain	fair	رواه أبو داود ، والنسائي بإسناد حسن .	0.85	1	urn:openiti:0676Nawawi.KhulasatAhkam.JK007107-ara1:p01573	1:414	1331	Abu Dawud, al-Nasaʾi	وعن سعيد بن جبير ، قال سمعت أنسا يقول : ' ما صليت وراء أحد بعد رسول الله صلى الله عليه وسلم أشبه صلاة برسول الله صلى الله عليه وسلم من هذا الفتى ، يعني عمر بن ع
urn:hadith:0275AbuDawudSijistani.Sunan:850	al-Nawawi (Khulasat al-ahkam)	676	classical	chain	fair	رواه أبو داود ، والترمذي ، وآخرون بإسناد حسن .	0.9	1	urn:openiti:0676Nawawi.KhulasatAhkam.JK007107-ara1:p01577	1:415	1334	Abu Dawud, al-Tirmidhi	وعن ابن عباس رضي الله عنهما : أن النبي صلى الله عليه وسلم كان يقول بين السجدتين : ' اللهم اغفر لي ، وارحمني ، وعافني ، واهدني ، وارزقني '
urn:hadith:0275AbuDawudSijistani.Sunan:736	al-Nawawi (Khulasat al-ahkam)	676	classical	hadith	weak_by_section	[فصل في ضعيفه] رواه أبو داود من رواية عبد الجبار بن وائل ، عن أبيه ولم يدركه باتفاقهم ، وقيل : ولد بعد موته بستة أشهر .	0.56	2	urn:openiti:0676Nawawi.KhulasatAhkam.JK007107-ara1:p01616	1:422	1367	Abu Dawud	وحديث وائل ، رفعه : ' وإذا نهض ، نهض على ركبتيه واعتمد على فخذيه '
urn:hadith:0275AbuDawudSijistani.Sunan:839	al-Nawawi (Khulasat al-ahkam)	676	classical	hadith	weak_by_section	[فصل في ضعيفه] رواه أبو داود من رواية عبد الجبار بن وائل ، عن أبيه ولم يدركه باتفاقهم ، وقيل : ولد بعد موته بستة أشهر .	0.56	2	urn:openiti:0676Nawawi.KhulasatAhkam.JK007107-ara1:p01616	1:422	1367	Abu Dawud	وحديث وائل ، رفعه : ' وإذا نهض ، نهض على ركبتيه واعتمد على فخذيه '
	al-Nawawi (Khulasat al-ahkam)	676	classical	chain	weak	[فصل في ضعيفه] رواه أبو داود   من رواية مجهول ، وهذا أيضا شاذ .		0	urn:openiti:0676Nawawi.KhulasatAhkam.JK007107-ara1:p01617	1:422	1368	Abu Dawud	وحديث ابن عمر رفعه : ' نهى أن يعتمد على يديه إذا نهض في الصلاة '
	al-Nawawi (Khulasat al-ahkam)	676	classical	chain	sound	رواه البيهقي بإسناد صحيح .		0	urn:openiti:0676Nawawi.KhulasatAhkam.JK007107-ara1:p01637	1:426	1384		وعن وائل بن حجر رضي الله عنه : ' أن النبي صلى الله عليه وسلم قام إلى الصلاة فكبر ، ورفع يديه حتى يحاذي بهما أذنيه ، وأخذ شماله بيمينه ، فلما سجد وضع يديه فسجد ب
	al-Nawawi (Khulasat al-ahkam)	676	classical	chain	sound	ورواه ابن ماجة بإسناد صحيح قال : ' رأيت النبي صلى الله عليه وسلم حلق بالإبهام والوسطى ، ورفع التي تليها يدعو بها في التشهد ' .		0	urn:openiti:0676Nawawi.KhulasatAhkam.JK007107-ara1:p01638	1:427	1385	Ibn Maja	
	al-Nawawi (Khulasat al-ahkam)	676	classical	chain	sound	رواه أبو داود بإسناد صحيح .		0	urn:openiti:0676Nawawi.KhulasatAhkam.JK007107-ara1:p01642	1:427	1389	Abu Dawud	وعن ابن الزبير رضي الله عنهما : ' أن النبي صلى الله عليه وسلم وضع يده اليمنى على فخذه اليمنى ، وأشار بأصبعه ، ولا يجاوز بصره إشارته '
	al-Nawawi (Khulasat al-ahkam)	676	classical	chain	sound	رواه أبو   داود ، بإسناد صحيح .		0	urn:openiti:0676Nawawi.KhulasatAhkam.JK007107-ara1:p01643	1:428	1390		وفي رواية عنه : ' أن النبي صلى الله عليه وسلم كان يشير بأصبعه إذا دعا ، لا يحركها '
	al-Nawawi (Khulasat al-ahkam)	676	classical	chain	sound	رواه البيهقي بإسناد صحيح .		0	urn:openiti:0676Nawawi.KhulasatAhkam.JK007107-ara1:p01644	1:428	1391		وعن وائل : ' أنه وصف صلاة رسول الله صلى الله عليه وسلم وذكر وضع اليدين في التشهد قال : ثم رفع أصبعه ، فرأيته يحركها يدعو بها '
	al-Nawawi (Khulasat al-ahkam)	676	classical	hadith	fair	رواه الحسن بن سفيان في ' مسنده ' ، والبيهقي بإسناد جيد ، وفيه بيان فائدة حسنة ، وهي أن تشهده صلى الله عليه وسلم بلفظ تشهدنا .		0	urn:openiti:0676Nawawi.KhulasatAhkam.JK007107-ara1:p01665	1:433	1410		وعن القاسم قال : ' علمتني عائشة قالت : هذا تشهد النبي صلى الله عليه وسلم : ' التحيات لله ، والصلوات ، والطيبات ، السلام عليك أيها النبي ورحمة الله ، وبركاته ، ا
urn:hadith:0273IbnMaja.Sunan:902	al-Nawawi (Khulasat al-ahkam)	676	classical	hadith	weak	[فصل في ضعيفه] رواه النسائي ، وابن ماجه ، والحاكم ، والبيهقي . قال الحفاظ : هو ضعيف . وممن ضعفه البخاري ، والترمذي ، والنسائي ، والبيهقي وآخرون .	0.72	1	urn:openiti:0676Nawawi.KhulasatAhkam.JK007107-ara1:p01667	1:433	1411	al-Tirmidhi, al-Nasaʾi, Ibn Maja, al-Hakim	منه ، حديث جابر : ' كان النبي صلى الله عليه وسلم يعلمنا التشهد كما يعلمنا السورة من القرآن : باسم الله ، وبالله ، التحيات لله ' إلى قوله : ' وأشهد أن محمدا عبده
	al-Nawawi (Khulasat al-ahkam)	676	classical	hadith	weak_by_section	[فصل في ضعيفه] ورواه البيهقي من رواية جماعة من الصحابة وضعفها كلها .		0	urn:openiti:0676Nawawi.KhulasatAhkam.JK007107-ara1:p01669	1:434	1413		
urn:hadith:0275AbuDawudSijistani.Sunan:2042	al-Nawawi (Khulasat al-ahkam)	676	classical	chain	sound	رواه أبو داود بإسناد صحيح .	0.8	1	urn:openiti:0676Nawawi.KhulasatAhkam.JK007107-ara1:p01698	1:440	1439	Abu Dawud	وعنه ، قال رسول الله صلى الله عليه وسلم : ' لا تجعلوا قبري عيدا ، وصلوا علي فإن صلاتكم تبلغني حيث كنتم '
	al-Nawawi (Khulasat al-ahkam)	676	classical	chain	sound	رواه أبو داود بإسناد صحيح .		0	urn:openiti:0676Nawawi.KhulasatAhkam.JK007107-ara1:p01699	1:440	1440	Abu Dawud	وعنه ، قال رسول الله صلى الله عليه وسلم : ' ما من أحد يسلم علي إلا رد الله علي روحي حتى أرد عليه السلام '
urn:hadith:0275AbuDawudSijistani.Sunan:1531	al-Nawawi (Khulasat al-ahkam)	676	classical	chain	sound	رواه أبو داود بإسناد صحيح .	0.86	1	urn:openiti:0676Nawawi.KhulasatAhkam.JK007107-ara1:p01700	1:441	1441	Abu Dawud	وعن أوس بن أوس رضي الله عنه ، قال رسول الله صلى الله عليه وسلم : ' إن من أفضل أيامكم يوم الجمعة ، فأكثروا علي من الصلاة فيه ، فإن صلاتكم معروضة علي ' فقالوا : ي
urn:hadith:0275AbuDawudSijistani.Sunan:792	al-Nawawi (Khulasat al-ahkam)	676	classical	chain	sound	رواه أبو داود بإسناد صحيح . الدندنة : كلام لا يفهم ، ومعناه حول مسألتهما ندندن ، إحداهما سؤال طلب ، والأخرى سؤال رهب .	0.86	1	urn:openiti:0676Nawawi.KhulasatAhkam.JK007107-ara1:p01710	1:443	1450	Abu Dawud	وعن أبي صالح ، عن بعض أصحاب النبي صلى الله عليه وسلم ، قال ، قال النبي صلى الله عليه وسلم لرجل : ' كيف تدعو في الصلاة ؟ ' قال : أتشهد ، وأقول اللهم إني أسألك ال
urn:hadith:0275AbuDawudSijistani.Sunan:997	al-Nawawi (Khulasat al-ahkam)	676	classical	chain	sound	رواه أبو داود بإسناد صحيح ، وأشار بعضهم إلى تضعيفه .	0.67	1	urn:openiti:0676Nawawi.KhulasatAhkam.JK007107-ara1:p01720	1:444	1459	Abu Dawud	وعن وائل بن حجر رضي الله عنه ، أن رسول الله صلى الله عليه وسلم : ' كان يسلم عن يمينه : السلام عليكم ورحمة الله وبركاته وعن شماله السلام عليكم ورحمة الله وبركاته
urn:hadith:0275AbuDawudSijistani.Sunan:1001	al-Nawawi (Khulasat al-ahkam)	676	classical	hadith	sound	صحيح ، رواه أبو داود ، والدارقطني ، والبيهقي .	0.6	1	urn:openiti:0676Nawawi.KhulasatAhkam.JK007107-ara1:p01732	1:447	1469	Abu Dawud, al-Daraqutni	وعن سمرة بن جندب رضي الله عنه : ' أمرنا النبي صلى الله عليه وسلم أن نرد على الإمام ، وأن نتحاب ، وأن يسلم بعضنا على بعض ' حديث حسن أو
	al-Nawawi (Khulasat al-ahkam)	676	classical	hadith	weak	رواه أبو داود ، والترمذي ، والبيهقي . واتفق الحفاظ على ضعفه لأنه مضطرب ومنقطع ، ومن رواية عبد الرحمن بن زياد الأفريقي ، وهو ضعيف بالاتفاق .		0	urn:openiti:0676Nawawi.KhulasatAhkam.JK007107-ara1:p01738	1:449	1474	Abu Dawud, al-Tirmidhi	وحديث ابن عمرو بن العاصي رفعه : ' إذا أحدث وقد قعد في آخر صلاته قبل أن يسلم فقد جازت صلاته '
	al-Nawawi (Khulasat al-ahkam)	676	classical	hadith	sound	صحيح ، رواه جماعات من الحفاظ وصححوه ، وممن نص على صحته الحافظ أبو عبد الله محمد بن علي البلخي .		0	urn:openiti:0676Nawawi.KhulasatAhkam.JK007107-ara1:p01741	1:450	1476		عن أنس رضي الله عنه : ' أن النبي صلى الله عليه وسلم قنت شهرا يدعو عليهم ، ثم تركه ، فأما في الصبح فلم يزل يقنت حتى فارق الدنيا '
	al-Nawawi (Khulasat al-ahkam)	676	classical	chain	sound	ورواه الدارقطني من طرق بأسانيد صحيحة   .		0	urn:openiti:0676Nawawi.KhulasatAhkam.JK007107-ara1:p01743	1:450	1478	al-Daraqutni	
urn:hadith:0279Tirmidhi.Sunan:440	al-Nawawi (Khulasat al-ahkam)	676	classical	chain	sound	رواه الثلاثة بإسناد صحيح .	1.0	1	urn:openiti:0676Nawawi.KhulasatAhkam.JK007107-ara1:p01769	1:455	1499	the Three	عن الحسن بن علي رضي الله عنهما قال : علمني رسول الله صلى الله عليه وسلم كلمات أقولهن في الوتر : ' اللهم اهدني فيمن هديت ، وعافني فيمن عافيت ، وتولني فيمن توليت 
	al-Nawawi (Khulasat al-ahkam)	676	classical	chain	sound	رواه البيهقي بإسناد صحيح أو حسن .		0	urn:openiti:0676Nawawi.KhulasatAhkam.JK007107-ara1:p01785	1:460	1514		وعن أنس رضي الله عنه في قصة القراء الذين قتلوا رضي الله عنهم ، قال : ' لقد رأيت رسول الله صلى الله عليه وسلم كلما صلى الغداة رفع يديه يدعو عليهم ، يعني على الذي
urn:hadith:0275AbuDawudSijistani.Sunan:1443	al-Nawawi (Khulasat al-ahkam)	676	classical	chain	fair	رواه أبو داود بإسناد حسن ، أو صحيح .	0.61	1	urn:openiti:0676Nawawi.KhulasatAhkam.JK007107-ara1:p01788	1:461	1517	Abu Dawud	وعن ابن عباس رضي الله عنهما قال : ' قنت رسول الله صلى الله عليه وسلم شهرا متتابعا في الظهر ، والعصر ، والمغرب ، والعشاء ، والصبح ، في دبر كل صلاة ، إذا قال : سم
urn:hadith:0275AbuDawudSijistani.Sunan:1485	al-Nawawi (Khulasat al-ahkam)	676	classical	hadith	weak_by_section	[فصل في ضعيفه] رواه أبو داود ،	0.56	1	urn:openiti:0676Nawawi.KhulasatAhkam.JK007107-ara1:p01790	1:461	1518	Abu Dawud	منه ، حديث ابن عباس رفعه : ' سلوا الله ببطون أكفكم ، ولا تسألوه بظهورها ، فإذا فرغتم فامسحوا بها وجوهكم ' اتفقوا على ضعفه ،
urn:hadith:0275AbuDawudSijistani.Sunan:1522	al-Nawawi (Khulasat al-ahkam)	676	classical	chain	sound	رواه أبو داود ، والنسائي بإسناد صحيح .	0.67	2	urn:openiti:0676Nawawi.KhulasatAhkam.JK007107-ara1:p01826	1:467	1548	Abu Dawud, al-Nasaʾi	وعن معاذ رضي الله عنه ، قال : أخذ رسول الله صلى الله عليه وسلم بيدي وقال : ' يا معاذ ، والله إني لأحبك ، أوصيك   يا معاذ لا تدعن دبر كل صلاة تقول : اللهم أعني ع
urn:hadith:0303Nasai.SunanKubra:9937	al-Nawawi (Khulasat al-ahkam)	676	classical	chain	sound	رواه أبو داود ، والنسائي بإسناد صحيح .	0.62	2	urn:openiti:0676Nawawi.KhulasatAhkam.JK007107-ara1:p01826	1:467	1548	Abu Dawud, al-Nasaʾi	وعن معاذ رضي الله عنه ، قال : أخذ رسول الله صلى الله عليه وسلم بيدي وقال : ' يا معاذ ، والله إني لأحبك ، أوصيك   يا معاذ لا تدعن دبر كل صلاة تقول : اللهم أعني ع
	al-Nawawi (Khulasat al-ahkam)	676	classical	chain	fair	رواه أبو داود ، والترمذي بإسناد حسن ، والبخاري في ' تاريخه ' .		0	urn:openiti:0676Nawawi.KhulasatAhkam.JK007107-ara1:p01840	1:472	1559	Abu Dawud, al-Tirmidhi	وعن يسيرة رضي الله عنها ، بمثناتين تحت ، قالت : قال لنا رسول الله صلى الله عليه وسلم : ' يا نساء المؤمنين عليكن بالتسبيح ، والتهليل ، والتقديس ، ولا تغفلن فتنسي
	al-Nawawi (Khulasat al-ahkam)	676	classical	chain	sound	رواه الثلاثة ، بإسناد صحيح ، إلا أن فيه عطاء بن السائب ، وفيه اختلاف بسبب الاختلاط ، وقد أشار أيوب السختياني إلى صحة حديثه هذا .		0	urn:openiti:0676Nawawi.KhulasatAhkam.JK007107-ara1:p01841	1:472	1560	the Three	وعن ابن عمرو رضي الله عنهما : ' رأيت رسول الله صلى الله عليه وسلم يعقد التسبيح بيمينه '
	al-Nawawi (Khulasat al-ahkam)	676	classical	hadith	weak	[فصل في ضعيفه] رواه أبو داود ، وقال : ' لم يدرك عطاء المغيرة ' وكذا ضعفه غيره   .		0	urn:openiti:0676Nawawi.KhulasatAhkam.JK007107-ara1:p01846	1:473	1563	Abu Dawud	منه ، حديث عطاء   الخراساني ، عن المغيرة مرفوع : ' لا يصل الإمام في الموضع الذي يصلي فيه حتى يتحول '
	al-Nawawi (Khulasat al-ahkam)	676	classical	hadith	weak	[فصل في ضعيفه] رواه أبو داود ، واتفقوا على ضعفه .		0	urn:openiti:0676Nawawi.KhulasatAhkam.JK007107-ara1:p01847	1:474	1564	Abu Dawud	وحديث عن أبي هريرة مرفوع : ' أيعجز أحدكم أن يتقدم أو يتأخر ، أو عن يمينه ، أو شماله في الصلاة ، يعني النافلة '
	al-Nawawi (Khulasat al-ahkam)	676	classical	chain	fair	رواه أبو داود ، والترمذي وغيرهما بإسناد حسن .		0	urn:openiti:0676Nawawi.KhulasatAhkam.JK007107-ara1:p01855	1:475	1571	Abu Dawud, al-Tirmidhi	وعن هلب الطائي رضي الله عنه : ' أنه صلى مع رسول الله صلى الله عليه وسلم فكان ينصرف عن شقيه '
urn:hadith:0303Nasai.SunanKubra:613	al-Nawawi (Khulasat al-ahkam)	676	classical	chain	sound	رواه النسائي بإسناد صحيح .	0.76	1	urn:openiti:0676Nawawi.KhulasatAhkam.JK007107-ara1:p01864	1:476	1578	al-Nasaʾi	وعن أبي اليسر ، كعب بن عمرو رضي الله عنه ، قال رسول الله صلى الله عليه وسلم : ' منكم من يصلي الصلاة كاملة ، ومنكم من يصلي النصف ، والثلث ، والربع والخمس حتى بلغ
	al-Nawawi (Khulasat al-ahkam)	676	classical	chain	sound	رواه النسائي أيضا بإسناد صحيح .		0	urn:openiti:0676Nawawi.KhulasatAhkam.JK007107-ara1:p01865	1:477	1579	al-Nasaʾi	ومثله أو نحوه ، عن عمار ، عن النبي صلى الله عليه وسلم ،
urn:hadith:0275AbuDawudSijistani.Sunan:1288	al-Nawawi (Khulasat al-ahkam)	676	classical	chain	fair	رواه أبو داود بإسناد حسن .	1.0	1	urn:openiti:0676Nawawi.KhulasatAhkam.JK007107-ara1:p01871	1:478	1583	Abu Dawud	عن أبي أمامة رضي الله عنه ، قال رسول الله صلى الله عليه وسلم : ' صلاة في إثر صلاة لا لغو بينهما كتاب في عليين '
urn:hadith:0303Nasai.SunanSughra:1195	al-Nawawi (Khulasat al-ahkam)	676	classical	chain	unknown_narrator	رواه أبو داود والنسائي بإسناد فيه رجل فيه جهالة ، ولم يضعفه أبو داود فهو حسن عنده .	0.94	1	urn:openiti:0676Nawawi.KhulasatAhkam.JK007107-ara1:p01879	1:480	1588	Abu Dawud, al-Nasaʾi	وعن أبي ذر رضي الله عنه ، قال رسول الله صلى الله عليه وسلم : ' لا يزال الله عز وجل مقبلا على العبد في صلاته ما لم يلتفت ، فإذا صرف وجهه انصرف عنه '
urn:hadith:0279Tirmidhi.Sunan:557	al-Nawawi (Khulasat al-ahkam)	676	classical	chain	sound	رواه الترمذي بإسناد صحيح .	0.55	1	urn:openiti:0676Nawawi.KhulasatAhkam.JK007107-ara1:p01882	1:480	1590	al-Tirmidhi	وعن ابن عباس رضي الله عنهما : ' أن رسول الله صلى الله عليه وسلم كان يلحظ في الصلاة يمينا وشمالا ، ولا يلوي عنقه خلف ظهره '
	al-Nawawi (Khulasat al-ahkam)	676	classical	chain	sound	رواه أبو داود بإسناد صحيح . وقال : ' كان ارسل فارسا إلى الشعب من أجل الحرس ' .		0	urn:openiti:0676Nawawi.KhulasatAhkam.JK007107-ara1:p01885	1:481	1593	Abu Dawud	وعن سهل بن الحنظلية رضي الله عنه ، قال : ' ثوب بالصلاة - يعني الصبح - فجعل رسول الله صلى الله عليه وسلم يصلي وهو ينظر إلى الشعب '
	al-Nawawi (Khulasat al-ahkam)	676	classical	hadith	weak_by_section	[فصل في ضعيفه] رواه البيهقي من طرق كلها ضعيفة .		0	urn:openiti:0676Nawawi.KhulasatAhkam.JK007107-ara1:p01906	1:486	1610		منه ، حديث : ' أربع من الجفاء : أن يبول الرجل قائما ، وأن يكثر مسح جبهته في الصلاة ، وأن يسمع المؤذن فلا يقول مثله ، وأن يصلي بسبيل من يقطع صلاته '
urn:hadith:0275AbuDawudSijistani.Sunan:5028	al-Nawawi (Khulasat al-ahkam)	676	classical	chain	sound	رواه أبو داود بإسناد على شرط البخاري ومسلم   .	0.9	1	urn:openiti:0676Nawawi.KhulasatAhkam.JK007107-ara1:p01912	1:487	1615	Abu Dawud	وفي رواية : ' إن الله يحب العطاس ويكره التثاؤب ، فإذا تثاءب أحدكم فليرده ما استطاع ، ولا يقل : هاه ، هاه ، فإنما ذلكم من الشيطان يضحك منه '
urn:hadith:0275AbuDawudSijistani.Sunan:91	al-Nawawi (Khulasat al-ahkam)	676	classical	chain	unknown_narrator	رواه أبو داود بإسناد فيه رجل فيه جهالة ، ولم يضعفه .	0.67	1	urn:openiti:0676Nawawi.KhulasatAhkam.JK007107-ara1:p01929	1:490	1630	Abu Dawud	وعن أبي هريرة ، عن النبي صلى الله عليه وسلم : ' لا يحل لرجل يؤمن بالله واليوم الآخر أن يصلي وهو حاقن حتى يتخفف '
	al-Nawawi (Khulasat al-ahkam)	676	classical	chain	weak	[فصل في ضعيفه] رواه أبو عبيد في ' الغريب ' بإسناد ضعيف ، وهو ممدود مخفف النون ، أي حاقن .		0	urn:openiti:0676Nawawi.KhulasatAhkam.JK007107-ara1:p01931	1:490	1631		منه ، ' لا يصلين أحدكم وهو زناء '
	al-Nawawi (Khulasat al-ahkam)	676	classical	chain	sound	رواه الثلاثة بأسانيد صحيحة ، لكن الترمذي إنما رواه في ' الشمائل ' .		0	urn:openiti:0676Nawawi.KhulasatAhkam.JK007107-ara1:p01965	1:497	1655	the Three	وعن عبيد الله بن الشخير رضي الله عنه ، قال : ' أتيت رسول الله صلى الله عليه وسلم وهو يصلي ، ولجوفه أزيز كأزيز المرجل من البكاء ' صحيح ،
	al-Nawawi (Khulasat al-ahkam)	676	classical	chain	sound	رواه البيهقي بإسناد صحيح . النشيج : بنون وشين معجمة وجيم : ترديد البكاء .		0	urn:openiti:0676Nawawi.KhulasatAhkam.JK007107-ara1:p01968	1:497	1658		وعن علقمة بن وقاص قال : ' كان عمر بن الخطاب رضي الله عنه يقرأ في العتمة سورة ( يوسف ) ، وأنا في آخر الصفوف حتى إذا جاء ذكر يوسف سمعت نشيجه '
	al-Nawawi (Khulasat al-ahkam)	676	classical	hadith	weak_by_section	[فصل في ضعيفه] رواه أبو داود وغيره من رواية عطاء بن السائب .		0	urn:openiti:0676Nawawi.KhulasatAhkam.JK007107-ara1:p01970	1:498	1659	Abu Dawud	حديث ابن عمرو بن العاصي ، أن النبي صلى الله عليه وسلم نفخ في سجوده في صلاة الكسوف فقال : ' أف ، أف '
	al-Nawawi (Khulasat al-ahkam)	676	classical	chain	weak	[فصل في ضعيفه] رواه الترمذي ، وغيره وضعفوه .		0	urn:openiti:0676Nawawi.KhulasatAhkam.JK007107-ara1:p01971	1:498	1660	al-Tirmidhi	وحديث في النفخ من رواية أم سلمة .
	al-Nawawi (Khulasat al-ahkam)	676	classical	hadith	weak	[فصل في ضعيفه] رواه النسائي ، وابن ماجة ، والبيهقي ، وهو ضعيف مضطرب ، وراويه عبد الله بن نجي - بضم النون وفتح الجيم - ضعيف .		0	urn:openiti:0676Nawawi.KhulasatAhkam.JK007107-ara1:p01974	1:499	1663	al-Nasaʾi, Ibn Maja	وحديث علي رضي الله عنه : ' كانت لي ساعة آتي النبي صلى الله عليه وسلم فيها فأستأذن ، فإن وجدته يصلي تنحنح ، فدخلت '
	al-Nawawi (Khulasat al-ahkam)	676	classical	chain	sound	رواه البيهقي بإسناد صحيح .		0	urn:openiti:0676Nawawi.KhulasatAhkam.JK007107-ara1:p01977	1:500	1665		عن ابن أبي مليكة : ' أن عائشة رضي الله عنها كان يؤمها غلامها ذكوان في المصحف في رمضان '
urn:hadith:0275AbuDawudSijistani.Sunan:887	al-Nawawi (Khulasat al-ahkam)	676	classical	hadith	weak_by_section	[فصل في ضعيفه] رواه أبو داود والترمذي .	0.61	1	urn:openiti:0676Nawawi.KhulasatAhkam.JK007107-ara1:p01991	1:502	1675	Abu Dawud, al-Tirmidhi	منه ، عن إسماعيل بن أمية ، عن أعرابي ، عن أبي هريرة رفعه : ' من قرأ ب والتين والزيتون   فانتهى إلى آخرها ، فليقل : وأنا على ذلك من الشاهدين ، ومن قرأ لا أقسم بي
	al-Nawawi (Khulasat al-ahkam)	676	classical	chain	sound	رواه أبو داود بإسناد صحيح .		0	urn:openiti:0676Nawawi.KhulasatAhkam.JK007107-ara1:p01998	1:503	1680	Abu Dawud	عن ابن عمر رضي الله عنهما أن النبي صلى الله عليه وسلم صلى صلاة فقرأ فيها فلبس عليه فلما انصرف قال لأبي : ' أصليت معنا ؟ ' قال : نعم . قال : ' فما منعك ؟ ! '
urn:hadith:0275AbuDawudSijistani.Sunan:907	al-Nawawi (Khulasat al-ahkam)	676	classical	chain	fair	رواه أبو داود بإسناد حسن .	0.5	1	urn:openiti:0676Nawawi.KhulasatAhkam.JK007107-ara1:p01999	1:504	1681	Abu Dawud	وعن مسور بن يزيد المالكي رضي الله عنه - وهو بضم الميم وفتح السين وتشديد الواو - قال : ' شهدت رسول الله صلى الله عليه وسلم يقرأ في الصلاة فترك شيئا لم يقرأه ، فق
urn:hadith:0275AbuDawudSijistani.Sunan:908	al-Nawawi (Khulasat al-ahkam)	676	classical	chain	fabricated	[فصل في ضعيفه] رواه أبو داود ، وقد اتفقوا على أن الحارث كذاب .	0.55	1	urn:openiti:0676Nawawi.KhulasatAhkam.JK007107-ara1:p02006	1:505	1687	Abu Dawud	منه ، عن أبي إسحاق ، عن الحارث ، عن علي مرفوع : ' يا علي ، لا تفتح على الإمام في الصلاة '
urn:hadith:0275AbuDawudSijistani.Sunan:927	al-Nawawi (Khulasat al-ahkam)	676	classical	hadith	sound	صحيح ، رواه أبو داود وغيره بهذا اللفظ .	0.88	1	urn:openiti:0676Nawawi.KhulasatAhkam.JK007107-ara1:p02015	1:508	1693	Abu Dawud	وعن ابن عمر رضي الله عنهما ، قال : ' خرج رسول الله صلى الله عليه وسلم إلى قباء يصلي فيه ، فجاءته الأنصار فسلموا عليه وهو يصلي . فقلت لبلال : كيف رأيت رسول الله 
	al-Nawawi (Khulasat al-ahkam)	676	classical	chain	sound	رواه أبو داود بإسناد صحيح على شرط مسلم .		0	urn:openiti:0676Nawawi.KhulasatAhkam.JK007107-ara1:p02023	1:510	1701	Abu Dawud	وعن أنس رضي الله عنه : ' كان النبي صلى الله عليه وسلم يشير في الصلاة '
	al-Nawawi (Khulasat al-ahkam)	676	classical	hadith	weak_by_section	[فصل في ضعيفه] رواه أبو داود ، وقال : ' هذا الحديث وهم ' .		0	urn:openiti:0676Nawawi.KhulasatAhkam.JK007107-ara1:p02026	1:510	1703	Abu Dawud	منه ، عن أبي غطفان عن أبي هريرة مرفوع : ' من أشار في صلاته إشارة تفهم منه فليعد صلاته '
urn:hadith:0275AbuDawudSijistani.Sunan:928	al-Nawawi (Khulasat al-ahkam)	676	classical	chain	sound	رواه أبو داود بإسناد صحيح .	1.0	1	urn:openiti:0676Nawawi.KhulasatAhkam.JK007107-ara1:p02029	1:511	1705	Abu Dawud	عن أبي هريرة ، عن النبي صلى الله عليه وسلم قال : ' لا غرار في صلاة ولا تسليم '
urn:hadith:0275AbuDawudSijistani.Sunan:695	al-Nawawi (Khulasat al-ahkam)	676	classical	chain	sound	رواه أبو داود ، والنسائي بإسناد صحيح .	0.92	1	urn:openiti:0676Nawawi.KhulasatAhkam.JK007107-ara1:p02058	1:518	1732	Abu Dawud, al-Nasaʾi	وعن سهل بن أبي حثمة رضي الله عنه ، يبلغ به النبي صلى الله عليه وسلم قال : ' إذا صلى أحدكم إلى سترة فليدن منها ، لا يقطع الشيطان عليه صلاته '
urn:hadith:0275AbuDawudSijistani.Sunan:698	al-Nawawi (Khulasat al-ahkam)	676	classical	chain	sound	رواه أبو داود بإسناد صحيح   .	0.71	1	urn:openiti:0676Nawawi.KhulasatAhkam.JK007107-ara1:p02060	1:518	1734	Abu Dawud	وعن أبي سعيد رضي الله عنه ، قال رسول الله صلى الله عليه وسلم : ' إذا صلى أحدكم فليصل إلى سترة وليدن منها '
urn:hadith:0275AbuDawudSijistani.Sunan:693	al-Nawawi (Khulasat al-ahkam)	676	classical	hadith	weak	[فصل في ضعيفه] رواه أبو داود وضعفه الحفاظ .	0.9	1	urn:openiti:0676Nawawi.KhulasatAhkam.JK007107-ara1:p02066	1:519	1739	Abu Dawud	منه ، عن المقداد : ' ما رأيت النبي صلى الله عليه وسلم يصلي إلى عود ، ولا عمود ، ولا شجرة ، إلا جعله على حاجبه الأيمن أو الأيسر ، ولا يصمد له صمدا '
urn:hadith:0275AbuDawudSijistani.Sunan:689	al-Nawawi (Khulasat al-ahkam)	676	classical	chain	weak	[فصل في ضعيفه] رواه أبو داود ، وابن ماجة ، قال الحفاظ : ' هو ضعيف لاضطرابه ' .	0.76	1	urn:openiti:0676Nawawi.KhulasatAhkam.JK007107-ara1:p02068	1:520	1741	Abu Dawud, Ibn Maja	وعن أبي هريرة مرفوع : ' إذا صلى أحدكم فليجعل تلقاء وجهه شيئا ، فإن لم يجد فلينصب عصا ، فإن لم يكن معه عصا فليخط خطا ، ثم لا يضره ما مر أمامه '
urn:hadith:0275AbuDawudSijistani.Sunan:718	al-Nawawi (Khulasat al-ahkam)	676	classical	chain	fair	رواه أبو داود بإسناد حسن .	0.9	1	urn:openiti:0676Nawawi.KhulasatAhkam.JK007107-ara1:p02074	1:521	1746	Abu Dawud	عن الفضل بن عباس رضي الله عنهما قال : ' أتانا رسول الله صلى الله عليه وسلم ونحن في بادية لنا ، فصلى في صحراء ليس بين يديه سترة وحمارة لنا وكلبة تعبثان بين يديه 
urn:hadith:0275AbuDawudSijistani.Sunan:708	al-Nawawi (Khulasat al-ahkam)	676	classical	chain	sound	رواه أبو داود ، بإسناد صحيح .	0.72	1	urn:openiti:0676Nawawi.KhulasatAhkam.JK007107-ara1:p02084	1:523	1755	Abu Dawud	وعن عمرو بن شعيب ، عن أبيه ، عن جده قال : ' هبطنا مع رسول الله صلى الله عليه وسلم من ثنية ، فحضرت الصلاة - يعني فصلى إلى جدار - فاتخذه قبلة ، ونحن خلفه فجاءت به
urn:hadith:0275AbuDawudSijistani.Sunan:694	al-Nawawi (Khulasat al-ahkam)	676	classical	hadith	weak	[فصل في ضعيفه] رواه أبو داود ، واتفقوا على ضعفه ، وفي إسناده مجهول .	0.57	1	urn:openiti:0676Nawawi.KhulasatAhkam.JK007107-ara1:p02104	1:527	1771	Abu Dawud	منه ، عن ابن عباس مرفوع : ' لا تصلوا خلف النائم ولا المتحدث ' .
	al-Nawawi (Khulasat al-ahkam)	676	classical	hadith	weak_by_section	[فصل في ضعيفه] رواه بإسناده ، والله أعلم . فارغة		0	urn:openiti:0676Nawawi.KhulasatAhkam.JK007107-ara1:p02107	1:527	1774		ثم
	al-Nawawi (Khulasat al-ahkam)	676	classical	chain	sound	ورواه أبو داود من رواية تميم الداري ، عن النبي صلى الله عليه وسلم بمعناه ، بإسناد صحيح .		0	urn:openiti:0676Nawawi.KhulasatAhkam.JK007107-ara1:p02112	1:530	1778	Abu Dawud	
urn:hadith:0275AbuDawudSijistani.Sunan:1257	al-Nawawi (Khulasat al-ahkam)	676	classical	chain	fair	رواه أبو داود بإسناد حسن .	0.77	1	urn:openiti:0676Nawawi.KhulasatAhkam.JK007107-ara1:p02125	1:532	1790	Abu Dawud	وعن بلال رضي الله عنه أنه أتى رسول الله صلى الله عليه وسلم ليؤذنه بصلاة الغداة ، فشغلت عائشة بلالا بأمر سألته عنه حتى أصبح جدا ، فقام بلال فآذنه بالصلاة ، وتابع
	al-Nawawi (Khulasat al-ahkam)	676	classical	chain	sound	رواه أبو داود ، والترمذي بأسانيد صحيحة .		0	urn:openiti:0676Nawawi.KhulasatAhkam.JK007107-ara1:p02143	1:536	1806	Abu Dawud, al-Tirmidhi	وعن أبي هريرة رضي الله عنه ، قال رسول الله صلى الله عليه وسلم : ' إذا صلى أحدكم الفجر ، فليضطجع على يمينه '
	al-Nawawi (Khulasat al-ahkam)	676	classical	chain	sound	رواه أبو داود بإسناد صحيح .		0	urn:openiti:0676Nawawi.KhulasatAhkam.JK007107-ara1:p02163	1:539	1821	Abu Dawud	وعنه : ' أن النبي صلى الله عليه وسلم كان يصلي قبل العصر ركعتين '
	al-Nawawi (Khulasat al-ahkam)	676	classical	chain	fair	رواه أبو داود عن ابن عمر أنه قال : ' ما رأيت أحدا يصلي ركعتين قبل المغرب على عهد رسول الله صلى الله عليه وسلم ' فإسناده حسن . وأجاب العلماء عنه بأنه نفي فيجب تقديم رواية المثبتين لهذه الصلاة لكثرتهم ، ولما معهم من علم ما لم يعلمه ابن عمر   .		0	urn:openiti:0676Nawawi.KhulasatAhkam.JK007107-ara1:p02177	1:541	1833	Abu Dawud	وأما الحديث الذي
urn:hadith:0273IbnMaja.Sunan:1373	al-Nawawi (Khulasat al-ahkam)	676	classical	chain	fabricated	[فصل في ضعيفه] رواه ابن ماجة ، راويه كذاب .	0.75	1	urn:openiti:0676Nawawi.KhulasatAhkam.JK007107-ara1:p02184	1:541	1837	Ibn Maja	منه : عن عائشة مرفوع : ' من صلى بين المغرب والعشاء   عشرين ركعة ، بنى الله له بيتا في الجنة '
	al-Nawawi (Khulasat al-ahkam)	676	classical	chain	very_weak	[فصل في ضعيفه] رواه ابن ماجة بإسناد ضعيف جدا .		0	urn:openiti:0676Nawawi.KhulasatAhkam.JK007107-ara1:p02202	1:546	1851	Ibn Maja	منه ، عن ابن عباس : ' كان النبي صلى الله عليه وسلم يصلي قبل الجمعة أربعا لا يفصل بينهن '
urn:hadith:0275AbuDawudSijistani.Sunan:1422	al-Nawawi (Khulasat al-ahkam)	676	classical	chain	sound	رواه أبو داود ، والنسائي بإسناد صحيح .	0.89	1	urn:openiti:0676Nawawi.KhulasatAhkam.JK007107-ara1:p02209	1:548	1856	Abu Dawud, al-Nasaʾi	وعن   أبي أيوب رضي الله عنه ، قال قال رسول الله صلى الله عليه وسلم : ' الوتر حق على كل مسلم فمن أحب أن يوتر بخمس فليفعل ، ومن أحب أن يوتر بثلاث فليفعل ، ومن أحب
	al-Nawawi (Khulasat al-ahkam)	676	classical	hadith	weak	[فصل في ضعيفه] رواه أبو داود وغيره ، وضعفه الحفاظ ، ولم يدرك أبو عبيدة أباه .		0	urn:openiti:0676Nawawi.KhulasatAhkam.JK007107-ara1:p02214	1:549	1860	Abu Dawud	منه ، عن أبي عبيدة ابن ابن مسعود ، عن أبيه رفعه : ' أوتروا يا أهل القرآن '
	al-Nawawi (Khulasat al-ahkam)	676	classical	hadith	weak	[فصل في ضعيفه] رواه الترمذي ، وابن ماجة ، وضعفه البخاري ، والبيهقي وغيرهما .		0	urn:openiti:0676Nawawi.KhulasatAhkam.JK007107-ara1:p02215	1:550	1861	al-Tirmidhi, Ibn Maja	وحديث خارجة بن حذافة ، سمعت النبي صلى الله عليه وسلم يقول : ' إن الله عز وجل أمدكم بصلاة هي خير لكم من حمر النعم ، وهي لكم ما بين صلاة العشاء إلى طلوع الفجر ، ا
	al-Nawawi (Khulasat al-ahkam)	676	classical	chain	sound	رواه أبو داود بإسناد صحيح .		0	urn:openiti:0676Nawawi.KhulasatAhkam.JK007107-ara1:p02235	1:554	1880	Abu Dawud	وعن عائشة رضي الله عنها : ' كان رسول الله صلى الله عليه وسلم يوتر بأربع ، وثلاث ، وست ، وثلاث ، وثمان ، وثلاث ، وعشر ، وثلاث ، ولم يكن يوتر بأنقص من ثلاث ، ولا 
	al-Nawawi (Khulasat al-ahkam)	676	classical	chain	sound	رواه الترمذي ، والنسائي ، وابن ماجة ، بإسناد صحيح .		0	urn:openiti:0676Nawawi.KhulasatAhkam.JK007107-ara1:p02240	1:556	1885	al-Tirmidhi, al-Nasaʾi, Ibn Maja	وعن ابن عباس : ' كان النبي صلى الله عليه وسلم يقرأ في الوتر ب سبح اسم ربك الأعلى ، و قل يا أيها الكافرون ، و قل هو الله أحد في ركعة ، ركعة '
	al-Nawawi (Khulasat al-ahkam)	676	classical	chain	sound	رواه أبو داود ، والنسائي ، بإسناد صحيح .		0	urn:openiti:0676Nawawi.KhulasatAhkam.JK007107-ara1:p02241	1:556	1886	Abu Dawud, al-Nasaʾi	وعن أبي   بن كعب رضي الله عنه ، مرفوع مثله .
urn:hadith:0279Tirmidhi.Sunan:436	al-Nawawi (Khulasat al-ahkam)	676	classical	chain	fabricated	[فصل في ضعيفه] رواه الترمذي ، وضعفوه ، لأن الحارث كذاب .	0.8	1	urn:openiti:0676Nawawi.KhulasatAhkam.JK007107-ara1:p02243	1:556	1887	al-Tirmidhi	منه ، عن الحارث ، عن علي : كان النبي صلى الله عليه وسلم يوتر بثلاث ، يقرأ فيهن تسع سور من المفصل يقرأ في كل ركعة بثلاث سور آخرهن قل هو الله أحد
urn:hadith:0275AbuDawudSijistani.Sunan:1434	al-Nawawi (Khulasat al-ahkam)	676	classical	chain	sound	رواه أبو داود بإسناد صحيح على شرط مسلم .	0.73	1	urn:openiti:0676Nawawi.KhulasatAhkam.JK007107-ara1:p02258	1:560	1901	Abu Dawud	وعن أبي قتادة رضي الله عنه ، قال : قال النبي صلى الله عليه وسلم لأبي بكر : ' متى توتر ؟ ' قال : أوتر من أول الليل . وقال لعمر : ' متى توتر ؟ ' قال : من آخر اللي
urn:hadith:0275AbuDawudSijistani.Sunan:1431	al-Nawawi (Khulasat al-ahkam)	676	classical	hadith	disputed	رواه أبو داود ، والبيهقي بإسنادين صحيحين ، والترمذي بإسناد ضعيف ، فهو حديث صحيح .	0.6	1	urn:openiti:0676Nawawi.KhulasatAhkam.JK007107-ara1:p02262	1:561	1905	Abu Dawud	وعن أبي سعيد ، قال رسول الله صلى الله عليه وسلم : ' من نام عن وتره أو نسيه فليصله إذا أصبح ، أو ذكره '
urn:hadith:0279Tirmidhi.Sunan:445	al-Nawawi (Khulasat al-ahkam)	676	classical	chain	sound	رواه الترمذي بإسناد صحيح .	0.92	1	urn:openiti:0676Nawawi.KhulasatAhkam.JK007107-ara1:p02263	1:561	1906	al-Tirmidhi	وعن ابن عمر ، عن النبي صلى الله عليه وسلم : ' إذا طلع الفجر فقد ذهب كل صلاة الليل والوتر ، فأوتروا قبل طلوع الفجر '
urn:hadith:0275AbuDawudSijistani.Sunan:1427	al-Nawawi (Khulasat al-ahkam)	676	classical	chain	fair	رواه الثلاثة بإسناد حسن أو صحيح .	0.83	2	urn:openiti:0676Nawawi.KhulasatAhkam.JK007107-ara1:p02267	1:562	1909	the Three	وعن علي رضي الله عنه ، قال : كان رسول الله صلى الله عليه وسلم يقول في آخر وتره : ' اللهم أعوذ برضاك من سخطك ، وبمعافاتك من عقوبتك ، وأعوذ بك منك ، لا أحصي ثناء 
urn:hadith:0303Nasai.SunanSughra:1747	al-Nawawi (Khulasat al-ahkam)	676	classical	chain	fair	رواه الثلاثة بإسناد حسن أو صحيح .	0.83	2	urn:openiti:0676Nawawi.KhulasatAhkam.JK007107-ara1:p02267	1:562	1909	the Three	وعن علي رضي الله عنه ، قال : كان رسول الله صلى الله عليه وسلم يقول في آخر وتره : ' اللهم أعوذ برضاك من سخطك ، وبمعافاتك من عقوبتك ، وأعوذ بك منك ، لا أحصي ثناء 
urn:hadith:0275AbuDawudSijistani.Sunan:1430	al-Nawawi (Khulasat al-ahkam)	676	classical	chain	sound	رواه أبو داود ، والنسائي بإسنادين صحيحين ، وليس عند أبي داود : ' ثلاث مرات ' .	0.7	1	urn:openiti:0676Nawawi.KhulasatAhkam.JK007107-ara1:p02269	1:563	1911	Abu Dawud, al-Nasaʾi	وعن أبي بن كعب رضي الله عنه ، كان رسول الله صلى الله عليه وسلم إذا سلم في الوتر قال : ' سبحان الملك القدوس ' - ثلاث مرات -
	al-Nawawi (Khulasat al-ahkam)	676	classical	hadith	weak_by_section	[فصل في ضعيفه] رواه أبو داود من طريقين ضعيفين .		0	urn:openiti:0676Nawawi.KhulasatAhkam.JK007107-ara1:p02274	1:565	1915	Abu Dawud	وحديث قنوت أبي بن كعب في النصف الثاني من رمضان .
urn:hadith:0275AbuDawudSijistani.Sunan:1290	al-Nawawi (Khulasat al-ahkam)	676	classical	chain	sound	رواه أبو داود بهذا اللفظ بإسناد على شرط البخاري .	0.56	1	urn:openiti:0676Nawawi.KhulasatAhkam.JK007107-ara1:p02289	1:568	1927	Abu Dawud	وعنها : ' أن النبي صلى الله عليه وسلم يوم الفتح صلى سبحة الضحى ثمان ركعات ، يسلم من كل ركعتين '
urn:hadith:0275AbuDawudSijistani.Sunan:1289	al-Nawawi (Khulasat al-ahkam)	676	classical	chain	sound	رواه أبو داود بإسناد صحيح .	0.5	1	urn:openiti:0676Nawawi.KhulasatAhkam.JK007107-ara1:p02290	1:568	1928	Abu Dawud	وعن نعيم بن همام رضي الله عنه ، قال : سمعت رسول الله صلى الله عليه وسلم   يقول : ' يقول الله تعالى : ابن آدم لا تعجزني من أربع ركعات من أول نهارك أكفك آخره '
urn:hadith:0279Tirmidhi.Sunan:452	al-Nawawi (Khulasat al-ahkam)	676	classical	chain	weak	[فصل في ضعيفه] رواه الترمذي ، وابن ماجة بإسناد ضعيف .	0.92	1	urn:openiti:0676Nawawi.KhulasatAhkam.JK007107-ara1:p02299	1:570	1936	al-Tirmidhi, Ibn Maja	منه ، عن أبي هريرة : ' من حافظ على شفعة الضحى غفر له ذنوبه ، وإن كانت مثل زبد البحر '
urn:hadith:0241IbnHanbal.Musnad:15623	al-Nawawi (Khulasat al-ahkam)	676	classical	chain	weak	[فصل في ضعيفه] رواه أحمد ، وأبو داود بإسناد ضعيف .	0.53	2	urn:openiti:0676Nawawi.KhulasatAhkam.JK007107-ara1:p02300	1:571	1937	Abu Dawud, Ahmad	وحديث : ' من قعد في مصلاه الصبح ، حتى يصلي ركعتي الضحى لا يقول إلا خيرا ، غفرت خطاياه ، وإن كانت أكثر من زبد البحر '
urn:hadith:0275AbuDawudSijistani.Sunan:1287	al-Nawawi (Khulasat al-ahkam)	676	classical	chain	weak	[فصل في ضعيفه] رواه أحمد ، وأبو داود بإسناد ضعيف .	0.53	2	urn:openiti:0676Nawawi.KhulasatAhkam.JK007107-ara1:p02300	1:571	1937	Abu Dawud, Ahmad	وحديث : ' من قعد في مصلاه الصبح ، حتى يصلي ركعتي الضحى لا يقول إلا خيرا ، غفرت خطاياه ، وإن كانت أكثر من زبد البحر '
	al-Nawawi (Khulasat al-ahkam)	676	classical	hadith	weak_by_section	[فصل في ضعيفه] رواه الترمذي .		0	urn:openiti:0676Nawawi.KhulasatAhkam.JK007107-ara1:p02304	1:572	1941	al-Tirmidhi	وحديث عن عطية العوفي ، عن أبي سعيد : ' كان النبي صلى الله عليه وسلم يصلي الضحى حتى نقول : لا يدعها ، ويدعها حتى نقول : لا يصليها '
urn:hadith:0303Nasai.SunanSughra:1606	al-Nawawi (Khulasat al-ahkam)	676	classical	chain	fair	رواه النسائي ، بإسناد حسن   .	0.71	2	urn:openiti:0676Nawawi.KhulasatAhkam.JK007107-ara1:p02326	1:576	1960	al-Nasaʾi	وعن النعمان بن بشير رضي الله عنهما ، قال : ' قمنا مع رسول الله   صلى الله عليه وسلم ليلة ثلاث وعشرين إلى ثلث الليل الأول ، ثم قمنا معه ليلة خمس وعشرين إلى نصف ا
urn:hadith:0303Nasai.SunanKubra:1299	al-Nawawi (Khulasat al-ahkam)	676	classical	chain	fair	رواه النسائي ، بإسناد حسن   .	0.68	2	urn:openiti:0676Nawawi.KhulasatAhkam.JK007107-ara1:p02326	1:576	1960	al-Nasaʾi	وعن النعمان بن بشير رضي الله عنهما ، قال : ' قمنا مع رسول الله   صلى الله عليه وسلم ليلة ثلاث وعشرين إلى ثلث الليل الأول ، ثم قمنا معه ليلة خمس وعشرين إلى نصف ا
	al-Nawawi (Khulasat al-ahkam)	676	classical	chain	sound	رواه البيهقي بإسناد صحيح .		0	urn:openiti:0676Nawawi.KhulasatAhkam.JK007107-ara1:p02327	1:576	1961		وعن السائب بن يزيد الصحابي رضي الله عنه ، قال : ' كانوا يقومون على عهد عمر بن الخطاب رضي الله عنه في شهر رمضان بعشرين ركعة ، وكانوا يقراؤون بالمئين ، وكانوا يتو
	al-Nawawi (Khulasat al-ahkam)	676	classical	hadith	weak	[فصل في ضعيفه] رواه أبو داود ، وضعفه   .		0	urn:openiti:0676Nawawi.KhulasatAhkam.JK007107-ara1:p02340	1:579	1973	Abu Dawud	ومنه ، حديث أبي هريرة ، أن النبي صلى الله عليه وسلم رأى ناسا يصلون في المسجد ، فقال : ' ما هؤلاء ؟ ' فقيل : ناس ليس معهم قرآن يصلون بصلاة أبي بن كعب . فقال : ' 
urn:hadith:0279Tirmidhi.Sunan:455	al-Nawawi (Khulasat al-ahkam)	676	classical	hadith	weak	رواه الترمذي ، وابن ماجة ، وغيرهما ، ضعفه الترمذي وغيره .	0.89	1	urn:openiti:0676Nawawi.KhulasatAhkam.JK007107-ara1:p02351	1:583	1980	al-Tirmidhi, Ibn Maja	عن ابن أبي أوفى رضي الله عنهما ، قال رسول الله صلى الله عليه وسلم : ' من كانت له حاجة إلى الله تعالى ، أو إلى أحد من بني آدم ، فليتوضأ فليحسن الوضوء ، ثم ليصل ر
urn:hadith:0275AbuDawudSijistani.Sunan:1308	al-Nawawi (Khulasat al-ahkam)	676	classical	chain	sound	رواه أبو داود وغيره بإسناد صحيح .	0.96	2	urn:openiti:0676Nawawi.KhulasatAhkam.JK007107-ara1:p02369	1:586	1993	Abu Dawud	وعن أبي هريرة رضي الله عنه ، قال رسول الله صلى الله عليه وسلم : ' رحم الله رجلا قام من الليل فصلى وأيقظ امرأته ، فإن أبت نضح في وجهها الماء ، رحم الله امرأة قام
urn:hadith:0275AbuDawudSijistani.Sunan:1450	al-Nawawi (Khulasat al-ahkam)	676	classical	chain	sound	رواه أبو داود وغيره بإسناد صحيح .	0.89	2	urn:openiti:0676Nawawi.KhulasatAhkam.JK007107-ara1:p02369	1:586	1993	Abu Dawud	وعن أبي هريرة رضي الله عنه ، قال رسول الله صلى الله عليه وسلم : ' رحم الله رجلا قام من الليل فصلى وأيقظ امرأته ، فإن أبت نضح في وجهها الماء ، رحم الله امرأة قام
urn:hadith:0275AbuDawudSijistani.Sunan:1309	al-Nawawi (Khulasat al-ahkam)	676	classical	chain	sound	رواه أبو داود ، والنسائي بإسناد صحيح .	0.62	1	urn:openiti:0676Nawawi.KhulasatAhkam.JK007107-ara1:p02370	1:587	1994	Abu Dawud, al-Nasaʾi	وعنه ، وعن أبي سعيد قالا : قال رسول الله صلى الله عليه وسلم : ' إذا أيقظ الرجل أهله من الليل فصليا ، أو صلى ركعتين جميعا كتبا من الذاكرين والذاكرات '
urn:hadith:0273IbnMaja.Sunan:1344	al-Nawawi (Khulasat al-ahkam)	676	classical	chain	sound	رواه النسائي ، وابن ماجة بإسناد صحيح على شرط مسلم .	0.96	1	urn:openiti:0676Nawawi.KhulasatAhkam.JK007107-ara1:p02373	1:587	1996	al-Nasaʾi, Ibn Maja	وعن أبي الدرداء رضي الله عنه ، يبلغ به النبي صلى الله عليه وسلم قال : ' من أتى فراشه وهو ينوي أن يقوم فيصلي من الليل ، فغلبته عينه حتى يصبح ، كتب له ما نوى ، وك
urn:hadith:0303Nasai.SunanSughra:1638	al-Nawawi (Khulasat al-ahkam)	676	classical	chain	sound	رواه النسائي بإسناد صحيح ، والترمذي بنحوه ،	0.64	1	urn:openiti:0676Nawawi.KhulasatAhkam.JK007107-ara1:p02408	1:594	2025	al-Nasaʾi	وعن خباب بن الأرت رضي الله عنه ، قال : راقبت رسول الله صلى الله عليه وسلم في ليلة صلاها كلها ، حتى كان مع الفجر سلم من صلاته . فقلت : يا رسول الله ، بأبي أنت وأ
urn:hadith:0273IbnMaja.Sunan:1350	al-Nawawi (Khulasat al-ahkam)	676	classical	chain	fair	رواه النسائي ، وابن ماجه ، بإسناد حسن .	0.8	1	urn:openiti:0676Nawawi.KhulasatAhkam.JK007107-ara1:p02410	1:595	2027	al-Nasaʾi, Ibn Maja	وعن أبي ذر رضي الله عنه قال : ' قام النبي صلى الله عليه وسلم بآية حتى أصبح ، والآية إن تعذبهم فإنهم عبادك وإن تغفر لهم فإنك أنت العزيز الحكيم '
	al-Nawawi (Khulasat al-ahkam)	676	classical	hadith	weak_by_section	[فصل في ضعيفه] رواهما البيهقي بإسنادين ضعيفين . المنبت : هو الذي انقطع في سفره لعطب دابته . مأخوذ من البت : وهو القطع .		0	urn:openiti:0676Nawawi.KhulasatAhkam.JK007107-ara1:p02427	1:598	2042		وعن ابن عمرو بن العاصي ، مرفوع مثله وزاد : ' واعمل عمل امرئ يظن أن لن يموت أبدا ، واحذر حذرا تخشى أن تموت غدا '
urn:hadith:0273IbnMaja.Sunan:1333	al-Nawawi (Khulasat al-ahkam)	676	classical	hadith	weak_by_section	[فصل في ضعيفه] رواه ابن ماجه ، قالوا : في معنى الموضوع .	0.83	1	urn:openiti:0676Nawawi.KhulasatAhkam.JK007107-ara1:p02442	1:601	2054	Ibn Maja	وحديث : ' من كثرت صلاته بالليل ، حسن وجهه بالنهار '
	al-Nawawi (Khulasat al-ahkam)	676	classical	chain	fair	رواه البيهقي بإسناد جيد .		0	urn:openiti:0676Nawawi.KhulasatAhkam.JK007107-ara1:p02504	1:612	2110		وعنه ، قال النبي صلى الله عليه وسلم : ' من لم يصل   ركعتي الفجر حتى تطلع الشمس فليصلهما '
	al-Nawawi (Khulasat al-ahkam)	676	classical	hadith	weak	[فصل في ضعيفه] رواه البيهقي ، وبين ضعفه .		0	urn:openiti:0676Nawawi.KhulasatAhkam.JK007107-ara1:p02516	1:614	2117		منه حديث علي رضي الله عنه ، أن النبي صلى الله عليه وسلم قال : ' مثل الذي لا يتم الصلاة كمثل حبلى حملت فلما دنا نفاسها أسقطت ، فلا هي ذات ولد ، ولا هي ذات حمل ، 
urn:hadith:0273IbnMaja.Sunan:1057	al-Nawawi (Khulasat al-ahkam)	676	classical	chain	fair	رواه أبو داود ، وابن ماجه بإسناد حسن .	0.85	1	urn:openiti:0676Nawawi.KhulasatAhkam.JK007107-ara1:p02535	2:620	2133	Abu Dawud, Ibn Maja	عن عمرو بن العاصي رضي الله عنه : ' أن النبي صلى الله عليه وسلم أقرأه خمس عشرة سجدة في القرآن ، منها ثلاث في المفصل ، وفي الحج سجدتين '
urn:hadith:0275AbuDawudSijistani.Sunan:1410	al-Nawawi (Khulasat al-ahkam)	676	classical	chain	sound	رواه أبو داود بإسناد صحيح على شرط البخاري . تشزن : بمثناة فوق ، وشين عجمة ، وزاي مشددة ، أي تهيأ   .	0.89	1	urn:openiti:0676Nawawi.KhulasatAhkam.JK007107-ara1:p02542	2:621	2140	Abu Dawud	وعن أبي سعيد الخدري رضي الله عنه ، قال : قرأ رسول الله صلى الله عليه وسلم وهو على المنبر ( ص ) فلما بلغ السجدة نزل فسجد ، وسجد الناس معه فلما كان يوم آخر قرأها 
urn:hadith:0279Tirmidhi.Sunan:549	al-Nawawi (Khulasat al-ahkam)	676	classical	chain	fair	رواه الترمذي وآخرون بإسناد حسن ، ورواه الحاكم ،	0.91	1	urn:openiti:0676Nawawi.KhulasatAhkam.JK007107-ara1:p02549	2:623	2146	al-Tirmidhi	وعن ابن عباس رضي الله عنهما قال : ' جاء رجل إلى النبي صلى الله عليه وسلم فقال : يا رسول الله ، إني رأيتني الليلة وأنا نائم كأني أصلي خلف شجرة ، فسجدت فسجدت الشج
urn:hadith:0275AbuDawudSijistani.Sunan:1413	al-Nawawi (Khulasat al-ahkam)	676	classical	chain	weak	[فصل في ضعيفه] رواه أبو داود ، وإسناده ضعيف .	0.89	1	urn:openiti:0676Nawawi.KhulasatAhkam.JK007107-ara1:p02552	2:624	2148	Abu Dawud	منه ، عن ابن عمر : ' كان النبي صلى الله عليه وسلم يقرأ علينا القرآن فإذا مر بالسجدة ، كبر وسجد '
urn:hadith:0273IbnMaja.Sunan:1056	al-Nawawi (Khulasat al-ahkam)	676	classical	hadith	weak_by_section	[فصل في ضعيفه] رواه ابن ماجه .	0.9	1	urn:openiti:0676Nawawi.KhulasatAhkam.JK007107-ara1:p02553	2:624	2149	Ibn Maja	وحديث أبي الدرداء : ' سجدت مع النبي صلى الله عليه وسلم إحدى عشرة سجدة ، ليس فيها من المفصل شيء '
urn:hadith:0275AbuDawudSijistani.Sunan:1403	al-Nawawi (Khulasat al-ahkam)	676	classical	hadith	weak	[فصل في ضعيفه] رواه أبو داود ، والبيهقي بإسناد ضعيف ، وضعفه البيهقي وغيره .	0.9	1	urn:openiti:0676Nawawi.KhulasatAhkam.JK007107-ara1:p02555	2:624	2151	Abu Dawud	وعن ابن عباس : ' لم يسجد النبي صلى الله عليه وسلم في شيء من المفصل منذ تحول إلى المدينة '
	al-Nawawi (Khulasat al-ahkam)	676	classical	hadith	weak	[فصل في ضعيفه] رواه النسائي ، والبيهقي ، وضعفه .		0	urn:openiti:0676Nawawi.KhulasatAhkam.JK007107-ara1:p02556	2:625	2152	al-Nasaʾi	وعنه ، أن النبي صلى الله عليه وسلم قال في سجدة ( ص ) : ' سجدها نبي الله داود توبة ، وسجدناها شكرا '
urn:hadith:0275AbuDawudSijistani.Sunan:1402	al-Nawawi (Khulasat al-ahkam)	676	classical	hadith	weak	[فصل في ضعيفه] رواه أبو داود ، والترمذي ، وضعفه . وهو من رواية ابن لهيعة ، وهو ضعيف بالاتفاق لاختلال ضبطه .	0.55	1	urn:openiti:0676Nawawi.KhulasatAhkam.JK007107-ara1:p02557	2:625	2153	Abu Dawud, al-Tirmidhi	وعن عقبة بن عامر : يا رسول الله   ، في الحج سجدتان ؟ قال : ' نعم ، ومن لم يسجدهما فلا يقرأهما '
urn:hadith:0275AbuDawudSijistani.Sunan:1411	al-Nawawi (Khulasat al-ahkam)	676	classical	hadith	weak	[فصل في ضعيفه] رواه أبو داود ، بإسناد ضعيف ، فيه مصعب بن ثابت ، وهو ضعيف ، كثير الغلط .	0.67	1	urn:openiti:0676Nawawi.KhulasatAhkam.JK007107-ara1:p02558	2:626	2154	Abu Dawud	وعن ابن عمر : ' قرأ النبي صلى الله عليه وسلم عام الفتح سجدة فسجد الناس كلهم ، منهم الراكب يسجد على يده '
urn:hadith:0275AbuDawudSijistani.Sunan:2775	al-Nawawi (Khulasat al-ahkam)	676	classical	chain	fair	رواه أبو داود ، بإسناد جيد ، ولم يضعفه . عزورا ، بعين مهملة مفتوحة ، ثم زاي ساكنة ، ثم واو مفتوحة ، ثم راء ، ثم ألف ، والأشهر حذف الألف .	0.91	1	urn:openiti:0676Nawawi.KhulasatAhkam.JK007107-ara1:p02562	2:626	2157	Abu Dawud	عن سعد بن أبي وقاص رضي الله عنه ، قال : خرجنا مع رسول الله صلى الله عليه وسلم من مكة نريد المدينة ، فلما كنا قريبا من عزورا ، نزل ثم رفع يديه فدعا الله تعالى سا
	al-Nawawi (Khulasat al-ahkam)	676	classical	chain	weak	[فصل في ضعيفه] رواه البيهقي ، هذا مرسل وضعيف ، محمد تابعي ، وجابر الجعفي ضعيف .		0	urn:openiti:0676Nawawi.KhulasatAhkam.JK007107-ara1:p02578	2:630	2172		منه ، عن جابر الجعفي ، عن محمد بن علي قال : ' رأى النبي صلى الله عليه وسلم نغاشيا ، فخر ساجدا ، ثم قال : أسأل الله العافية '
urn:hadith:0303Nasai.SunanKubra:593	al-Nawawi (Khulasat al-ahkam)	676	classical	chain	weak	[فصل في ضعيفه] رواه أبو داود ، والنسائي . ضعفوه .	0.6	3	urn:openiti:0676Nawawi.KhulasatAhkam.JK007107-ara1:p02624	2:641	2216	Abu Dawud, al-Nasaʾi	منه ، عن عبد الله بن جعفر رفعه : ' من شك في صلاته فليسجد سجدتين ، بعدما يسلم '
urn:hadith:0303Nasai.SunanKubra:1171	al-Nawawi (Khulasat al-ahkam)	676	classical	chain	weak	[فصل في ضعيفه] رواه أبو داود ، والنسائي . ضعفوه .	0.6	3	urn:openiti:0676Nawawi.KhulasatAhkam.JK007107-ara1:p02624	2:641	2216	Abu Dawud, al-Nasaʾi	منه ، عن عبد الله بن جعفر رفعه : ' من شك في صلاته فليسجد سجدتين ، بعدما يسلم '
urn:hadith:0303Nasai.SunanKubra:1173	al-Nawawi (Khulasat al-ahkam)	676	classical	chain	weak	[فصل في ضعيفه] رواه أبو داود ، والنسائي . ضعفوه .	0.6	3	urn:openiti:0676Nawawi.KhulasatAhkam.JK007107-ara1:p02624	2:641	2216	Abu Dawud, al-Nasaʾi	منه ، عن عبد الله بن جعفر رفعه : ' من شك في صلاته فليسجد سجدتين ، بعدما يسلم '
urn:hadith:0385Daraqutni.Sunan:1340	al-Nawawi (Khulasat al-ahkam)	676	classical	hadith	weak	[فصل في ضعيفه] رواه الدارقطني بإسناد ضعيف ، وضعفه البيهقي ، وغيره .	0.8	1	urn:openiti:0676Nawawi.KhulasatAhkam.JK007107-ara1:p02627	2:642	2219	al-Daraqutni	وعن عمر مرفوع : ' ليس على من خلف الإمام سهو ، فإن سها الإمام فعليه ، وعلى من خلفه ، السهو '
	al-Nawawi (Khulasat al-ahkam)	676	classical	hadith	weak	[فصل في ضعيفه] رواه أبو داود ، وابن ماجة ، وهو ضعيف من رواية جابر الجعفي .		0	urn:openiti:0676Nawawi.KhulasatAhkam.JK007107-ara1:p02628	2:643	2220	Abu Dawud, Ibn Maja	وعن المغيرة رفعه : ' إذا قام الإمام من الركعتين فلم يستتم قائما فليجلس ، فإن استتم قائما فلا يجلس ، ويسجد سجدتين '
urn:hadith:0275AbuDawudSijistani.Sunan:1028	al-Nawawi (Khulasat al-ahkam)	676	classical	hadith	disputed_narrator	[فصل في ضعيفه] رواه أبو داود ، وهو ضعيف . وأبو عبيدة لم يدرك أباه ، وحديثه هذا مختلف في إسناده ومتنه ، وخصيف مختلف فيه .	0.63	1	urn:openiti:0676Nawawi.KhulasatAhkam.JK007107-ara1:p02629	2:643	2221	Abu Dawud	وعن خصيف ، عن أبي عبيدة بن ابن مسعود ، عن أبيه ، عن النبي صلى الله عليه وسلم : ' إذا كنت في صلاة وشككت في ثلاث أو أربع ، وأكبر ظنك على أربع ، تشهدت ، ثم سجدت سج
	al-Nawawi (Khulasat al-ahkam)	676	classical	hadith	weak_by_section	[فصل في ضعيفه] رواه البيهقي .		0	urn:openiti:0676Nawawi.KhulasatAhkam.JK007107-ara1:p02633	2:645	2225		وعن عائشة مرفوع : ' سجدتا السهو تجزيان من كل زيادة ، ونقصان '
urn:hadith:0273IbnMaja.Sunan:798	al-Nawawi (Khulasat al-ahkam)	676	classical	hadith	weak_by_section	[فصل في ضعيفه] رواه ابن ماجة من رواية إسماعيل بن عياش     .	0.74	1	urn:openiti:0676Nawawi.KhulasatAhkam.JK007107-ara1:p02653	2:649	2241	Ibn Maja	منه ، عن عمر مرفوع : ' من صلى في مسجد ، جماعة ، أربعين ليلة ، لا تفوته الركعة الأولى من صلاة العشاء ، كتب الله له عتقا من النار '
urn:hadith:0275AbuDawudSijistani.Sunan:554	al-Nawawi (Khulasat al-ahkam)	676	classical	chain	sound	رواه أبو داود ، والنسائي ، وابن ماجة بإسناد صحيح ، إلا عبد الله بن أبي بصير الراوي عن أبي ، فسكتوا عنه ، ولم يضعفه أبو داود ، وأشار علي بن المديني ، والبيهقي وغيرهما إلى صحته .	0.86	1	urn:openiti:0676Nawawi.KhulasatAhkam.JK007107-ara1:p02655	2:649	2242	Abu Dawud, al-Nasaʾi, Ibn Maja	عن أبي بن كعب رضي الله عنه ، أن رسول الله صلى الله عليه وسلم قال : ' صلاة الرجل مع الرجل أزكى من صلاته وحده ، وصلاته مع الرجلين أزكى من صلاته مع الرجل ، وما كثر
	al-Nawawi (Khulasat al-ahkam)	676	classical	chain	fair	رواه أبو داود ، والنسائي بإسناد حسن .		0	urn:openiti:0676Nawawi.KhulasatAhkam.JK007107-ara1:p02671	2:653	2257	Abu Dawud, al-Nasaʾi	وعن عبد الله ، وقيل عمرو بن قيس ، المعروف بابن أم مكتوم ، المؤذن ، رضي الله عنه ، أنه قال : يا رسول الله ، إن المدينة كثيرة الهوام ، والسباع . فقال رسول الله صل
urn:hadith:0303Nasai.SunanSughra:847	al-Nawawi (Khulasat al-ahkam)	676	classical	chain	sound	رواه أبو داود ، والنسائي بإسناد صحيح .	0.83	1	urn:openiti:0676Nawawi.KhulasatAhkam.JK007107-ara1:p02675	2:654	2261	Abu Dawud, al-Nasaʾi	وعن أبي الدرداء رضي الله عنه ، قال سمعت رسول الله صلى الله عليه وسلم يقول : ' ما من ثلاثة في قرية ولا بدو لا تقام فيهم الصلاة إلا قد استحوذ عليهم الشيطان ، فعلي
urn:hadith:0275AbuDawudSijistani.Sunan:551	al-Nawawi (Khulasat al-ahkam)	676	classical	chain	weak	[فصل في ضعيفه] رواه أبو داود من رواية أبي جناب ، بالجيم ، يحيى بن حي ، وهو مدلس ضعيف . وقال في روايته : عن .	0.53	1	urn:openiti:0676Nawawi.KhulasatAhkam.JK007107-ara1:p02677	2:655	2262	Abu Dawud	منه ، عن ابن عباس مرفوع : ' من سمع النداء فلم يمنعه   من اتباعه عذر ' والعذر ' خوف أو مرض ، لم تقبل منه الصلاة التي صلى '
urn:hadith:0385Daraqutni.Sunan:1474	al-Nawawi (Khulasat al-ahkam)	676	classical	chain	unknown_narrator	[فصل في ضعيفه] رواه الدارقطني وغيره في إسناده ضعيفان ، أحدهما ؛ مجهول .	0.62	2	urn:openiti:0676Nawawi.KhulasatAhkam.JK007107-ara1:p02678	2:655	2263	al-Daraqutni	وعن جابر مرفوع : ' لا صلاة لجار المسجد إلا في المسجد '
urn:hadith:0385Daraqutni.Sunan:1475	al-Nawawi (Khulasat al-ahkam)	676	classical	chain	unknown_narrator	[فصل في ضعيفه] رواه الدارقطني وغيره في إسناده ضعيفان ، أحدهما ؛ مجهول .	0.62	2	urn:openiti:0676Nawawi.KhulasatAhkam.JK007107-ara1:p02678	2:655	2263	al-Daraqutni	وعن جابر مرفوع : ' لا صلاة لجار المسجد إلا في المسجد '
urn:hadith:0275AbuDawudSijistani.Sunan:1059	al-Nawawi (Khulasat al-ahkam)	676	classical	chain	sound	رواه أبو داود وغيره ، بإسناد صحيح   .	0.76	1	urn:openiti:0676Nawawi.KhulasatAhkam.JK007107-ara1:p02689	2:657	2273	Abu Dawud	وعن أبي المليح ، عن أبيه رضي الله عنه : ' أنه شهد النبي صلى الله عليه وسلم زمن الحديبية ، في يوم الجمعة ، وأصابهم مطر ، لم تبتل أسفل نعالهم ، فأمرهم أن يصلوا في
urn:hadith:0275AbuDawudSijistani.Sunan:564	al-Nawawi (Khulasat al-ahkam)	676	classical	chain	fair	رواه أبو داود ، والنسائي بإسناد حسن .	0.67	1	urn:openiti:0676Nawawi.KhulasatAhkam.JK007107-ara1:p02713	2:663	2294	Abu Dawud, al-Nasaʾi	وعن أبي هريرة قال رسول الله صلى الله عليه وسلم : ' من توضأ فأحسن الوضوء ، ثم راح فوجد الناس قد صلوا ، أعطاه الله عز وجل مثل أجر من صلاها وحضرها ، لا ينقص ذلك من
	al-Nawawi (Khulasat al-ahkam)	676	classical	chain	weak	[فصل في ضعيفه] رواه أبو داود بإسناد ضعيف .		0	urn:openiti:0676Nawawi.KhulasatAhkam.JK007107-ara1:p02734	2:667	2312	Abu Dawud	قال البيهقي : ' ما مضى أشهر وأكثر فهو أولى ' . وهذا الحديث
urn:hadith:0275AbuDawudSijistani.Sunan:579	al-Nawawi (Khulasat al-ahkam)	676	classical	chain	sound	رواه أبو داود ، والنسائي بإسناد صحيح . قال أصحابنا وغيرهم معناه : لا تجب الصلاة في اليوم مرتين ، فلا يكون مخالفا لما سبق من استحباب إعادتها في جماعة . وأما ابن عمر فلم يعدها لأنه كان صلاها جماعة ، ومذهبه إعادة المنفرد كما سبق عنه .	0.83	1	urn:openiti:0676Nawawi.KhulasatAhkam.JK007107-ara1:p02736	2:668	2313	Abu Dawud, al-Nasaʾi	عن سليمان مولى ميمونة قال : أتيت ابن عمر وهم يصلون . فقلت : ألا تصلي معهم ؟ قال : قد صليت ، إني سمعت رسول الله صلى الله عليه وسلم يقول : ' لا تصلوا صلاة في يوم 
urn:hadith:0275AbuDawudSijistani.Sunan:893	al-Nawawi (Khulasat al-ahkam)	676	classical	hadith	weak	رواه أبو داود بإسناد فيه يحيى بن أبي سليمان المديني ، وهو ضعيف .	0.62	1	urn:openiti:0676Nawawi.KhulasatAhkam.JK007107-ara1:p02749	2:670	2324	Abu Dawud	منها ، حديث أبي هريرة مرفوع : ' إذا جئتم ونحن سجود فاسجدوا ولا تعدوها شيئا ، ومن أدرك الركعة فقد أدرك الصلاة '
	al-Nawawi (Khulasat al-ahkam)	676	classical	chain	unknown_narrator	رواه البيهقي بإسناد فيه مجهول .		0	urn:openiti:0676Nawawi.KhulasatAhkam.JK007107-ara1:p02752	2:671	2327		وحديث : ' لا تعتدوا بالسجدة إذا لم تدركوا الركعة '
urn:hadith:0279Tirmidhi.Sunan:561	al-Nawawi (Khulasat al-ahkam)	676	classical	chain	weak	رواه الترمذي بإسناد ضعيف	0.9	1	urn:openiti:0676Nawawi.KhulasatAhkam.JK007107-ara1:p02753	2:671	2328	al-Tirmidhi	وحديث : ' إذا أتى أحدكم الصلاة والإمام على حال ، فليصنع كما يصنع الإمام '
urn:hadith:0385Daraqutni.Sunan:1519	al-Nawawi (Khulasat al-ahkam)	676	classical	chain	weak	رواه الدارقطني بإسناد ضعيف .	0.64	1	urn:openiti:0676Nawawi.KhulasatAhkam.JK007107-ara1:p02754	2:672	2329	al-Daraqutni	وحديث أبي هريرة رفعه : ' من أدرك من الجمعة ركعة فليصل إليها أخرى   ، فإن أدركهم جلوسا صلى الظهر أربعا '
	al-Nawawi (Khulasat al-ahkam)	676	classical	hadith	weak_by_section	[فصل في ضعيفه] رواهما البيهقي ، وروى ابن ماجه الأول . ضعيفان جدا .		0	urn:openiti:0676Nawawi.KhulasatAhkam.JK007107-ara1:p02763	2:674	2336	Ibn Maja	وحديث أنس مرفوعا : ' الإثنان فما فوقهما جماعة '
	al-Nawawi (Khulasat al-ahkam)	676	classical	chain	sound	رواه أبو داود بإسناد صحيح على شرط مسلم		0	urn:openiti:0676Nawawi.KhulasatAhkam.JK007107-ara1:p02777	2:677	2347	Abu Dawud	وعن ابن مسعود ، رضي الله عنه ، أن النبي صلى الله عليه وسلم قال : ' صلاة المرأة في بيتها أفضل من صلاتها في حجرتها ، وصلاتها في مخدعها أفضل من صلاتها في بيتها '
	al-Nawawi (Khulasat al-ahkam)	676	classical	chain	sound	رواهما الدارقطني ، والبيهقي بإسنادين صحيحين .		0	urn:openiti:0676Nawawi.KhulasatAhkam.JK007107-ara1:p02788	2:680	2358	al-Daraqutni	وعن حجيرة قالت : ' أمتنا أم سلمة رضي الله عنها في صلاة العصر فقامت بيننا ' .
	al-Nawawi (Khulasat al-ahkam)	676	classical	hadith	weak_by_section	[فصل في ضعيفه] رواه البيهقي ، وهما بفتح الميم وكسرها ، وهما الخفان الخلقان .		0	urn:openiti:0676Nawawi.KhulasatAhkam.JK007107-ara1:p02792	2:681	2361		ورواه البيهقي بإسناد ضعيف موقوفا عن ابن مسعود قال : ' ما صلت امرأة أفضل من صلاتها في بيتها ، إلا مسجدي مكة والمدينة ، إلا عجوزا في منقليها '
urn:hadith:0385Daraqutni.Sunan:1410	al-Nawawi (Khulasat al-ahkam)	676	classical	hadith	weak	[فصل في ضعيفه] رواه الدارقطني ، والبيهقي وضعفاه بأنه مرسل ، والجعفي متفق على ضعفه ، وترك روايته ، قالوا : ولا يرويه غيره عن الشعبي .	0.71	1	urn:openiti:0676Nawawi.KhulasatAhkam.JK007107-ara1:p02808	2:683	2374	al-Daraqutni	منه ، عن جابر الجعفي ، عن الشعبي ، عن النبي صلى الله عليه وسلم : ' لا يؤمن أحد بعدي جالسا '
urn:hadith:0241IbnHanbal.Musnad:19146	al-Nawawi (Khulasat al-ahkam)	676	classical	chain	unknown_narrator	رواه الإمام أحمد ، وأبو داود ، عن رجل لم يسم ، عن ابن أبي أوفى .	0.6	2	urn:openiti:0676Nawawi.KhulasatAhkam.JK007107-ara1:p02838	2:689	2400	Abu Dawud, Ahmad	وأما الحديث المروي عن ابن أبي أوفى : ' أن النبي صلى الله عليه وسلم كان يقوم في الركعة من صلاة الظهر حتى لا يسمع وقع قدم ' فضعيف ،
urn:hadith:0275AbuDawudSijistani.Sunan:802	al-Nawawi (Khulasat al-ahkam)	676	classical	chain	unknown_narrator	رواه الإمام أحمد ، وأبو داود ، عن رجل لم يسم ، عن ابن أبي أوفى .	0.6	2	urn:openiti:0676Nawawi.KhulasatAhkam.JK007107-ara1:p02838	2:689	2400	Abu Dawud, Ahmad	وأما الحديث المروي عن ابن أبي أوفى : ' أن النبي صلى الله عليه وسلم كان يقوم في الركعة من صلاة الظهر حتى لا يسمع وقع قدم ' فضعيف ،
	al-Nawawi (Khulasat al-ahkam)	676	classical	chain	sound	رواه الشافعي ، والبيهقي بإسناد صحيح ، أو حسن .		0	urn:openiti:0676Nawawi.KhulasatAhkam.JK007107-ara1:p02862	2:693	2419		وعن ابن أبي مليكة : ' أنهم كانوا يأتون عائشة ، والمسور بن مخرمة ، وعبيد بن عمير ، وناس كثير ، فيؤمهم أبو عمرو ، مولى عائشة ، وهو حينئذ لم يعتق ، وكان إمام بني م
urn:hadith:0275AbuDawudSijistani.Sunan:2533	al-Nawawi (Khulasat al-ahkam)	676	classical	hadith	weak	[فصل في ضعيفه] رواه أبو داود ، والدارقطني ، وضعفه هو وغيره ، لانقطاعه لأن مكحولا لم يدرك أبا هريرة .	0.83	1	urn:openiti:0676Nawawi.KhulasatAhkam.JK007107-ara1:p02868	2:694	2424	Abu Dawud, al-Daraqutni	منه ، عن مكحول ، عن أبي هريرة مرفوع : ' الجهاد واجب عليكم مع كل أمير برا كان أو فاجرا ، والصلاة واجبة عليكم خلف كل مسلم برا كان أو فاجرا ، وإن عمل الكبائر '
	al-Nawawi (Khulasat al-ahkam)	676	classical	hadith	weak_by_section	[فصل في ضعيفه] رواه الدارقطني من طرق كثيرة .		0	urn:openiti:0676Nawawi.KhulasatAhkam.JK007107-ara1:p02869	2:695	2425	al-Daraqutni	وعن ابن عمر مرفوع : ' صلوا خلف من قال : لا إله إلا الله ، وعلى من قال : لا إله إلا الله '
	al-Nawawi (Khulasat al-ahkam)	676	classical	hadith	weak	[فصل في ضعيفه] رواه ابن ماجه بإسناد فيه ضعيفان ، ورواه البيهقي وضعفه .		0	urn:openiti:0676Nawawi.KhulasatAhkam.JK007107-ara1:p02871	2:695	2427	Ibn Maja	وعن جابر مرفوع : ' لا تؤمن امرأة رجلا ، ولا أعرابي مهاجرا ، ولا فاجر مؤمنا ، إلا أن يقهره بسلطان يخاف سطوته ، وسيفه '
urn:hadith:0275AbuDawudSijistani.Sunan:233	al-Nawawi (Khulasat al-ahkam)	676	classical	chain	sound	رواه أبو داود بهذا اللفظ بإسناد صحيح .	0.57	1	urn:openiti:0676Nawawi.KhulasatAhkam.JK007107-ara1:p02875	2:696	2430	Abu Dawud	وعن أبي بكرة رضي الله عنه ، أن رسول الله صلى الله عليه وسلم دخل في صلاة الفجر ، فأومأ بيده أن مكانكم ، ثم جاء ورأسه يقطر فصلى بهم ، فلما قضى الصلاة ، قال : ' إن
urn:hadith:0275AbuDawudSijistani.Sunan:1248	al-Nawawi (Khulasat al-ahkam)	676	classical	chain	fair	رواه أبو داود ، والترمذي بإسناد حسن .	0.86	1	urn:openiti:0676Nawawi.KhulasatAhkam.JK007107-ara1:p02887	2:699	2440	Abu Dawud, al-Tirmidhi	وعن أبي بكرة رضي الله عنه ، قال : ' صلى النبي صلى الله عليه وسلم في خوف الظهر ، فصف بعضهم خلفه ، وبعضهم بإزاء العدو ، فصلى بهم ركعتين ، ثم سلم ، فانطلقوا الذين 
	al-Nawawi (Khulasat al-ahkam)	676	classical	hadith	weak_by_section	[فصل في ضعيفه] رواه البيهقي ، وأشار إلى تضعيفه .		0	urn:openiti:0676Nawawi.KhulasatAhkam.JK007107-ara1:p02895	2:700	2446		منه ، عن أبي زيد ، عمرو بن أخطب رفعه : ' يؤمهم أقرؤهم ، فإن استووا في القراءة فأكبرهم سنا ، فإن استووا فأحسنهم وجها '
	al-Nawawi (Khulasat al-ahkam)	676	classical	chain	fair	رواه الشافعي ، والبيهقي بإسناد حسن أو صحيح .		0	urn:openiti:0676Nawawi.KhulasatAhkam.JK007107-ara1:p02900	2:701	2450		وعن نافع : ' أقيمت الصلاة بطائفة المدينة في مسجد ، وإمام ذلك المسجد مولى لابن عمر ، ومسكن المولى ثم ، فلما سمعهم ابن عمر جاء ليشهد الصلاة معهم ، فقال له المولى 
urn:hadith:0273IbnMaja.Sunan:971	al-Nawawi (Khulasat al-ahkam)	676	classical	chain	fair	رواه ابن ماجة بإسناد حسن .	0.84	1	urn:openiti:0676Nawawi.KhulasatAhkam.JK007107-ara1:p02909	2:703	2457	Ibn Maja	عن ابن عباس رضي الله عنهما ، عن رسول الله صلى الله عليه وسلم قال : ' ثلاثة لا ترفع صلاتهم فوق رؤوسهم شبرا : ' رجل أم قوما وهم له كارهون ، وامرأة باتت وزوجها علي
urn:hadith:0275AbuDawudSijistani.Sunan:593	al-Nawawi (Khulasat al-ahkam)	676	classical	hadith	weak	[فصل في ضعيفه] رواه أبو داود ، وابن ماجة بإسناد ضعيف ، وضعفه الشافعي وآخرون   .	0.76	1	urn:openiti:0676Nawawi.KhulasatAhkam.JK007107-ara1:p02913	2:704	2460	Abu Dawud, Ibn Maja	منه ، حديث ابن عمرو بن العاصي ، مرفوع : ' ثلاثة لا يقبل الله منهم صلاة : من تقدم قوما وهم له كارهون ، ورجل أتى الصلاة دبارا - والدبار أن يأتيها بعد أن تفوته - و
urn:hadith:0275AbuDawudSijistani.Sunan:664	al-Nawawi (Khulasat al-ahkam)	676	classical	chain	fair	رواه أبو داود بإسناد حسن .	0.95	1	urn:openiti:0676Nawawi.KhulasatAhkam.JK007107-ara1:p02929	2:707	2472	Abu Dawud	وعن البراء بن عازب رضي الله عنهما قال : كان رسول الله صلى الله عليه وسلم يتخلل الصف من ناحية إلى ناحية ، يمسح صدورنا ومناكبنا ، ويقول : ' لا تختلفوا فتختلف قلوب
urn:hadith:0275AbuDawudSijistani.Sunan:666	al-Nawawi (Khulasat al-ahkam)	676	classical	chain	sound	رواه أبو داود بإسناد صحيح .	0.95	1	urn:openiti:0676Nawawi.KhulasatAhkam.JK007107-ara1:p02930	2:707	2473	Abu Dawud	وعن ابن عمر ، رضي الله عنهما ، أن رسول الله صلى الله عليه وسلم قال : ' أقيموا الصفوف ، وحاذوا بين المناكب ، وسدوا الخلل ، ولينوا بأيدي إخوانكم ، ولا تذروا فرجات
urn:hadith:0275AbuDawudSijistani.Sunan:667	al-Nawawi (Khulasat al-ahkam)	676	classical	chain	sound	رواه أبو داود بإسناد على شرط مسلم . الحذف بحاء مهملة ، وذال معجمة مفتوحتين ، ثم فاء ، وهي : غنم صغار تكون باليمن .	0.68	1	urn:openiti:0676Nawawi.KhulasatAhkam.JK007107-ara1:p02933	2:708	2476	Abu Dawud	وعن أنس رضي الله عنه ، أن رسول الله صلى الله عليه وسلم قال : ' رصوا صفوفكم ، وقاربوا بينها وحاذوا بالأعناق ، فوالذي نفسي بيده إني لأري الشيطان   يدخل من خلل الص
urn:hadith:0275AbuDawudSijistani.Sunan:671	al-Nawawi (Khulasat al-ahkam)	676	classical	chain	fair	رواه أبو داود بإسناد حسن .	0.86	1	urn:openiti:0676Nawawi.KhulasatAhkam.JK007107-ara1:p02938	2:709	2480	Abu Dawud	وعن أنس ، أن رسول الله صلى الله عليه وسلم قال : ' أتموا الصف المقدم ، ثم الذي يليه ، فما كان من نقص فليكن في الصف المؤخر '
urn:hadith:0275AbuDawudSijistani.Sunan:676	al-Nawawi (Khulasat al-ahkam)	676	classical	chain	disputed_narrator	رواه أبو داود بإسناد على شرط مسلم ، وفيه رجل مختلف فيه .	0.8	1	urn:openiti:0676Nawawi.KhulasatAhkam.JK007107-ara1:p02940	2:709	2482	Abu Dawud	وعن عائشة رضي الله عنها قالت ، قال رسول الله صلى الله عليه وسلم : ' إن الله وملائكته يصلون على ميامن الصفوف '
urn:hadith:0275AbuDawudSijistani.Sunan:679	al-Nawawi (Khulasat al-ahkam)	676	classical	chain	sound	رواه أبو داود بإسناد على شرط مسلم .	0.9	1	urn:openiti:0676Nawawi.KhulasatAhkam.JK007107-ara1:p02949	2:711	2490	Abu Dawud	وعن عائشة رضي الله عنها ، قال رسول الله صلى الله عليه وسلم : ' لا يزال قوم يتأخرون عن الصف الأول حتى يؤخرهم الله في النار '
	al-Nawawi (Khulasat al-ahkam)	676	classical	chain	weak	[فصل في ضعيفه] رواه ابن ماجة بإسناد ضعيف   .		0	urn:openiti:0676Nawawi.KhulasatAhkam.JK007107-ara1:p02953	2:712	2493	Ibn Maja	منه ، عن ابن عمر ، قيل : يا رسول الله ، تعطلت ميسرة المسجد . فقال : ' من عمر ميسرة المسجد كتب الله له كفلين من الأجر '
urn:hadith:0273IbnMaja.Sunan:977	al-Nawawi (Khulasat al-ahkam)	676	classical	chain	sound	رواه النسائي ، وابن ماجة بإسنادين على شرط البخاري ومسلم .	0.83	1	urn:openiti:0676Nawawi.KhulasatAhkam.JK007107-ara1:p02957	2:713	2496	al-Nasaʾi, Ibn Maja	وعن أنس رضي الله عنه ، قال : ' كان رسول الله صلى الله عليه وسلم يحب أن يليه المهاجرون والأنصار ليأخذوا عنه '
urn:hadith:0275AbuDawudSijistani.Sunan:677	al-Nawawi (Khulasat al-ahkam)	676	classical	chain	fair	رواه أبو داود ، والبيهقي بإسناد حسن .	0.5	1	urn:openiti:0676Nawawi.KhulasatAhkam.JK007107-ara1:p02959	2:714	2498	Abu Dawud	وعن أبي مالك الأشعري ، رضي الله عنه ، قال : ' ألا أحدثكم بصلاة رسول الله صلى الله عليه وسلم ، قال : أقام الصلاة ، فصف - يعنى الرجال - وصف خلفهم الغلمان ، ثم صلى
	al-Nawawi (Khulasat al-ahkam)	676	classical	chain	weak	[فصل في ضعيفه] رواه الدراقطني بإسناد ضعيف .		0	urn:openiti:0676Nawawi.KhulasatAhkam.JK007107-ara1:p02962	2:714	2500		منه ، عن ابن عباس مرفوع : ' لا يتقدم الصف الأول أعرابي ، ولا أعجمي ، ولا صبي '
	al-Nawawi (Khulasat al-ahkam)	676	classical	hadith	weak	[فصل في ضعيفه] رواه البيهقي هكذا ، وهو ضعيف ، فإن ابن إسحاق مدلس مشهور بذلك ، والمدلس إذا قال : عن ، لا يحتج به بالاتفاق .		0	urn:openiti:0676Nawawi.KhulasatAhkam.JK007107-ara1:p02971	2:715	2507		عن محمد بن إسحاق ، عن عبد الرحمن الأسود ، عن أبيه قال : ' دخلت أنا ، وعلقمة على ابن مسعود بالهاجرة فلما زالت الشمس ، أقام الصلاة فقمت أنا وصاحبي خلفه فأخذ بيدي 
	al-Nawawi (Khulasat al-ahkam)	676	classical	hadith	weak_by_section	[فصل في ضعيفه] ورواه أبو داود بإسناد فيه : هارون بن عنترة ، وثقه أحمد ، وابن معين .		0	urn:openiti:0676Nawawi.KhulasatAhkam.JK007107-ara1:p02972	2:716	2508	Abu Dawud	
	al-Nawawi (Khulasat al-ahkam)	676	classical	chain	fair	رواه الإمام ، وابن ماجة بإسناد حسن .		0	urn:openiti:0676Nawawi.KhulasatAhkam.JK007107-ara1:p02982	2:718	2517	Ibn Maja	وعن علي بن شيبان ، رضي الله عنه ، قال : صلينا وراء النبي صلى الله عليه وسلم فقضى الصلاة ، فرأى رجلا فردا خلف الصف ، فقال : ' استقبل صلاتك ، لا صلاة للذي خلف الص
	al-Nawawi (Khulasat al-ahkam)	676	classical	hadith	weak_by_section	[فصل في ضعيفه] رواه أبو داود في ' المراسيل ' ، والبيهقي .		0	urn:openiti:0676Nawawi.KhulasatAhkam.JK007107-ara1:p02986	2:720	2520	Abu Dawud	عن مقاتل بن حيان ، قال النبي صلى الله عليه وسلم ' إن جاء رجل فلم يجد أحدا فليختلج إليه رجلا من الصف فليقم معه ، فما أعظم أجر المختلج ! ' هذا مرسل ،
urn:hadith:0275AbuDawudSijistani.Sunan:597	al-Nawawi (Khulasat al-ahkam)	676	classical	chain	sound	رواه أبو داود بإسناد صحيح .	0.84	1	urn:openiti:0676Nawawi.KhulasatAhkam.JK007107-ara1:p02996	2:722	2528	Abu Dawud	وعن همام قال : ' أم حذيفة ، رضي الله عنه ، الناس بالمدائن على دكان ، فأخذ أبو مسعود بقميصه فجبذه ، فلما فرغ من صلاته ، قال : ألم تعلم أنهم كانوا ينهون عن ذلك ؟ 
	al-Nawawi (Khulasat al-ahkam)	676	classical	chain	weak	ورواها البيهقي بإسناد ضعيف ، عن أبي سعيد الخدري : أن حذيفة صلى بالمدائن على دكان فجبذه سلمان ، وقال : أما سمعت رسول الله صلى الله عليه وسلم يقول : ' لا يصلي الإمام على نشر مما عليه أصحابه ' .		0	urn:openiti:0676Nawawi.KhulasatAhkam.JK007107-ara1:p02999	2:723	2531		
urn:hadith:0275AbuDawudSijistani.Sunan:580	al-Nawawi (Khulasat al-ahkam)	676	classical	hadith	fair	رواه أبو داود ، وابن ماجة ، والبيهقي بأسانيد حسنة أو صحيحة ، وليس في رواية أبي داود : ' وأتم الصلاة ' .	0.56	1	urn:openiti:0676Nawawi.KhulasatAhkam.JK007107-ara1:p03003	2:723	2534	Abu Dawud, Ibn Maja	وعن   عقبة بن عامر ، رضي الله عنه ، سمعت رسول الله صلى الله عليه وسلم يقول : ' من أم الناس فأصاب الوقت ، وأتم الصلاة ، فله ولهم ، ومن نقص من ذلك شيئا فعليه ولا 
urn:hadith:0275AbuDawudSijistani.Sunan:434	al-Nawawi (Khulasat al-ahkam)	676	classical	chain	sound	رواه أبو داود بإسناد صحيح ، إلا صالح بن عبيد فسكتوا عنه ، ولم يضعفه أبو داود   .	0.95	1	urn:openiti:0676Nawawi.KhulasatAhkam.JK007107-ara1:p03004	2:724	2535	Abu Dawud	وعن صالح بن عبيد ، عن قبيصة بن وقاص ، رضي الله عنه قال ، قال رسول الله صلى الله عليه وسلم : ' يكون عليكم أمراء من بعدي يؤخرون الصلاة ، فهي لكم ، وهي عليهم ، فصل
urn:hadith:0303Nasai.SunanKubra:1914	al-Nawawi (Khulasat al-ahkam)	676	classical	chain	fair	رواه النسائي ، والدارقطني ، والبيهقي بإسناد حسن أو صحيح .	0.96	2	urn:openiti:0676Nawawi.KhulasatAhkam.JK007107-ara1:p03014	2:726	2542	al-Nasaʾi, al-Daraqutni	وعن عائشة رضي الله عنها ، أنها اعتمرت مع رسول الله صلى الله عليه وسلم من المدينة إلى مكة حتى إذا قدمت مكة قالت : يا رسول الله ، بأبي أنت وأمي ، قصرت وأتممت ، وأ
urn:hadith:0303Nasai.SunanSughra:1456	al-Nawawi (Khulasat al-ahkam)	676	classical	chain	fair	رواه النسائي ، والدارقطني ، والبيهقي بإسناد حسن أو صحيح .	0.96	2	urn:openiti:0676Nawawi.KhulasatAhkam.JK007107-ara1:p03014	2:726	2542	al-Nasaʾi, al-Daraqutni	وعن عائشة رضي الله عنها ، أنها اعتمرت مع رسول الله صلى الله عليه وسلم من المدينة إلى مكة حتى إذا قدمت مكة قالت : يا رسول الله ، بأبي أنت وأمي ، قصرت وأتممت ، وأ
	al-Nawawi (Khulasat al-ahkam)	676	classical	chain	fair	رواه البيهقي بإسناد جيد .		0	urn:openiti:0676Nawawi.KhulasatAhkam.JK007107-ara1:p03021	2:729	2549		وعن ابن عمر رضي الله عنهما ، أن رسول الله صلى الله عليه وسلم قال : ' إن الله يحب أن تؤتى رخصه ، كما يحب أن تؤتى عزائمه '
	al-Nawawi (Khulasat al-ahkam)	676	classical	chain	sound	رواه البيهقي بإسناد صحيح .		0	urn:openiti:0676Nawawi.KhulasatAhkam.JK007107-ara1:p03024	2:730	2551		عن عطاء : ' ان ابن عمر ، وابن عباس كانا يصليان ركعتين ، ويفطران في أربعة برد ، فما فوقها '
	al-Nawawi (Khulasat al-ahkam)	676	classical	chain	sound	رواه الشافعي ، والبيهقي بإسناد صحيح . وهذه المواضع الثلاثة بين كل واحدة منها ، وبين مكة مرحلتان ، وهما أربعة برد .		0	urn:openiti:0676Nawawi.KhulasatAhkam.JK007107-ara1:p03026	2:730	2553	the Three	وعنه : ' سئل ابن عباس أأقصر الصلاة إلى عرفة ؟ فقال : لا ، ولكن إلى عسفان ، وإلى جدة ، ، وإلى الطائف '
urn:hadith:0385Daraqutni.Sunan:1373	al-Nawawi (Khulasat al-ahkam)	676	classical	chain	very_weak	[فصل في ضعيفه] رواه الدارقطني ، والبيهقي بإسناد ضعيف جدا .	0.79	1	urn:openiti:0676Nawawi.KhulasatAhkam.JK007107-ara1:p03031	2:731	2557	al-Daraqutni	منه ، عن ابن عباس ، عن النبي صلى الله عليه وسلم : ' يا أهل مكة ، لا تقصروا في أدنى من أربعة برد ، من مكة إلى عسفان '
	al-Nawawi (Khulasat al-ahkam)	676	classical	chain	sound	رواه البيهقي بإسناد صحيح على شرط الصحيحين   .		0	urn:openiti:0676Nawawi.KhulasatAhkam.JK007107-ara1:p03044	2:734	2569		ومن ابن عمر قال : ' ارتج علينا الثلج ونحن بأذربيجان ، ستة أشهر في غزاة ، وكنا نصلي ركعتين '
	al-Nawawi (Khulasat al-ahkam)	676	classical	chain	disputed_narrator	رواه البيهقي بإسناد صحيح ، وفيه عكرمة بن عمار ، اختلفوا في الاحتجاج به ، واحتج به مسلم في ' صحيحه ' .		0	urn:openiti:0676Nawawi.KhulasatAhkam.JK007107-ara1:p03045	2:734	2570		وعن أنس : ' أن أصحاب رسول الله صلى الله عليه وسلم أقاموا برامهرمز تسعة أشهر ، نقصر الصلاة '
	al-Nawawi (Khulasat al-ahkam)	676	classical	chain	disputed_narrator	رواه البيهقي بإسناد صحيح ، فيه عبد الوهاب بن عطاء ، مختلف فيه ، وثقه الأكثرون ، واحتج به مسلم في ' صحيحه ' .		0	urn:openiti:0676Nawawi.KhulasatAhkam.JK007107-ara1:p03046	2:735	2571		وعنه : ' أنه أقام بالشام مع عبد الملك بن مروان شهرين يصلي صلاة المسافر '
urn:hadith:0279Tirmidhi.Sunan:525	al-Nawawi (Khulasat al-ahkam)	676	classical	chain	narrators_trustworthy	رواه أبو داود ، والترمذي . ، رجاله ثقات رجال الشيخين	0.96	1	urn:openiti:0676Nawawi.KhulasatAhkam.JK007107-ara1:p03061	2:737	2584	Abu Dawud, al-Tirmidhi	وعن   معاذ بن جبل رضي الله عنه : ' أن النبي صلى الله عليه وسلم كان في غزوة تبوك إذا ارتحل قبل زيغ الشمس أخر الظهر إلى العصر فيصليهما جميعا ، وإذا ارتحل بعد زيغ 
	al-Nawawi (Khulasat al-ahkam)	676	classical	chain	fair	ورواه البيهقي أيضا من رواية ابن عباس بمعناه بإسناد جيد .		0	urn:openiti:0676Nawawi.KhulasatAhkam.JK007107-ara1:p03065	2:738	2588		
	al-Nawawi (Khulasat al-ahkam)	676	classical	hadith	weak_by_section	[فصل في ضعيفه] رواهما البيهقي وضعفهما .		0	urn:openiti:0676Nawawi.KhulasatAhkam.JK007107-ara1:p03078	2:741	2599		وعمر عن موقوف : ' الجمع بين الصلاتين من غير عذر من الكبائر ' .
urn:hadith:0275AbuDawudSijistani.Sunan:1248	al-Nawawi (Khulasat al-ahkam)	676	classical	chain	sound	رواه أبو داود ، والنسائي بإسناد صحيح .	0.74	1	urn:openiti:0676Nawawi.KhulasatAhkam.JK007107-ara1:p03094	2:745	2610	Abu Dawud, al-Nasaʾi	قال : ' فكانت لرسول الله صلى الله عليه وسلم في خوف الظهر ، فصف بعضهم خلفه ، وبعضهم بإزاء العدو ، فصلى ركعتين ثم سلم ، فانطلق الذين صلوا معه فوقفوا موقف أصحابهم 
urn:hadith:0275AbuDawudSijistani.Sunan:1244	al-Nawawi (Khulasat al-ahkam)	676	classical	hadith	weak	[فصل في ضعيفه] رواه أبو داود ، وهو ضعيف منقطع . خصيف ضعيف ، وأبو عبيدة لم يدرك أباه .	0.79	1	urn:openiti:0676Nawawi.KhulasatAhkam.JK007107-ara1:p03099	2:746	2613	Abu Dawud	منه ، عن خصيف ، عن أبي عبيدة بن ابن مسعود ، عن أبيه : ' صلى رسول الله   صلى الله عليه وسلم فقاموا صفا خلفه ، وصفا مستقبل العدو فصلى بهم ركعة ، ثم جاء الآخرون فق
urn:hadith:0275AbuDawudSijistani.Sunan:1236	al-Nawawi (Khulasat al-ahkam)	676	classical	chain	sound	رواه أبو داود ، والنسائي بإسناد صحيح على شرط الصحيحين إلى أبي عياش .	0.76	1	urn:openiti:0676Nawawi.KhulasatAhkam.JK007107-ara1:p03104	2:748	2617	Abu Dawud, al-Nasaʾi	وعن أبي عياش الزرقي ، رضي الله عنه ، واسمه زيد ، وقيل عبيد ، قال : ' كنا مع رسول الله صلى الله عليه وسلم بعسفان ، وعلى المشركين خالد بن الوليد ، فصلينا الظهر ، 
urn:hadith:0275AbuDawudSijistani.Sunan:1249	al-Nawawi (Khulasat al-ahkam)	676	classical	chain	disputed	رواه أبو داود بإسناد حسن ، وفيه محمد بن إسحاق بن يسار ، وهو مدلس ، وقد قال في رواية أبي داود ' عن ' .	0.86	1	urn:openiti:0676Nawawi.KhulasatAhkam.JK007107-ara1:p03110	2:749	2621	Abu Dawud	وعن عبد الله بن أنيس رضي الله عنه ، قال : بعثني رسول الله صلى الله عليه وسلم إلى خالد بن سفيان الهذلي ، وكان نحو عرنة وعرفات ، فقال : ' اذهب فاقتله ' فرأيته وحض
urn:hadith:0275AbuDawudSijistani.Sunan:1046	al-Nawawi (Khulasat al-ahkam)	676	classical	chain	sound	رواه مالك في ' الموطأ ' ، وأبو داود بإسناد على شرط الصحيحين .	0.86	1	urn:openiti:0676Nawawi.KhulasatAhkam.JK007107-ara1:p03122	2:752	2630	Abu Dawud	وعنه ، قال قال رسول الله صلى الله عليه وسلم : ' خير يوم طلعت فيه الشمس يوم الجمعة ، فيه خلق آدم ، وفيه أهبط ، وفيه تيب عليه ، وفيه مات ، وفيه تقوم الساعة ، وما 
urn:hadith:0275AbuDawudSijistani.Sunan:1048	al-Nawawi (Khulasat al-ahkam)	676	classical	chain	sound	رواه أبو داود ، والنسائي بهذه الحروف بإسناد صحيح .	0.68	1	urn:openiti:0676Nawawi.KhulasatAhkam.JK007107-ara1:p03129	2:754	2637	Abu Dawud, al-Nasaʾi	وعن جابر رضي الله عنه ، أن النبي صلى الله عليه وسلم قال : ' يوم الجمعة ثنتا عشرة ساعة ، لا يوجد مسلم يسأل الله تعالى شيئا ، إلا أتاه الله عز وجل ، فالتمسوها آخر
urn:hadith:0279Tirmidhi.Sunan:465	al-Nawawi (Khulasat al-ahkam)	676	classical	hadith	very_weak	[فصل في ضعيفه] رواه الترمذي وضعفه هو وغيره . ومحمد هذا منكر الحديث ، سيء الحفظ .	0.54	1	urn:openiti:0676Nawawi.KhulasatAhkam.JK007107-ara1:p03132	2:755	2639	al-Tirmidhi	منه ، محمد بن أبي حميد ، عن موسى بن وردان ، عن أنس ، رفعه : ' التمسوا ساعة الجمعة بعد العصر إلى غيبوبة الشمس '
	al-Nawawi (Khulasat al-ahkam)	676	classical	hadith	weak_by_section	[فصل في ضعيفه] رواه الترمذي .		0	urn:openiti:0676Nawawi.KhulasatAhkam.JK007107-ara1:p03133	2:755	2640	al-Tirmidhi	وعن كثير بن عبد الله بن عمرو بن عوف ، عن أبيه ، عن جده رفعه : ' أنها من حين تقام الصلاة إلى الانصراف   '
urn:hadith:0275AbuDawudSijistani.Sunan:1067	al-Nawawi (Khulasat al-ahkam)	676	classical	chain	sound	رواه أبو داود بإسناد على شرط الصحيحين .	0.78	1	urn:openiti:0676Nawawi.KhulasatAhkam.JK007107-ara1:p03142	2:757	2647	Abu Dawud	وعن طارق بن شهاب رضي الله عنه ، أن النبي صلى الله عليه وسلم قال : ' الجمعة حق واجب على كل مسلم في جماعة إلا أربعة : عبد مملوك ، وامرأة ، أو صبي ، أو مريض '
	al-Nawawi (Khulasat al-ahkam)	676	classical	chain	fair	رواه الثلاثة بإسناد حسن ، ولم يضعفه أبو داود .		0	urn:openiti:0676Nawawi.KhulasatAhkam.JK007107-ara1:p03146	2:758	2651	the Three	وعن أبي الجعد الضمري رضي الله عنه ، عن النبي صلى الله عليه وسلم قال : ' من ترك ثلاث جمع تهاونا طبع الله على قلبه '
urn:hadith:0303Nasai.SunanKubra:1660	al-Nawawi (Khulasat al-ahkam)	676	classical	chain	sound	رواه النسائي بإسناد صحيح على شرط مسلم بهذا اللفظ .	0.67	2	urn:openiti:0676Nawawi.KhulasatAhkam.JK007107-ara1:p03148	2:758	2653	al-Nasaʾi	وعن حفصة رضي الله عنها ، أن النبي صلى الله عليه وسلم قال : ' رواح الجمعة واجب على كل محتلم '
urn:hadith:0303Nasai.SunanSughra:1371	al-Nawawi (Khulasat al-ahkam)	676	classical	chain	sound	رواه النسائي بإسناد صحيح على شرط مسلم بهذا اللفظ .	0.67	2	urn:openiti:0676Nawawi.KhulasatAhkam.JK007107-ara1:p03148	2:758	2653	al-Nasaʾi	وعن حفصة رضي الله عنها ، أن النبي صلى الله عليه وسلم قال : ' رواح الجمعة واجب على كل محتلم '
urn:hadith:0273IbnMaja.Sunan:1081	al-Nawawi (Khulasat al-ahkam)	676	classical	hadith	weak	[فصل في ضعيفه] رواه ابن ماجه ، والبيهقي وضعفه ، في إسناده ضعيفان .	0.75	1	urn:openiti:0676Nawawi.KhulasatAhkam.JK007107-ara1:p03151	2:759	2655	Ibn Maja	منه ، حديث جابر أن النبي صلى الله عليه وسلم خطب ، فقال : ' اعلموا   أن الله تعالى افترض عليكم الجمعة فمن تركها في حياتي ، أو بعدي ، وله إمام عادل ، أو جائر ، اس
	al-Nawawi (Khulasat al-ahkam)	676	classical	chain	weak	[فصل في ضعيفه] رواه الدارقطني بإسناد ضعيف   .		0	urn:openiti:0676Nawawi.KhulasatAhkam.JK007107-ara1:p03152	2:759	2656	al-Daraqutni	وحديثه الآخر : ' من كان يؤمن بالله واليوم الآخر فعليه الجمعة ، إلا امرأة ، أو عبد ، أو مريض ، أو صبي '
	al-Nawawi (Khulasat al-ahkam)	676	classical	hadith	weak	[فصل في ضعيفه] رواها الدارقطني والبيهقي من رواية عبد الله بن نافع ، وهو ضعيف .		0	urn:openiti:0676Nawawi.KhulasatAhkam.JK007107-ara1:p03162	2:762	2664	al-Daraqutni	قال البيهقي : ' الصحيح أنه موقوف على ابن عمر ' . والرواية المرفوعة
	al-Nawawi (Khulasat al-ahkam)	676	classical	hadith	weak	رواه الدارقطني في ' الأفراد ' من رواية ابن لهيعة ، وهو ضعيف .		0	urn:openiti:0676Nawawi.KhulasatAhkam.JK007107-ara1:p03168	2:763	2669	al-Daraqutni	وعن ابن عمر رفعه : ' من سافر يوم الجمعة دعت عليه الملائكة أن لا يصحب في سفره '
urn:hadith:0279Tirmidhi.Sunan:474	al-Nawawi (Khulasat al-ahkam)	676	classical	hadith	weak	[فصل في ضعيفه] رواه الترمذي وضعفه ، وأحمد بن حنبل وآخرون .	0.62	1	urn:openiti:0676Nawawi.KhulasatAhkam.JK007107-ara1:p03177	2:765	2676	al-Tirmidhi, Ahmad	وحديث عن أبي هريرة رفعه : ' الجمعة على من آواه الليل إلى أهله '
	al-Nawawi (Khulasat al-ahkam)	676	classical	hadith	weak	[فصل في ضعيفه] رواه أبو داود ، والبيهقي ، وهو ضعيف بالاتفاق .		0	urn:openiti:0676Nawawi.KhulasatAhkam.JK007107-ara1:p03184	2:767	2682	Abu Dawud	وفي رواية : ' مد ، أو نصف مد '
urn:hadith:0275AbuDawudSijistani.Sunan:1069	al-Nawawi (Khulasat al-ahkam)	676	classical	hadith	disputed	رواه أبو داود ، والدارقطني ، والبيهقي وآخرون ، بأسانيد حسنة ، وتصير باجتماعها صحيحة . وهو من رواية محمد بن إسحاق ، وهو مدلس ، وقد قال في رواية أبي داود : عن . لكن في أكثر روايات البيهقي قال : ' حدثني ' .	0.69	1	urn:openiti:0676Nawawi.KhulasatAhkam.JK007107-ara1:p03189	2:768	2686	Abu Dawud, al-Daraqutni	عن عبد الرحمن بن كعب بن مالك : ' أن أباه كان إذا سمع النداء يوم الجمعة ترحم لأسعد بن زرارة ، قال : فقلت له ، قال : لأنه أول من جمع بنا في نقيع ، يقال له : نقيع 
	al-Nawawi (Khulasat al-ahkam)	676	classical	hadith	weak	[فصل في ضعيفه] رواه الدارقطني ، والبيهقي وضعفه .		0	urn:openiti:0676Nawawi.KhulasatAhkam.JK007107-ara1:p03194	2:769	2690	al-Daraqutni	منه ، حديث جابر : ' مضت السنة أن في كل ثلاثة إماما ، وفي كل أربعين فما فوق ذلك جمعة ، وأضحى ، وفطرا '
urn:hadith:0385Daraqutni.Sunan:1511	al-Nawawi (Khulasat al-ahkam)	676	classical	hadith	weak_by_section	[فصل في ضعيفه] رواه الدارقطني ، والبيهقي .	0.94	1	urn:openiti:0676Nawawi.KhulasatAhkam.JK007107-ara1:p03196	2:770	2692	al-Daraqutni	وحديث الزهري ، عن أم عبد الله الدوسية ، أن النبي صلى الله عليه وسلم قال : ' الجمعة واجبة على كل قرية ، وإن لم يكن فيها إلا أربعة ' يعني بالقرى المدائن .
	al-Nawawi (Khulasat al-ahkam)	676	classical	chain	very_weak	[فصل في ضعيفه] رواه عنه متروك ، ولا يصح سماع الزهري من الدوسية ' .		0	urn:openiti:0676Nawawi.KhulasatAhkam.JK007107-ara1:p03197	2:770	2693		قال الدارقطني : ' لا يصح هذا عن الزهري ، وكل من
	al-Nawawi (Khulasat al-ahkam)	676	classical	hadith	weak	[فصل في ضعيفه] رواه الدارقطني وغيره ، واتفقوا على ضعفه ، وضعف ابن سيدان .		0	urn:openiti:0676Nawawi.KhulasatAhkam.JK007107-ara1:p03217	2:773	2710	al-Daraqutni	عن عبد الله بن سيدان ، بكسر المهملة ، السلمي قال : شهدت الجمعة مع أبي بكر الصديق رضي الله عنه ، فكانت خطبته وصلاته قبل الزوال ، ثم ذكر عن عمر وعثمان نحوه ، قال 
urn:hadith:0303Nasai.SunanKubra:1669	al-Nawawi (Khulasat al-ahkam)	676	classical	chain	sound	رواه النسائي بإسناد على شرط مسلم .	0.92	2	urn:openiti:0676Nawawi.KhulasatAhkam.JK007107-ara1:p03224	2:775	2716	al-Nasaʾi	وعن جابر رضي الله عنه ، قال رسول الله صلى الله عليه وسلم : ' على كل رجل مسلم في كل سبعة أيام غسل يوم ، وهو يوم الجمعة '
urn:hadith:0303Nasai.SunanSughra:1378	al-Nawawi (Khulasat al-ahkam)	676	classical	chain	sound	رواه النسائي بإسناد على شرط مسلم .	0.92	2	urn:openiti:0676Nawawi.KhulasatAhkam.JK007107-ara1:p03224	2:775	2716	al-Nasaʾi	وعن جابر رضي الله عنه ، قال رسول الله صلى الله عليه وسلم : ' على كل رجل مسلم في كل سبعة أيام غسل يوم ، وهو يوم الجمعة '
urn:hadith:0275AbuDawudSijistani.Sunan:345	al-Nawawi (Khulasat al-ahkam)	676	classical	hadith	fair	رواه الثلاثة بأسانيد حسنة ،	0.77	1	urn:openiti:0676Nawawi.KhulasatAhkam.JK007107-ara1:p03225	2:775	2717	the Three	وعن أوس بن أوس رضي الله عنه ، قال سمعت رسول الله صلى الله عليه وسلم يقول : ' من غسل يوم الجمعة واغتسل ، وبكر وابتكر ، ومشى ولم يركب ، ودنا من الإمام فاستمع ولم 
urn:hadith:0405HakimNaysaburi.Mustadrak:1044	al-Nawawi (Khulasat al-ahkam)	676	classical	chain	disputed	رواه الحاكم ، وادعى أنه صحيح على شرط البخاري ومسلم . وفي رواته هارون بن مسلم الحنائي ، قال : هو ثقة . وقال أبو حاتم : ' لين ' .	0.8	1	urn:openiti:0676Nawawi.KhulasatAhkam.JK007107-ara1:p03228	2:776	2720	al-Hakim	وعن أبي قتادة رضي الله عنه ، قال سمعت رسول الله صلى الله عليه وسلم يقول : ' من اغتسل يوم الجمعة كان في طهارة   إلى الجمعة الأخرى '
	al-Nawawi (Khulasat al-ahkam)	676	classical	chain	disputed	رواه أبو داود في آخر كتاب ' الطهارة ' والبيهقي بإسناد حسن ، فيه محمد بن إسحاق وهو مدلس ، لكنه قد قال في رواية البيهقي : ' حدثني ' ، فصار حسنا .		0	urn:openiti:0676Nawawi.KhulasatAhkam.JK007107-ara1:p03244	2:779	2734	Abu Dawud	وعن أبي هريرة ، وأبي سعيد ، قالا : سمعنا رسول الله صلى الله عليه وسلم يقول : ' من اغتسل يوم الجمعة ، واستن ومس من طيب إن كان عنده ، ولبس أحسن ثيابه ، ثم جاء إلى
	al-Nawawi (Khulasat al-ahkam)	676	classical	hadith	sound	رواه البيهقي بإسناد صحيح ، وصححه .		0	urn:openiti:0676Nawawi.KhulasatAhkam.JK007107-ara1:p03247	2:781	2737		وعن ابن عمر : ' أنه كان يقلم أظفاره ، ويقص شاربه في كل جمعة '
	al-Nawawi (Khulasat al-ahkam)	676	classical	chain	fair	رواه البيهقي بإسناد حسن .		0	urn:openiti:0676Nawawi.KhulasatAhkam.JK007107-ara1:p03260	2:783	2748		وعن عمرو بن شعيب ، عن أبيه ، عن جده ، أن رسول الله صلى الله عليه وسلم قال : ' تقعد الملائكة على أبواب المسجد   يوم الجمعة يكتبون مجيء الناس حتى يخرج الإمام ، فإ
urn:hadith:0275AbuDawudSijistani.Sunan:1118	al-Nawawi (Khulasat al-ahkam)	676	classical	chain	sound	رواه أبو داود ، والنسائي بإسنادين صحيحين . إسناد أبي داود على شرط مسلم .	0.82	1	urn:openiti:0676Nawawi.KhulasatAhkam.JK007107-ara1:p03267	2:784	2754	Abu Dawud, al-Nasaʾi	وعن عبد الله بن بسر ، رضي الله عنه ، قال : جاء رجل يتخطى رقاب الناس ، فقال له النبي صلى الله عليه وسلم : ' اجلس فقد آذيت '
	al-Nawawi (Khulasat al-ahkam)	676	classical	chain	fair	رواه أبو داود بإسناد حسن ، إلا أن فيه أسامة بن زيد الليثي ، وفي الاحتجاج به خلاف .		0	urn:openiti:0676Nawawi.KhulasatAhkam.JK007107-ara1:p03269	2:785	2756	Abu Dawud	وعن عبد الله بن عمرو بن العاصي ، عن النبي صلى الله عليه وسلم في حديث يتعلق بغسل الجمعة ، قال في آخره : ' ومن لغا وتخطى رقاب الناس كانت له ظهرا '
	al-Nawawi (Khulasat al-ahkam)	676	classical	chain	sound	رواه البيهقي بإسناد صحيح .		0	urn:openiti:0676Nawawi.KhulasatAhkam.JK007107-ara1:p03270	2:785	2757		وعن جابر بن سمرة رضي الله عنهما قال : ' كنا إذا أتينا رسول الله صلى الله عليه وسلم جلسنا حيث ننتهي '
	al-Nawawi (Khulasat al-ahkam)	676	classical	chain	weak	[فصل في ضعيفه] رواه الترمذي ، وابن ماجه بإسناد ضعيف .		0	urn:openiti:0676Nawawi.KhulasatAhkam.JK007107-ara1:p03272	2:786	2758	al-Tirmidhi, Ibn Maja	منه ، عن معاذ بن أنس مرفوع : ' من تخطى الناس يوم الجمعة ، اتخذ جسرا إلى جهنم '
urn:hadith:0275AbuDawudSijistani.Sunan:1079	al-Nawawi (Khulasat al-ahkam)	676	classical	hadith	fair	رواه أبو داود ، والنسائي ، وآخرون بأسانيد حسنة .	0.95	1	urn:openiti:0676Nawawi.KhulasatAhkam.JK007107-ara1:p03278	2:787	2762	Abu Dawud, al-Nasaʾi	وعن عمرو بن شعيب ، عن أبيه ، عن جده : ' أن رسول الله صلى الله عليه وسلم نهى عن الشراء والبيع في المسجد ، وأن تنشد فيه ضالة ، وأن ينشد فيه شعر ، ونهى عن التحلق ق
	al-Nawawi (Khulasat al-ahkam)	676	classical	chain	weak	[فصل في ضعيفه] رواه البيهقي بإسناد ضعيف .		0	urn:openiti:0676Nawawi.KhulasatAhkam.JK007107-ara1:p03291	2:790	2772		منه ، حديث سعيد بن أبي الحسن ، أن أبا بكرة جاء في شهادة فقام له رجل من مجلسه ، فأبى أن يجلس فيه . وقال : ' إن النبي صلى الله عليه وسلم نهى عن ذا ، ونهى أن يمسح 
	al-Nawawi (Khulasat al-ahkam)	676	classical	hadith	weak	[فصل في ضعيفه] رواه ابن ماجة ، والبيهقي من رواية ابن لهيعة ، وهو ضعيف . 2788 - وعن ابن عمر ، كان النبي صلى الله عليه وسلم إذا دنا من منبره يوم الجمعة سلم على من عنده ، فإذا صعد استقبل الناس بوجهه ، ثم سلم . رواه البيهقي وضعفه .		0	urn:openiti:0676Nawawi.KhulasatAhkam.JK007107-ara1:p03311	2:793	2787	Ibn Maja	منه ، عن جابر : ' كان النبي صلى الله عليه وسلم إذا صعد المنبر سلم '
	al-Nawawi (Khulasat al-ahkam)	676	classical	hadith	fair	رواه أبو داود وغيره ، بأسانيد حسنة .		0	urn:openiti:0676Nawawi.KhulasatAhkam.JK007107-ara1:p03325	2:796	2800	Abu Dawud	عن الحكم بن حزن رضي الله عنه ، قال : وفدت إلى رسول الله صلى الله عليه وسلم سابع سبعة ، أو تاسع تسعة ، فدخلنا عليه ، فقلنا : يا رسول الله ، زرناك فادع الله لنا ب
urn:hadith:0273IbnMaja.Sunan:1107	al-Nawawi (Khulasat al-ahkam)	676	classical	chain	weak	[فصل في ضعيفه] رواه ابن ماجة ، والبيهقي بإسناد ضعيف .	0.81	1	urn:openiti:0676Nawawi.KhulasatAhkam.JK007107-ara1:p03327	2:797	2801	Ibn Maja	منه ، عن سعد القرظ : ' كان النبي صلى الله عليه وسلم إذا خطب في الحرب خطب على قوس ، وإذا خطب في الجمعة خطب على عصا '
	al-Nawawi (Khulasat al-ahkam)	676	classical	chain	weak	ورواه قرة بن عبد الرحمن ، عن أبي سلمة ، عن أبي هريرة فوصله ، ولا يصح '   .		0	urn:openiti:0676Nawawi.KhulasatAhkam.JK007107-ara1:p03356	2:802	2827		قال : '
urn:hadith:0275AbuDawudSijistani.Sunan:1113	al-Nawawi (Khulasat al-ahkam)	676	classical	chain	sound	رواه أبو داود بإسناد صحيح   .	0.71	1	urn:openiti:0676Nawawi.KhulasatAhkam.JK007107-ara1:p03367	2:804	2836	Abu Dawud	وعن عبد الله بن عمرو بن العاصي رضي الله عنهما ، عن النبي صلى الله عليه وسلم قال : ' يحضر الجمعة ثلاثة نفر : رجل حضرها يلغو فهو حظه منها ، ورجل حضرها ويدعو ، فهو
	al-Nawawi (Khulasat al-ahkam)	676	classical	chain	sound	رواه البيهقي بإسناد صحيح   .		0	urn:openiti:0676Nawawi.KhulasatAhkam.JK007107-ara1:p03373	2:806	2841		عن أنس رضي الله عنه ، قال : دخل رجل المسجد ورسول الله صلى الله عليه وسلم على المنبر يوم الجمعة : فقال : يا رسول الله ، متى الساعة ؟ فأشار إليه الناس أن اسكت . ف
urn:hadith:0303Nasai.SunanSughra:1419	al-Nawawi (Khulasat al-ahkam)	676	classical	hadith	weak	[فصل في ضعيفه] رواه الثلاثة . وضعفه البخاري ، وأبو داود ، والبيهقي وآخرون .	0.74	2	urn:openiti:0676Nawawi.KhulasatAhkam.JK007107-ara1:p03379	2:807	2845	Abu Dawud, the Three	منه ، حديث أنس : ' كان النبي صلى الله عليه وسلم ينزل من المنبر فيعرض له الرجل فيكلمه فيقوم معه حتى يقضي حاجته ، ثم يتقدم إلى مصلاه فيصلي '
urn:hadith:0303Nasai.SunanKubra:1732	al-Nawawi (Khulasat al-ahkam)	676	classical	hadith	weak	[فصل في ضعيفه] رواه الثلاثة . وضعفه البخاري ، وأبو داود ، والبيهقي وآخرون .	0.68	2	urn:openiti:0676Nawawi.KhulasatAhkam.JK007107-ara1:p03379	2:807	2845	Abu Dawud, the Three	منه ، حديث أنس : ' كان النبي صلى الله عليه وسلم ينزل من المنبر فيعرض له الرجل فيكلمه فيقوم معه حتى يقضي حاجته ، ثم يتقدم إلى مصلاه فيصلي '
urn:hadith:0275AbuDawudSijistani.Sunan:1133	al-Nawawi (Khulasat al-ahkam)	676	classical	chain	sound	رواه أبو داود بإسناد صحيح .	0.87	1	urn:openiti:0676Nawawi.KhulasatAhkam.JK007107-ara1:p03406	2:811	2867	Abu Dawud	وعن عطاء ، أنه : ' رأى ابن عمر يصلي بعد الجمعة فينماز عن مصلاه الذي صلى فيه الجمعة قليلا غير كثير ، فيركع ركعتين ، ثم يمشي أنفس من ذلك فيركع أربع ركعات ' . قيل 
urn:hadith:0275AbuDawudSijistani.Sunan:1128	al-Nawawi (Khulasat al-ahkam)	676	classical	hadith	sound	صحيح ، رواه أبو داود بإسناد على شرط البخاري .	0.93	1	urn:openiti:0676Nawawi.KhulasatAhkam.JK007107-ara1:p03411	2:812	2871	Abu Dawud	وعن نافع ، قال : ' كان ابن عمر يطيل الصلاة قبل الجمعة ، ويصلي بعدها ركعتين في بيته ، ويحدث أن رسول الله صلى الله عليه وسلم كان يفعل ذلك '
	al-Nawawi (Khulasat al-ahkam)	676	classical	chain	fabricated	[فصل في ضعيفه] رواه ابن ماجه . وهو حديث باطل اجتمع فيه هؤلاء الأربعة ، وهم ضعفاء ، ومبشر وضاع صاحب أباطيل .		0	urn:openiti:0676Nawawi.KhulasatAhkam.JK007107-ara1:p03413	2:813	2872	Ibn Maja, the Four	عن بقية بن الوليد ، عن مبشر بن عبيد ، عن حجاج بن أرطاة ، عن عطية العوفي   ، عن ابن عباس : ' كان النبي صلى الله عليه وسلم يصلي قبل الجمعة أربعا ، لا يفصلهن '
urn:hadith:0275AbuDawudSijistani.Sunan:1531	al-Nawawi (Khulasat al-ahkam)	676	classical	chain	sound	رواه أبو داود والنسائي بإسناد صحيح .	0.86	1	urn:openiti:0676Nawawi.KhulasatAhkam.JK007107-ara1:p03416	2:813	2873	Abu Dawud, al-Nasaʾi	وعن أوس بن أوس رضي الله عنه ، قال قال رسول الله صلى الله عليه وسلم : ' إن من أفضل أيامكم يوم الجمعة ، فأكثروا علي من الصلاة فيه ، فإن صلاتكم معروضة علي ' فقالوا
	al-Nawawi (Khulasat al-ahkam)	676	classical	chain	sound	رواه البيهقي بإسناد صحيح .		0	urn:openiti:0676Nawawi.KhulasatAhkam.JK007107-ara1:p03423	2:815	2878		عن عمر بن الخطاب رضي الله عنه ، قال : ' إذا اشتد الزحام فليسجد أحدكم على ظهر أخيه '
	al-Nawawi (Khulasat al-ahkam)	676	classical	hadith	weak	رواه البيهقي وضعفه . التهجير : التبكير . والله أعلم .		0	urn:openiti:0676Nawawi.KhulasatAhkam.JK007107-ara1:p03425	2:815	2879		عن سهل بن سعد الساعدي ، عن النبي صلى الله عليه وسلم : ' إن لكم في كل جمعة حجة وعمرة ، فالحجة التهجير للجمعة ، والعمرة انتظار العصر بعد الجمعة '
	al-Nawawi (Khulasat al-ahkam)	676	classical	chain	fair	رواه أبو داود   ، والنسائي بإسناد حسن .		0	urn:openiti:0676Nawawi.KhulasatAhkam.JK007107-ara1:p03427	2:816	2880	Abu Dawud, al-Nasaʾi	عن زيد بن أرقم رضي الله عنه ، قال : شهدت مع النبي صلى الله عليه وسلم عيدين اجتمعا ، فصلى العيد ، ثم رخص في الجمعة ، فقال : ' من شاء أن يصلي فليصل '
urn:hadith:0275AbuDawudSijistani.Sunan:1071	al-Nawawi (Khulasat al-ahkam)	676	classical	chain	sound	رواه أبو داود بإسناد على شرط مسلم .	0.86	1	urn:openiti:0676Nawawi.KhulasatAhkam.JK007107-ara1:p03428	2:816	2881	Abu Dawud	وعن عطاء ، قال : ' صلى ابن الزبير في يوم عيد ، يوم جمعة أول النهار ، ثم رحنا إلى الجمعة ، فلم يخرج إلينا ، فصلينا وحدانا . وكان ابن عباس بالطائف فلما قدم ذكرنا 
urn:hadith:0275AbuDawudSijistani.Sunan:1134	al-Nawawi (Khulasat al-ahkam)	676	classical	chain	sound	رواه أبو داود ، والنسائي وغيرهما بأسانيد صحيحة .	0.85	1	urn:openiti:0676Nawawi.KhulasatAhkam.JK007107-ara1:p03431	2:819	2883	Abu Dawud, al-Nasaʾi	عن أنس رضي الله عنه ، قال : قدم رسول الله صلى الله عليه وسلم المدينة ولهم يومان يلعبون فيهما ، فقال : ' ما هذان اليومان ؟ ' قالوا : كنا نلعب فيهما في الجاهلية .
	al-Nawawi (Khulasat al-ahkam)	676	classical	hadith	weak_by_section	[فصل في ضعيفه] رواهما ابن ماجه ضعيفان .		0	urn:openiti:0676Nawawi.KhulasatAhkam.JK007107-ara1:p03436	2:820	2886	Ibn Maja	وعن الفاكه بن سعد ، الصحابي مثله .
	al-Nawawi (Khulasat al-ahkam)	676	classical	chain	weak	رواه ابن خزيمة ، والبيهقي ، وإسناده ضعيف .		0	urn:openiti:0676Nawawi.KhulasatAhkam.JK007107-ara1:p03440	2:820	2889	Ibn Khuzayma	وعن جابر : ' أن النبي صلى الله عليه وسلم كان يلبس برده الأحمر في العيدين ، والجمعة '
	al-Nawawi (Khulasat al-ahkam)	676	classical	hadith	weak_by_section	[فصل في ضعيفه] رواهما ابن ماجه .		0	urn:openiti:0676Nawawi.KhulasatAhkam.JK007107-ara1:p03451	2:822	2898	Ibn Maja	وعن سعد القرظي : ' كان النبي صلى الله عليه وسلم يأتي العيد ماشيا ، ويرجع ماشيا '
urn:hadith:0275AbuDawudSijistani.Sunan:1160	al-Nawawi (Khulasat al-ahkam)	676	classical	chain	fair	رواه أبو داود بإسناد حسن .	0.75	1	urn:openiti:0676Nawawi.KhulasatAhkam.JK007107-ara1:p03461	2:825	2907	Abu Dawud	وعن أبي هريرة رضي الله عنه : ' أنهم أصابهم مطر في يوم عيد ، فصلى بهم النبي صلى الله عليه وسلم صلاة العيد في المسجد '
	al-Nawawi (Khulasat al-ahkam)	676	classical	chain	sound	رواه الشافعي بإسناد صحيح .		0	urn:openiti:0676Nawawi.KhulasatAhkam.JK007107-ara1:p03463	2:825	2909		وعن علي رضي الله عنه : ' أنه استخلف أبا مسعود الأنصاري ليصلي بضعفة الناس يوم العيد في المسجد '
urn:hadith:0279Tirmidhi.Sunan:514	al-Nawawi (Khulasat al-ahkam)	676	classical	chain	sound	رواه الترمذي ، وابن ماجه ، والدارقطني ، والحاكم بأسانيد صحيحة .	0.73	1	urn:openiti:0676Nawawi.KhulasatAhkam.JK007107-ara1:p03466	2:826	2911	al-Tirmidhi, Ibn Maja, al-Daraqutni, al-Hakim	وعن بريدة رضي الله عنه : ' كان رسول الله صلى الله عليه وسلم لا يخرج   يوم الفطر حتى يطعم ، ولا يطعم يوم الأضحى حتى يصلي ' حديث حسن
urn:hadith:0275AbuDawudSijistani.Sunan:1135	al-Nawawi (Khulasat al-ahkam)	676	classical	chain	sound	رواه أبو داود ، وابن ماجه بإسناد صحيح على شرط مسلم .	0.54	1	urn:openiti:0676Nawawi.KhulasatAhkam.JK007107-ara1:p03469	2:826	2914	Abu Dawud, Ibn Maja	وعن يزيد بن خمير ، بضم الخاء المعجمة ، قال : ' خرج عبد الله بن بسر ، صاحب النبي صلى الله عليه وسلم ، مع الناس يوم عيد فطر أو أضحى ، فأنكر إبطاء الإمام ، وقال : 
urn:hadith:0273IbnMaja.Sunan:1309	al-Nawawi (Khulasat al-ahkam)	676	classical	hadith	weak	[فصل في ضعيفه] ضعيف ، رواه ابن ماجه .	0.83	1	urn:openiti:0676Nawawi.KhulasatAhkam.JK007107-ara1:p03477	2:828	2919	Ibn Maja	منه ، عن ابن عباس : ' كان النبي صلى الله عليه وسلم يخرج بناته ونساءه في العيدين '
urn:hadith:0275AbuDawudSijistani.Sunan:1151	al-Nawawi (Khulasat al-ahkam)	676	classical	hadith	fair	رواه أبو داود ، وآخرون بأسانيد حسنة ، فيصير بمجموعها صحيحا .	0.73	1	urn:openiti:0676Nawawi.KhulasatAhkam.JK007107-ara1:p03492	2:830	2930	Abu Dawud	وعن عبد الله بن عمرو بن العاصي رضي الله عنهما ، قال : قال نبي الله صلى الله عليه وسلم : ' التكبير في الفطر سبع في الأولى ، وخمس في الآخرة ، والقراءة بعدهما كلتي
	al-Nawawi (Khulasat al-ahkam)	676	classical	chain	fair	رواه البيهقي بإسناد حسن .		0	urn:openiti:0676Nawawi.KhulasatAhkam.JK007107-ara1:p03500	2:832	2938		وعن علقمة ، أن ابن مسعود ، وأبا موسى ، وحذيفة خرج إليهم الوليد ابن عقبة قبل العيد ، فقال لهم : إن هذا العيد قد دنا ، فكيف التكبير فيه ؟ فقال عبد الله : ' تبدأ ف
	al-Nawawi (Khulasat al-ahkam)	676	classical	hadith	weak	رواه البيهقي   ، وهو ضعيف ومنقطع .		0	urn:openiti:0676Nawawi.KhulasatAhkam.JK007107-ara1:p03507	2:834	2945		وعن ابن لهيعة ، عن بكر بن سوادة ، أن عمر بن الخطاب رضي الله عنه : كان يرفع يديه مع كل تكبيرة في الجنازة والعيدين .
	al-Nawawi (Khulasat al-ahkam)	676	classical	chain	weak	[فصل في ضعيفه] رواه أبو داود بإسناد ضعيف .		0	urn:openiti:0676Nawawi.KhulasatAhkam.JK007107-ara1:p03516	2:836	2952	Abu Dawud	منه ، عن البراء بن عازب : ' أخذ النبي صلى الله عليه وسلم يوم العيد قوسا فخطب عليه '
	al-Nawawi (Khulasat al-ahkam)	676	classical	hadith	weak_by_section	[فصل في ضعيفه] ورواه البيهقي بهذا الإسناد ، وقال : ' أعطى قوسا ، أو عصا ، فاتكأ عليها ' .		0	urn:openiti:0676Nawawi.KhulasatAhkam.JK007107-ara1:p03517	2:836	2953		
	al-Nawawi (Khulasat al-ahkam)	676	classical	hadith	weak_by_section	[فصل في ضعيفه] رواه أبو داود .		0	urn:openiti:0676Nawawi.KhulasatAhkam.JK007107-ara1:p03520	2:836	2956	Abu Dawud	وحديث الفضل بن موسى ، عن ابن جريج ، عن عطاء ، عن عبيد الله ابن السائب ، أن النبي صلى الله عليه وسلم صلى بهم العيد ، ثم خطب فقال : ' من أحب أن يقيم فليقم ، ومن أ
urn:hadith:0275AbuDawudSijistani.Sunan:1157	al-Nawawi (Khulasat al-ahkam)	676	classical	hadith	sound	صحيح ، رواه أبو داود ، والنسائي ، وآخرون بأسانيد صحيحة .	0.7	1	urn:openiti:0676Nawawi.KhulasatAhkam.JK007107-ara1:p03527	2:838	2962	Abu Dawud, al-Nasaʾi	عن أبي عمير بن أنس بن مالك ، عن عمومة له من أصحاب النبي صلى الله عليه وسلم : ' أن ركبا جاءوا إلى النبي صلى الله عليه وسلم يشهدون أنهم رأوا الهلال بالأمس ، فأمره
	al-Nawawi (Khulasat al-ahkam)	676	classical	hadith	fair	رواه أبو داود ، والترمذي ، وآخرون بأسانيد حسنة .		0	urn:openiti:0676Nawawi.KhulasatAhkam.JK007107-ara1:p03531	2:839	2966	Abu Dawud, al-Tirmidhi	وعن أبي هريرة رضي الله عنه ، قال رسول الله صلى الله عليه وسلم : ' الفطر يوم يفطرون ، والأضحى يوم يضحون '
urn:hadith:0385Daraqutni.Sunan:1653	al-Nawawi (Khulasat al-ahkam)	676	classical	hadith	weak_by_section	[فصل في ضعيفه] رواهما الدارقطني ، بأسانيد ضعيفة .	0.62	1	urn:openiti:0676Nawawi.KhulasatAhkam.JK007107-ara1:p03553	2:844	2985	al-Daraqutni	وفي رواية جابر ، لفظ التكبير : ' الله أكبر ، الله أكبر ، لا إله إلا الله ، والله أكبر ، الله أكبر ، ولله الحمد '
	al-Nawawi (Khulasat al-ahkam)	676	classical	chain	weak	[فصل في ضعيفه] رواه الترمذي ، ضعيف .		0	urn:openiti:0676Nawawi.KhulasatAhkam.JK007107-ara1:p03565	2:846	2995	al-Tirmidhi	منه ، عن أبي هريرة رفعه : ' إن صيام يوم من العشر كسنة ، والليلة منه تعدل ليلة القدر '
urn:hadith:0273IbnMaja.Sunan:1782	al-Nawawi (Khulasat al-ahkam)	676	classical	hadith	weak_by_section	[فصل في ضعيفه] رواه الشافعي ، وابن ماجه من رواية أبي أمامة مرفوعا وموقوفا .	0.67	1	urn:openiti:0676Nawawi.KhulasatAhkam.JK007107-ara1:p03567	2:847	2997	Ibn Maja	وفي رواية : ' من قام ليلتي العيدين محتسبا لله '
urn:hadith:0275AbuDawudSijistani.Sunan:1182	al-Nawawi (Khulasat al-ahkam)	676	classical	chain	weak	[فصل في ضعيفه] رواه أبو داود ، بإسناد فيه ضعيف ، ولم يضعفه .	0.86	1	urn:openiti:0676Nawawi.KhulasatAhkam.JK007107-ara1:p03607	2:858	3031	Abu Dawud	منه ، عن أبي بن كعب : ' انكسفت الشمس فصلى بهم رسول الله صلى الله عليه وسلم فقرأ بسورة من الطول ، وركع خمس ركعات ، وسجد سجدتين ، ثم قام الثانية فقرأ سورة من الطو
urn:hadith:0303Nasai.SunanSughra:1483	al-Nawawi (Khulasat al-ahkam)	676	classical	chain	fair	رواه النسائي بإسناد حسن .	0.86	2	urn:openiti:0676Nawawi.KhulasatAhkam.JK007107-ara1:p03619	2:860	3041	al-Nasaʾi	وعن أبي هريرة رضي الله عنه ، قال : ' كسفت الشمس على عهد رسول الله صلى الله عليه وسلم ، فقام فصلى للناس ، فأطال القيام ، ثم ركع فأطال الركوع ، ثم قام فأطال القيا
urn:hadith:0303Nasai.SunanKubra:1868	al-Nawawi (Khulasat al-ahkam)	676	classical	chain	fair	رواه النسائي بإسناد حسن .	0.79	2	urn:openiti:0676Nawawi.KhulasatAhkam.JK007107-ara1:p03619	2:860	3041	al-Nasaʾi	وعن أبي هريرة رضي الله عنه ، قال : ' كسفت الشمس على عهد رسول الله صلى الله عليه وسلم ، فقام فصلى للناس ، فأطال القيام ، ثم ركع فأطال الركوع ، ثم قام فأطال القيا
urn:hadith:0275AbuDawudSijistani.Sunan:1185	al-Nawawi (Khulasat al-ahkam)	676	classical	chain	sound	رواه أبو داود بإسناد صحيح .	1.0	1	urn:openiti:0676Nawawi.KhulasatAhkam.JK007107-ara1:p03631	2:863	3050	Abu Dawud	عن أبي قلابة ، عن قبيصة الهلالي رضي الله عنه ، قال : ' كسفت الشمس على عهد رسول الله صلى الله عليه وسلم   فخرج فزعا يجر ثوبه ، وأنا معه يومئذ بالمدينة ، فصلى ركع
urn:hadith:0275AbuDawudSijistani.Sunan:1193	al-Nawawi (Khulasat al-ahkam)	676	classical	chain	sound	رواه أبو داود ، والنسائي بإسناد صحيح ، إلا أنه روي بزيادة رجل بين أبي قلابة والنعمان ، واختلف في ذلك الرجل .	0.92	1	urn:openiti:0676Nawawi.KhulasatAhkam.JK007107-ara1:p03636	2:864	3055	Abu Dawud, al-Nasaʾi	وعن أبي قلابة ، عن النعمان بن بشير رضي الله عنهما ، قال : ' كسفت الشمس على عهد رسول الله صلى الله عليه وسلم فجعل يصلي ركعتين ركعتين ، ويسأل عنها حتى انجلت '
urn:hadith:0275AbuDawudSijistani.Sunan:1196	al-Nawawi (Khulasat al-ahkam)	676	classical	chain	fair	رواه أبو داود بإسناد حسن .	0.78	1	urn:openiti:0676Nawawi.KhulasatAhkam.JK007107-ara1:p03641	2:865	3059	Abu Dawud	وعن النضر القيسي قال : ' كانت ظلمة على عهد أنس بن مالك ، فأتيته فقلت : يا أبا حمزة ، هل كان يصيبكم   مثل هذا على عهد رسول الله صلى الله عليه وسلم ؟ قال : معاذ ا
urn:hadith:0275AbuDawudSijistani.Sunan:1197	al-Nawawi (Khulasat al-ahkam)	676	classical	chain	sound	رواه أبو داود ، والترمذي في كتاب ' المناقب ' بإسنادين صحيحين .	0.84	1	urn:openiti:0676Nawawi.KhulasatAhkam.JK007107-ara1:p03643	2:866	3061	Abu Dawud, al-Tirmidhi	وعن عكرمة قال ، قيل لابن عباس رضي الله عنهما : ماتت فلانة بعض أزواج النبي صلى الله عليه وسلم ، فخر ساجدا ، فقيل له : تسجد هذه الساعة ؟ فقال ، قال رسول الله صلى 
urn:hadith:0275AbuDawudSijistani.Sunan:1173	al-Nawawi (Khulasat al-ahkam)	676	classical	chain	sound	رواه أبو داود بإسناد صحيح .	0.88	1	urn:openiti:0676Nawawi.KhulasatAhkam.JK007107-ara1:p03655	2:869	3070	Abu Dawud	وعن عائشة رضي الله عنها ، قالت : شكى الناس إلى رسول الله صلى الله عليه وسلم قحوط المطر ، فأمر بمنبر فوضع له في المصلى ، ووعد الناس يوما يخرجون فيه ، فخرج رسول ا
urn:hadith:0275AbuDawudSijistani.Sunan:2594	al-Nawawi (Khulasat al-ahkam)	676	classical	chain	fair	رواه أبو داود بإسناد حسن . وعن سعد بن أبي وقاص ، نحوه مرفوعا :	0.83	1	urn:openiti:0676Nawawi.KhulasatAhkam.JK007107-ara1:p03669	2:872	3083	Abu Dawud	وعن أبي الدرداء رضي الله عنه ، قال : سمعت رسول الله صلى الله عليه وسلم يقول : ' ابغوني الضعفاء   فإنما ترزقون ، وتنصرون بضعفائكم '
	al-Nawawi (Khulasat al-ahkam)	676	classical	hadith	weak	[فصل في ضعيفه] رواه البيهقي من رواية أبي هريرة ، وغيره مرفوعا وضعفه .		0	urn:openiti:0676Nawawi.KhulasatAhkam.JK007107-ara1:p03678	2:874	3091		منه ، حديث : ' مهلا عن الله ، مهلا ، فإنه لولا شباب خشع ، وبهائم رتع ، وشيوخ ركع ، وأطفال رضع لصب عليكم العذاب صبا '
urn:hadith:0275AbuDawudSijistani.Sunan:1164	al-Nawawi (Khulasat al-ahkam)	676	classical	hadith	sound	رواه أبو داود ، والنسائي ، وغيرهما بأسانيد صحيحة أو حسنة .	0.8	1	urn:openiti:0676Nawawi.KhulasatAhkam.JK007107-ara1:p03689	2:877	3100	Abu Dawud, al-Nasaʾi	وعن عبد الله بن زيد رضي الله عنه ، قال : ' استسقى رسول الله صلى الله عليه وسلم وعليه خميصة سوداء فأراد أن يأخذ بأسفلها ، فيجعله أعلاها ، فلما ثقلت قلبها على عات
urn:hadith:0275AbuDawudSijistani.Sunan:1168	al-Nawawi (Khulasat al-ahkam)	676	classical	chain	sound	رواه أبو داود بإسناد صحيح   .	0.72	1	urn:openiti:0676Nawawi.KhulasatAhkam.JK007107-ara1:p03698	2:878	3108	Abu Dawud	وعن عمير مولى آبي اللحم رضي الله عنهما ، أنه : ' رأى النبي صلى الله عليه وسلم يستسقي عند أحجار الزيت قائما يدعو يستسقي رافعا يديه قبل وجهه لا يجاوز بهما رأسه '
urn:hadith:0275AbuDawudSijistani.Sunan:1169	al-Nawawi (Khulasat al-ahkam)	676	classical	chain	sound	رواه أبو داود بإسناد صحيح . هكذا هو في جميع نسخ سنن أبي داود ، ومعظم   كتب الحديث : ' بواكي ' بالباء الموحدة .	0.89	1	urn:openiti:0676Nawawi.KhulasatAhkam.JK007107-ara1:p03702	2:879	3111	Abu Dawud	وعن جابر رضي الله عنه ، قال : أتت النبي صلى الله عليه وسلم بواكي فقال : ' اللهم اسقنا غيثا مغيثا ، مريئا مريعا ، نافعا غير ضار ، عاجلا غير آجل ' فأطبقت عليهم ال
urn:hadith:0275AbuDawudSijistani.Sunan:1176	al-Nawawi (Khulasat al-ahkam)	676	classical	chain	fair	رواه أبو داود بإسناد حسن متصلا .	0.79	1	urn:openiti:0676Nawawi.KhulasatAhkam.JK007107-ara1:p03705	2:879	3114	Abu Dawud	وعن عمرو بن شعيب ، عن أبيه ، عن جده ، قال : كان رسول الله صلى الله عليه وسلم إذا استسقى قال : ' اللهم عبادك وبهائمك ، وانشر رحمتك ، وأحي بلدك الميت '
	al-Nawawi (Khulasat al-ahkam)	676	classical	chain	disputed	رواه سعيد بن منصور ، والبيهقي بإسناد صحيح ، لكنه مرسل ، لم يدرك الشعبي عمر .		0	urn:openiti:0676Nawawi.KhulasatAhkam.JK007107-ara1:p03707	2:880	3116		وعن الشعبي قال : ' خرج عمر بن الخطاب رضي الله عنه يستسقي فلم يزد على الاستغفار . فقالوا : ما رأيناك استسقيت ، فقال : لقد طلبت الغيث بمجاديح السماء التي يستنزل ب
	al-Nawawi (Khulasat al-ahkam)	676	classical	chain	very_weak	[فصل في ضعيفه] رواه البيهقي بإسناد ضعيف جدا .		0	urn:openiti:0676Nawawi.KhulasatAhkam.JK007107-ara1:p03729	2:884	3133		منه ، عن أبي أمامة عن النبي صلى الله عليه وسلم : ' تفتح أبواب السماء ، ويستجاب الدعاء في أربعة مواطن : عند التقاء الصفوف ، ونزول الغيث ، وإقامة الصلاة ، ورؤية ا
	al-Nawawi (Khulasat al-ahkam)	676	classical	chain	weak	[فصل في ضعيفه] رواه الشافعي ، والبيهقي مرسلا ، وإسناده ضعيف .		0	urn:openiti:0676Nawawi.KhulasatAhkam.JK007107-ara1:p03730	2:884	3134		وعن يزيد بن الهاد ، أن النبي صلى الله عليه وسلم كان إذا سال السيل ، قال : ' اخرجوا بنا إلى هذا الذي جعله الله طهورا ، فنتطهر منه ، ويحمد الله عليه ' هكذا
urn:hadith:0275AbuDawudSijistani.Sunan:5097	al-Nawawi (Khulasat al-ahkam)	676	classical	chain	fair	رواه أبو داود بإسناد حسن . روح الله ، بفتح الراء ، معناه : رحمته بعباده   .	0.82	1	urn:openiti:0676Nawawi.KhulasatAhkam.JK007107-ara1:p03738	2:886	3141	Abu Dawud	وعن أبي هريرة رضي الله عنه ، قال : سمعت رسول الله صلى الله عليه وسلم يقول : ' الريح من روح الله تأتي بالرحمة ، وتأتي بالعذاب ، فإذا رأيتموها فلا تسبوها ، وسلوا 
	al-Nawawi (Khulasat al-ahkam)	676	classical	chain	sound	رواه ابن السني بإسناد صحيح .		0	urn:openiti:0676Nawawi.KhulasatAhkam.JK007107-ara1:p03739	2:887	3142		وعن سهل بن سعد رضي الله عنه ، كان رسول الله صلى الله عليه وسلم إذا اشتدت الريح يقول : ' اللهم لقحا لا عقيما '
	al-Nawawi (Khulasat al-ahkam)	676	classical	chain	weak	[فصل في ضعيفه] رواه البيهقي بإسناد ضعيف ، من رواية الحجاج بن أرطأة .		0	urn:openiti:0676Nawawi.KhulasatAhkam.JK007107-ara1:p03747	2:888	3148		منه ، عن ابن عمر ، كان النبي صلى الله عليه وسلم إذا سمع الرعد والصواعق قال : ' اللهم لا تقتلنا بغضبك ولا تهلكنا بعذابك ، وعافنا قبل ذلك '
	al-Nawawi (Khulasat al-ahkam)	676	classical	chain	sound	رواه الترمذي ، والنسائي ، وابن ماجة ، بأسانيد صحيحة .		0	urn:openiti:0676Nawawi.KhulasatAhkam.JK007107-ara1:p03753	2:891	3150	al-Tirmidhi, al-Nasaʾi, Ibn Maja	وعن أبي هريرة رضي الله عنه ، قال رسول الله صلى الله عليه وسلم : ' أكثروا من ذكر هادم اللذات ' يعني الموت .
	al-Nawawi (Khulasat al-ahkam)	676	classical	chain	fair	رواه ابن ماجة وغيره ، بإسناد حسن   .		0	urn:openiti:0676Nawawi.KhulasatAhkam.JK007107-ara1:p03762	2:893	3159	Ibn Maja	وعن البراء رضي الله عنه ، قال : كنا مع رسول الله صلى الله عليه وسلم في جنازة ، فلما انتهى إلى القبر جثى على القبر فبكى حتى بل الثرى بدموعه ، ثم قال : ' إخواني ل
urn:hadith:0279Tirmidhi.Sunan:2424	al-Nawawi (Khulasat al-ahkam)	676	classical	chain	fair	رواه الترمذي ، بإسناد حسن .	0.74	1	urn:openiti:0676Nawawi.KhulasatAhkam.JK007107-ara1:p03763	2:894	3160	al-Tirmidhi	وعن ابن مسعود رضي الله عنه ، قال قال رسول الله صلى الله عليه وسلم : ' استحيوا من الله حق الحياء ' قلنا : يا رسول الله ، إنا نستحي والحمد لله . قال : ' ليس كذلك 
	al-Nawawi (Khulasat al-ahkam)	676	classical	chain	weak	رواه البيهقي بإسناد فيه ضعف   . وهذا الباب واسع جدا .		0	urn:openiti:0676Nawawi.KhulasatAhkam.JK007107-ara1:p03784	2:898	3179		وعن جابر رضي الله عنه ، قال رسول الله صلى الله عليه وسلم : ' يود أهل العافية يوم القيامة أن جلودهم قرضت بالمقاريض مما يرون من ثواب أهل البلاء '
	al-Nawawi (Khulasat al-ahkam)	676	classical	chain	weak	رواه ابن ماجة بإسناد ضعيف .		0	urn:openiti:0676Nawawi.KhulasatAhkam.JK007107-ara1:p03786	2:898	3180	Ibn Maja	حديث عن عائشة مرفوع : ' من أصيب بمصيبة فليتعز بمصيبته بي ، فإنه لن يصاب أحد من أمتي بأشد منها '
urn:hadith:0279Tirmidhi.Sunan:952	al-Nawawi (Khulasat al-ahkam)	676	classical	chain	fair	رواه الترمذي بإسناد جيد .	0.83	1	urn:openiti:0676Nawawi.KhulasatAhkam.JK007107-ara1:p03803	2:902	3193	al-Tirmidhi	وعنه ، أن النبي صلى الله عليه وسلم دخل على شاب وهو في الموت ، فقال : ' كيف تجدك ؟ ' قال : أرجو الله يا رسول الله ، وإني أخاف ذنوبي . فقال رسول الله صلى الله علي
	al-Nawawi (Khulasat al-ahkam)	676	classical	chain	sound	رواه أبو داود بالوجهين بإسناد صحيح . والأسف : الغضبان .		0	urn:openiti:0676Nawawi.KhulasatAhkam.JK007107-ara1:p03810	2:903	3199	Abu Dawud	وعن عبيد بن خالد رضي الله عنه ، عن النبي صلى الله عليه وسلم قال : ' موت الفجأة أخذة أسف ' . وروي موقوفا على عبيد بن خالد .
	al-Nawawi (Khulasat al-ahkam)	676	classical	chain	weak	رواه البخاري   بهذا اللفظ . وهو مرسل ، فإن القاسم لم يذكر إخبار عائشة له به .		0	urn:openiti:0676Nawawi.KhulasatAhkam.JK007107-ara1:p03817	2:905	3204		وعن القاسم بن محمد قال ، قالت عائشة : وارأساه . فقال رسول الله صلى الله عليه وسلم : ' ذاك لو كان وأنا حي ، فأستغفر لك ، وأدعو لك ' فقالت عائشة : واثكلاه ، والله
urn:hadith:0273IbnMaja.Sunan:1437	al-Nawawi (Khulasat al-ahkam)	676	classical	chain	weak	[فصل في ضعيفه] رواه ابن ماجة بإسناد ضعيف .	0.71	1	urn:openiti:0676Nawawi.KhulasatAhkam.JK007107-ara1:p03826	2:907	3211	Ibn Maja	منه ، عن أنس : ' كان النبي صلى الله عليه وسلم لا يعود مريضا إلا بعد ثلاث '
urn:hadith:0275AbuDawudSijistani.Sunan:3102	al-Nawawi (Khulasat al-ahkam)	676	classical	chain	sound	رواه أبو داود بإسناد صحيح ، والحاكم ،	1.0	1	urn:openiti:0676Nawawi.KhulasatAhkam.JK007107-ara1:p03838	2:909	3218	Abu Dawud	عن زيد بن أرقم رضي الله عنه ، قال : ' عادني رسول الله صلى الله عليه وسلم من وجع كان بعيني '
urn:hadith:0405HakimNaysaburi.Mustadrak:1268	al-Nawawi (Khulasat al-ahkam)	676	classical	hadith	sound	صحيح ، رواه أبو داود ، والحاكم هنا .	0.76	1	urn:openiti:0676Nawawi.KhulasatAhkam.JK007107-ara1:p03850	2:912	3229	Abu Dawud, al-Hakim	وعنه ، قال ، قال النبي صلى الله عليه وسلم : ' من عاد مريضا لم يحضره   أجله ، فقال عنده سبع مرات : أسأل الله العظيم ، رب العرش العظيم ، أن يشفيك ، إلا عافاه الله
	al-Nawawi (Khulasat al-ahkam)	676	classical	chain	fair	رواه البيهقي بإسناد حسن .		0	urn:openiti:0676Nawawi.KhulasatAhkam.JK007107-ara1:p03860	2:913	3238		وعن أبي هريرة رضي الله عنه ، قال : خرج النبي صلى الله عليه وسلم يعود رجلا من أصحابه ، وبه وجع ، وأنا معه فقبض على يده ووضع يده على جبهته - وكان يرى ذلك من تمام 
urn:hadith:0241IbnHanbal.Musnad:22236	al-Nawawi (Khulasat al-ahkam)	676	classical	chain	weak	[فصل في ضعيفه] رواه الإمام أحمد بإسناد ضعيف .	0.78	1	urn:openiti:0676Nawawi.KhulasatAhkam.JK007107-ara1:p03862	2:914	3239	Ahmad	منه ، عن أبي أمامة مرفوع : ' من تمام عيادة المريض أن يضع أحدكم يده على جبهته ، أو يده ، فيسأله كيف هو ، وتمام تحياتكم المصافحة '
urn:hadith:0273IbnMaja.Sunan:1441	al-Nawawi (Khulasat al-ahkam)	676	classical	chain	weak	[فصل في ضعيفه] رواه ابن ماجة ، وهو منقطع ، ولد ميمون بعد وفاة عمر بنحو ثمان عشرة سنة .	0.79	1	urn:openiti:0676Nawawi.KhulasatAhkam.JK007107-ara1:p03863	2:915	3240	Ibn Maja	وعن ميمون بن مهران ، عن عمر رضي الله عنه ، قال لي النبي صلى الله عليه وسلم : ' إذا دخلت على مريض فمره يدعو لك ، فإن دعاءه كدعاء الملائكة '
urn:hadith:0279Tirmidhi.Sunan:2053	al-Nawawi (Khulasat al-ahkam)	676	classical	chain	weak	[فصل في ضعيفه] رواه الترمذي ، وابن ماجة بإسناد ضعيف .	0.6	1	urn:openiti:0676Nawawi.KhulasatAhkam.JK007107-ara1:p03869	2:916	3244	al-Tirmidhi, Ibn Maja	عن أبي سعيد مرفوع : ' إذا دخلتم على مريض فنفسوا له في أجله ، فإن ذلك لا يرد شيئا ، ويطيب نفسه '
	al-Nawawi (Khulasat al-ahkam)	676	classical	hadith	weak	رواه البيهقي ، وضعفه ،		0	urn:openiti:0676Nawawi.KhulasatAhkam.JK007107-ara1:p03877	2:918	3249		وعن ابن مسعود رضي الله عنه ، عن النبي صلى الله عليه وسلم قال : ' داووا مرضاكم بالصدقة ، وحصنوا أموالكم بالزكاة ، وأعدوا للبلاء الدعاء '
urn:hadith:0275AbuDawudSijistani.Sunan:3114	al-Nawawi (Khulasat al-ahkam)	676	classical	chain	sound	رواه أبو داود ، بإسناد صحيح .	0.61	1	urn:openiti:0676Nawawi.KhulasatAhkam.JK007107-ara1:p03885	2:919	3255	Abu Dawud	وعن أبي سلمة ، أن أبا سعيد الخدري رضي الله عنه ، لما حضرته الوفاة دعا بثياب جدد فلبسها ، ثم قال : سمعت رسول الله صلى الله عليه وسلم يقول : ' الميت يبعث في ثيابه
	al-Nawawi (Khulasat al-ahkam)	676	classical	chain	weak	رواه ابن ماجة بإسناد ضعيف   .		0	urn:openiti:0676Nawawi.KhulasatAhkam.JK007107-ara1:p03890	2:920	3259	Ibn Maja	عن أنس ، دخل النبي صلى الله عليه وسلم على رجل يعوده ، فقال : ' هل تشتهي شيئا ، تشتهي كعكا ؟ ' قال : نعم . فطلبه له .
urn:hadith:0279Tirmidhi.Sunan:2006	al-Nawawi (Khulasat al-ahkam)	676	classical	chain	very_weak	رواه الترمذي ، وابن ماجه بإسناده ضعيف جدا .	0.67	1	urn:openiti:0676Nawawi.KhulasatAhkam.JK007107-ara1:p03891	2:920	3260	al-Tirmidhi, Ibn Maja	وعن عقبة بن عامر ، قال رسول الله صلى الله عليه وسلم : ' لا تكرهوا مرضاكم على الطعام ، فإن الله يطعمهم   ، ويسقيهم '
urn:hadith:0275AbuDawudSijistani.Sunan:3874	al-Nawawi (Khulasat al-ahkam)	676	classical	chain	weak	رواه أبو داود بإسناد فيه ضعيف ، ولم يضعفه .	0.73	1	urn:openiti:0676Nawawi.KhulasatAhkam.JK007107-ara1:p03899	2:922	3267	Abu Dawud	وعن أبي الدرداء رضي الله عنه ، أن رسول الله صلى الله عليه وسلم قال : ' إن الله تعالى أنزل الداء والدواء ، وجعل لكل داء دواء ، فتداووا ، ولا تتداووا بالحرام '
	al-Nawawi (Khulasat al-ahkam)	676	classical	hadith	weak_by_section	[فصل في ضعيفه] رواه أبو داود ، وابن ماجه ، وفيه مجهولان . ولم يضعفه أبو داود .		0	urn:openiti:0676Nawawi.KhulasatAhkam.JK007107-ara1:p03914	2:925	3278	Abu Dawud, Ibn Maja	منه ، عن معقل بن يسار ، عن النبي صلى الله عليه وسلم : ' اقرؤوا على موتاكم ( يس ) '
	al-Nawawi (Khulasat al-ahkam)	676	classical	hadith	weak_by_section	[فصل في ضعيفه] رواه الترمذي في آخر ' الجنائز ' ، والبيهقي في ' النكاح ' ، وأشار إلى تضعيفه .		0	urn:openiti:0676Nawawi.KhulasatAhkam.JK007107-ara1:p03941	2:929	3298	al-Tirmidhi	عن علي مرفوع : ' ثلاث لا تؤخروهن : الجنازة ، والصلاة ، والأيم إذا وجدت كفؤا '
urn:hadith:0273IbnMaja.Sunan:2413	al-Nawawi (Khulasat al-ahkam)	676	classical	chain	sound	رواه الترمذي ، وابن ماجه بإسناد صحيح أو حسن .	1.0	3	urn:openiti:0676Nawawi.KhulasatAhkam.JK007107-ara1:p03945	2:930	3301	al-Tirmidhi, Ibn Maja	عن أبي هريرة رضي الله عنه ، عن النبي صلى الله عليه وسلم قال : ' نفس المؤمن معلقة بدينه حتى يقضى عنه '
urn:hadith:0279Tirmidhi.Sunan:1048	al-Nawawi (Khulasat al-ahkam)	676	classical	chain	sound	رواه الترمذي ، وابن ماجه بإسناد صحيح أو حسن .	1.0	3	urn:openiti:0676Nawawi.KhulasatAhkam.JK007107-ara1:p03945	2:930	3301	al-Tirmidhi, Ibn Maja	عن أبي هريرة رضي الله عنه ، عن النبي صلى الله عليه وسلم قال : ' نفس المؤمن معلقة بدينه حتى يقضى عنه '
urn:hadith:0279Tirmidhi.Sunan:1049	al-Nawawi (Khulasat al-ahkam)	676	classical	chain	sound	رواه الترمذي ، وابن ماجه بإسناد صحيح أو حسن .	1.0	3	urn:openiti:0676Nawawi.KhulasatAhkam.JK007107-ara1:p03945	2:930	3301	al-Tirmidhi, Ibn Maja	عن أبي هريرة رضي الله عنه ، عن النبي صلى الله عليه وسلم قال : ' نفس المؤمن معلقة بدينه حتى يقضى عنه '
urn:hadith:0275AbuDawudSijistani.Sunan:3342	al-Nawawi (Khulasat al-ahkam)	676	classical	chain	fair	رواه أبو داود في كتاب ' البيوع ' ولم يضعفه ، وإسناده جيد .	0.76	1	urn:openiti:0676Nawawi.KhulasatAhkam.JK007107-ara1:p03947	2:931	3303	Abu Dawud	وعن أبي موسى رضي الله عنه ، عن رسول الله صلى الله عليه وسلم قال : ' إن أعظم الذنوب عند الله أن يلقاه بها عبد بعد الكبائر التي نهى عنها أن يموت رجل عليه دين لا ي
urn:hadith:0385Daraqutni.Sunan:2954	al-Nawawi (Khulasat al-ahkam)	676	classical	chain	fair	رواه الدارقطني ، والبيهقي بإسناد حسن . بردت ، بتشديد الراء ، وإنما ضبطتهما لأن بعض المصنفين غلط في ضبطها .	0.7	1	urn:openiti:0676Nawawi.KhulasatAhkam.JK007107-ara1:p03948	2:931	3304	al-Daraqutni	وعن جابر رضي الله عنه ، قال : مات رجل فغسلناه وكفناه وحنطناه ثم وضعناه حيث توضع الجنائز ، ثم آذنا رسول الله صلى الله عليه وسلم في الصلاة فجاء معنا خطى ثم قال : 
urn:hadith:0275AbuDawudSijistani.Sunan:3147	al-Nawawi (Khulasat al-ahkam)	676	classical	chain	sound	رواه أبو داود بإسناد على شرط البخاري ومسلم .	0.92	1	urn:openiti:0676Nawawi.KhulasatAhkam.JK007107-ara1:p03961	2:933	3316	Abu Dawud	وعن محمد بن سيرين أنه كان يأخذ الغسل عن أم عطية ' يغسل بالسدر مرتين ، والثالثة بالماء والكافور '
urn:hadith:0275AbuDawudSijistani.Sunan:3141	al-Nawawi (Khulasat al-ahkam)	676	classical	chain	fair	رواه أبو داود بإسناد حسن .	0.77	1	urn:openiti:0676Nawawi.KhulasatAhkam.JK007107-ara1:p03968	2:934	3320	Abu Dawud	وعن عائشة رضي الله عنها ، قالت : ' لما أرادوا غسل رسول الله صلى الله عليه وسلم قالوا : ما ندري أنجرده من ثيابه كما نجرد موتانا ، أم نغسله وعليه ثيابه ؟ فلما اخت
urn:hadith:0273IbnMaja.Sunan:1466	al-Nawawi (Khulasat al-ahkam)	676	classical	chain	sound	رواه ابن ماجه والحاكم والبيهقي بأسانيد صحيحة .	0.73	1	urn:openiti:0676Nawawi.KhulasatAhkam.JK007107-ara1:p03969	2:935	3321	Ibn Maja, al-Hakim	وعن بريدة رضي الله عنه ، قال : ' لما أخذوا في غسل رسول الله صلى الله عليه وسلم ناداهم مناد من الداخل : لا تنزعوا عن رسول الله صلى الله عليه وسلم قميصا '
	al-Nawawi (Khulasat al-ahkam)	676	classical	chain	sound	رواه البيهقي بإسناد صحيح ، وابن ماجه .		0	urn:openiti:0676Nawawi.KhulasatAhkam.JK007107-ara1:p03971	2:935	3323	Ibn Maja	وعن علي رضي الله عنه ، قال : ' غسلت النبي صلى الله عليه وسلم فذهبت أنظر ما يكون من الميت ، فلم أر شيئا ، وكان طيبا حيا وميتا ، وولي دفنه وإجنانه أربعة : علي ، و
	al-Nawawi (Khulasat al-ahkam)	676	classical	hadith	weak_by_section	[فصل في ضعيفه] رواه البيهقي .		0	urn:openiti:0676Nawawi.KhulasatAhkam.JK007107-ara1:p03974	2:936	3324		عن ابن سيرين ، رفعه : ' من غسل ميتا فليبدأ بعصره '
	al-Nawawi (Khulasat al-ahkam)	676	classical	chain	weak	رواه الإمام أحمد ، وابن ماجه ، والدارقطني ، والبيهقي بإسناد ضعيف ، فيه محمد بن إسحاق عن يعقوب بن عتبة . وهو مدلس لا يحتج به إذا قال : عن .		0	urn:openiti:0676Nawawi.KhulasatAhkam.JK007107-ara1:p03981	2:937	3329	Ibn Maja, Ahmad, al-Daraqutni	وعنها ، قالت : رجع النبي صلى الله عليه وسلم من البقيع ، وأنا أجد صداعا في رأسي ، وأقول ؛ وارأساه . فقال : ' بل أنا يا عائشة وارأساه ' ثم قال : ' ما ضرك لو مت قب
	al-Nawawi (Khulasat al-ahkam)	676	classical	hadith	weak	رواه البيهقي من رواية الواقدي وهو ضعيف .		0	urn:openiti:0676Nawawi.KhulasatAhkam.JK007107-ara1:p03982	2:938	3330		وعنها ، ' أن أبا بكر رضي الله عنه أوصى إلى امرأته أسماء بنت عميس أن تغسله فضعفت فاستعانت بعبد الرحمن '
	al-Nawawi (Khulasat al-ahkam)	676	classical	hadith	weak	رواه البيهقي وضعفه .		0	urn:openiti:0676Nawawi.KhulasatAhkam.JK007107-ara1:p03983	2:938	3331		وعنها ، عن النبي صلى الله عليه وسلم : ' رحم الله امرأ غسلته امرأته ، وكفن في أخلاقه ' قالت : ففعل ذلك بأبي بكر رضي الله عنه غسلته امرأته أسماء ، وكفن في ثيابه ا
	al-Nawawi (Khulasat al-ahkam)	676	classical	hadith	very_weak	ورواه تمام الرازي في ' فوائده ' عن أيوب بن مدرك ، عن مكحول ، عن واثلة مرفوعا . وأيوب هذا مجمع على ضعفه .		0	urn:openiti:0676Nawawi.KhulasatAhkam.JK007107-ara1:p03986	2:939	3334		
urn:hadith:0273IbnMaja.Sunan:1462	al-Nawawi (Khulasat al-ahkam)	676	classical	chain	weak	[فصل في ضعيفه] رواه ابن ماجة بإسناد ضعيف .	0.56	1	urn:openiti:0676Nawawi.KhulasatAhkam.JK007107-ara1:p04009	2:944	3352	Ibn Maja	عن علي رضي الله عنه ، مرفوع : ' من غسل ميتا ، وكفنه ، وحنطه ، وصلى عليه ، ولم يفش عليه ما رأى ، خرج من خطيئته كيوم ولدته أمه '
	al-Nawawi (Khulasat al-ahkam)	676	classical	chain	weak	[فصل في ضعيفه] رواه أبو داود ، والترمذي بإسناد ضعيف .		0	urn:openiti:0676Nawawi.KhulasatAhkam.JK007107-ara1:p04010	2:944	3353	Abu Dawud, al-Tirmidhi	وعن ابن عمر مرفوع : ' اذكروا محاسن موتاكم ، وكفوا عن مساويهم '
urn:hadith:0275AbuDawudSijistani.Sunan:3133	al-Nawawi (Khulasat al-ahkam)	676	classical	chain	sound	رواه أبو داود بإسناد على شرط مسلم .	0.93	1	urn:openiti:0676Nawawi.KhulasatAhkam.JK007107-ara1:p04013	2:945	3355	Abu Dawud	وعنه ، قال : ' رمي رجل بسهم في صدره ، أو في حلقه فمات ، فأدرج في ثيابه كما هو ، ونحن مع رسول الله صلى الله عليه وسلم '
urn:hadith:0275AbuDawudSijistani.Sunan:3136	al-Nawawi (Khulasat al-ahkam)	676	classical	chain	fair	رواه أبو داود بإسناد حسن ، والترمذي .	0.52	1	urn:openiti:0676Nawawi.KhulasatAhkam.JK007107-ara1:p04014	2:945	3356	Abu Dawud	وعن أنس رضي الله عنه ، أن النبي صلى الله عليه وسلم مر على حمزة رضي الله عنه ، وقد مثل به ، فقال : ' لولا أن تجد صفية في نفسها لتركته حتى تأكله العافية ، حتى يحش
urn:hadith:0275AbuDawudSijistani.Sunan:3134	al-Nawawi (Khulasat al-ahkam)	676	classical	hadith	weak_by_section	[فصل في ضعيفه] رواه أبو داود من رواية عطاء بن السائب .	1.0	1	urn:openiti:0676Nawawi.KhulasatAhkam.JK007107-ara1:p04018	2:946	3358	Abu Dawud	عن ابن عباس : ' أمر النبي صلى الله عليه وسلم بقتلى أحد أن ينزع عنهم الحديد والجلود وأن يدفنوا بدمائهم وثيابهم '
urn:hadith:0275AbuDawudSijistani.Sunan:3137	al-Nawawi (Khulasat al-ahkam)	676	classical	hadith	weak_by_section	[فصل في ضعيفه] رواه أبو داود .	0.53	1	urn:openiti:0676Nawawi.KhulasatAhkam.JK007107-ara1:p04019	2:947	3359	Abu Dawud	وعن أسامة بن زيد الليثي عن الزهري عن أنس : ' مر النبي صلى الله عليه وسلم على حمزة رضي الله عنه وقد مثل به   ولم يصل على أحد من الشهداء غيره '
	al-Nawawi (Khulasat al-ahkam)	676	classical	hadith	weak_by_section	[فصل في ضعيفه] رواه أبو داود في ' المراسيل ' .		0	urn:openiti:0676Nawawi.KhulasatAhkam.JK007107-ara1:p04021	2:947	3361	Abu Dawud	وعن أبي مالك الغفاري التابعي : ' أن النبي صلى الله عليه وسلم صلى على قتلى أحد عشرة عشرة ، في كل عشرة حمزة حتى صلى عليه سبعين صلاة '
	al-Nawawi (Khulasat al-ahkam)	676	classical	hadith	weak_by_section	[فصل في ضعيفه] رواه النسائي . واتفق الحفاظ على أنه لم يصح في الصلاة على الشهيد وغسله شيء في إثباتهما .		0	urn:openiti:0676Nawawi.KhulasatAhkam.JK007107-ara1:p04022	2:947	3362	al-Nasaʾi	وعن شداد بن الهاد التابعي ، أن رجلا من الأعراب جاء إلى النبي صلى الله عليه وسلم فآمن واتبعه ، وذكر الحديث . وفيه : ' أنه استشهد فصلى عليه النبي صلى الله عليه وس
	al-Nawawi (Khulasat al-ahkam)	676	classical	chain	fair	رواه البيهقي مرسلا ومتصلا . وإسناده جيد .		0	urn:openiti:0676Nawawi.KhulasatAhkam.JK007107-ara1:p04027	2:948	3366		عن عبد الله بن الزبير ، أنه ذكر قصة أحد ومن قتل بها من المسلمين ، قال : وقتل شداد بن الأسود الذي يقال له ابن شعوب ، حنظلة بن الراهب رضي الله عنه ، فقال رسول الل
urn:hadith:0275AbuDawudSijistani.Sunan:3154	al-Nawawi (Khulasat al-ahkam)	676	classical	chain	fair	رواه أبو داود بإسناد حسن   .	0.75	1	urn:openiti:0676Nawawi.KhulasatAhkam.JK007107-ara1:p04047	2:952	3385	Abu Dawud	وعن علي رضي الله عنه ، قال سمعت رسول الله صلى الله عليه وسلم يقول : ' لا تغالوا في الكفن ، فإنه يسلبه سلبا سريعا '
urn:hadith:0275AbuDawudSijistani.Sunan:3157	al-Nawawi (Khulasat al-ahkam)	676	classical	chain	fair	رواه أبو داود ، بإسناد حسن .	0.57	1	urn:openiti:0676Nawawi.KhulasatAhkam.JK007107-ara1:p04052	2:953	3390	Abu Dawud	وعن ليلى بنت قانف - بنون مكسورة ثم فاء - الثقفية الصحابية رضي الله عنها ، قالت : كنت فيمن غسل أم كلثوم بنت رسول الله صلى الله عليه وسلم فكان أول ما أعطانا رسول 
	al-Nawawi (Khulasat al-ahkam)	676	classical	chain	sound	رواه البيهقي بإسناد صحيح .		0	urn:openiti:0676Nawawi.KhulasatAhkam.JK007107-ara1:p04054	2:954	3392		وعن الزبير رضي الله عنه ، قال : لما انصرف المشركون يوم أحد ، جلس النبي صلى الله عليه وسلم ناحية . وجاءت امرأة تؤم القتلى ، فقال النبي صلى الله عليه وسلم : ' الم
	al-Nawawi (Khulasat al-ahkam)	676	classical	chain	fair	رواه البيهقي بإسناد حسن .		0	urn:openiti:0676Nawawi.KhulasatAhkam.JK007107-ara1:p04062	2:955	3398		وعن أبي وائل ، قال : كان عند علي رضي الله عنه مسك فأوصى أن يحنط به . وقال : ' هو فضل حنوط رسول الله صلى الله عليه وسلم '
	al-Nawawi (Khulasat al-ahkam)	676	classical	chain	sound	رواه الإمام أحمد ، [ والحاكم ] ، والبيهقي ، وإسناده صحيح .		0	urn:openiti:0676Nawawi.KhulasatAhkam.JK007107-ara1:p04069	2:957	3405	Ahmad, al-Hakim	وفي رواية : ' جمروا كفن الميت ثلاثا ' .
	al-Nawawi (Khulasat al-ahkam)	676	classical	chain	sound	رواه البيهقي بإسناد صحيح .		0	urn:openiti:0676Nawawi.KhulasatAhkam.JK007107-ara1:p04120	2:965	3448		وعن ابن عمر رضي الله عنهما ، أن عمر صلي عليه في المسجد ، صلى عليه صهيب .
urn:hadith:0241IbnHanbal.Musnad:9865	al-Nawawi (Khulasat al-ahkam)	676	classical	hadith	weak	[فصل في ضعيفه] رواه أبو داود ، وغيره ، لكن رواية أبي داود : ' فلا شيء عليه ' . ضعفه الحفاظ منهم أحمد بن حنبل ، وأبو بكر بن المنذر ، والخطابي ، والبيهقي ، قالوا : وهو من أفراد صالح مولى التوأمة ، وهو مختلف في عدالته . معظم ما عابوا عليه الاختلاط . قالوا : وسمع ابن أبي ذئب منه قبل الاختلاط ، فالله أعلم .	0.92	3	urn:openiti:0676Nawawi.KhulasatAhkam.JK007107-ara1:p04124	2:966	3451	Abu Dawud, Ahmad	وحديث ابن أبي ذئب ، عن صالح مولى التوأمة ، عن أبي هريرة عن النبي صلى الله عليه وسلم : ' من صلى على جنازة في المسجد فلا شيء له '
urn:hadith:0241IbnHanbal.Musnad:10561	al-Nawawi (Khulasat al-ahkam)	676	classical	hadith	weak	[فصل في ضعيفه] رواه أبو داود ، وغيره ، لكن رواية أبي داود : ' فلا شيء عليه ' . ضعفه الحفاظ منهم أحمد بن حنبل ، وأبو بكر بن المنذر ، والخطابي ، والبيهقي ، قالوا : وهو من أفراد صالح مولى التوأمة ، وهو مختلف في عدالته . معظم ما عابوا عليه الاختلاط . قالوا : وسمع ابن أبي ذئب منه قبل الاختلاط ، فالله أعلم .	0.92	3	urn:openiti:0676Nawawi.KhulasatAhkam.JK007107-ara1:p04124	2:966	3451	Abu Dawud, Ahmad	وحديث ابن أبي ذئب ، عن صالح مولى التوأمة ، عن أبي هريرة عن النبي صلى الله عليه وسلم : ' من صلى على جنازة في المسجد فلا شيء له '
urn:hadith:0275AbuDawudSijistani.Sunan:3191	al-Nawawi (Khulasat al-ahkam)	676	classical	hadith	weak	[فصل في ضعيفه] رواه أبو داود ، وغيره ، لكن رواية أبي داود : ' فلا شيء عليه ' . ضعفه الحفاظ منهم أحمد بن حنبل ، وأبو بكر بن المنذر ، والخطابي ، والبيهقي ، قالوا : وهو من أفراد صالح مولى التوأمة ، وهو مختلف في عدالته . معظم ما عابوا عليه الاختلاط . قالوا : وسمع ابن أبي ذئب منه قبل الاختلاط ، فالله أعلم .	0.83	3	urn:openiti:0676Nawawi.KhulasatAhkam.JK007107-ara1:p04124	2:966	3451	Abu Dawud, Ahmad	وحديث ابن أبي ذئب ، عن صالح مولى التوأمة ، عن أبي هريرة عن النبي صلى الله عليه وسلم : ' من صلى على جنازة في المسجد فلا شيء له '
urn:hadith:0275AbuDawudSijistani.Sunan:3193	al-Nawawi (Khulasat al-ahkam)	676	classical	chain	sound	رواه أبو داود والنسائي بإسناد صحيح .	0.65	1	urn:openiti:0676Nawawi.KhulasatAhkam.JK007107-ara1:p04133	2:968	3459	Abu Dawud, al-Nasaʾi	وعن عمار بن أبي عمار ، قال : شهدت جنازة أم كلثوم وابنها ، فجعل الغلام مما يلي الإمام ، فأنكرت ذلك وفي القوم ابن عباس ، وأبو سعيد ، وأبو قتادة ، وأبو هريرة رضي ا
	al-Nawawi (Khulasat al-ahkam)	676	classical	chain	fair	رواه البيهقي بإسناد حسن .		0	urn:openiti:0676Nawawi.KhulasatAhkam.JK007107-ara1:p04136	2:969	3462		وعن نافع : أن ابن عمر صلى على تسع جنائز رجال ونساء ، فجعل الرجال مما يلي الإمام ، وجعل النساء مما تلي القبلة ، وصفهم صفا واحدا ، ووضعت   جنازة أم كلثوم بنت علي 
urn:hadith:0275AbuDawudSijistani.Sunan:3164	al-Nawawi (Khulasat al-ahkam)	676	classical	chain	sound	رواه أبو داود بإسناد على شرط الصحيحين .	0.9	1	urn:openiti:0676Nawawi.KhulasatAhkam.JK007107-ara1:p04140	2:970	3465	Abu Dawud	وعن جابر رضي الله عنه ، قال : رأى ناس نارا في المقبرة فأتوها ، فإذا رسول الله صلى الله عليه وسلم في القبر ، وإذا هو يقول : ' ناولوني صاحبكم ' فإذا هو الرجل الذي
urn:hadith:0303Nasai.SunanSughra:1989	al-Nawawi (Khulasat al-ahkam)	676	classical	chain	sound	رواه النسائي بإسناد على شرط الصحيحين . وأبو أمامة هذا صحابي .	0.84	1	urn:openiti:0676Nawawi.KhulasatAhkam.JK007107-ara1:p04161	2:975	3484	al-Nasaʾi	وعن أبي أمامة سهل رضي الله عنه ، قال : ' السنة في الصلاة على الجنازة أن يقرأ في التكبيرة الأولى بأم القرآن مخافتة ، ثم يكبر ثلاثا ، والتسليم عند الآخرة '
	al-Nawawi (Khulasat al-ahkam)	676	classical	chain	fair	رواه البيهقي بإسناد جيد .		0	urn:openiti:0676Nawawi.KhulasatAhkam.JK007107-ara1:p04187	2:982	3507		وعن ابن مسعود رضي الله عنه : ' ثلاث خلال كان رسول الله صلى الله عليه وسلم يفعلهن ، تركهن الناس ؛ إحداهن : التسليم على الجنازة مثل التسليم في الصلاة '
	al-Nawawi (Khulasat al-ahkam)	676	classical	hadith	weak_by_section	[فصل في ضعيفه] رواهما الدراقطني ، وهما ضعيفان .		0	urn:openiti:0676Nawawi.KhulasatAhkam.JK007107-ara1:p04195	2:984	3513		وعن أبي هريرة : ' كان النبي صلى الله عليه وسلم إذا صلى على الجنازة رفع يديه في أول تكبيرة ' . زاد ابن عباس : ' ثم لا يعود ' .
urn:hadith:0279Tirmidhi.Sunan:1047	al-Nawawi (Khulasat al-ahkam)	676	classical	hadith	weak	[فصل في ضعيفه] رواه الترمذي بإسناد ضعيف ، فيه يزيد ابن سنان أبو فروة ، وهو ضعيف .	0.58	1	urn:openiti:0676Nawawi.KhulasatAhkam.JK007107-ara1:p04196	2:984	3514	al-Tirmidhi	وعن أبي هريرة : ' أن النبي صلى الله عليه وسلم صلى على جنازة فرفع يديه في أول تكبيرة ، ووضع يده اليمنى على اليسرى '
	al-Nawawi (Khulasat al-ahkam)	676	classical	chain	sound	رواه أبو داود بإسناد صحيح متصلا ، والنسائي مرسلا عن عكرمة .		0	urn:openiti:0676Nawawi.KhulasatAhkam.JK007107-ara1:p04228	2:991	3542	Abu Dawud	وعن ابن عباس رضي الله عنهما ، أن ماعز بن مالك أتى النبي صلى الله عليه وسلم قال : إنه زنى ، فأمر به فرجم ولم يصل عليه .
	al-Nawawi (Khulasat al-ahkam)	676	classical	chain	disputed	رواه أبو داود والنسائي وابن ماجة بإسناد صحيح إلى أبي عمرة ، ولم يضعفه أبو داود . ولكن أبو عمرة مولى زيد لا يعرف حاله ، ولا يعرف له إلا راو واحد ، فيكون مجهول العين   .		0	urn:openiti:0676Nawawi.KhulasatAhkam.JK007107-ara1:p04231	2:992	3545	Abu Dawud, al-Nasaʾi, Ibn Maja	وعن أبي عمرة ، عن زيد بن خالد رضي الله عنه ، أن رجلا من المسلمين توفي بخيبر ، فقال النبي صلى الله عليه وسلم : ' صلوا على صاحبكم ' فتغيرت وجوه القوم لذلك ، فلما 
urn:hadith:0385Daraqutni.Sunan:1678	al-Nawawi (Khulasat al-ahkam)	676	classical	hadith	weak_by_section	[فصل في ضعيفه] رواه أبو داود في كتاب ' الجهاد ' ، والدارقطني ، والبيهقي هنا .	0.93	1	urn:openiti:0676Nawawi.KhulasatAhkam.JK007107-ara1:p04233	2:992	3546	Abu Dawud, al-Daraqutni	ومنه ، عن مكحول عن أبي هريرة عن النبي صلى الله عليه وسلم قال : ' صلوا خلف كل بر وفاجر ، وصلوا على كل بر وفاجر ، وجاهدوا مع كل بر وفاجر '
	al-Nawawi (Khulasat al-ahkam)	676	classical	chain	sound	رواه الشافعي ، والبيهقي بإسناد على شرط الصحيحين .		0	urn:openiti:0676Nawawi.KhulasatAhkam.JK007107-ara1:p04239	2:994	3551		وعن إبراهيم بن عبد الرحمن ، قال : رأيت سعد بن أبي وقاص في جنازة عبد الرحمن بن عوف قائما بين العمودين المقدمين ، واضعا السرير على كاهله .
urn:hadith:0275AbuDawudSijistani.Sunan:3182	al-Nawawi (Khulasat al-ahkam)	676	classical	chain	sound	رواه أبو داود ، والنسائي بأسانيد صحيحة .	0.52	1	urn:openiti:0676Nawawi.KhulasatAhkam.JK007107-ara1:p04248	2:996	3560	Abu Dawud, al-Nasaʾi	وعن عبد الرحمن بن جوشن أنه كان في جنازة عثمان بن أبي العاصي رضي الله عنه ، قال : فكنا نمشي مشيا خفيفا فلحقنا أبو بكرة ، فرفع سوطه ، قال : لقد رأيتنا ونحن مع رسو
urn:hadith:0275AbuDawudSijistani.Sunan:3184	al-Nawawi (Khulasat al-ahkam)	676	classical	hadith	very_weak	[فصل في ضعيفه] رواه أبو داود ، والترمذي وغيرهما ، واتفقوا على ضعفه ، وأن أبا ماجدة مجهول منكر الحديث .	0.86	1	urn:openiti:0676Nawawi.KhulasatAhkam.JK007107-ara1:p04251	2:996	3562	Abu Dawud, al-Tirmidhi	منه ، عن أبي ماجدة ، عن ابن مسعود قال : سألنا النبي صلى الله عليه وسلم عن المشي مع الجنازة فقال : ' ما دون الخبب ، إن يكن خيرا تعجل إليه ، وإن يكن غير ذلك فبعدا
	al-Nawawi (Khulasat al-ahkam)	676	classical	hadith	weak	[فصل في ضعيفه] رواه الترمذي ، وأشار إلى تضعيفه . وهو ضعيف لضعف أبي المهزم .		0	urn:openiti:0676Nawawi.KhulasatAhkam.JK007107-ara1:p04253	2:997	3564	al-Tirmidhi	وحديث أبي المهزم ، عن أبي هريرة رفعه : ' من تبع جنازة ، وحملها ثلاث مرار ، فقد قضى ما عليه من حقها '
urn:hadith:0275AbuDawudSijistani.Sunan:3179	al-Nawawi (Khulasat al-ahkam)	676	classical	chain	sound	رواه الثلاثة بأسانيد صحيحة .	0.55	2	urn:openiti:0676Nawawi.KhulasatAhkam.JK007107-ara1:p04263	2:999	3571	the Three	وعن سفيان بن عيينة ، عن الزهري ، عن سالم ، عن ابن عمر أنه رأى النبي صلى الله عليه وسلم وأبا بكر وعمر يمشون أمام الجنازة .
urn:hadith:0279Tirmidhi.Sunan:976	al-Nawawi (Khulasat al-ahkam)	676	classical	chain	sound	رواه الثلاثة بأسانيد صحيحة .	0.55	2	urn:openiti:0676Nawawi.KhulasatAhkam.JK007107-ara1:p04263	2:999	3571	the Three	وعن سفيان بن عيينة ، عن الزهري ، عن سالم ، عن ابن عمر أنه رأى النبي صلى الله عليه وسلم وأبا بكر وعمر يمشون أمام الجنازة .
urn:hadith:0273IbnMaja.Sunan:1578	al-Nawawi (Khulasat al-ahkam)	676	classical	hadith	weak	[فصل في ضعيفه] رواه ابن ماجة بإسناد ضعيف ، من رواية إسماعيل بن سلمان الأزرق ، وهو ضعيف .	0.5	1	urn:openiti:0676Nawawi.KhulasatAhkam.JK007107-ara1:p04292	2:1004	3594	Ibn Maja	منه ، عن علي رضي الله عنه ، أن النبي صلى الله عليه وسلم قال لنسوة جلوس : ' ما يجلسكن ؟ ' قلن : ننتظر الجنازة . قال : ' فهل تغسلن ؟ ' قلن : لا . قال : ' تحملن ؟ 
urn:hadith:0303Nasai.SunanKubra:2007	al-Nawawi (Khulasat al-ahkam)	676	classical	chain	weak	[فصل في ضعيفه] رواه أبو داود والنسائي ، وغيرهما بإسناد ضعيف . الكدى : المقابر .	0.67	2	urn:openiti:0676Nawawi.KhulasatAhkam.JK007107-ara1:p04293	2:1005	3595	Abu Dawud, al-Nasaʾi	وحديث ابن عمرو بن العاصي أن النبي صلى الله عليه وسلم قال لفاطمة : ' ما أخرجك ؟ ' قالت : أتيت أهل هذا البيت فترحمت إليهم ميتهم . قال : ' لعلك بلغت معهم الكدى ؟ '
urn:hadith:0303Nasai.SunanSughra:1880	al-Nawawi (Khulasat al-ahkam)	676	classical	chain	weak	[فصل في ضعيفه] رواه أبو داود والنسائي ، وغيرهما بإسناد ضعيف . الكدى : المقابر .	0.61	2	urn:openiti:0676Nawawi.KhulasatAhkam.JK007107-ara1:p04293	2:1005	3595	Abu Dawud, al-Nasaʾi	وحديث ابن عمرو بن العاصي أن النبي صلى الله عليه وسلم قال لفاطمة : ' ما أخرجك ؟ ' قالت : أتيت أهل هذا البيت فترحمت إليهم ميتهم . قال : ' لعلك بلغت معهم الكدى ؟ '
urn:hadith:0303Nasai.SunanSughra:1929	al-Nawawi (Khulasat al-ahkam)	676	classical	chain	sound	رواه النسائي بإسناد صحيح على شرط مسلم .	0.92	1	urn:openiti:0676Nawawi.KhulasatAhkam.JK007107-ara1:p04303	2:1006	3604	al-Nasaʾi	وعن أنس رضي الله عنه ، أن جنازة مرت برسول الله صلى الله عليه وسلم فقام ، فقيل : إنها جنازة يهودي ! فقال : ' إنما قمنا للملائكة '
urn:hadith:0273IbnMaja.Sunan:1545	al-Nawawi (Khulasat al-ahkam)	676	classical	chain	weak	[فصل في ضعيفه] رواه أبو داود ، والترمذي ، وابن ماجة بإسناد ضعيف فيه بشر بن رافع ، أبو الأسباط ، عن عبد الله بن سليمان بن جنادة ، وهما ضعيفان .	0.85	1	urn:openiti:0676Nawawi.KhulasatAhkam.JK007107-ara1:p04309	2:1008	3608	Abu Dawud, al-Tirmidhi, Ibn Maja	منه ، عن عبادة بن الصامت ، كان النبي صلى الله عليه وسلم إذا اتبع جنازة لم يقعد حتى توضع في اللحد ، فعرض له حبر فقال : هكذا نصنع ، فجلس ، وقال : ' خالفوهم ' .
	al-Nawawi (Khulasat al-ahkam)	676	classical	chain	weak	[فصل في ضعيفه] رواه أحمد بإسناد ضعيف .		0	urn:openiti:0676Nawawi.KhulasatAhkam.JK007107-ara1:p04310	2:1008	3609	Ahmad	وفي رواية عن علي : لم يقم النبي صلى الله عليه وسلم إلا مرة ثم لم يعد .
urn:hadith:0279Tirmidhi.Sunan:850	al-Nawawi (Khulasat al-ahkam)	676	classical	hadith	fair	رواه الدارمي ، وأبو داود ، والترمذي ، وابن ماجة ، وغيرهم بأسانيد حسنة .	0.69	1	urn:openiti:0676Nawawi.KhulasatAhkam.JK007107-ara1:p04313	2:1009	3610	Abu Dawud, al-Tirmidhi, Ibn Maja, al-Darimi	وعن عائشة رضي الله عنها ، قالت : قلنا يا رسول الله ألا نبني لك بناء يظلك بمنى ؟ قال : ' لا ، منى مناخ من سبق '
urn:hadith:0275AbuDawudSijistani.Sunan:3206	al-Nawawi (Khulasat al-ahkam)	676	classical	chain	fair	رواه أبو داود بإسناد حسن ، وهو متصل ليس مرسلا ، لأن المطلب بين في كلامه أنه أخبره به صحابي حضر القصة ، والصحابة كلهم عدول .	0.7	1	urn:openiti:0676Nawawi.KhulasatAhkam.JK007107-ara1:p04315	2:1010	3612	Abu Dawud	وعن المطلب بن عبد الله الثقفي ، قال : لما مات عثمان بن مظعون ، خرج بجنازته ، فدفن ، أمر النبي صلى الله عليه وسلم رجلا أن يأتيه بحجر فلم يستطع حمله ، فقام إليه ر
	al-Nawawi (Khulasat al-ahkam)	676	classical	hadith	weak	[فصل في ضعيفه] رواه الترمذي ، وضعفه ] .		0	urn:openiti:0676Nawawi.KhulasatAhkam.JK007107-ara1:p04317	2:1010	3613	al-Tirmidhi	منه ، عن عائشة قالت : اختلفوا أين يدفن رسول الله صلى الله عليه وسلم ، فقال أبو بكر رضي الله عنه ، سمعت رسول الله صلى الله عليه وسلم يقول : ' ما قبض الله نبيا إل
urn:hadith:0273IbnMaja.Sunan:1557	al-Nawawi (Khulasat al-ahkam)	676	classical	chain	fair	رواه ابن ماجة بإسناد جيد .	0.83	1	urn:openiti:0676Nawawi.KhulasatAhkam.JK007107-ara1:p04320	2:1011	3615	Ibn Maja	وعن أنس رضي الله عنه ، قال : لما توفي النبي صلى الله عليه وسلم كان بالمدينة رجل يلحد ، وآخر يضرح . فقالوا : نستخير ربنا ، ونبعث إليهما فأيهما سبق تركناه . فأرسل
	al-Nawawi (Khulasat al-ahkam)	676	classical	hadith	weak	[فصل في ضعيفه] رواه الثلاثة مرفوعا من رواية ابن عباس بإسناد ضعيف . مداره على عبد الأعلى بن عامر ، وهو ضعيف .		0	urn:openiti:0676Nawawi.KhulasatAhkam.JK007107-ara1:p04322	2:1012	3616	the Three	منه ، حديث : ' اللحد لنا ، والشق لغيرنا ' .
	al-Nawawi (Khulasat al-ahkam)	676	classical	hadith	weak	[فصل في ضعيفه] ورواه أحمد وابن ماجة من رواية جرير ، وهو ضعيف أيضا .		0	urn:openiti:0676Nawawi.KhulasatAhkam.JK007107-ara1:p04323	2:1013	3617	Ibn Maja, Ahmad	
	al-Nawawi (Khulasat al-ahkam)	676	classical	chain	sound	رواه [ أبو داود ] بإسناد صحيح .		0	urn:openiti:0676Nawawi.KhulasatAhkam.JK007107-ara1:p04329	2:1014	3622	Abu Dawud	وعن عاصم بن كليب بن شهاب ، عن أبيه ، عن رجل من الأنصار قال : خرجنا في جنازة فجلس رسول الله صلى الله عليه وسلم على شفير القبر ، فجعل يوصي الحافر ، ويقول : ' وسع 
urn:hadith:0275AbuDawudSijistani.Sunan:3213	al-Nawawi (Khulasat al-ahkam)	676	classical	hadith	fair	رواه أبو داود ، والترمذي بأسانيد حسنة ، أو صحيحة .	0.56	1	urn:openiti:0676Nawawi.KhulasatAhkam.JK007107-ara1:p04348	2:1018	3639	Abu Dawud, al-Tirmidhi	وعن ابن عمر رضي الله عنهما ، أن النبي صلى الله عليه وسلم كان إذا وضع الميت في القبر قال : ' باسم الله ، وعلى سنة رسول الله صلى الله عليه وسلم '
	al-Nawawi (Khulasat al-ahkam)	676	classical	chain	fair	رواه ابن ماجة بإسناد جيد .		0	urn:openiti:0676Nawawi.KhulasatAhkam.JK007107-ara1:p04352	2:1019	3643	Ibn Maja	وعن أبي هريرة : ' أن النبي صلى الله عليه وسلم حثى من قبل رأس الميت ثلاثا '
	al-Nawawi (Khulasat al-ahkam)	676	classical	hadith	weak_by_section	[فصل في ضعيفه] رواه البيهقي .		0	urn:openiti:0676Nawawi.KhulasatAhkam.JK007107-ara1:p04358	2:1021	3648		منه ، عن ابن عباس ، قال : جلل النبي صلى الله عليه وسلم قبر سعد بثوبه . يعني سعد ابن معاذ .
urn:hadith:0241IbnHanbal.Musnad:22187	al-Nawawi (Khulasat al-ahkam)	676	classical	hadith	weak_by_section	[فصل في ضعيفه] رواه الإمام أحمد بإسناد فيه ضعفاء .	0.57	1	urn:openiti:0676Nawawi.KhulasatAhkam.JK007107-ara1:p04361	2:1021	3651	Ahmad	وعن أبي أمامة ، قال : لما وضعت أم كلثوم في القبر قال رسول الله صلى الله عليه وسلم : منها خلقناكم وفيها نعيدكم ومنها نخرجكم تارة أخرى فلما بني لحدها ، قال : ' سد
urn:hadith:0275AbuDawudSijistani.Sunan:3220	al-Nawawi (Khulasat al-ahkam)	676	classical	chain	sound	رواه أبو داود ، وغيره بأسانيد صحيحة .	0.87	1	urn:openiti:0676Nawawi.KhulasatAhkam.JK007107-ara1:p04370	2:1023	3657	Abu Dawud	وعن القاسم بن محمد ، قال : دخلت على عائشة فقلت : يا أمه ، اكشفي لي عن قبر رسول الله صلى الله عليه وسلم وصاحبيه ، فكشفت لي عن ثلاثة قبور لا مشرفة ولا لاطئة ، مبط
	al-Nawawi (Khulasat al-ahkam)	676	classical	chain	sound	[فصل في ضعيفه] رواه البيهقي بإسناد صحيح هكذا مرسلا .		0	urn:openiti:0676Nawawi.KhulasatAhkam.JK007107-ara1:p04374	2:1024	3660		منه ، عن جعفر بن محمد ، عن أبيه ، أن الرش على القبر كان على عهد رسول الله صلى الله عليه وسلم .
urn:hadith:0275AbuDawudSijistani.Sunan:3221	al-Nawawi (Khulasat al-ahkam)	676	classical	chain	fair	رواه أبو داود بإسناد حسن .	0.94	1	urn:openiti:0676Nawawi.KhulasatAhkam.JK007107-ara1:p04390	2:1027	3674	Abu Dawud	وعن عثمان بن عفان رضي الله عنه ، قال : كان النبي صلى الله عليه وسلم إذا فرغ من دفن الميت وقف عليه ، فقال : ' استغفروا لأخيكم ، وسلوا له التثبيت فإنه الآن يسأل '
	al-Nawawi (Khulasat al-ahkam)	676	classical	chain	fair	رواه البيهقي بإسناد حسن .		0	urn:openiti:0676Nawawi.KhulasatAhkam.JK007107-ara1:p04393	2:1028	3677		وعن ابن عمر رضي الله عنهما ، أنه استحب أن يقرأ على القبر بعد الدفن أول البقرة ، وخاتمتها .
urn:hadith:0275AbuDawudSijistani.Sunan:3222	al-Nawawi (Khulasat al-ahkam)	676	classical	chain	sound	رواه أبو داود ، والترمذي ، والبيهقي بأسانيد صحيحة .	0.71	1	urn:openiti:0676Nawawi.KhulasatAhkam.JK007107-ara1:p04401	2:1030	3681	Abu Dawud, al-Tirmidhi	عن عبد الرزاق ، عن معمر ، عن ثابت ، أن أنس رضي الله عنه ، قال : قال رسول الله صلى الله عليه وسلم : ' لا عقر في الإسلام ' قال عبد الرزاق : كانوا يعقرون عند القبر
	al-Nawawi (Khulasat al-ahkam)	676	classical	chain	sound	رواه البيهقي بإسناد صحيح .		0	urn:openiti:0676Nawawi.KhulasatAhkam.JK007107-ara1:p04404	2:1031	3683		عن أنس رضي الله عنه ، أن أبا طلحة رضي الله عنه ، ركب البحر فمات ، فلم يجدوا له جزيرة إلا بعد سبعة أيام ، فدفنوه فيها ، ولم يتغير .
urn:hadith:0275AbuDawudSijistani.Sunan:3165	al-Nawawi (Khulasat al-ahkam)	676	classical	chain	sound	رواه الثلاثة بأسانيد صحيحة .	0.87	1	urn:openiti:0676Nawawi.KhulasatAhkam.JK007107-ara1:p04408	2:1032	3686	the Three	وعن جابر رضي الله عنه ، قال : كنا حملنا القتلى يوم أحد لندفنهم ، فجاء منادي النبي صلى الله عليه وسلم فقال : إن رسول الله صلى الله عليه وسلم يأمركم أن تدفنوا الق
urn:hadith:0273IbnMaja.Sunan:1616	al-Nawawi (Khulasat al-ahkam)	676	classical	chain	sound	رواه أبو داود ، وابن ماجه ، والبيهقي بأسانيد صحيحة ، وفيه سعد بن سعيد ، وهو مختلف في توثيقه ، وقد روى له مسلم في ' صحيحه ' .	1.0	2	urn:openiti:0676Nawawi.KhulasatAhkam.JK007107-ara1:p04420	2:1035	3694	Abu Dawud, Ibn Maja	عن عائشة رضي الله عنها ، أن رسول الله صلى الله عليه وسلم قال : ' كسر عظم الميت ككسره حيا '
urn:hadith:0275AbuDawudSijistani.Sunan:3207	al-Nawawi (Khulasat al-ahkam)	676	classical	chain	sound	رواه أبو داود ، وابن ماجه ، والبيهقي بأسانيد صحيحة ، وفيه سعد بن سعيد ، وهو مختلف في توثيقه ، وقد روى له مسلم في ' صحيحه ' .	1.0	2	urn:openiti:0676Nawawi.KhulasatAhkam.JK007107-ara1:p04420	2:1035	3694	Abu Dawud, Ibn Maja	عن عائشة رضي الله عنها ، أن رسول الله صلى الله عليه وسلم قال : ' كسر عظم الميت ككسره حيا '
	al-Nawawi (Khulasat al-ahkam)	676	classical	chain	sound	ورواه البيهقي أيضا من رواية أخيه يحيى بن سعيد الأنصاري بإسناد صحيح .		0	urn:openiti:0676Nawawi.KhulasatAhkam.JK007107-ara1:p04421	2:1035	3695		
	al-Nawawi (Khulasat al-ahkam)	676	classical	chain	fair	رواه الترمذي بإسناد حسن أو صحيح .		0	urn:openiti:0676Nawawi.KhulasatAhkam.JK007107-ara1:p04439	2:1039	3707	al-Tirmidhi	وعن المغيرة رفعه : ' لا تسبوا الأموات فتؤذوا الأحياء '
urn:hadith:0303Nasai.SunanKubra:2182	al-Nawawi (Khulasat al-ahkam)	676	classical	chain	sound	رواه النسائي بإسناد صحيح .	0.95	2	urn:openiti:0676Nawawi.KhulasatAhkam.JK007107-ara1:p04455	2:1042	3722	al-Nasaʾi	وعن ابن عمر رضي الله عنهما ، عن رسول الله صلى الله عليه وسلم قال : ' هذا الذي تحرك له العرش ، وفتحت له أبواب السماء ، وشهده سبعون ألفا من الملائكة ، لقد ضم ضمة 
urn:hadith:0303Nasai.SunanSughra:2055	al-Nawawi (Khulasat al-ahkam)	676	classical	chain	sound	رواه النسائي بإسناد صحيح .	0.95	2	urn:openiti:0676Nawawi.KhulasatAhkam.JK007107-ara1:p04455	2:1042	3722	al-Nasaʾi	وعن ابن عمر رضي الله عنهما ، عن رسول الله صلى الله عليه وسلم قال : ' هذا الذي تحرك له العرش ، وفتحت له أبواب السماء ، وشهده سبعون ألفا من الملائكة ، لقد ضم ضمة 
urn:hadith:0303Nasai.SunanSughra:2088	al-Nawawi (Khulasat al-ahkam)	676	classical	chain	fair	رواه النسائي بإسناد حسن .	0.66	1	urn:openiti:0676Nawawi.KhulasatAhkam.JK007107-ara1:p04469	2:1045	3731	al-Nasaʾi	وعن معاوية بن قرة بن إياس ، عن أبيه رضي الله عنه ، أن النبي صلى الله عليه وسلم فقد بعض أصحابه ، فسأل عنه ، فقالوا : يا رسول الله ، بنية الذي رأيته هلك ، فلقيه ا
urn:hadith:0273IbnMaja.Sunan:1601	al-Nawawi (Khulasat al-ahkam)	676	classical	chain	fair	رواه ابن ماجه ، والبيهقي بإسناد حسن .	0.56	1	urn:openiti:0676Nawawi.KhulasatAhkam.JK007107-ara1:p04470	2:1046	3732	Ibn Maja	وعن عمرو بن حزم رضي الله عنه ، عن النبي صلى الله عليه وسلم قال : ' ما من مؤمن يعزي أخاه بمصيبة إلا كساه الله عز وجل من حلل الكرامة يوم القيامة '
urn:hadith:0279Tirmidhi.Sunan:1043	al-Nawawi (Khulasat al-ahkam)	676	classical	chain	weak	[فصل في ضعيفه] رواه الترمذي ، وغيره ، بإسناد ضعيف .	0.57	1	urn:openiti:0676Nawawi.KhulasatAhkam.JK007107-ara1:p04472	2:1046	3733	al-Tirmidhi	منه ، عن ابن مسعود مرفوع : ' من عزى مصابا فله مثل أجره '
urn:hadith:0279Tirmidhi.Sunan:1046	al-Nawawi (Khulasat al-ahkam)	676	classical	hadith	weak_by_section	[فصل في ضعيفه] رواه الترمذي .	0.62	1	urn:openiti:0676Nawawi.KhulasatAhkam.JK007107-ara1:p04474	2:1047	3735	al-Tirmidhi	وعن أبي برزة مرفوع : ' من عزى ثكلى كسى بردا في الجنة '
	al-Nawawi (Khulasat al-ahkam)	676	classical	chain	weak	[فصل في ضعيفه] رواه الشافعي ، والبيهقي بإسناد ضعيف .		0	urn:openiti:0676Nawawi.KhulasatAhkam.JK007107-ara1:p04477	2:1047	3738		وعن جعفر بن محمد ، عن أبيه ، عن جده قال : لما توفي النبي صلى الله عليه وسلم   وجاءت التعزية سمعوا قائلا يقول : إن في الله عزاء من كل مصيبة ، وخلفا من كل هالك ، 
	al-Nawawi (Khulasat al-ahkam)	676	classical	chain	unknown_narrator	[فصل في ضعيفه] رواه البيهقي ، هكذا عن رجل مجهول . والمعتمد في مسح رأس اليتيم وسائر الإحسان إليه قوله تعالى : واعبدوا الله ولا تشركوا به شيئا وبالوالدين إحسانا وبذي القربى واليتامى		0	urn:openiti:0676Nawawi.KhulasatAhkam.JK007107-ara1:p04481	2:1048	3742		وعن رجل ، عن أبي هريرة ، أن رجلا شكا إلى النبي صلى الله عليه وسلم قسوة قلبه . فقال : ' إذا أردت أن يلين قلبك فأطعم المساكين ، وامسح رأس اليتيم '
urn:hadith:0279Tirmidhi.Sunan:953	al-Nawawi (Khulasat al-ahkam)	676	classical	hadith	weak	[فصل في ضعيفه] رواه الترمذي ، وضعفه .	0.5	1	urn:openiti:0676Nawawi.KhulasatAhkam.JK007107-ara1:p04496	2:1051	3752	al-Tirmidhi	منه ، مرفوع من رواية ابن مسعود : ' إياكم والنعي ، فإن النعي من عمل الجاهلية '
urn:hadith:0275AbuDawudSijistani.Sunan:3131	al-Nawawi (Khulasat al-ahkam)	676	classical	hadith	weak_by_section	[فصل في ضعيفه] ورواه أبو داود ولم يضعفه .	0.78	1	urn:openiti:0676Nawawi.KhulasatAhkam.JK007107-ara1:p04510	2:1053	3764	Abu Dawud	وعن أسيد بن أبي أسيد ، عن امرأة من المبايعات قالت : فيما أخذ علينا رسول الله صلى الله عليه وسلم في المعروف الذي أخذ علينا أن لا نعصيه فيه : أن لا نخمش وجها ، ول
urn:hadith:0275AbuDawudSijistani.Sunan:3111	al-Nawawi (Khulasat al-ahkam)	676	classical	chain	sound	رواه مالك في ' الموطأ ' ، والشافعي ، وأحمد ، وأبو داود ، والنسائي ، بأسانيد صحيحة . والنهي عن البكاء بعد الموت محمول على التنزيه ، والأولى ، وليس بحرام للأحاديث المذكورة في الباب ،	0.75	2	urn:openiti:0676Nawawi.KhulasatAhkam.JK007107-ara1:p04517	2:1055	3769	Abu Dawud, al-Nasaʾi, Ahmad	وعن جابر بن عتيك رضي الله عنه ، أن رسول الله صلى الله عليه وسلم جاء يعود عبد الله بن ثابت فوجده قد غلب ، فصاح به رسول الله فلم يجبه ، فاسترجع رسول الله صلى الله
urn:hadith:0303Nasai.SunanKubra:1973	al-Nawawi (Khulasat al-ahkam)	676	classical	chain	sound	رواه مالك في ' الموطأ ' ، والشافعي ، وأحمد ، وأبو داود ، والنسائي ، بأسانيد صحيحة . والنهي عن البكاء بعد الموت محمول على التنزيه ، والأولى ، وليس بحرام للأحاديث المذكورة في الباب ،	0.72	2	urn:openiti:0676Nawawi.KhulasatAhkam.JK007107-ara1:p04517	2:1055	3769	Abu Dawud, al-Nasaʾi, Ahmad	وعن جابر بن عتيك رضي الله عنه ، أن رسول الله صلى الله عليه وسلم جاء يعود عبد الله بن ثابت فوجده قد غلب ، فصاح به رسول الله فلم يجبه ، فاسترجع رسول الله صلى الله
	al-Nawawi (Khulasat al-ahkam)	676	classical	chain	sound	رواه البيهقي بإسناد صحيح .		0	urn:openiti:0676Nawawi.KhulasatAhkam.JK007107-ara1:p04526	2:1058	3778		وعن أبي وائل قال : لما مات خالد بن الوليد رضي الله عنه ، اجتمع نسوة بني المغيرة يبكين عليه ، فقيل لعمر : أرسل إليهن فانههن . فقال عمر : ما عليهن أن يهرقن دموعهن
urn:hadith:0303Nasai.SunanSughra:1832	al-Nawawi (Khulasat al-ahkam)	676	classical	chain	weak	رواه النسائي بإسناد ضعيف .	0.83	1	urn:openiti:0676Nawawi.KhulasatAhkam.JK007107-ara1:p04569	2:1068	3814	al-Nasaʾi	وعن ابن عمرو أيضا ، قال : مات رجل بالمدينة ممن ولد بها ، فصلى رسول الله صلى الله عليه وسلم ، ثم قال : ' يا ليته مات بغير مولده ' قالوا : ولم ذاك يا رسول الله ؟ 
urn:hadith:0275AbuDawudSijistani.Sunan:3230	al-Nawawi (Khulasat al-ahkam)	676	classical	chain	fair	رواه أبو داود ، والنسائي ، بإسناد حسن . ومذهب الجمهور لا يكره ، وتأولوا النهي على أنه نهي عنهما لنجاسة فيهما ، أو للخيلاء .	0.62	1	urn:openiti:0676Nawawi.KhulasatAhkam.JK007107-ara1:p04576	2:1069	3818	Abu Dawud, al-Nasaʾi	والثاني : حديث بشير بن معبد المعروف بابن الخصاصية قال : بينما أنا أماشي رسول الله صلى الله عليه وسلم نظر فإذا رجل يمشي في القبور عليه نعلان . فقال : ' يا صاحب ا
urn:hadith:0275AbuDawudSijistani.Sunan:1664	al-Nawawi (Khulasat al-ahkam)	676	classical	chain	sound	رواه أبو داود عن عثمان بن أبي شيبة ، عن يحيى بن يعلى المحاربي ، عن أبيه ، عن غيلان بن جامع ، عن جعفر بن إياس ، عن مجاهد ، عن ابن عباس . وهذا إسناد صحيح .	0.9	1	urn:openiti:0676Nawawi.KhulasatAhkam.JK007107-ara1:p04596	2:1075	3834	Abu Dawud	وعن ابن عباس رضي الله عنهما ، قال : لما نزلت هذه الآية : ^ ( والذين يكنزون الذهب والفضة ) ^ كبر ذلك على المسلمين . فقال عمر رضي الله عنه : أنا أفرج عنكم . فانطل
urn:hadith:0279Tirmidhi.Sunan:610	al-Nawawi (Khulasat al-ahkam)	676	classical	hadith	weak	رواه الترمذي ، وضعفه هو وغيره .	0.81	1	urn:openiti:0676Nawawi.KhulasatAhkam.JK007107-ara1:p04608	2:1079	3844	al-Tirmidhi	عن عمرو بن شعيب ، عن أبيه ، عن جده ، أن النبي صلى الله عليه وسلم خطب فقال : ' من ولي يتيما له مال فليتجر فيه ، ولا يتركه حتى تأكله الصدقة '
	al-Nawawi (Khulasat al-ahkam)	676	classical	chain	very_weak	رواه عن يحيى عن سليمان بن أرقم ، عن الزهري ، وقال : ' هذا أشبه بالصواب ، وسليمان بن أرقم متروك الحديث ' .		0	urn:openiti:0676Nawawi.KhulasatAhkam.JK007107-ara1:p04632	2:1091	3867		وروى النسائي هذا الحديث من رواية يحيى بن حمزة ، عن سليمان بن داود هذا ، عن الزهري كما سبق ، ثم
	al-Nawawi (Khulasat al-ahkam)	676	classical	chain	weak	[فصل في ضعيفه] رواه البيهقي ، وهو منقطع بين الزهري وجابر .		0	urn:openiti:0676Nawawi.KhulasatAhkam.JK007107-ara1:p04643	2:1093	3875		منه ، عن الزهري ، عن جابر قال : ' في كل خمس من البقر شاة ، وفي عشر شاتان ، وفي خمس عشر ثلاث ، وفي عشرين أربع شياه ' . قال الزهري : فإذا كانت خمسا وعشرين ففيها ب
urn:hadith:0275AbuDawudSijistani.Sunan:1583	al-Nawawi (Khulasat al-ahkam)	676	classical	chain	sound	رواه أبو داود بإسناد صحيح أو حسن	0.88	1	urn:openiti:0676Nawawi.KhulasatAhkam.JK007107-ara1:p04653	2:1096	3882	Abu Dawud	[ وعن أبي بن كعب قال : بعثني النبي صلى الله عليه وسلم مصدقا فمررت برجل ، فلما جمع لي ماله لم أجد عليه فيه إلا ابنة مخاض ، فقلت له : أد ابنة مخاض فإنها صدقتك ، ف
